seq,irq_ts_ns,recv_ts_ns,latency_ns
0,138957687239823,138957690467748,3227925
1,138957688234916,138957690475748,2240832
2,138957689228138,138957690477063,1248925
3,138957690235767,138957691239285,1003518
4,138957691242378,138957692190340,947962
5,138957692229785,138957693175470,945685
6,138957693229729,138957694175321,945592
7,138957694229654,138957695175173,945519
8,138957695229599,138957696176598,946999
9,138957696229506,138957697177283,947777
10,138957697229450,138957698175172,945722
11,138957698229375,138957699174708,945333
12,138957699229338,138957700177208,947870
13,138957700229245,138957701174597,945352
14,138957701229171,138957702174818,945647
15,138957702229133,138957703174726,945593
16,138957703229040,138957704195836,966796
17,138957704223855,138957705169466,945611
18,138957705228910,138957706174447,945537
19,138957706228873,138957707174446,945573
20,138957707228780,138957708176390,947610
21,138957708228742,138957709174520,945778
22,138957709228668,138957710174242,945574
23,138957710228593,138957711174223,945630
24,138957711228519,138957712175815,947296
25,138957712228463,138957713174130,945667
26,138957713228389,138957714173963,945574
27,138957714228314,138957715173444,945130
28,138957715228240,138957716174221,945981
29,138957716228332,138957717174554,946222
30,138957717228147,138957718173498,945351
31,138957718228072,138957719173424,945352
32,138957719228016,138957720173831,945815
33,138957720227961,138957721173497,945536
34,138957721227886,138957722173515,945629
35,138957722227793,138957723173126,945333
36,138957723227719,138957724173422,945703
37,138957724227718,138957725173218,945500
38,138957725227607,138957726172940,945333
39,138957726227533,138957727173032,945499
40,138957727227458,138957728172995,945537
41,138957728227439,138957729172939,945500
42,138957729227365,138957730173198,945833
43,138957730227290,138957731172883,945593
44,138957731227198,138957732172716,945518
45,138957732227160,138957733172771,945611
46,138957733227067,138957734172363,945296
47,138957734227011,138957735172363,945352
48,138957735226937,138957736172363,945426
49,138957736226900,138957737173455,946555
50,138957737226825,138957738172251,945426
51,138957738226732,138957739172287,945555
52,138957739226695,138957740172195,945500
53,138957740226657,138957741172287,945630
54,138957741226546,138957742171712,945166
55,138957742226490,138957743171990,945500
56,138957743226416,138957744171804,945388
57,138957744226397,138957745171841,945444
58,138957745226285,138957746171693,945408
59,138957746226230,138957747171951,945721
60,138957747226155,138957748171747,945592
61,138957748226099,138957749171580,945481
62,138957749226025,138957750171432,945407
63,138957750225950,138957751171580,945630
64,138957751225876,138957752171320,945444
65,138957752225839,138957753171635,945796
66,138957753225857,138957754171264,945407
67,138957754225690,138957755171171,945481
68,138957755225652,138957756171282,945630
69,138957756225597,138957757171781,946184
70,138957757225522,138957758170707,945185
71,138957758225448,138957759170725,945277
72,138957759225355,138957760171262,945907
73,138957760225336,138957761170873,945537
74,138957761225243,138957762170558,945315
75,138957762225187,138957763170631,945444
76,138957763225094,138957764170705,945611
77,138957764225094,138957765170538,945444
78,138957765224982,138957766170093,945111
79,138957766224927,138957767170260,945333
80,138957767224834,138957768170333,945499
81,138957768224796,138957769170148,945352
82,138957769224703,138957770170055,945352
83,138957770224647,138957771170017,945370
84,138957771224573,138957772169832,945259
85,138957772224536,138957773170239,945703
86,138957773224443,138957774169794,945351
87,138957774224368,138957775170183,945815
88,138957775224294,138957776169738,945444
89,138957776224294,138957777170552,946258
90,138957777224201,138957778169737,945536
91,138957778224126,138957779169293,945167
92,138957779224052,138957780169829,945777
93,138957780224014,138957781169403,945389
94,138957781223940,138957782169273,945333
95,138957782223866,138957783169254,945388
96,138957783223791,138957784169050,945259
97,138957784223735,138957785169142,945407
98,138957785223661,138957786169253,945592
99,138957786223586,138957787168734,945148
100,138957787223531,138957788169345,945814
101,138957788223493,138957789168974,945481
102,138957789223400,138957790168881,945481
103,138957790223344,138957791169029,945685
104,138957791223288,138957792168899,945611
105,138957792223233,138957793168603,945370
106,138957793223140,138957794168510,945370
107,138957794223065,138957795168639,945574
108,138957795223009,138957796168842,945833
109,138957796222953,138957797168861,945908
110,138957797222861,138957798168175,945314
111,138957798222805,138957799167860,945055
112,138957799222730,138957800168285,945555
113,138957800222711,138957801168081,945370
114,138957801222618,138957802168137,945519
115,138957802222544,138957803168155,945611
116,138957803222488,138957804167914,945426
117,138957804222432,138957805167895,945463
118,138957805222339,138957806167987,945648
119,138957806222283,138957807167987,945704
120,138957807222228,138957808167690,945462
121,138957808222172,138957809167616,945444
122,138957809222079,138957810167301,945222
123,138957810222023,138957811167300,945277
124,138957811221930,138957812167448,945518
125,138957812222115,138957813167559,945444
126,138957813221818,138957814167577,945759
127,138957814221762,138957815167225,945463
128,138957815221706,138957816167206,945500
129,138957816221669,138957817167502,945833
130,138957817221558,138957818167057,945499
131,138957818221483,138957819167057,945574
132,138957819221427,138957820166816,945389
133,138957820221371,138957821166815,945444
134,138957821221297,138957822166760,945463
135,138957822221222,138957823166407,945185
136,138957823221148,138957824166629,945481
137,138957824221148,138957825166684,945536
138,138957825221036,138957826166684,945648
139,138957826220980,138957827166425,945445
140,138957827220906,138957828166387,945481
141,138957828220850,138957829166146,945296
142,138957829220776,138957830166275,945499
143,138957830220720,138957831166201,945481
144,138957831220645,138957832166052,945407
145,138957832220571,138957833165885,945314
146,138957833220515,138957834165941,945426
147,138957834220459,138957835166014,945555
148,138957835220385,138957836165810,945425
149,138957836220366,138957837166551,946185
150,138957837220273,138957838165810,945537
151,138957838220180,138957839165532,945352
152,138957839220106,138957840165772,945666
153,138957840220068,138957841165216,945148
154,138957841219994,138957842165734,945740
155,138957842219919,138957843165308,945389
156,138957843219845,138957844165382,945537
157,138957844219808,138957845165011,945203
158,138957845219715,138957846165177,945462
159,138957846219640,138957847164936,945296
160,138957847219584,138957848164880,945296
161,138957848219547,138957849164695,945148
162,138957849219473,138957850164861,945388
163,138957850219398,138957851164824,945426
164,138957851219324,138957852164879,945555
165,138957852219305,138957853164212,944907
166,138957853219194,138957854164527,945333
167,138957854219138,138957855164674,945536
168,138957855219063,138957856164767,945704
169,138957856219118,138957857165100,945982
170,138957857218933,138957858164581,945648
171,138957858218859,138957859164062,945203
172,138957859218784,138957860164580,945796
173,138957860218765,138957861164061,945296
174,138957861218691,138957862163968,945277
175,138957862218616,138957863163912,945296
176,138957863218524,138957864163986,945462
177,138957864218505,138957865163449,944944
178,138957865218430,138957866163930,945500
179,138957866218356,138957867163726,945370
180,138957867218281,138957868163670,945389
181,138957868218244,138957869163651,945407
182,138957869218151,138957870163429,945278
183,138957870218077,138957871163299,945222
184,138957871218002,138957872163391,945389
185,138957872217946,138957873163520,945574
186,138957873217891,138957874163075,945184
187,138957874217835,138957875163242,945407
188,138957875217760,138957876162871,945111
189,138957876217704,138957877163463,945759
190,138957877217630,138957878162889,945259
191,138957878217556,138957879163037,945481
192,138957879217481,138957880162796,945315
193,138957880217444,138957881163369,945925
194,138957881217351,138957882162943,945592
195,138957882217276,138957883163128,945852
196,138957883217239,138957884162665,945426
197,138957884217165,138957885162572,945407
198,138957885217109,138957886162164,945055
199,138957886217034,138957887162645,945611
200,138957887216997,138957888162237,945240
201,138957888216923,138957889162033,945110
202,138957889216848,138957890162200,945352
203,138957890216755,138957891161996,945241
204,138957891216699,138957892161977,945278
205,138957892216662,138957893162106,945444
206,138957893216550,138957894161809,945259
207,138957894216495,138957895161939,945444
208,138957895216439,138957896161716,945277
209,138957896216364,138957897162308,945944
210,138957897216308,138957898161790,945482
211,138957898216253,138957899161586,945333
212,138957899216178,138957900161548,945370
213,138957900216141,138957901161529,945388
214,138957901216029,138957902161418,945389
215,138957902215955,138957903161325,945370
216,138957903215899,138957904161362,945463
217,138957904215862,138957905160954,945092
218,138957905215769,138957906160639,944870
219,138957906215713,138957907161583,945870
220,138957907215657,138957908161101,945444
221,138957908215601,138957909160638,945037
222,138957909215527,138957910161267,945740
223,138957910215471,138957911160804,945333
224,138957911215396,138957912161007,945611
225,138957912215322,138957913160618,945296
226,138957913215247,138957914160673,945426
227,138957914215192,138957915160562,945370
228,138957915215117,138957916160432,945315
229,138957916215080,138957917161172,946092
230,138957917214987,138957918160412,945425
231,138957918214912,138957919160357,945445
232,138957919214857,138957920160338,945481
233,138957920214838,138957921160134,945296
234,138957921214726,138957922160078,945352
235,138957922214670,138957923160355,945685
236,138957923214614,138957924159929,945315
237,138957924214559,138957925159836,945277
238,138957925214503,138957926160113,945610
239,138957926214391,138957927159576,945185
240,138957927214335,138957928159724,945389
241,138957928214279,138957929159668,945389
242,138957929214187,138957930159668,945481
243,138957930214131,138957931159575,945444
244,138957931214075,138957932159148,945073
245,138957932214019,138957933159963,945944
246,138957933213944,138957934159426,945482
247,138957934213889,138957935159333,945444
248,138957935213814,138957936159258,945444
249,138957936213777,138957937159628,945851
250,138957937213684,138957938159146,945462
251,138957938213609,138957939158942,945333
252,138957939213554,138957940159035,945481
253,138957940213498,138957941158683,945185
254,138957941213405,138957942158904,945499
255,138957942213367,138957943158830,945463
256,138957943213293,138957944158756,945463
257,138957944213219,138957945158626,945407
258,138957945213200,138957946158625,945425
259,138957946213088,138957947158643,945555
260,138957947213032,138957948158402,945370
261,138957948212976,138957949158198,945222
262,138957949212902,138957950158402,945500
263,138957950212828,138957951158494,945666
264,138957951212753,138957952158253,945500
265,138957952212716,138957953157882,945166
266,138957953212623,138957954157826,945203
267,138957954212548,138957955158456,945908
268,138957955212493,138957956158122,945629
269,138957956212437,138957957157640,945203
270,138957957212362,138957958158306,945944
271,138957958212325,138957959157880,945555
272,138957959212251,138957960157713,945462
273,138957960212195,138957961157694,945499
274,138957961212120,138957962157342,945222
275,138957962212046,138957963157527,945481
276,138957963211990,138957964157545,945555
277,138957964211934,138957965157360,945426
278,138957965211860,138957966157304,945444
279,138957966211785,138957967157359,945574
280,138957967211822,138957968157470,945648
281,138957968211655,138957969156858,945203
282,138957969211580,138957970156988,945408
283,138957970211543,138957971156895,945352
284,138957971211469,138957972156913,945444
285,138957972211394,138957973156653,945259
286,138957973211320,138957974156653,945333
287,138957974211264,138957975156708,945444
288,138957975211190,138957976157152,945962
289,138957976211134,138957977156652,945518
290,138957977211059,138957978156429,945370
291,138957978210985,138957979156410,945425
292,138957979210929,138957980156355,945426
293,138957980210873,138957981156225,945352
294,138957981210799,138957982156298,945499
295,138957982210724,138957983155983,945259
296,138957983210687,138957984156372,945685
297,138957984210612,138957985156057,945445
298,138957985210538,138957986156019,945481
299,138957986210464,138957987156037,945573
300,138957987210408,138957988156593,946185
301,138957988210370,138957989155611,945241
302,138957989210277,138957990155981,945704
303,138957990210185,138957991155610,945425
304,138957991210110,138957992155202,945092
305,138957992210073,138957993155461,945388
306,138957993209998,138957994155442,945444
307,138957994209942,138957995155609,945667
308,138957995209868,138957996155071,945203
309,138957996209831,138957997155219,945388
310,138957997209756,138957998155163,945407
311,138957998209700,138957999155182,945482
312,138957999209607,138958000155403,945796
313,138958000209552,138958001155422,945870
314,138958001209477,138958002154792,945315
315,138958002209421,138958003154754,945333
316,138958003209347,138958004154698,945351
317,138958004209291,138958005154587,945296
318,138958005209217,138958006154716,945499
319,138958006209161,138958007154512,945351
320,138958007209105,138958008155067,945962
321,138958008209067,138958009154419,945352
322,138958009208974,138958010154511,945537
323,138958010208882,138958011154122,945240
324,138958011208826,138958012154214,945388
325,138958012208770,138958013154232,945462
326,138958013208695,138958014154084,945389
327,138958014208621,138958015154084,945463
328,138958015208546,138958016153917,945371
329,138958016208491,138958017153898,945407
330,138958017208416,138958018153583,945167
331,138958018208379,138958019153878,945499
332,138958019208304,138958020153915,945611
333,138958020208249,138958021153452,945203
334,138958021208174,138958022153581,945407
335,138958022208100,138958023153303,945203
336,138958023208044,138958024153155,945111
337,138958024207988,138958025153321,945333
338,138958025207895,138958026153413,945518
339,138958026207839,138958027153376,945537
340,138958027207765,138958028153913,946148
341,138958028207727,138958029153208,945481
342,138958029207634,138958030152967,945333
343,138958030207578,138958031152874,945296
344,138958031207504,138958032153041,945537
345,138958032207467,138958033152615,945148
346,138958033207392,138958034152688,945296
347,138958034207318,138958035152410,945092
348,138958035207243,138958036152688,945445
349,138958036207188,138958037152558,945370
350,138958037207095,138958038152613,945518
351,138958038207057,138958039152761,945704
352,138958039206964,138958040152279,945315
353,138958040206927,138958041151964,945037
354,138958041206853,138958042152463,945610
355,138958042206797,138958043152074,945277
356,138958043206722,138958044151944,945222
357,138958044206666,138958045151907,945241
358,138958045206610,138958046151795,945185
359,138958046206518,138958047152036,945518
360,138958047206443,138958048152128,945685
361,138958048206424,138958049151868,945444
362,138958049206331,138958050151701,945370
363,138958050206257,138958051151701,945444
364,138958051206201,138958052151886,945685
365,138958052206127,138958053151515,945388
366,138958053206052,138958054151348,945296
367,138958054206015,138958055151126,945111
368,138958055205940,138958056151236,945296
369,138958056205866,138958057151292,945426
370,138958057205810,138958058151254,945444
371,138958058205754,138958059151050,945296
372,138958059205661,138958060151180,945519
373,138958060205642,138958061151179,945537
374,138958061205531,138958062151123,945592
375,138958062205475,138958063150716,945241
376,138958063205419,138958064150808,945389
377,138958064205345,138958065150659,945314
378,138958065205270,138958066150344,945074
379,138958066205215,138958067150492,945277
380,138958067205140,138958068151084,945944
381,138958068205103,138958069150621,945518
382,138958069205028,138958070150380,945352
383,138958070204954,138958071150676,945722
384,138958071204898,138958072150379,945481
385,138958072204824,138958073150120,945296
386,138958073204749,138958074150304,945555
387,138958074204675,138958075149934,945259
388,138958075204619,138958076150045,945426
389,138958076204563,138958077150118,945555
390,138958077204489,138958078149896,945407
391,138958078204433,138958079149821,945388
392,138958079204358,138958080150747,946389
393,138958080204321,138958081150135,945814
394,138958081204228,138958082149487,945259
395,138958082204172,138958083149505,945333
396,138958083204098,138958084149523,945425
397,138958084204042,138958085149430,945388
398,138958085203967,138958086149300,945333
399,138958086203893,138958087150485,946592
400,138958087203985,138958088150429,946444
401,138958088203781,138958089149281,945500
402,138958089203707,138958090151169,947462
403,138958090203669,138958091149336,945667
404,138958091203576,138958092149224,945648
405,138958092203521,138958093148965,945444
406,138958093203446,138958094149131,945685
407,138958094203390,138958095148816,945426
408,138958095203316,138958096148871,945555
409,138958096203297,138958097148649,945352
410,138958097203186,138958098149259,946073
411,138958098203130,138958099148537,945407
412,138958099203055,138958100148481,945426
413,138958100202981,138958101148332,945351
414,138958101202906,138958102148480,945574
415,138958102202869,138958103148443,945574
416,138958103202813,138958104148239,945426
417,138958104202739,138958105148553,945814
418,138958105202664,138958106148127,945463
419,138958106202590,138958107147867,945277
420,138958107202516,138958108148182,945666
421,138958108202478,138958109148015,945537
422,138958109202404,138958110147903,945499
423,138958110202329,138958111148236,945907
424,138958111202255,138958112147569,945314
425,138958112202218,138958113147847,945629
426,138958113202143,138958114147717,945574
427,138958114202069,138958115147624,945555
428,138958115202013,138958116147494,945481
429,138958116201975,138958117147623,945648
430,138958117201864,138958118148012,946148
431,138958118201808,138958119147049,945241
432,138958119201734,138958120147307,945573
433,138958120201678,138958121147233,945555
434,138958121201603,138958122147140,945537
435,138958122201529,138958123147325,945796
436,138958123201455,138958124146899,945444
437,138958124201417,138958125146565,945148
438,138958125201324,138958126146824,945500
439,138958126201268,138958127146713,945445
440,138958127201194,138958128147083,945889
441,138958128201175,138958129146564,945389
442,138958129201082,138958130146600,945518
443,138958130201026,138958131146415,945389
444,138958131200952,138958132146285,945333
445,138958132200896,138958133146081,945185
446,138958133200822,138958134146377,945555
447,138958134200729,138958135146302,945573
448,138958135200673,138958136146061,945388
449,138958136200635,138958137146135,945500
450,138958137200524,138958138146542,946018
451,138958138200487,138958139145949,945462
452,138958139200431,138958140145653,945222
453,138958140200393,138958141146060,945667
454,138958141200300,138958142145819,945519
455,138958142200226,138958143145855,945629
456,138958143200152,138958144145466,945314
457,138958144200096,138958145145595,945499
458,138958145200021,138958146145502,945481
459,138958146199965,138958147145335,945370
460,138958147199891,138958148145557,945666
461,138958148199854,138958149145187,945333
462,138958149199761,138958150145112,945351
463,138958150199686,138958151145390,945704
464,138958151199649,138958152145019,945370
465,138958152199593,138958153145185,945592
466,138958153199519,138958154145222,945703
467,138958154199463,138958155144925,945462
468,138958155199351,138958156144721,945370
469,138958156199314,138958157144943,945629
470,138958157199239,138958158145535,946296
471,138958158199184,138958159144498,945314
472,138958159199109,138958160144701,945592
473,138958160199053,138958161144405,945352
474,138958161198979,138958162144090,945111
475,138958162198904,138958163144349,945445
476,138958163198867,138958164144441,945574
477,138958164198793,138958165144163,945370
478,138958165198718,138958166144329,945611
479,138958166198644,138958167144329,945685
480,138958167198569,138958168144143,945574
481,138958168198532,138958169143902,945370
482,138958169198458,138958170143920,945462
483,138958170198402,138958171143846,945444
484,138958171198327,138958172144160,945833
485,138958172198253,138958173143660,945407
486,138958173198179,138958174143549,945370
487,138958174198123,138958175143622,945499
488,138958175198048,138958176143659,945611
489,138958176198029,138958177143825,945796
490,138958177197936,138958178143936,946000
491,138958178197899,138958179143528,945629
492,138958179197825,138958180143417,945592
493,138958180197750,138958181143268,945518
494,138958181197676,138958182143250,945574
495,138958182197601,138958183143249,945648
496,138958183197527,138958184143064,945537
497,138958184197490,138958185142934,945444
498,138958185197397,138958186142785,945388
499,138958186197341,138958187142915,945574
500,138958187197266,138958188142859,945593
501,138958188197229,138958189142784,945555
502,138958189197136,138958190142488,945352
503,138958190197080,138958191142765,945685
504,138958191197006,138958192142302,945296
505,138958192196968,138958193142598,945630
506,138958193196876,138958194142005,945129
507,138958194196820,138958195142634,945814
508,138958195196745,138958196142115,945370
509,138958196196689,138958197142096,945407
510,138958197196615,138958198142596,945981
511,138958198196540,138958199141874,945334
512,138958199196485,138958200141984,945499
513,138958200196429,138958201141799,945370
514,138958201196354,138958202141965,945611
515,138958202196280,138958203141872,945592
516,138958203196224,138958204141539,945315
517,138958204196168,138958205141742,945574
518,138958205196094,138958206141575,945481
519,138958206196019,138958207141500,945481
520,138958207195963,138958208141408,945445
521,138958208195908,138958209141333,945425
522,138958209195815,138958210141351,945536
523,138958210195759,138958211141369,945610
524,138958211195703,138958212141147,945444
525,138958212195647,138958213141054,945407
526,138958213195572,138958214141035,945463
527,138958214195498,138958215140979,945481
528,138958215195442,138958216140886,945444
529,138958216195368,138958217140701,945333
530,138958217195293,138958218141312,946019
531,138958218195237,138958219140793,945556
532,138958219195163,138958220140422,945259
533,138958220195126,138958221140514,945388
534,138958221195051,138958222140440,945389
535,138958222194977,138958223140347,945370
536,138958223194940,138958224140273,945333
537,138958224194847,138958225140365,945518
538,138958225194772,138958226140364,945592
539,138958226194716,138958227139938,945222
540,138958227194642,138958228140142,945500
541,138958228194586,138958229140271,945685
542,138958229194512,138958230140252,945740
543,138958230194437,138958231139974,945537
544,138958231194363,138958232139733,945370
545,138958232194344,138958233139584,945240
546,138958233194232,138958234139788,945556
547,138958234194158,138958235139602,945444
548,138958235194121,138958236139472,945351
549,138958236194083,138958237139657,945574
550,138958237193972,138958238140231,946259
551,138958238193916,138958239139897,945981
552,138958239193860,138958240139989,946129
553,138958240194397,138958241139082,944685
554,138958241193748,138958242139211,945463
555,138958242193655,138958243139062,945407
556,138958243193581,138958244139247,945666
557,138958244193544,138958245138747,945203
558,138958245193451,138958246138654,945203
559,138958246193376,138958247139043,945667
560,138958247193339,138958248138709,945370
561,138958248193283,138958249138672,945389
562,138958249193190,138958250138875,945685
563,138958250193134,138958251138800,945666
564,138958251193078,138958252138522,945444
565,138958252193022,138958253138689,945667
566,138958253192911,138958254138503,945592
567,138958254192874,138958255138151,945277
568,138958255192799,138958256138428,945629
569,138958256192743,138958257138243,945500
570,138958257192669,138958258138020,945351
571,138958258192613,138958259138372,945759
572,138958259192539,138958260137909,945370
573,138958260192501,138958261137964,945463
574,138958261192408,138958262137741,945333
575,138958262192334,138958263137833,945499
576,138958263192259,138958264137629,945370
577,138958264192222,138958265137648,945426
578,138958265192148,138958266137444,945296
579,138958266192073,138958267137851,945778
580,138958267192017,138958268137184,945167
581,138958268191980,138958269137757,945777
582,138958269191868,138958270137368,945500
583,138958270191813,138958271137275,945462
584,138958271191738,138958272137219,945481
585,138958272191701,138958273137515,945814
586,138958273191626,138958274137015,945389
587,138958274191552,138958275137200,945648
588,138958275191496,138958276137218,945722
589,138958276191459,138958277136810,945351
590,138958277191366,138958278136903,945537
591,138958278191310,138958279136939,945629
592,138958279191217,138958280136680,945463
593,138958280191180,138958281136550,945370
594,138958281191105,138958282136512,945407
595,138958282191031,138958283136530,945499
596,138958283190956,138958284136400,945444
597,138958284190938,138958285136289,945351
598,138958285190826,138958286136085,945259
599,138958286190770,138958287135955,945185
600,138958287190733,138958288136010,945277
601,138958288190658,138958289136806,946148
602,138958289190584,138958290136473,945889
603,138958290190510,138958291136287,945777
604,138958291190454,138958292136046,945592
605,138958292190379,138958293136009,945630
606,138958293190305,138958294135527,945222
607,138958294190230,138958295136063,945833
608,138958295190156,138958296135822,945666
609,138958296190137,138958297135489,945352
610,138958297190044,138958298135470,945426
611,138958298189988,138958299135507,945519
612,138958299189914,138958300135469,945555
613,138958300189840,138958301135506,945666
614,138958301189802,138958302135339,945537
615,138958302189728,138958303134802,945074
616,138958303189653,138958304134949,945296
617,138958304189597,138958305135042,945445
618,138958305189523,138958306134912,945389
619,138958306189430,138958307135059,945629
620,138958307189374,138958308135078,945704
621,138958308189318,138958309135411,946093
622,138958309189262,138958310134799,945537
623,138958310189207,138958311134503,945296
624,138958311189132,138958312134576,945444
625,138958312189076,138958313134446,945370
626,138958313189002,138958314134427,945425
627,138958314188946,138958315134464,945518
628,138958315188853,138958316134316,945463
629,138958316188816,138958317134297,945481
630,138958317188723,138958318134148,945425
631,138958318188667,138958319134074,945407
632,138958319188592,138958320133888,945296
633,138958320188555,138958321134055,945500
634,138958321188481,138958322133999,945518
635,138958322188406,138958323133906,945500
636,138958323188350,138958324134165,945815
637,138958324188294,138958325133757,945463
638,138958325188201,138958326133720,945519
639,138958326188146,138958327133571,945425
640,138958327188071,138958328133534,945463
641,138958328188015,138958329133756,945741
642,138958329187941,138958330133589,945648
643,138958330187866,138958331133014,945148
644,138958331187811,138958332133292,945481
645,138958332187736,138958333133310,945574
646,138958333187699,138958334133273,945574
647,138958334187624,138958335132994,945370
648,138958335187569,138958336133124,945555
649,138958336187513,138958337133123,945610
650,138958337187420,138958338133068,945648
651,138958338187345,138958339132919,945574
652,138958339187289,138958340132696,945407
653,138958340187233,138958341132492,945259
654,138958341187159,138958342132622,945463
655,138958342187085,138958343132547,945462
656,138958343187029,138958344132658,945629
657,138958344186936,138958345132787,945851
658,138958345186898,138958346132417,945519
659,138958346186843,138958347132139,945296
660,138958347186768,138958348132231,945463
661,138958348186694,138958349132564,945870
662,138958349186619,138958350132063,945444
663,138958350186563,138958351132045,945482
664,138958351186508,138958352132081,945573
665,138958352186433,138958353132044,945611
666,138958353186377,138958354131840,945463
667,138958354186284,138958355131506,945222
668,138958355186228,138958356131895,945667
669,138958356186173,138958357131561,945388
670,138958357186117,138958358131653,945536
671,138958358186042,138958359131560,945518
672,138958359185986,138958360131523,945537
673,138958360185930,138958361131486,945556
674,138958361185819,138958362131522,945703
675,138958362185782,138958363131170,945388
676,138958363185707,138958364131300,945593
677,138958364185651,138958365131355,945704
678,138958365185577,138958366130947,945370
679,138958366185503,138958367131076,945573
680,138958367185447,138958368130872,945425
681,138958368185372,138958369130946,945574
682,138958369185335,138958370130983,945648
683,138958370185242,138958371130686,945444
684,138958371185186,138958372130649,945463
685,138958372185149,138958373130815,945666
686,138958373185074,138958374130092,945018
687,138958374184981,138958375130518,945537
688,138958375184925,138958376130425,945500
689,138958376184851,138958377130406,945555
690,138958377184795,138958378130387,945592
691,138958378184721,138958379130257,945536
692,138958379184665,138958380130072,945407
693,138958380184609,138958381129998,945389
694,138958381184553,138958382130182,945629
695,138958382184479,138958383130089,945610
696,138958383184404,138958384129774,945370
697,138958384184367,138958385129922,945555
698,138958385184274,138958386129718,945444
699,138958386184200,138958387129533,945333
700,138958387184125,138958388129736,945611
701,138958388184088,138958389130291,946203
702,138958389184013,138958390129457,945444
703,138958390183957,138958391129513,945556
704,138958391183846,138958392129327,945481
705,138958392183827,138958393129031,945204
706,138958393183753,138958394129178,945425
707,138958394183678,138958395129122,945444
708,138958395183604,138958396128974,945370
709,138958396183567,138958397129029,945462
710,138958397183474,138958398128677,945203
711,138958398183418,138958399128806,945388
712,138958399183362,138958400128843,945481
713,138958400183306,138958401128713,945407
714,138958401183231,138958402128676,945445
715,138958402183139,138958403128675,945536
716,138958403183083,138958404128638,945555
717,138958404183045,138958405128712,945667
718,138958405182971,138958406128471,945500
719,138958406182878,138958407128544,945666
720,138958407182822,138958408128322,945500
721,138958408182785,138958409128655,945870
722,138958409182692,138958410128062,945370
723,138958410182636,138958411128099,945463
724,138958411182561,138958412128043,945482
725,138958412182524,138958413127727,945203
726,138958413182413,138958414128079,945666
727,138958414182338,138958415127912,945574
728,138958415182301,138958416127912,945611
729,138958416182245,138958417127522,945277
730,138958417182152,138958418127818,945666
731,138958418182078,138958419127966,945888
732,138958419182040,138958420127503,945463
733,138958420181947,138958421127503,945556
734,138958421181891,138958422127465,945574
735,138958422181836,138958423127409,945573
736,138958423181780,138958424127316,945536
737,138958424181742,138958425126946,945204
738,138958425181631,138958426127149,945518
739,138958426181575,138958427126945,945370
740,138958427181482,138958428127148,945666
741,138958428181482,138958429127722,946240
742,138958429181370,138958430126963,945593
743,138958430181314,138958431126796,945482
744,138958431181258,138958432126851,945593
745,138958432181203,138958433126739,945536
746,138958433181110,138958434126220,945110
747,138958434181072,138958435126627,945555
748,138958435180979,138958436126535,945556
749,138958436180942,138958437126423,945481
750,138958437180849,138958438126460,945611
751,138958438180775,138958439126385,945610
752,138958439180719,138958440126181,945462
753,138958440180681,138958441126088,945407
754,138958441180588,138958442126403,945815
755,138958442180495,138958443126217,945722
756,138958443180458,138958444125921,945463
757,138958444180421,138958445126087,945666
758,138958445180328,138958446125753,945425
759,138958446180272,138958447125772,945500
760,138958447180198,138958448125882,945684
761,138958448180179,138958449125938,945759
762,138958449180067,138958450125456,945389
763,138958450179993,138958451125696,945703
764,138958451179937,138958452125529,945592
765,138958452179900,138958453125844,945944
766,138958453179807,138958454125417,945610
767,138958454179732,138958455125269,945537
768,138958455179695,138958456125287,945592
769,138958456179639,138958457125250,945611
770,138958457179546,138958458125046,945500
771,138958458179472,138958459124953,945481
772,138958459179416,138958460125119,945703
773,138958460179360,138958461124841,945481
774,138958461179248,138958462124804,945556
775,138958462179211,138958463124896,945685
776,138958463179137,138958464124951,945814
777,138958464179099,138958465124580,945481
778,138958465178988,138958466124987,945999
779,138958466178932,138958467124320,945388
780,138958467178894,138958468124653,945759
781,138958468178857,138958469124838,945981
782,138958469178783,138958470124208,945425
783,138958470178690,138958471124171,945481
784,138958471178634,138958472124152,945518
785,138958472178578,138958473123855,945277
786,138958473178485,138958474124188,945703
787,138958474178429,138958475123966,945537
788,138958475178336,138958476123910,945574
789,138958476178299,138958477123539,945240
790,138958477178206,138958478123724,945518
791,138958478178150,138958479123335,945185
792,138958479178094,138958480123649,945555
793,138958480178038,138958481123260,945222
794,138958481177964,138958482123482,945518
795,138958482177889,138958483123334,945445
796,138958483177834,138958484123407,945573
797,138958484177778,138958485123277,945499
798,138958485177703,138958486122999,945296
799,138958486177629,138958487123221,945592
800,138958487177554,138958488123110,945556
801,138958488177517,138958489123535,946018
802,138958489177443,138958490122553,945110
803,138958490177368,138958491122868,945500
804,138958491177312,138958492122868,945556
805,138958492177293,138958493122571,945278
806,138958493177182,138958494122774,945592
807,138958494177126,138958495122570,945444
808,138958495177052,138958496122625,945573
809,138958496176977,138958497122514,945537
810,138958497176903,138958498122217,945314
811,138958498176829,138958499122384,945555
812,138958499176773,138958500122254,945481
813,138958500176735,138958501122124,945389
814,138958501176642,138958502121920,945278
815,138958502176549,138958503121994,945445
816,138958503176512,138958504122419,945907
817,138958504176475,138958505121974,945499
818,138958505176400,138958506121900,945500
819,138958506176344,138958507121955,945611
820,138958507176270,138958508121862,945592
821,138958508176214,138958509122214,946000
822,138958509176140,138958510121565,945425
823,138958510176065,138958511121491,945426
824,138958511175991,138958512121472,945481
825,138958512175935,138958513121379,945444
826,138958513175861,138958514121268,945407
827,138958514175768,138958515121341,945573
828,138958515175749,138958516121063,945314
829,138958516175693,138958517121396,945703
830,138958517175600,138958518120729,945129
831,138958518175544,138958519120896,945352
832,138958519175488,138958520120969,945481
833,138958520175432,138958521120895,945463
834,138958521175321,138958522120876,945555
835,138958522175283,138958523120728,945445
836,138958523175190,138958524120523,945333
837,138958524175135,138958525120356,945221
838,138958525175060,138958526120523,945463
839,138958526174986,138958527120578,945592
840,138958527174948,138958528120615,945667
841,138958528174892,138958529120670,945778
842,138958529174818,138958530120540,945722
843,138958530174744,138958531120299,945555
844,138958531174669,138958532120280,945611
845,138958532174632,138958533120002,945370
846,138958533174539,138958534120076,945537
847,138958534174483,138958535120001,945518
848,138958535174390,138958536119816,945426
849,138958536174371,138958537119612,945241
850,138958537174278,138958538119852,945574
851,138958538174204,138958539119463,945259
852,138958539174130,138958540119796,945666
853,138958540174111,138958541119444,945333
854,138958541174036,138958542119610,945574
855,138958542173925,138958543119480,945555
856,138958543173887,138958544119387,945500
857,138958544173832,138958545119387,945555
858,138958545173757,138958546119146,945389
859,138958546173701,138958547119275,945574
860,138958547173608,138958548118867,945259
861,138958548173589,138958549119052,945463
862,138958549173497,138958550119015,945518
863,138958550173404,138958551118940,945536
864,138958551173348,138958552118551,945203
865,138958552173329,138958553118792,945463
866,138958553173236,138958554118550,945314
867,138958554173180,138958555118643,945463
868,138958555173124,138958556118383,945259
869,138958556173068,138958557118346,945278
870,138958557172975,138958558118549,945574
871,138958558172901,138958559118512,945611
872,138958559172827,138958560118530,945703
873,138958560172771,138958561118215,945444
874,138958561172715,138958562117992,945277
875,138958562172622,138958563117844,945222
876,138958563172566,138958564117880,945314
877,138958564172529,138958565118917,946388
878,138958565172454,138958566118102,945648
879,138958566172380,138958567117842,945462
880,138958567172324,138958568117916,945592
881,138958568172268,138958569117694,945426
882,138958569172175,138958570117675,945500
883,138958570172101,138958571117730,945629
884,138958571172045,138958572117489,945444
885,138958572171989,138958573117581,945592
886,138958573171933,138958574117340,945407
887,138958574171840,138958575117266,945426
888,138958575171784,138958576117173,945389
889,138958576171728,138958577117265,945537
890,138958577171654,138958578117116,945462
891,138958578171579,138958579117116,945537
892,138958579171523,138958580117931,946408
893,138958580171486,138958581116875,945389
894,138958581171393,138958582116856,945463
895,138958582171337,138958583116763,945426
896,138958583171244,138958584116929,945685
897,138958584171207,138958585116670,945463
898,138958585171114,138958586116947,945833
899,138958586171058,138958587116521,945463
900,138958587171002,138958588116576,945574
901,138958588170946,138958589116391,945445
902,138958589170872,138958590116353,945481
903,138958590170835,138958591116334,945499
904,138958591170742,138958592116371,945629
905,138958592170704,138958593116130,945426
906,138958593170611,138958594115778,945167
907,138958594170537,138958595116166,945629
908,138958595170463,138958596116018,945555
909,138958596170425,138958597115832,945407
910,138958597170332,138958598115665,945333
911,138958598170258,138958599115720,945462
912,138958599170202,138958600116072,945870
913,138958600170183,138958601115812,945629
914,138958601170090,138958602115719,945629
915,138958602170016,138958603115682,945666
916,138958603169960,138958604115552,945592
917,138958604169904,138958605115237,945333
918,138958605169811,138958606115551,945740
919,138958606169755,138958607115162,945407
920,138958607169681,138958608115162,945481
921,138958608169643,138958609115273,945630
922,138958609169550,138958610114939,945389
923,138958610169476,138958611115013,945537
924,138958611169402,138958612114809,945407
925,138958612169364,138958613114975,945611
926,138958613169290,138958614114938,945648
927,138958614169215,138958615114900,945685
928,138958615169160,138958616114696,945536
929,138958616169122,138958617114622,945500
930,138958617169029,138958618114473,945444
931,138958618168955,138958619114343,945388
932,138958619168899,138958620115047,946148
933,138958620168862,138958621114213,945351
934,138958621168750,138958622114361,945611
935,138958622168694,138958623114157,945463
936,138958623168638,138958624114508,945870
937,138958624168582,138958625113915,945333
938,138958625168508,138958626114100,945592
939,138958626168434,138958627113970,945536
940,138958627168378,138958628113896,945518
941,138958628168340,138958629113784,945444
942,138958629168229,138958630113766,945537
943,138958630168192,138958631113543,945351
944,138958631168117,138958632113746,945629
945,138958632168061,138958633113635,945574
946,138958633167968,138958634113394,945426
947,138958634167894,138958635113431,945537
948,138958635167857,138958636113356,945499
949,138958636167801,138958637113115,945314
950,138958637167726,138958638113541,945815
951,138958638167652,138958639112929,945277
952,138958639167596,138958640113559,945963
953,138958640167559,138958641112892,945333
954,138958641167447,138958642113039,945592
955,138958642167391,138958643113187,945796
956,138958643167317,138958644112742,945425
957,138958644167279,138958645112890,945611
958,138958645167168,138958646112742,945574
959,138958646167131,138958647112556,945425
960,138958647167038,138958648112778,945740
961,138958648166982,138958649112630,945648
962,138958649166944,138958650112685,945741
963,138958650166870,138958651112370,945500
964,138958651166796,138958652112462,945666
965,138958652166721,138958653112017,945296
966,138958653166647,138958654112146,945499
967,138958654166609,138958655112405,945796
968,138958655166553,138958656112090,945537
969,138958656166479,138958657112164,945685
970,138958657166405,138958658111941,945536
971,138958658166330,138958659111811,945481
972,138958659166237,138958660112367,946130
973,138958660166237,138958661111755,945518
974,138958661166126,138958662111514,945388
975,138958662166088,138958663111532,945444
976,138958663166014,138958664111625,945611
977,138958664165976,138958665111624,945648
978,138958665165865,138958666111457,945592
979,138958666165809,138958667111235,945426
980,138958667165735,138958668111308,945573
981,138958668165697,138958669110901,945204
982,138958669165604,138958670111289,945685
983,138958670165567,138958671111178,945611
984,138958671165474,138958672111122,945648
985,138958672165437,138958673110918,945481
986,138958673165325,138958674110658,945333
987,138958674165306,138958675110936,945630
988,138958675165232,138958676110732,945500
989,138958676165176,138958677110546,945370
990,138958677165102,138958678110490,945388
991,138958678165027,138958679110564,945537
992,138958679164953,138958680111082,946129
993,138958680164897,138958681110341,945444
994,138958681164823,138958682110396,945573
995,138958682164748,138958683110100,945352
996,138958683164674,138958684109988,945314
997,138958684164636,138958685110414,945778
998,138958685164543,138958686109839,945296
999,138958686164525,138958687110172,945647
1000,138958687164432,138958688110116,945684
1001,138958688164376,138958689109912,945536
1002,138958689164320,138958690109820,945500
1003,138958690164264,138958691109671,945407
1004,138958691164152,138958692109504,945352
1005,138958692164115,138958693109874,945759
1006,138958693164041,138958694109189,945148
1007,138958694163966,138958695109355,945389
1008,138958695163910,138958696109373,945463
1009,138958696163873,138958697109521,945648
1010,138958697163762,138958698109169,945407
1011,138958698163706,138958699109150,945444
1012,138958699163631,138958700109483,945852
1013,138958700163612,138958701108797,945185
1014,138958701163519,138958702108908,945389
1015,138958702163445,138958703108778,945333
1016,138958703163371,138958704108907,945536
1017,138958704163333,138958705108963,945630
1018,138958705163240,138958706108647,945407
1019,138958706163166,138958707108647,945481
1020,138958707163110,138958708108388,945278
1021,138958708163073,138958709108609,945536
1022,138958709162980,138958710108257,945277
1023,138958710162905,138958711108664,945759
1024,138958711162849,138958712108423,945574
1025,138958712162812,138958713108275,945463
1026,138958713162738,138958714107960,945222
1027,138958714162663,138958715108126,945463
1028,138958715162589,138958716107977,945388
1029,138958716162551,138958717108033,945482
1030,138958717162459,138958718107643,945184
1031,138958718162421,138958719107847,945426
1032,138958719162328,138958720108124,945796
1033,138958720162272,138958721107754,945482
1034,138958721162179,138958722107642,945463
1035,138958722162105,138958723107568,945463
1036,138958723162068,138958724107567,945499
1037,138958724162030,138958725107493,945463
1038,138958725161937,138958726107548,945611
1039,138958726161863,138958727107344,945481
1040,138958727161807,138958728107288,945481
1041,138958728161751,138958729107121,945370
1042,138958729161677,138958730107251,945574
1043,138958730161602,138958731106972,945370
1044,138958731161528,138958732107065,945537
1045,138958732161491,138958733106861,945370
1046,138958733161416,138958734106842,945426
1047,138958734161323,138958735106730,945407
1048,138958735161267,138958736107119,945852
1049,138958736161230,138958737106656,945426
1050,138958737161156,138958738106563,945407
1051,138958738161100,138958739106507,945407
1052,138958739161007,138958740107210,946203
1053,138958740160988,138958741106302,945314
1054,138958741160876,138958742106302,945426
1055,138958742160802,138958743106283,945481
1056,138958743160746,138958744106227,945481
1057,138958744160709,138958745105820,945111
1058,138958745160616,138958746106060,945444
1059,138958746160541,138958747105819,945278
1060,138958747160504,138958748105578,945074
1061,138958748160448,138958749105874,945426
1062,138958749160374,138958750105781,945407
1063,138958750160281,138958751105669,945388
1064,138958751160243,138958752105595,945352
1065,138958752160188,138958753105206,945018
1066,138958753160095,138958754105724,945629
1067,138958754160039,138958755105168,945129
1068,138958755159964,138958756105501,945537
1069,138958756159927,138958757105278,945351
1070,138958757159834,138958758105334,945500
1071,138958758159741,138958759105426,945685
1072,138958759159685,138958760105592,945907
1073,138958760159666,138958761105092,945426
1074,138958761159592,138958762105277,945685
1075,138958762159518,138958763104832,945314
1076,138958763159443,138958764104943,945500
1077,138958764159406,138958765104831,945425
1078,138958765159313,138958766104683,945370
1079,138958766159220,138958767104571,945351
1080,138958767159164,138958768104423,945259
1081,138958768159145,138958769104719,945574
1082,138958769159034,138958770106367,947333
1083,138958770158978,138958771104292,945314
1084,138958771158903,138958772104347,945444
1085,138958772158866,138958773104255,945389
1086,138958773158792,138958774104162,945370
1087,138958774158717,138958775104143,945426
1088,138958775158661,138958776104031,945370
1089,138958776158624,138958777103864,945240
1090,138958777158512,138958778103790,945278
1091,138958778158457,138958779103660,945203
1092,138958779158401,138958780103900,945499
1093,138958780158345,138958781103882,945537
1094,138958781158252,138958782104400,946148
1095,138958782158177,138958783103696,945519
1096,138958783158103,138958784103658,945555
1097,138958784158084,138958785103491,945407
1098,138958785157991,138958786103306,945315
1099,138958786157917,138958787103287,945370
1100,138958787157879,138958788103212,945333
1101,138958788157824,138958789103008,945184
1102,138958789157749,138958790103638,945889
1103,138958790157693,138958791103174,945481
1104,138958791157600,138958792102989,945389
1105,138958792157544,138958793102933,945389
1106,138958793157452,138958794102896,945444
1107,138958794157377,138958795102618,945241
1108,138958795157321,138958796102636,945315
1109,138958796157302,138958797102765,945463
1110,138958797157209,138958798102302,945093
1111,138958798157154,138958799102487,945333
1112,138958799157079,138958800102486,945407
1113,138958800157060,138958801102597,945537
1114,138958801156949,138958802102337,945388
1115,138958802156874,138958803102541,945667
1116,138958803156819,138958804102077,945258
1117,138958804156781,138958805102225,945444
1118,138958805156688,138958806102577,945889
1119,138958806156614,138958807102021,945407
1120,138958807156539,138958808102446,945907
1121,138958808156502,138958809101779,945277
1122,138958809156428,138958810102612,946184
1123,138958810156372,138958811101890,945518
1124,138958811156279,138958812101649,945370
1125,138958812156241,138958813101667,945426
1126,138958813156149,138958814101519,945370
1127,138958814156093,138958815101537,945444
1128,138958815156037,138958816101444,945407
1129,138958816155981,138958817101166,945185
1130,138958817155888,138958818101221,945333
1131,138958818155832,138958819101128,945296
1132,138958819155739,138958820101109,945370
1133,138958820155720,138958821101146,945426
1134,138958821155627,138958822100923,945296
1135,138958822155571,138958823101423,945852
1136,138958823155497,138958824100904,945407
1137,138958824155460,138958825100941,945481
1138,138958825155367,138958826100792,945425
1139,138958826155311,138958827100514,945203
1140,138958827155236,138958828100699,945463
1141,138958828155180,138958829100680,945500
1142,138958829155088,138958830101124,946036
1143,138958830155050,138958831100809,945759
1144,138958831154976,138958832100494,945518
1145,138958832154920,138958833100327,945407
1146,138958833154845,138958834100141,945296
1147,138958834154790,138958835100252,945462
1148,138958835154715,138958836100307,945592
1149,138958836154678,138958837100381,945703
1150,138958837154566,138958838099844,945278
1151,138958838154492,138958839099918,945426
1152,138958839154455,138958840099880,945425
1153,138958840154380,138958841099713,945333
1154,138958841154306,138958842099639,945333
1155,138958842154250,138958843099342,945092
1156,138958843154175,138958844099546,945371
1157,138958844154138,138958845099693,945555
1158,138958845154064,138958846099563,945499
1159,138958846154008,138958847099600,945592
1160,138958847153933,138958848099526,945593
1161,138958848153915,138958849099748,945833
1162,138958849153803,138958850099247,945444
1163,138958850153729,138958851099414,945685
1164,138958851153673,138958852098876,945203
1165,138958852153617,138958853098672,945055
1166,138958853153542,138958854098801,945259
1167,138958854153450,138958855099116,945666
1168,138958855153394,138958856098745,945351
1169,138958856153338,138958857099134,945796
1170,138958857153263,138958858098726,945463
1171,138958858153207,138958859098818,945611
1172,138958859153133,138958860098429,945296
1173,138958860153096,138958861098743,945647
1174,138958861153021,138958862098465,945444
1175,138958862152947,138958863098187,945240
1176,138958863152872,138958864098317,945445
1177,138958864152817,138958865098353,945536
1178,138958865152724,138958866097853,945129
1179,138958866152668,138958867098260,945592
1180,138958867152593,138958868097852,945259
1181,138958868152556,138958869098185,945629
1182,138958869152482,138958870097629,945147
1183,138958870152426,138958871097648,945222
1184,138958871152351,138958872097573,945222
1185,138958872152314,138958873097647,945333
1186,138958873152221,138958874097776,945555
1187,138958874152147,138958875097776,945629
1188,138958875152091,138958876097146,945055
1189,138958876152035,138958877097534,945499
1190,138958877151942,138958878097534,945592
1191,138958878151904,138958879097108,945204
1192,138958879151830,138958880097422,945592
1193,138958880151774,138958881097978,946204
1194,138958881151700,138958882097162,945462
1195,138958882151644,138958883097181,945537
1196,138958883151551,138958884097069,945518
1197,138958884151514,138958885096976,945462
1198,138958885151439,138958886096680,945241
1199,138958886151365,138958887096790,945425
1200,138958887151290,138958888096494,945204
1201,138958888151271,138958889097030,945759
1202,138958889151160,138958890096845,945685
1203,138958890151086,138958891096159,945073
1204,138958891151030,138958892096603,945573
1205,138958892150974,138958893096492,945518
1206,138958893150881,138958894096399,945518
1207,138958894150843,138958895096139,945296
1208,138958895150769,138958896096398,945629
1209,138958896150732,138958897096157,945425
1210,138958897150639,138958898096416,945777
1211,138958898150564,138958899095694,945130
1212,138958899150527,138958900095860,945333
1213,138958900150471,138958901096508,946037
1214,138958901150378,138958902095952,945574
1215,138958902150304,138958903095989,945685
1216,138958903150229,138958904095914,945685
1217,138958904150192,138958905095673,945481
1218,138958905150099,138958906095784,945685
1219,138958906150043,138958907095728,945685
1220,138958907149987,138958908095450,945463
1221,138958908149968,138958909095375,945407
1222,138958909149857,138958910095190,945333
1223,138958910149764,138958911095171,945407
1224,138958911149727,138958912095226,945499
1225,138958912149689,138958913095263,945574
1226,138958913149596,138958914095040,945444
1227,138958914149522,138958915094966,945444
1228,138958915149410,138958916094873,945463
1229,138958916149429,138958917094928,945499
1230,138958917149299,138958918094539,945240
1231,138958918149243,138958919095057,945814
1232,138958919149187,138958920094742,945555
1233,138958920149150,138958921095483,946333
1234,138958921149075,138958922094445,945370
1235,138958922148982,138958923094426,945444
1236,138958923148945,138958924094426,945481
1237,138958924148907,138958925094315,945408
1238,138958925148796,138958926094629,945833
1239,138958926148722,138958927093981,945259
1240,138958927148666,138958928093962,945296
1241,138958928148610,138958929093906,945296
1242,138958929148535,138958930093980,945445
1243,138958930148461,138958931094257,945796
1244,138958931148424,138958932093905,945481
1245,138958932148368,138958933094016,945648
1246,138958933148275,138958934093663,945388
1247,138958934148219,138958935093626,945407
1248,138958935148145,138958936093792,945647
1249,138958936148089,138958937093736,945647
1250,138958937148014,138958938093440,945426
1251,138958938147940,138958939093569,945629
1252,138958939147884,138958940093384,945500
1253,138958940147847,138958941093772,945925
1254,138958941147754,138958942093253,945499
1255,138958942147679,138958943093160,945481
1256,138958943147642,138958944093290,945648
1257,138958944147586,138958945092937,945351
1258,138958945147512,138958946093215,945703
1259,138958946147419,138958947093048,945629
1260,138958947147344,138958948092825,945481
1261,138958948147325,138958949092584,945259
1262,138958949147214,138958950092751,945537
1263,138958950147158,138958951092658,945500
1264,138958951147121,138958952092491,945370
1265,138958952147028,138958953092472,945444
1266,138958953146953,138958954092305,945352
1267,138958954146879,138958955092564,945685
1268,138958955146804,138958956099415,952611
1269,138958956146952,138958957094082,947130
1270,138958957146711,138958958092415,945704
1271,138958958146655,138958959092285,945630
1272,138958959146599,138958960092432,945833
1273,138958960146544,138958961092877,946333
1274,138958961146451,138958962091932,945481
1275,138958962146358,138958963091894,945536
1276,138958963146283,138958964091801,945518
1277,138958964146246,138958965091727,945481
1278,138958965146171,138958966091653,945482
1279,138958966146097,138958967091560,945463
1280,138958967146023,138958968091430,945407
1281,138958968146004,138958969091411,945407
1282,138958969145929,138958970091596,945667
1283,138958970145873,138958971091429,945556
1284,138958971145781,138958972091280,945499
1285,138958972145743,138958973091224,945481
1286,138958973145650,138958974091205,945555
1287,138958974145576,138958975090983,945407
1288,138958975145520,138958976091205,945685
1289,138958976145464,138958977090890,945426
1290,138958977145390,138958978091075,945685
1291,138958978145315,138958979090852,945537
1292,138958979145241,138958980091037,945796
1293,138958980145185,138958981091611,946426
1294,138958981145166,138958982090832,945666
1295,138958982145055,138958983090425,945370
1296,138958983144999,138958984090276,945277
1297,138958984144943,138958985090554,945611
1298,138958985144850,138958986090331,945481
1299,138958986144794,138958987090331,945537
1300,138958987144738,138958988090219,945481
1301,138958988144682,138958989090182,945500
1302,138958989144589,138958990090219,945630
1303,138958990144533,138958991089866,945333
1304,138958991144403,138958992090014,945611
1305,138958992144403,138958993090032,945629
1306,138958993144347,138958994089958,945611
1307,138958994144291,138958995089717,945426
1308,138958995144217,138958996089513,945296
1309,138958996144161,138958997089605,945444
1310,138958997144050,138958998089420,945370
1311,138958998143994,138958999089456,945462
1312,138958999143938,138959000089475,945537
1313,138959000143882,138959001089863,945981
1314,138959001143826,138959002089326,945500
1315,138959002143733,138959003089196,945463
1316,138959003143659,138959004089307,945648
1317,138959004143621,138959005089177,945556
1318,138959005143565,138959006089028,945463
1319,138959006143491,138959007088806,945315
1320,138959007143417,138959008089101,945684
1321,138959008143398,138959009088786,945388
1322,138959009143305,138959010088823,945518
1323,138959010143212,138959011088804,945592
1324,138959011143175,138959012088804,945629
1325,138959012143100,138959013088470,945370
1326,138959013143026,138959014088322,945296
1327,138959014142951,138959015088562,945611
1328,138959015142877,138959016088358,945481
1329,138959016142932,138959017088506,945574
1330,138959017142784,138959018088191,945407
1331,138959018142691,138959019087968,945277
1332,138959019142616,138959020088301,945685
1333,138959020142597,138959021088875,946278
1334,138959021142523,138959022087949,945426
1335,138959022142430,138959023087948,945518
1336,138959023142374,138959024087781,945407
1337,138959024142337,138959025087744,945407
1338,138959025142207,138959026087614,945407
1339,138959026142151,138959027087614,945463
1340,138959027142095,138959028087521,945426
1341,138959028142039,138959029087354,945315
1342,138959029141965,138959030087520,945555
1343,138959030141927,138959031087409,945482
1344,138959031141853,138959032087316,945463
1345,138959032141797,138959033087241,945444
1346,138959033141723,138959034087259,945536
1347,138959034141667,138959035087370,945703
1348,138959035141574,138959036087111,945537
1349,138959036141518,138959037086944,945426
1350,138959037141444,138959038086906,945462
1351,138959038141388,138959039087017,945629
1352,138959039141313,138959040086850,945537
1353,138959040141257,138959041087220,945963
1354,138959041141183,138959042086886,945703
1355,138959042141127,138959043086590,945463
1356,138959043141053,138959044086663,945610
1357,138959044141015,138959045086589,945574
1358,138959045140941,138959046086478,945537
1359,138959046140848,138959047086422,945574
1360,138959047140792,138959048086440,945648
1361,138959048140755,138959049086328,945573
1362,138959049140662,138959050086124,945462
1363,138959050140587,138959051086031,945444
1364,138959051140513,138959052085957,945444
1365,138959052140476,138959053086031,945555
1366,138959053140401,138959054086123,945722
1367,138959054140327,138959055085808,945481
1368,138959055140271,138959056085919,945648
1369,138959056140233,138959057085678,945445
1370,138959057140141,138959058085603,945462
1371,138959058140066,138959059085899,945833
1372,138959059139992,138959060085547,945555
1373,138959060139954,138959061085861,945907
1374,138959061139898,138959062085343,945445
1375,138959062139806,138959063084972,945166
1376,138959063139731,138959064085212,945481
1377,138959064139675,138959065085008,945333
1378,138959065139601,138959066085045,945444
1379,138959066139526,138959067085100,945574
1380,138959067139489,138959068084878,945389
1381,138959068139433,138959069085118,945685
1382,138959069139340,138959070084710,945370
1383,138959070139284,138959071085340,946056
1384,138959071139228,138959072084691,945463
1385,138959072139173,138959073084931,945758
1386,138959073139080,138959074084505,945425
1387,138959074139024,138959075084301,945277
1388,138959075138931,138959076084653,945722
1389,138959076138912,138959077084226,945314
1390,138959077138819,138959078084171,945352
1391,138959078138745,138959079084133,945388
1392,138959079138689,138959080084151,945462
1393,138959080138633,138959081084614,945981
1394,138959081138558,138959082084077,945519
1395,138959082138484,138959083083965,945481
1396,138959083138428,138959084083928,945500
1397,138959084138391,138959085084039,945648
1398,138959085138298,138959086083890,945592
1399,138959086138223,138959087083519,945296
1400,138959087138205,138959088083593,945388
1401,138959088138093,138959089083556,945463
1402,138959089138019,138959090083648,945629
1403,138959090137963,138959091083388,945425
1404,138959091137925,138959092083370,945445
1405,138959092137869,138959093083314,945445
1406,138959093137795,138959094083165,945370
1407,138959094137702,138959095083202,945500
1408,138959095137646,138959096082979,945333
1409,138959096137590,138959097083257,945667
1410,138959097137516,138959098083201,945685
1411,138959098137442,138959099082923,945481
1412,138959099137386,138959100082922,945536
1413,138959100137311,138959101083441,946130
1414,138959101137237,138959102082755,945518
1415,138959102137181,138959103082607,945426
1416,138959103137107,138959104082569,945462
1417,138959104137069,138959105082421,945352
1418,138959105136995,138959106082402,945407
1419,138959106136920,138959107082364,945444
1420,138959107136846,138959108082420,945574
1421,138959108136790,138959109082086,945296
1422,138959109136697,138959110082197,945500
1423,138959110136641,138959111082159,945518
1424,138959111136604,138959112082215,945611
1425,138959112136548,138959113081955,945407
1426,138959113136437,138959114081899,945462
1427,138959114136362,138959115081954,945592
1428,138959115136306,138959116081954,945648
1429,138959116136269,138959117081491,945222
1430,138959117136213,138959118081842,945629
1431,138959118136139,138959119081472,945333
1432,138959119136046,138959120081916,945870
1433,138959120136027,138959121082230,946203
1434,138959121135915,138959122081489,945574
1435,138959122135859,138959123081322,945463
1436,138959123135804,138959124081322,945518
1437,138959124135748,138959125081377,945629
1438,138959125135673,138959126081173,945500
1439,138959126135599,138959127081043,945444
1440,138959127135524,138959128081006,945482
1441,138959128135487,138959129080968,945481
1442,138959129135413,138959130081172,945759
1443,138959130135357,138959131080653,945296
1444,138959131135282,138959132080875,945593
1445,138959132135245,138959133080559,945314
1446,138959133135133,138959134080818,945685
1447,138959134135059,138959135080614,945555
1448,138959135135003,138959136080503,945500
1449,138959136134947,138959137080540,945593
1450,138959137134873,138959138080021,945148
1451,138959138134817,138959139080206,945389
1452,138959139134743,138959140080224,945481
1453,138959140134687,138959141080112,945425
1454,138959141134631,138959142080353,945722
1455,138959142134575,138959143080260,945685
1456,138959143134482,138959144079852,945370
1457,138959144134445,138959145079796,945351
1458,138959145134352,138959146079796,945444
1459,138959146134277,138959147079407,945130
1460,138959147134221,138959148079628,945407
1461,138959148134165,138959149079739,945574
1462,138959149134073,138959150079461,945388
1463,138959150134017,138959151079498,945481
1464,138959151133942,138959152079257,945315
1465,138959152133886,138959153079423,945537
1466,138959153133830,138959154078978,945148
1467,138959154133775,138959155079182,945407
1468,138959155133700,138959156079126,945426
1469,138959156133644,138959157079181,945537
1470,138959157133570,138959158079255,945685
1471,138959158133495,138959159078773,945278
1472,138959159133440,138959160078736,945296
1473,138959160133365,138959161078606,945241
1474,138959161133272,138959162078790,945518
1475,138959162133235,138959163078457,945222
1476,138959163133160,138959164078808,945648
1477,138959164133105,138959165078715,945610
1478,138959165133030,138959166078919,945889
1479,138959166132993,138959167078233,945240
1480,138959167132918,138959168078418,945500
1481,138959168132862,138959169078362,945500
1482,138959169132770,138959170078436,945666
1483,138959170132695,138959171078269,945574
1484,138959171132639,138959172078861,946222
1485,138959172132602,138959173079509,946907
1486,138959173132509,138959174078027,945518
1487,138959174132453,138959175078027,945574
1488,138959175132397,138959176077989,945592
1489,138959176132323,138959177077841,945518
1490,138959177132248,138959178077859,945611
1491,138959178132192,138959179077433,945241
1492,138959179132137,138959180077618,945481
1493,138959180132081,138959181077580,945499
1494,138959181132006,138959182077358,945352
1495,138959182131932,138959183077394,945462
1496,138959183131876,138959184077579,945703
1497,138959184131802,138959185077468,945666
1498,138959185131727,138959186077116,945389
1499,138959186131653,138959187077301,945648
1500,138959187131578,138959188077004,945426
1501,138959188131522,138959189077300,945778
1502,138959189131467,138959190077059,945592
1503,138959190131429,138959191077392,945963
1504,138959191131336,138959192077521,946185
1505,138959192131299,138959193076724,945425
1506,138959193131206,138959194076743,945537
1507,138959194131243,138959195076613,945370
1508,138959195131076,138959196076446,945370
1509,138959196131020,138959197076686,945666
1510,138959197130927,138959198076241,945314
1511,138959198130871,138959199076500,945629
1512,138959199130796,138959200076167,945371
1513,138959200130741,138959201076111,945370
1514,138959201130666,138959202076203,945537
1515,138959202130610,138959203076499,945889
1516,138959203130554,138959204076221,945667
1517,138959204130498,138959205076109,945611
1518,138959205130424,138959206075831,945407
1519,138959206130331,138959207075831,945500
1520,138959207130275,138959208076182,945907
1521,138959208130238,138959209075682,945444
1522,138959209130163,138959210075552,945389
1523,138959210130089,138959211075515,945426
1524,138959211130015,138959212076144,946129
1525,138959212129959,138959213075384,945425
1526,138959213129884,138959214075403,945519
1527,138959214129791,138959215074995,945204
1528,138959215129754,138959216075846,946092
1529,138959216129717,138959217075290,945573
1530,138959217129624,138959218075160,945536
1531,138959218129549,138959219075012,945463
1532,138959219129493,138959220075771,946278
1533,138959220129456,138959221074734,945278
1534,138959221129363,138959222074881,945518
1535,138959222129289,138959223074751,945462
1536,138959223129214,138959224074621,945407
1537,138959224129177,138959225074677,945500
1538,138959225129084,138959226074602,945518
1539,138959226129028,138959227074194,945166
1540,138959227128972,138959228074490,945518
1541,138959228128916,138959229074398,945482
1542,138959229128842,138959230074360,945518
1543,138959230128768,138959231074064,945296
1544,138959231128712,138959232074415,945703
1545,138959232128656,138959233074304,945648
1546,138959233128563,138959234074044,945481
1547,138959234128507,138959235073895,945388
1548,138959235128433,138959236074358,945925
1549,138959236128395,138959237074006,945611
1550,138959237128302,138959238074024,945722
1551,138959238128228,138959239073746,945518
1552,138959239128190,138959240074542,946352
1553,138959240128135,138959241073782,945647
1554,138959241128060,138959242073652,945592
1555,138959242127986,138959243073134,945148
1556,138959243127911,138959244074281,946370
1557,138959244127855,138959245073040,945185
1558,138959245127781,138959246073429,945648
1559,138959246127707,138959247073169,945462
1560,138959247127651,138959248073947,946296
1561,138959248127576,138959249073132,945556
1562,138959249127520,138959250073150,945630
1563,138959250127446,138959251072909,945463
1564,138959251127372,138959252074038,946666
1565,138959252127371,138959253072834,945463
1566,138959253127278,138959254072722,945444
1567,138959254127204,138959255072926,945722
1568,138959255127129,138959256074185,947056
1569,138959256127092,138959257072777,945685
1570,138959257126999,138959258072666,945667
1571,138959258126925,138959259072350,945425
1572,138959259126869,138959260073887,947018
1573,138959260126813,138959261072553,945740
1574,138959261126739,138959262072183,945444
1575,138959262126664,138959263072164,945500
1576,138959263126608,138959264074293,947685
1577,138959264127145,138959265071830,944685
1578,138959265126478,138959266072255,945777
1579,138959266126404,138959267071866,945462
1580,138959267126348,138959268073755,947407
1581,138959268126292,138959269072051,945759
1582,138959269126199,138959270071736,945537
1583,138959270126143,138959271071550,945407
1584,138959271126087,138959272073716,947629
1585,138959272126050,138959273071642,945592
1586,138959273125957,138959274071623,945666
1587,138959274125882,138959275071419,945537
1588,138959275125789,138959276072641,946852
1589,138959276125771,138959277071641,945870
1590,138959277125696,138959278071103,945407
1591,138959278125640,138959279071362,945722
1592,138959279125547,138959280072751,947204
1593,138959280125510,138959281071232,945722
1594,138959281125417,138959282071046,945629
1595,138959282125380,138959283070916,945536
1596,138959283125305,138959284071935,946630
1597,138959284125249,138959285070768,945519
1598,138959285125156,138959286070786,945630
1599,138959286125082,138959287070674,945592
1600,138959287125026,138959288071767,946741
1601,138959288124970,138959289070563,945593
1602,138959289124914,138959290070210,945296
1603,138959290124840,138959291070469,945629
1604,138959291124766,138959292072136,947370
1605,138959292124747,138959293070672,945925
1606,138959293124635,138959294070098,945463
1607,138959294124542,138959295069894,945352
1608,138959295124505,138959296071134,946629
1609,138959296124468,138959297070097,945629
1610,138959297124375,138959298069930,945555
1611,138959298124300,138959299070022,945722
1612,138959299124226,138959300070911,946685
1613,138959300124188,138959301069521,945333
1614,138959301124096,138959302069540,945444
1615,138959302124077,138959303069317,945240
1616,138959303124002,138959304070317,946315
1617,138959304123946,138959305069594,945648
1618,138959305123835,138959306069038,945203
1619,138959306123779,138959307069390,945611
1620,138959307123723,138959308070334,946611
1621,138959308123667,138959309069260,945593
1622,138959309123593,138959310069500,945907
1623,138959310123518,138959311069000,945482
1624,138959311123463,138959312070555,947092
1625,138959312123444,138959313068758,945314
1626,138959313123332,138959314068887,945555
1627,138959314123276,138959315068850,945574
1628,138959315123183,138959316069887,946704
1629,138959316123165,138959317068553,945388
1630,138959317123127,138959318068886,945759
1631,138959318122997,138959319068219,945222
1632,138959319122941,138959320070163,947222
1633,138959320122867,138959321068274,945407
1634,138959321122774,138959322068070,945296
1635,138959322122737,138959323068292,945555
1636,138959323122662,138959324069088,946426
1637,138959324122625,138959325067958,945333
1638,138959325122532,138959326068069,945537
1639,138959326122476,138959327067939,945463
1640,138959327122402,138959328069123,946721
1641,138959328122383,138959329067956,945573
1642,138959329122271,138959330067623,945352
1643,138959330122197,138959331067493,945296
1644,138959331122141,138959332069696,947555
1645,138959332122122,138959333067474,945352
1646,138959333122011,138959334067529,945518
1647,138959334121936,138959335067695,945759
1648,138959335121862,138959336068269,946407
1649,138959336121824,138959337067269,945445
1650,138959337121732,138959338067120,945388
1651,138959338121694,138959339067175,945481
1652,138959339121620,138959340068231,946611
1653,138959340121564,138959341067489,945925
1654,138959341121489,138959342066730,945241
1655,138959342121415,138959343066989,945574
1656,138959343121341,138959344067692,946351
1657,138959344121322,138959345066692,945370
1658,138959345121210,138959346066729,945519
1659,138959346121154,138959347066413,945259
1660,138959347121062,138959348066283,945221
1661,138959348121024,138959349066394,945370
1662,138959349120931,138959350066061,945130
1663,138959350120875,138959351066190,945315
1664,138959351120819,138959352067819,947000
1665,138959352120782,138959353066245,945463
1666,138959353120708,138959354066263,945555
1667,138959354120615,138959355066188,945573
1668,138959355120559,138959356066133,945574
1669,138959356120521,138959357065929,945408
1670,138959357120410,138959358065873,945463
1671,138959358120354,138959359066187,945833
1672,138959359120280,138959360065650,945370
1673,138959360120242,138959361065520,945278
1674,138959361120149,138959362065779,945630
1675,138959362120094,138959363065593,945499
1676,138959363120038,138959364065778,945740
1677,138959364120000,138959365065555,945555
1678,138959365119907,138959366065148,945241
1679,138959366119833,138959367065407,945574
1680,138959367119758,138959368065184,945426
1681,138959368119740,138959369065462,945722
1682,138959369119647,138959370065183,945536
1683,138959370119572,138959371065202,945630
1684,138959371119498,138959372065516,946018
1685,138959372119461,138959373065127,945666
1686,138959373119368,138959374064775,945407
1687,138959374119293,138959375064571,945278
1688,138959375119237,138959376064626,945389
1689,138959376119200,138959377064644,945444
1690,138959377119126,138959378064496,945370
1691,138959378119033,138959379064421,945388
1692,138959379118995,138959380064513,945518
1693,138959380118921,138959381064346,945425
1694,138959381118846,138959382064198,945352
1695,138959382118790,138959383064216,945426
1696,138959383118735,138959384065308,946573
1697,138959384118697,138959385064215,945518
1698,138959385118604,138959386063734,945130
1699,138959386118511,138959387063696,945185
1700,138959387118437,138959388063659,945222
1701,138959388118418,138959389063973,945555
1702,138959389118307,138959390064121,945814
1703,138959390118269,138959391063787,945518
1704,138959391118195,138959392065602,947407
1705,138959392118157,138959393063935,945778
1706,138959393118065,138959394063601,945536
1707,138959394117990,138959395063601,945611
1708,138959395117934,138959396063378,945444
1709,138959396117897,138959397063248,945351
1710,138959397117804,138959398063211,945407
1711,138959398117730,138959399063174,945444
1712,138959399117674,138959400063488,945814
1713,138959400117636,138959401062969,945333
1714,138959401117543,138959402063006,945463
1715,138959402117487,138959403062709,945222
1716,138959403117395,138959404062783,945388
1717,138959404117357,138959405062709,945352
1718,138959405117264,138959406062764,945500
1719,138959406117208,138959407062819,945611
1720,138959407117152,138959408062652,945500
1721,138959408117097,138959409062578,945481
1722,138959409117004,138959410062392,945388
1723,138959410116929,138959411062596,945667
1724,138959411116855,138959412062466,945611
1725,138959412116836,138959413062243,945407
1726,138959413116762,138959414062317,945555
1727,138959414116669,138959415062242,945573
1728,138959415116594,138959416062224,945630
1729,138959416116594,138959417062334,945740
1730,138959417116482,138959418061982,945500
1731,138959418116427,138959419061889,945462
1732,138959419116371,138959420061667,945296
1733,138959420116296,138959421061777,945481
1734,138959421116203,138959422062314,946111
1735,138959422116147,138959423061629,945482
1736,138959423116073,138959424061665,945592
1737,138959424116054,138959425061665,945611
1738,138959425115961,138959426061553,945592
1739,138959426115905,138959427061238,945333
1740,138959427115849,138959428061405,945556
1741,138959428115794,138959429061404,945610
1742,138959429115701,138959430061256,945555
1743,138959430115626,138959431061589,945963
1744,138959431115570,138959432061051,945481
1745,138959432115514,138959433060959,945445
1746,138959433115440,138959434061180,945740
1747,138959434115366,138959435060976,945610
1748,138959435115291,138959436060717,945426
1749,138959436115254,138959437060883,945629
1750,138959437115198,138959438060864,945666
1751,138959438115124,138959439060605,945481
1752,138959439115049,138959440060586,945537
1753,138959440114993,138959441060511,945518
1754,138959441114900,138959442060418,945518
1755,138959442114844,138959443060251,945407
1756,138959443114770,138959444060529,945759
1757,138959444114733,138959445060047,945314
1758,138959445114640,138959446059973,945333
1759,138959446114584,138959447059954,945370
1760,138959447114509,138959448060083,945574
1761,138959448114491,138959449060249,945758
1762,138959449114361,138959450059971,945610
1763,138959450114323,138959451059804,945481
1764,138959451114249,138959452059600,945351
1765,138959452114230,138959453060193,945963
1766,138959453114137,138959454059711,945574
1767,138959454114044,138959455059692,945648
1768,138959455113970,138959456059506,945536
1769,138959456113932,138959457059969,946037
1770,138959457113858,138959458059450,945592
1771,138959458113783,138959459059228,945445
1772,138959459113709,138959460059153,945444
1773,138959460113672,138959461059079,945407
1774,138959461113597,138959462059004,945407
1775,138959462113541,138959463058874,945333
1776,138959463113467,138959464058985,945518
1777,138959464113430,138959465058929,945499
1778,138959465113337,138959466058725,945388
1779,138959466113262,138959467058688,945426
1780,138959467113206,138959468058595,945389
1781,138959468113169,138959469058465,945296
1782,138959469113076,138959470058409,945333
1783,138959470113002,138959471058520,945518
1784,138959471112927,138959472058464,945537
1785,138959472112908,138959473059093,946185
1786,138959473112815,138959474058278,945463
1787,138959474112760,138959475058074,945314
1788,138959475112685,138959476058129,945444
1789,138959476112648,138959477058166,945518
1790,138959477112555,138959478058129,945574
1791,138959478112480,138959479057832,945352
1792,138959479112406,138959480058072,945666
1793,138959480112387,138959481057924,945537
1794,138959481112276,138959482057701,945425
1795,138959482112238,138959483057775,945537
1796,138959483112145,138959484057349,945204
1797,138959484112090,138959485057441,945351
1798,138959485112015,138959486057070,945055
1799,138959486111959,138959487057533,945574
1800,138959487111885,138959488057662,945777
1801,138959488111847,138959489057384,945537
1802,138959489111773,138959490057143,945370
1803,138959490111680,138959491057087,945407
1804,138959491111624,138959492056865,945241
1805,138959492111587,138959493057401,945814
1806,138959493111494,138959494056901,945407
1807,138959494111419,138959495056734,945315
1808,138959495111345,138959496056863,945518
1809,138959496111326,138959497056863,945537
1810,138959497111215,138959498056826,945611
1811,138959498111159,138959499056659,945500
1812,138959499111084,138959500056640,945556
1813,138959500111066,138959501056528,945462
1814,138959501110991,138959502056528,945537
1815,138959502110898,138959503056287,945389
1816,138959503110842,138959504056342,945500
1817,138959504110805,138959505056249,945444
1818,138959505110694,138959506056045,945351
1819,138959506110638,138959507055989,945351
1820,138959507110563,138959508056341,945778
1821,138959508110544,138959509056174,945630
1822,138959509110451,138959510055896,945445
1823,138959510110359,138959511056099,945740
1824,138959511110284,138959512055895,945611
1825,138959512110284,138959513056487,946203
1826,138959513110209,138959514055802,945593
1827,138959514110135,138959515055690,945555
1828,138959515110061,138959516055523,945462
1829,138959516110023,138959517055745,945722
1830,138959517109930,138959518055226,945296
1831,138959518109856,138959519055374,945518
1832,138959519109763,138959520055763,946000
1833,138959520109726,138959521055522,945796
1834,138959521109633,138959522055188,945555
1835,138959522109577,138959523055280,945703
1836,138959523109521,138959524055243,945722
1837,138959524109483,138959525054909,945426
1838,138959525109391,138959526054798,945407
1839,138959526109335,138959527054668,945333
1840,138959527109242,138959528054871,945629
1841,138959528109204,138959529055000,945796
1842,138959529109130,138959530054444,945314
1843,138959530109056,138959531054740,945684
1844,138959531109018,138959532054518,945500
1845,138959532108944,138959533055055,946111
1846,138959533108869,138959534054554,945685
1847,138959534108776,138959535054128,945352
1848,138959535108739,138959536054202,945463
1849,138959536108702,138959537054516,945814
1850,138959537108609,138959538054090,945481
1851,138959538108534,138959539054367,945833
1852,138959539108460,138959540054071,945611
1853,138959540108423,138959541054181,945758
1854,138959541108348,138959542053885,945537
1855,138959542108274,138959543053885,945611
1856,138959543108236,138959544053662,945426
1857,138959544108180,138959545053532,945352
1858,138959545108069,138959546053846,945777
1859,138959546108013,138959547053624,945611
1860,138959547107939,138959548053420,945481
1861,138959548107901,138959549053271,945370
1862,138959549107827,138959550053160,945333
1863,138959550107753,138959551053104,945351
1864,138959551107697,138959552053011,945314
1865,138959552107659,138959553053733,946074
1866,138959553107585,138959554053177,945592
1867,138959554107492,138959555053232,945740
1868,138959555107417,138959556053139,945722
1869,138959556107380,138959557053232,945852
1870,138959557107287,138959558052824,945537
1871,138959558107213,138959559052842,945629
1872,138959559107157,138959560052675,945518
1873,138959560107138,138959561052601,945463
1874,138959561107045,138959562052637,945592
1875,138959562106971,138959563052526,945555
1876,138959563106915,138959564052600,945685
1877,138959564106877,138959565052266,945389
1878,138959565106747,138959566052266,945519
1879,138959566106692,138959567051969,945277
1880,138959567106636,138959568052302,945666
1881,138959568106580,138959569051968,945388
1882,138959569106505,138959570051690,945185
1883,138959570106431,138959571051986,945555
1884,138959571106375,138959572051949,945574
1885,138959572106301,138959573052393,946092
1886,138959573106263,138959574051652,945389
1887,138959574106170,138959575051633,945463
1888,138959575106114,138959576052077,945963
1889,138959576106059,138959577051595,945536
1890,138959577105966,138959578051762,945796
1891,138959578105910,138959579051243,945333
1892,138959579105854,138959580051428,945574
1893,138959580105798,138959581051224,945426
1894,138959581105705,138959582051131,945426
1895,138959582105649,138959583051278,945629
1896,138959583105593,138959584050778,945185
1897,138959584105537,138959585051130,945593
1898,138959585105426,138959586050981,945555
1899,138959586105389,138959587050722,945333
1900,138959587105314,138959588050388,945074
1901,138959588105277,138959589050610,945333
1902,138959589105184,138959590050498,945314
1903,138959590105128,138959591050683,945555
1904,138959591105072,138959592050498,945426
1905,138959592105016,138959593051090,946074
1906,138959593104923,138959594050478,945555
1907,138959594104849,138959595050293,945444
1908,138959595104774,138959596050422,945648
1909,138959596104756,138959597050329,945573
1910,138959597104663,138959598049959,945296
1911,138959598104588,138959599049903,945315
1912,138959599104551,138959600050088,945537
1913,138959600104495,138959601050421,945926
1914,138959601104402,138959602049920,945518
1915,138959602104328,138959603049624,945296
1916,138959603104253,138959604049864,945611
1917,138959604104234,138959605049808,945574
1918,138959605104141,138959606049697,945556
1919,138959606104086,138959607049548,945462
1920,138959607103993,138959608049640,945647
1921,138959608103974,138959609049659,945685
1922,138959609103881,138959610049214,945333
1923,138959610103806,138959611049176,945370
1924,138959611103751,138959612049195,945444
1925,138959612103695,138959613049491,945796
1926,138959613103657,138959614048935,945278
1927,138959614103546,138959615049083,945537
1928,138959615103490,138959616049267,945777
1929,138959616103453,138959617048952,945499
1930,138959617103378,138959618049119,945741
1931,138959618103285,138959619049192,945907
1932,138959619103211,138959620048636,945425
1933,138959620103173,138959621048988,945815
1934,138959621103099,138959622048228,945129
1935,138959622103006,138959623048524,945518
1936,138959623102950,138959624048005,945055
1937,138959624102931,138959625048487,945556
1938,138959625102857,138959626048097,945240
1939,138959626102764,138959627048412,945648
1940,138959627102708,138959628047911,945203
1941,138959628102652,138959629048004,945352
1942,138959629102541,138959630048096,945555
1943,138959630102485,138959631047818,945333
1944,138959631102429,138959632047984,945555
1945,138959632102373,138959633048410,946037
1946,138959633102299,138959634047724,945425
1947,138959634102224,138959635047742,945518
1948,138959635102187,138959636047705,945518
1949,138959636102131,138959637047520,945389
1950,138959637102020,138959638047223,945203
1951,138959638101964,138959639047519,945555
1952,138959639101889,138959640047426,945537
1953,138959640101852,138959641047296,945444
1954,138959641101777,138959642047296,945519
1955,138959642101703,138959643047332,945629
1956,138959643101629,138959644047165,945536
1957,138959644101591,138959645047147,945556
1958,138959645101517,138959646046757,945240
1959,138959646101405,138959647046757,945352
1960,138959647101350,138959648046905,945555
1961,138959648101331,138959649046664,945333
1962,138959649101256,138959650046793,945537
1963,138959650101182,138959651046719,945537
1964,138959651101126,138959652046737,945611
1965,138959652101070,138959653047181,946111
1966,138959653100996,138959654046255,945259
1967,138959654100921,138959655046402,945481
1968,138959655100847,138959656046235,945388
1969,138959656100809,138959657046272,945463
1970,138959657100717,138959658046142,945425
1971,138959658100661,138959659046179,945518
1972,138959659100605,138959660046327,945722
1973,138959660100567,138959661046067,945500
1974,138959661100474,138959662045974,945500
1975,138959662100419,138959663045844,945425
1976,138959663100344,138959664045936,945592
1977,138959664100288,138959665045788,945500
1978,138959665100177,138959666045602,945425
1979,138959666100139,138959667045472,945333
1980,138959667100065,138959668045324,945259
1981,138959668100028,138959669045490,945462
1982,138959669099916,138959670045416,945500
1983,138959670099860,138959671045360,945500
1984,138959671099786,138959672045156,945370
1985,138959672099730,138959673045507,945777
1986,138959673099674,138959674045044,945370
1987,138959674099600,138959675045062,945462
1988,138959675099544,138959676044895,945351
1989,138959676099488,138959677045062,945574
1990,138959677099395,138959678044765,945370
1991,138959678099339,138959679044931,945592
1992,138959679099265,138959680044727,945462
1993,138959680099227,138959681044894,945667
1994,138959681099134,138959682044616,945482
1995,138959682099078,138959683044560,945482
1996,138959683099004,138959684044467,945463
1997,138959684098967,138959685044670,945703
1998,138959685098892,138959686044466,945574
1999,138959686098818,138959687044281,945463
2000,138959687098762,138959688043854,945092
2001,138959688098725,138959689044224,945499
2002,138959689098613,138959690043872,945259
2003,138959690098557,138959691043835,945278
2004,138959691098483,138959692043946,945463
2005,138959692098446,138959693044408,945962
2006,138959693098353,138959694043574,945221
2007,138959694098278,138959695043574,945296
2008,138959695098222,138959696043666,945444
2009,138959696098185,138959697043703,945518
2010,138959697098110,138959698043721,945611
2011,138959698098055,138959699043388,945333
2012,138959699097962,138959700043554,945592
2013,138959700097906,138959701043054,945148
2014,138959701097813,138959702043387,945574
2015,138959702097757,138959703043053,945296
2016,138959703097720,138959704043312,945592
2017,138959704097664,138959705043071,945407
2018,138959705097571,138959706042978,945407
2019,138959706097515,138959707043126,945611
2020,138959707097422,138959708042773,945351
2021,138959708097385,138959709042940,945555
2022,138959709097292,138959710042754,945462
2023,138959710097254,138959711042495,945241
2024,138959711097161,138959712042328,945167
2025,138959712097161,138959713043013,945852
2026,138959713097050,138959714042568,945518
2027,138959714097012,138959715042512,945500
2028,138959715096938,138959716042400,945462
2029,138959716096845,138959717042104,945259
2030,138959717096770,138959718042066,945296
2031,138959718096715,138959719042048,945333
2032,138959719096640,138959720041899,945259
2033,138959720096603,138959721042139,945536
2034,138959721096510,138959722042084,945574
2035,138959722096435,138959723042083,945648
2036,138959723096380,138959724042194,945814
2037,138959724096361,138959725041860,945499
2038,138959725096249,138959726041693,945444
2039,138959726096175,138959727041693,945518
2040,138959727096137,138959728041582,945445
2041,138959728096082,138959729041563,945481
2042,138959729096007,138959730041581,945574
2043,138959730095933,138959731041488,945555
2044,138959731095858,138959732041284,945426
2045,138959732095821,138959733041543,945722
2046,138959733095728,138959734041320,945592
2047,138959734095654,138959735040913,945259
2048,138959735095616,138959736041097,945481
2049,138959736095560,138959737040801,945241
2050,138959737095467,138959738041041,945574
2051,138959738095393,138959739040707,945314
2052,138959739095337,138959740040744,945407
2053,138959740095318,138959741040762,945444
2054,138959741095207,138959742040484,945277
2055,138959742095132,138959743040817,945685
2056,138959743095058,138959744040502,945444
2057,138959744095021,138959745040261,945240
2058,138959745094928,138959746040113,945185
2059,138959746094853,138959747040186,945333
2060,138959747094797,138959748040390,945593
2061,138959748094779,138959749039908,945129
2062,138959749094686,138959750040074,945388
2063,138959750094630,138959751040518,945888
2064,138959751094555,138959752040148,945593
2065,138959752094499,138959753039869,945370
2066,138959753094406,138959754039480,945074
2067,138959754094351,138959755039758,945407
2068,138959755094258,138959756039757,945499
2069,138959756094239,138959757039905,945666
2070,138959757094146,138959758039497,945351
2071,138959758094071,138959759039423,945352
2072,138959759094016,138959760039478,945462
2073,138959760093997,138959761039589,945592
2074,138959761093904,138959762039311,945407
2075,138959762093829,138959763039366,945537
2076,138959763093755,138959764039866,946111
2077,138959764093718,138959765039551,945833
2078,138959765093625,138959766039347,945722
2079,138959766093569,138959767039013,945444
2080,138959767093494,138959768039105,945611
2081,138959768093438,138959769038846,945408
2082,138959769093364,138959770038790,945426
2083,138959770093308,138959771038863,945555
2084,138959771093215,138959772038807,945592
2085,138959772093196,138959773038659,945463
2086,138959773093122,138959774038751,945629
2087,138959774093048,138959775038455,945407
2088,138959775092973,138959776038658,945685
2089,138959776092917,138959777038269,945352
2090,138959777092843,138959778038213,945370
2091,138959778092768,138959779038398,945630
2092,138959779092713,138959780038231,945518
2093,138959780092657,138959781038230,945573
2094,138959781092582,138959782038063,945481
2095,138959782092508,138959783037859,945351
2096,138959783092433,138959784038433,946000
2097,138959784092396,138959785037896,945500
2098,138959785092322,138959786037581,945259
2099,138959786092247,138959787037506,945259
2100,138959787092191,138959788037765,945574
2101,138959788092135,138959789037487,945352
2102,138959789092061,138959790037616,945555
2103,138959790091968,138959791037394,945426
2104,138959791091931,138959792037449,945518
2105,138959792091875,138959793037523,945648
2106,138959793091782,138959794037189,945407
2107,138959794091707,138959795037078,945371
2108,138959795091652,138959796037170,945518
2109,138959796091614,138959797037095,945481
2110,138959797091540,138959798036984,945444
2111,138959798091447,138959799036854,945407
2112,138959799091372,138959800037020,945648
2113,138959800091372,138959801036705,945333
2114,138959801091279,138959802036964,945685
2115,138959802091205,138959803036630,945425
2116,138959803091130,138959804036871,945741
2117,138959804091112,138959805036593,945481
2118,138959805090982,138959806036518,945536
2119,138959806090926,138959807036333,945407
2120,138959807090851,138959808036610,945759
2121,138959808090814,138959809036110,945296
2122,138959809090721,138959810036202,945481
2123,138959810090665,138959811036368,945703
2124,138959811090609,138959812036127,945518
2125,138959812090572,138959813036238,945666
2126,138959813090479,138959814036293,945814
2127,138959814090423,138959815035960,945537
2128,138959815090330,138959816035830,945500
2129,138959816090293,138959817035811,945518
2130,138959817090218,138959818035385,945167
2131,138959818090162,138959819035644,945482
2132,138959819090069,138959820035477,945408
2133,138959820090032,138959821035402,945370
2134,138959821089939,138959822035346,945407
2135,138959822089883,138959823035161,945278
2136,138959823089846,138959824035586,945740
2137,138959824089790,138959825035327,945537
2138,138959825089679,138959826035271,945592
2139,138959826089623,138959827034863,945240
2140,138959827089548,138959828035178,945630
2141,138959828089511,138959829034807,945296
2142,138959829089418,138959830034918,945500
2143,138959830089344,138959831034732,945388
2144,138959831089288,138959832035084,945796
2145,138959832089250,138959833034620,945370
2146,138959833089157,138959834034824,945667
2147,138959834089101,138959835034657,945556
2148,138959835089027,138959836034453,945426
2149,138959836088990,138959837034508,945518
2150,138959837088897,138959838034415,945518
2151,138959838088841,138959839034192,945351
2152,138959839088766,138959840034118,945352
2153,138959840088748,138959841034229,945481
2154,138959841088636,138959842034117,945481
2155,138959842088562,138959843034043,945481
2156,138959843088487,138959844034580,946093
2157,138959844088468,138959845033950,945482
2158,138959845088357,138959846034079,945722
2159,138959846088301,138959847034060,945759
2160,138959847088245,138959848033782,945537
2161,138959848088208,138959849033578,945370
2162,138959849088096,138959850033448,945352
2163,138959850088041,138959851033855,945814
2164,138959851087966,138959852033355,945389
2165,138959852087929,138959853033484,945555
2166,138959853087836,138959854033021,945185
2167,138959854087780,138959855033131,945351
2168,138959855087705,138959856033020,945315
2169,138959856087668,138959857033223,945555
2170,138959857087575,138959858033167,945592
2171,138959858087501,138959859032926,945425
2172,138959859087463,138959860032833,945370
2173,138959860087408,138959861033018,945610
2174,138959861087315,138959862032648,945333
2175,138959862087259,138959863032425,945166
2176,138959863087184,138959864033277,946093
2177,138959864087165,138959865032535,945370
2178,138959865087073,138959866032313,945240
2179,138959866086998,138959867032331,945333
2180,138959867086924,138959868032294,945370
2181,138959868086868,138959869032553,945685
2182,138959869086793,138959870032293,945500
2183,138959870086700,138959871032200,945500
2184,138959871086663,138959872032033,945370
2185,138959872086626,138959873032329,945703
2186,138959873086551,138959874032107,945556
2187,138959874086495,138959875032069,945574
2188,138959875086421,138959876032013,945592
2189,138959876086365,138959877031883,945518
2190,138959877086272,138959878031827,945555
2191,138959878086198,138959879031938,945740
2192,138959879086123,138959880031586,945463
2193,138959880086086,138959881031438,945352
2194,138959881085993,138959882031530,945537
2195,138959882085937,138959883031585,945648
2196,138959883085863,138959884032011,946148
2197,138959884085862,138959885031695,945833
2198,138959885085769,138959886031417,945648
2199,138959886085695,138959887031380,945685
2200,138959887085621,138959888031343,945722
2201,138959888085565,138959889031231,945666
2202,138959889085472,138959890030972,945500
2203,138959890085416,138959891031082,945666
2204,138959891085342,138959892030897,945555
2205,138959892085304,138959893030822,945518
2206,138959893085230,138959894030766,945536
2207,138959894085155,138959895030544,945389
2208,138959895085062,138959896030710,945648
2209,138959896085025,138959897030395,945370
2210,138959897084969,138959898030598,945629
2211,138959898084895,138959899030135,945240
2212,138959899084839,138959900030301,945462
2213,138959900084801,138959901030357,945556
2214,138959901084690,138959902030505,945815
2215,138959902084616,138959903030356,945740
2216,138959903084560,138959904030782,946222
2217,138959904084541,138959905029948,945407
2218,138959905084429,138959906030188,945759
2219,138959906084355,138959907029836,945481
2220,138959907084281,138959908030077,945796
2221,138959908084243,138959909030132,945889
2222,138959909084169,138959910029928,945759
2223,138959910084113,138959911030039,945926
2224,138959911084039,138959912029723,945684
2225,138959912084001,138959913029260,945259
2226,138959913083853,138959914029426,945573
2227,138959914083852,138959915029574,945722
2228,138959915083778,138959916028926,945148
2229,138959916083722,138959917029185,945463
2230,138959917083648,138959918029481,945833
2231,138959918083573,138959919029091,945518
2232,138959919083499,138959920029036,945537
2233,138959920083480,138959921029091,945611
2234,138959921083368,138959922028850,945482
2235,138959922083313,138959923028794,945481
2236,138959923083275,138959924029330,946055
2237,138959924083238,138959925028460,945222
2238,138959925083108,138959926028663,945555
2239,138959926083052,138959927028570,945518
2240,138959927082978,138959928028348,945370
2241,138959928082940,138959929028551,945611
2242,138959929082847,138959930028254,945407
2243,138959930082773,138959931028217,945444
2244,138959931082698,138959932028143,945445
2245,138959932082680,138959933028309,945629
2246,138959933082587,138959934028105,945518
2247,138959934082531,138959935027845,945314
2248,138959935082456,138959936027808,945352
2249,138959936082438,138959937027900,945462
2250,138959937082326,138959938027789,945463
2251,138959938082252,138959939027955,945703
2252,138959939082196,138959940027807,945611
2253,138959940082158,138959941027473,945315
2254,138959941082047,138959942027621,945574
2255,138959942081991,138959943027417,945426
2256,138959943081935,138959944027824,945889
2257,138959944081898,138959945027379,945481
2258,138959945081786,138959946027471,945685
2259,138959946081749,138959947027249,945500
2260,138959947081675,138959948027082,945407
2261,138959948081637,138959949028007,946370
2262,138959949081544,138959950027211,945667
2263,138959950081470,138959951026988,945518
2264,138959951081414,138959952027062,945648
2265,138959952081358,138959953027006,945648
2266,138959953081265,138959954026598,945333
2267,138959954081209,138959955026672,945463
2268,138959955081153,138959956026709,945556
2269,138959956081097,138959957026597,945500
2270,138959957081023,138959958026504,945481
2271,138959958080949,138959959026559,945610
2272,138959959080874,138959960026559,945685
2273,138959960080855,138959961026244,945389
2274,138959961080762,138959962026207,945445
2275,138959962080688,138959963026484,945796
2276,138959963080632,138959964026373,945741
2277,138959964080595,138959965026187,945592
2278,138959965080502,138959966026131,945629
2279,138959966080409,138959967025723,945314
2280,138959967080353,138959968025816,945463
2281,138959968080297,138959969025889,945592
2282,138959969080204,138959970025482,945278
2283,138959970080130,138959971025481,945351
2284,138959971080074,138959972025777,945703
2285,138959972080074,138959973025703,945629
2286,138959973079962,138959974025573,945611
2287,138959974079925,138959975025276,945351
2288,138959975079850,138959976025257,945407
2289,138959976079794,138959977025350,945556
2290,138959977079702,138959978025294,945592
2291,138959978079646,138959979025145,945499
2292,138959979079571,138959980024997,945426
2293,138959980079534,138959981025219,945685
2294,138959981079422,138959982024681,945259
2295,138959982079366,138959983024737,945371
2296,138959983079292,138959984026107,946815
2297,138959984079255,138959985024754,945499
2298,138959985079162,138959986024810,945648
2299,138959986079124,138959987024698,945574
2300,138959987079031,138959988024772,945741
2301,138959988079013,138959989024697,945684
2302,138959989078920,138959990024401,945481
2303,138959990078864,138959991024382,945518
2304,138959991078771,138959992024326,945555
2305,138959992078752,138959993024585,945833
2306,138959993078641,138959994024992,946351
2307,138959994078603,138959995024084,945481
2308,138959995078510,138959996024028,945518
2309,138959996078473,138959997024028,945555
2310,138959997078398,138959998024009,945611
2311,138959998078324,138959999023602,945278
2312,138959999078268,138960000023879,945611
2313,138960000078231,138960001023638,945407
2314,138960001078119,138960002023749,945630
2315,138960002078045,138960003023656,945611
2316,138960003077989,138960004023452,945463
2317,138960004077970,138960005023396,945426
2318,138960005077840,138960006023099,945259
2319,138960006077784,138960007023451,945667
2320,138960007077728,138960008023321,945593
2321,138960008077673,138960009023413,945740
2322,138960009077580,138960010023153,945573
2323,138960010077542,138960011023097,945555
2324,138960011077486,138960012023042,945556
2325,138960012077412,138960013023430,946018
2326,138960013077338,138960014023467,946129
2327,138960014077263,138960015022874,945611
2328,138960015077189,138960016022948,945759
2329,138960016077151,138960017022633,945482
2330,138960017077077,138960018022614,945537
2331,138960018077003,138960019022484,945481
2332,138960019076947,138960020022502,945555
2333,138960020076891,138960021022613,945722
2334,138960021076816,138960022022409,945593
2335,138960022076760,138960023022371,945611
2336,138960023076705,138960024022389,945684
2337,138960024076630,138960025022371,945741
2338,138960025076556,138960026021963,945407
2339,138960026076481,138960027021962,945481
2340,138960027076407,138960028021888,945481
2341,138960028076370,138960029021962,945592
2342,138960029076277,138960030021906,945629
2343,138960030076202,138960031021813,945611
2344,138960031076146,138960032021609,945463
2345,138960032076109,138960033021720,945611
2346,138960033075997,138960034021645,945648
2347,138960034075942,138960035021812,945870
2348,138960035075886,138960036021571,945685
2349,138960036075867,138960037021515,945648
2350,138960037075755,138960038021255,945500
2351,138960038075681,138960039021107,945426
2352,138960039075607,138960040021217,945610
2353,138960040075588,138960041021532,945944
2354,138960041075513,138960042020865,945352
2355,138960042075420,138960043020939,945519
2356,138960043075365,138960044020698,945333
2357,138960044075309,138960045020790,945481
2358,138960045075216,138960046020864,945648
2359,138960046075160,138960047020752,945592
2360,138960047075122,138960048020585,945463
2361,138960048075067,138960049020677,945610
2362,138960049074974,138960050020399,945425
2363,138960050074899,138960051020343,945444
2364,138960051074843,138960052020287,945444
2365,138960052074806,138960053020213,945407
2366,138960053074732,138960054020009,945277
2367,138960054074657,138960055020083,945426
2368,138960055074583,138960056019990,945407
2369,138960056074545,138960057019915,945370
2370,138960057074434,138960058019656,945222
2371,138960058074378,138960059019692,945314
2372,138960059074304,138960060019692,945388
2373,138960060074303,138960061020062,945759
2374,138960061074192,138960062019784,945592
2375,138960062074136,138960063019691,945555
2376,138960063074061,138960064019561,945500
2377,138960064074024,138960065020283,946259
2378,138960065073950,138960066019190,945240
2379,138960066073857,138960067019468,945611
2380,138960067073782,138960068019189,945407
2381,138960068073726,138960069019004,945278
2382,138960069073634,138960070019207,945573
2383,138960070073578,138960071018966,945388
2384,138960071073522,138960072018966,945444
2385,138960072073484,138960073018984,945500
2386,138960073073410,138960074019095,945685
2387,138960074073336,138960075018946,945610
2388,138960075073280,138960076019113,945833
2389,138960076073224,138960077018594,945370
2390,138960077073131,138960078018353,945222
2391,138960078073093,138960079018908,945815
2392,138960079073001,138960080018445,945444
2393,138960080072982,138960081018630,945648
2394,138960081072870,138960082018055,945185
2395,138960082072796,138960083018258,945462
2396,138960083072740,138960084017980,945240
2397,138960084072666,138960085018887,946221
2398,138960085072610,138960086018072,945462
2399,138960086072554,138960087017831,945277
2400,138960087072479,138960088017775,945296
2401,138960088072442,138960089017923,945481
2402,138960089072349,138960090017460,945111
2403,138960090072256,138960091017737,945481
2404,138960091072200,138960092017885,945685
2405,138960092072144,138960093018051,945907
2406,138960093072070,138960094017736,945666
2407,138960094072014,138960095017606,945592
2408,138960095071940,138960096026106,954166
2409,138960096071939,138960097017791,945852
2410,138960097071809,138960098017457,945648
2411,138960098071753,138960099017235,945482
2412,138960099071698,138960100017327,945629
2413,138960100071660,138960101017345,945685
2414,138960101071549,138960102017011,945462
2415,138960102071474,138960103017011,945537
2416,138960103071418,138960104016844,945426
2417,138960104071381,138960105017955,946574
2418,138960105071288,138960106016806,945518
2419,138960106071214,138960107016713,945499
2420,138960107071158,138960108016806,945648
2421,138960108071102,138960109016472,945370
2422,138960109071027,138960110016675,945648
2423,138960110070972,138960111016434,945462
2424,138960111070897,138960112016452,945555
2425,138960112070860,138960113016489,945629
2426,138960113070767,138960114016155,945388
2427,138960114070692,138960115016581,945889
2428,138960115070655,138960116016284,945629
2429,138960116070581,138960117016099,945518
2430,138960117070488,138960118015987,945499
2431,138960118070413,138960119015598,945185
2432,138960119070357,138960120015987,945630
2433,138960120070320,138960121015894,945574
2434,138960121070227,138960122015949,945722
2435,138960122070153,138960123015560,945407
2436,138960123070115,138960124015430,945315
2437,138960124070078,138960125015948,945870
2438,138960125069985,138960126015559,945574
2439,138960126069911,138960127015503,945592
2440,138960127069836,138960128015225,945389
2441,138960128069854,138960129015262,945408
2442,138960129069724,138960130015113,945389
2443,138960130069632,138960131014890,945258
2444,138960131069576,138960132014890,945314
2445,138960132069520,138960133014945,945425
2446,138960133069445,138960134014889,945444
2447,138960134069482,138960135014982,945500
2448,138960135069519,138960136015889,946370
2449,138960136069278,138960137014814,945536
2450,138960137069203,138960138016573,947370
2451,138960138069147,138960139015184,946037
2452,138960139069054,138960140014721,945667
2453,138960140069017,138960141014628,945611
2454,138960141068924,138960142014868,945944
2455,138960142068850,138960143014405,945555
2456,138960143068794,138960144014405,945611
2457,138960144068738,138960145014904,946166
2458,138960145068664,138960146014200,945536
2459,138960146068626,138960147014200,945574
2460,138960147068533,138960148013996,945463
2461,138960148068496,138960149014181,945685
2462,138960149068403,138960150013884,945481
2463,138960150068329,138960151013902,945573
2464,138960151068254,138960152013476,945222
2465,138960152068235,138960153013772,945537
2466,138960153068142,138960154013679,945537
2467,138960154068068,138960155013549,945481
2468,138960155068012,138960156013530,945518
2469,138960156067975,138960157013641,945666
2470,138960157067863,138960158013807,945944
2471,138960158067826,138960159013363,945537
2472,138960159067733,138960160013103,945370
2473,138960160067696,138960161013566,945870
2474,138960161067621,138960162013139,945518
2475,138960162067547,138960163013157,945610
2476,138960163067491,138960164013213,945722
2477,138960164067416,138960165013805,946389
2478,138960165067361,138960166013082,945721
2479,138960166067286,138960167012823,945537
2480,138960167067230,138960168014119,946889
2481,138960168067174,138960169012896,945722
2482,138960169067100,138960170012748,945648
2483,138960170067025,138960171012803,945778
2484,138960171066933,138960172012303,945370
2485,138960172066877,138960173012321,945444
2486,138960173066839,138960174012395,945556
2487,138960174066765,138960175012190,945425
2488,138960175066690,138960176012246,945556
2489,138960176066635,138960177012301,945666
2490,138960177066560,138960178011912,945352
2491,138960178066486,138960179011948,945462
2492,138960179066430,138960180012041,945611
2493,138960180066393,138960181012114,945721
2494,138960181066300,138960182011892,945592
2495,138960182066225,138960183011725,945500
2496,138960183066151,138960184011743,945592
2497,138960184066095,138960185011891,945796
2498,138960185066057,138960186011779,945722
2499,138960186065983,138960187011594,945611
2500,138960187065909,138960188011705,945796
2501,138960188065871,138960189011834,945963
2502,138960189065760,138960190011093,945333
2503,138960190065704,138960191011481,945777
2504,138960191065630,138960192011481,945851
2505,138960192065592,138960193011296,945704
2506,138960193065518,138960194011314,945796
2507,138960194065425,138960195010758,945333
2508,138960195065369,138960196011369,946000
2509,138960196065350,138960197010924,945574
2510,138960197065239,138960198010868,945629
2511,138960198065201,138960199010571,945370
2512,138960199065127,138960200011441,946314
2513,138960200065089,138960201010534,945445
2514,138960201064978,138960202010348,945370
2515,138960202064904,138960203010329,945425
2516,138960203064848,138960204011366,946518
2517,138960204064829,138960205010958,946129
2518,138960205064643,138960206010365,945722
2519,138960206064662,138960207010383,945721
2520,138960207064587,138960208011420,946833
2521,138960208064568,138960209010383,945815
2522,138960209064438,138960210009901,945463
2523,138960210064382,138960211010215,945833
2524,138960211064327,138960212011067,946740
2525,138960212064308,138960213009715,945407
2526,138960213064178,138960214009992,945814
2527,138960214064122,138960215009696,945574
2528,138960215064047,138960216010677,946630
2529,138960216064066,138960217009547,945481
2530,138960217063917,138960218009232,945315
2531,138960218063861,138960219009416,945555
2532,138960219063787,138960220010564,946777
2533,138960220063768,138960221009379,945611
2534,138960221063656,138960222009064,945408
2535,138960222063601,138960223009063,945462
2536,138960223063545,138960224009859,946314
2537,138960224063526,138960225009563,946037
2538,138960225063414,138960226008877,945463
2539,138960226063340,138960227008784,945444
2540,138960227063284,138960228010173,946889
2541,138960228063247,138960229008709,945462
2542,138960229063135,138960230008876,945741
2543,138960230063061,138960231008653,945592
2544,138960231063024,138960232009727,946703
2545,138960232063005,138960233008875,945870
2546,138960233062875,138960234008300,945425
2547,138960234062800,138960235008430,945630
2548,138960235062744,138960236010892,948148
2549,138960236062726,138960237008688,945962
2550,138960237062614,138960238008114,945500
2551,138960238062540,138960239008076,945536
2552,138960239062484,138960240009539,947055
2553,138960240062465,138960241007835,945370
2554,138960241062353,138960242007724,945371
2555,138960242062279,138960243007705,945426
2556,138960243062223,138960244008741,946518
2557,138960244062204,138960245008019,945815
2558,138960245062074,138960246007593,945519
2559,138960246062018,138960247007518,945500
2560,138960247061944,138960248008444,946500
2561,138960248061962,138960249007555,945593
2562,138960249061832,138960250007406,945574
2563,138960250061758,138960251007128,945370
2564,138960251061702,138960252008220,946518
2565,138960252061683,138960253007109,945426
2566,138960253061572,138960254007016,945444
2567,138960254061497,138960255006960,945463
2568,138960255061423,138960256008830,947407
2569,138960256061404,138960257006996,945592
2570,138960257061293,138960258006496,945203
2571,138960258061218,138960259006662,945444
2572,138960259061162,138960260009088,947926
2573,138960260061180,138960261006754,945574
2574,138960261061050,138960262006421,945371
2575,138960262060976,138960263006457,945481
2576,138960263060902,138960264008049,947147
2577,138960264060901,138960265007123,946222
2578,138960265060790,138960266006197,945407
2579,138960266060715,138960267006085,945370
2580,138960267060641,138960268007567,946926
2581,138960268060604,138960269006177,945573
2582,138960269060511,138960270006270,945759
2583,138960270060436,138960271005677,945241
2584,138960271060362,138960272006936,946574
2585,138960272060362,138960273005991,945629
2586,138960273060250,138960274005935,945685
2587,138960274060176,138960275005768,945592
2588,138960275060101,138960276006953,946852
2589,138960276060119,138960277005767,945648
2590,138960277059990,138960278005193,945203
2591,138960278059934,138960279005378,945444
2592,138960279059859,138960280006563,946704
2593,138960280059840,138960281005729,945889
2594,138960281059729,138960282005469,945740
2595,138960282059636,138960283005321,945685
2596,138960283059599,138960284006339,946740
2597,138960284059598,138960285005857,946259
2598,138960285059505,138960286005061,945556
2599,138960286059412,138960287004875,945463
2600,138960287059319,138960288006671,947352
2601,138960288059338,138960288999245,939907
2602,138960289059208,138960290004763,945555
2603,138960290059115,138960291004577,945462
2604,138960291059040,138960292005744,946704
2605,138960292059040,138960293004614,945574
2606,138960293058929,138960294004391,945462
2607,138960294058854,138960295004465,945611
2608,138960295058817,138960296005909,947092
2609,138960296058798,138960297004612,945814
2610,138960297058649,138960298004371,945722
2611,138960298058594,138960299004093,945499
2612,138960299058556,138960300005871,947315
2613,138960300058556,138960301003759,945203
2614,138960301058407,138960302004222,945815
2615,138960302058351,138960303003851,945500
2616,138960303058277,138960304005184,946907
2617,138960304058258,138960305004758,946500
2618,138960305058147,138960306003628,945481
2619,138960306058072,138960307003628,945556
2620,138960307057998,138960308004812,946814
2621,138960308057979,138960309003682,945703
2622,138960309057886,138960310003367,945481
2623,138960310057812,138960311003274,945462
2624,138960311057756,138960312004422,946666
2625,138960312057718,138960313003348,945630
2626,138960313057626,138960314003144,945518
2627,138960314057551,138960315002977,945426
2628,138960315057495,138960316003995,946500
2629,138960316057476,138960317003346,945870
2630,138960317057346,138960318002883,945537
2631,138960318057291,138960319002568,945277
2632,138960319057216,138960320004049,946833
2633,138960320057197,138960321002975,945778
2634,138960321057067,138960322002660,945593
2635,138960322057011,138960323002659,945648
2636,138960323056937,138960324004714,947777
2637,138960324056937,138960325002622,945685
2638,138960325056825,138960326002584,945759
2639,138960326056751,138960327002399,945648
2640,138960327056695,138960328003324,946629
2641,138960328056695,138960329002065,945370
2642,138960329056583,138960330002138,945555
2643,138960330056490,138960331001731,945241
2644,138960331056434,138960332004934,948500
2645,138960332056360,138960333002082,945722
2646,138960333056285,138960334001896,945611
2647,138960334056248,138960335001859,945611
2648,138960335056155,138960336003322,947167
2649,138960336056136,138960337001655,945519
2650,138960337056043,138960338001543,945500
2651,138960338055969,138960339001728,945759
2652,138960339055913,138960340002654,946741
2653,138960340055876,138960341001690,945814
2654,138960341055783,138960342001153,945370
2655,138960342055727,138960343000949,945222
2656,138960343055634,138960344002393,946759
2657,138960344055597,138960345001096,945499
2658,138960345055504,138960346000911,945407
2659,138960346055448,138960347000707,945259
2660,138960347055373,138960348002095,946722
2661,138960348055317,138960349001076,945759
2662,138960349055243,138960350000743,945500
2663,138960350055187,138960351000409,945222
2664,138960351055131,138960352002020,946889
2665,138960352055075,138960353001112,946037
2666,138960353054982,138960354000445,945463
2667,138960354054908,138960355000408,945500
2668,138960355054834,138960356002296,947462
2669,138960356054815,138960357000259,945444
2670,138960357054722,138960357999814,945092
2671,138960358054666,138960359000314,945648
2672,138960359054592,138960360001462,946870
2673,138960360054536,138960361000369,945833
2674,138960361054443,138960362000035,945592
2675,138960362054405,138960362999831,945426
2676,138960363054312,138960363999905,945593
2677,138960364054312,138960364999867,945555
2678,138960365054201,138960366000015,945814
2679,138960366054145,138960366999533,945388
2680,138960367054070,138960367999477,945407
2681,138960368054014,138960368999736,945722
2682,138960369053940,138960369999310,945370
2683,138960370053866,138960370999513,945647
2684,138960371053810,138960371999346,945536
2685,138960372053754,138960372999272,945518
2686,138960373053661,138960373999253,945592
2687,138960374053624,138960374998864,945240
2688,138960375053549,138960375999678,946129
2689,138960376053530,138960376999474,945944
2690,138960377053419,138960377998863,945444
2691,138960378053363,138960378998789,945426
2692,138960379053289,138960379998640,945351
2693,138960380053214,138960380999251,946037
2694,138960381053140,138960381998454,945314
2695,138960382053084,138960382998417,945333
2696,138960383053009,138960383998602,945593
2697,138960384052972,138960384998638,945666
2698,138960385052879,138960385998286,945407
2699,138960386052805,138960386998564,945759
2700,138960387052767,138960387998156,945389
2701,138960388052711,138960388998304,945593
2702,138960389052637,138960389998026,945389
2703,138960390052563,138960390998044,945481
2704,138960391052488,138960391997803,945315
2705,138960392052451,138960392997858,945407
2706,138960393052358,138960393997746,945388
2707,138960394052302,138960394997505,945203
2708,138960395052209,138960395998172,945963
2709,138960396052172,138960396997783,945611
2710,138960397052097,138960397997504,945407
2711,138960398052023,138960398997578,945555
2712,138960399051948,138960399997541,945593
2713,138960400051930,138960400997596,945666
2714,138960401051837,138960401997336,945499
2715,138960402051781,138960402997392,945611
2716,138960403051706,138960403997039,945333
2717,138960404051632,138960404997335,945703
2718,138960405051576,138960405997242,945666
2719,138960406051520,138960406996927,945407
2720,138960407051446,138960407997205,945759
2721,138960408051390,138960408996871,945481
2722,138960409051315,138960409997019,945704
2723,138960410051223,138960410996630,945407
2724,138960411051167,138960411996463,945296
2725,138960412051148,138960412997036,945888
2726,138960413051055,138960413996499,945444
2727,138960414050999,138960414996388,945389
2728,138960415050906,138960415996998,946092
2729,138960416050869,138960416996591,945722
2730,138960417050776,138960417996238,945462
2731,138960418050720,138960418996257,945537
2732,138960419050645,138960419996312,945667
2733,138960420050608,138960420996237,945629
2734,138960421050515,138960421995793,945278
2735,138960422050441,138960422995940,945499
2736,138960423050366,138960423995588,945222
2737,138960424050329,138960424995958,945629
2738,138960425050273,138960425995513,945240
2739,138960426050199,138960426995661,945462
2740,138960427050106,138960427995291,945185
2741,138960428050105,138960428995772,945667
2742,138960429049994,138960429995808,945814
2743,138960430049938,138960430995530,945592
2744,138960431049864,138960431995011,945147
2745,138960432049826,138960432995567,945741
2746,138960433049715,138960433995066,945351
2747,138960434049659,138960434995344,945685
2748,138960435049603,138960435995695,946092
2749,138960436049566,138960436994954,945388
2750,138960437049473,138960437994991,945518
2751,138960438049417,138960438994768,945351
2752,138960439049342,138960439994990,945648
2753,138960440049305,138960440994823,945518
2754,138960441049231,138960441994619,945388
2755,138960442049138,138960442994230,945092
2756,138960443049100,138960443994600,945500
2757,138960444049007,138960444994785,945778
2758,138960445048933,138960445994451,945518
2759,138960446048877,138960446994469,945592
2760,138960447048803,138960447994395,945592
2761,138960448048765,138960448994543,945778
2762,138960449048672,138960449994154,945482
2763,138960450048598,138960450994098,945500
2764,138960451048561,138960451994079,945518
2765,138960452048505,138960452993819,945314
2766,138960453048412,138960453994356,945944
2767,138960454048356,138960454993948,945592
2768,138960455048300,138960455994300,946000
2769,138960456048244,138960456993929,945685
2770,138960457048151,138960457993595,945444
2771,138960458048077,138960458993762,945685
2772,138960459048002,138960459993428,945426
2773,138960460047965,138960460993650,945685
2774,138960461047872,138960461993631,945759
2775,138960462047835,138960462993168,945333
2776,138960463047760,138960463993019,945259
2777,138960464047723,138960464993260,945537
2778,138960465047630,138960465993278,945648
2779,138960466047574,138960466992963,945389
2780,138960467047500,138960467992833,945333
2781,138960468047444,138960468993092,945648
2782,138960469047351,138960469992906,945555
2783,138960470047295,138960470992702,945407
2784,138960471047221,138960471992942,945721
2785,138960472047183,138960472992701,945518
2786,138960473047090,138960473992608,945518
2787,138960474047016,138960474992441,945425
2788,138960475046960,138960475993256,946296
2789,138960476046960,138960476992811,945851
2790,138960477046848,138960477992218,945370
2791,138960478046774,138960478992014,945240
2792,138960479046718,138960479992477,945759
2793,138960480046662,138960480992180,945518
2794,138960481046569,138960481992458,945889
2795,138960482046513,138960482991883,945370
2796,138960483046439,138960483991753,945314
2797,138960484046383,138960484992086,945703
2798,138960485046308,138960485992030,945722
2799,138960486046253,138960486991900,945647
2800,138960487046160,138960487991456,945296
2801,138960488046159,138960488991770,945611
2802,138960489046048,138960489991399,945351
2803,138960490045992,138960490991936,945944
2804,138960491045918,138960491991547,945629
2805,138960492045880,138960492991991,946111
2806,138960493045806,138960493991380,945574
2807,138960494045731,138960494991361,945630
2808,138960495045638,138960495991749,946111
2809,138960496045583,138960496991360,945777
2810,138960497045527,138960497991137,945610
2811,138960498045452,138960498991063,945611
2812,138960499045396,138960499992155,946759
2813,138960500045396,138960500991488,946092
2814,138960501045285,138960501990766,945481
2815,138960502045192,138960502990728,945536
2816,138960503045154,138960503990580,945426
2817,138960504045080,138960504991191,946111
2818,138960505044987,138960505990505,945518
2819,138960506044950,138960506990208,945258
2820,138960507044857,138960507990856,945999
2821,138960508044819,138960508991189,946370
2822,138960509044726,138960509990226,945500
2823,138960510044670,138960510990263,945593
2824,138960511044596,138960511989948,945352
2825,138960512044559,138960512990336,945777
2826,138960513044466,138960513989947,945481
2827,138960514044410,138960514989984,945574
2828,138960515044354,138960515990446,946092
2829,138960516044298,138960516990150,945852
2830,138960517044205,138960517989779,945574
2831,138960518044149,138960518989704,945555
2832,138960519044075,138960519989667,945592
2833,138960520044037,138960520989759,945722
2834,138960521043944,138960521989222,945278
2835,138960522043870,138960522989277,945407
2836,138960523043814,138960523989295,945481
2837,138960524043777,138960524989628,945851
2838,138960525043684,138960525989276,945592
2839,138960526043665,138960526988905,945240
2840,138960527043554,138960527988998,945444
2841,138960528043516,138960528989146,945630
2842,138960529043442,138960529988997,945555
2843,138960530043367,138960530988645,945278
2844,138960531043293,138960531988682,945389
2845,138960532043237,138960532989200,945963
2846,138960533043163,138960533988625,945462
2847,138960534043107,138960534988384,945277
2848,138960535043032,138960535988791,945759
2849,138960536042976,138960536988939,945963
2850,138960537042902,138960537988476,945574
2851,138960538042828,138960538988327,945499
2852,138960539042772,138960539988123,945351
2853,138960540042716,138960540988271,945555
2854,138960541042660,138960541987937,945277
2855,138960542042567,138960542987956,945389
2856,138960543042493,138960543987955,945462
2857,138960544042455,138960544988066,945611
2858,138960545042381,138960545988288,945907
2859,138960546042306,138960546987658,945352
2860,138960547042232,138960547987806,945574
2861,138960548042176,138960548988305,946129
2862,138960549042102,138960549987490,945388
2863,138960550042046,138960550987860,945814
2864,138960551041971,138960551987545,945574
2865,138960552041934,138960552987767,945833
2866,138960553041841,138960553986989,945148
2867,138960554041767,138960554987303,945536
2868,138960555041729,138960555987636,945907
2869,138960556041673,138960556987358,945685
2870,138960557041581,138960557987210,945629
2871,138960558041506,138960558986913,945407
2872,138960559041450,138960559987043,945593
2873,138960560041394,138960560986968,945574
2874,138960561041301,138960561986764,945463
2875,138960562041246,138960562986560,945314
2876,138960563041171,138960563986523,945352
2877,138960564041115,138960564986745,945630
2878,138960565041059,138960565986392,945333
2879,138960566040985,138960566986336,945351
2880,138960567040911,138960567986595,945684
2881,138960568040892,138960568986632,945740
2882,138960569040780,138960569986335,945555
2883,138960570040724,138960570986113,945389
2884,138960571040650,138960571986020,945370
2885,138960572040613,138960572986020,945407
2886,138960573040520,138960573985908,945388
2887,138960574040445,138960574985760,945315
2888,138960575040408,138960575986556,946148
2889,138960576040352,138960576985944,945592
2890,138960577040259,138960577985944,945685
2891,138960578040203,138960578985610,945407
2892,138960579040129,138960579985832,945703
2893,138960580040110,138960580985961,945851
2894,138960581040017,138960581985480,945463
2895,138960582039961,138960582985442,945481
2896,138960583039850,138960583985312,945462
2897,138960584039812,138960584985553,945741
2898,138960585039719,138960585985386,945667
2899,138960586039663,138960586985126,945463
2900,138960587039626,138960587985144,945518
2901,138960588039552,138960588985329,945777
2902,138960589039477,138960589984977,945500
2903,138960590039421,138960590984865,945444
2904,138960591039365,138960591984921,945556
2905,138960592039310,138960592984568,945258
2906,138960593039217,138960593984624,945407
2907,138960594039161,138960594984568,945407
2908,138960595039068,138960595984660,945592
2909,138960596039049,138960596984919,945870
2910,138960597038937,138960597984493,945556
2911,138960598038882,138960598984363,945481
2912,138960599038807,138960599984640,945833
2913,138960600038770,138960600984658,945888
2914,138960601038695,138960601984343,945648
2915,138960602038639,138960602984084,945445
2916,138960603038547,138960603984009,945462
2917,138960604038509,138960604984046,945537
2918,138960605038416,138960605983897,945481
2919,138960606038379,138960606984138,945759
2920,138960607038304,138960607983952,945648
2921,138960608038267,138960608984008,945741
2922,138960609038156,138960609983692,945536
2923,138960610038100,138960610983599,945499
2924,138960611038025,138960611983710,945685
2925,138960612037969,138960612983599,945630
2926,138960613037895,138960613983580,945685
2927,138960614037839,138960614983265,945426
2928,138960615037765,138960615983283,945518
2929,138960616037727,138960616983690,945963
2930,138960617037653,138960617983171,945518
2931,138960618037579,138960618982875,945296
2932,138960619037504,138960619983115,945611
2933,138960620037467,138960620983466,945999
2934,138960621037374,138960621982929,945555
2935,138960622037318,138960622982707,945389
2936,138960623037244,138960623982799,945555
2937,138960624037188,138960624982873,945685
2938,138960625037113,138960625982650,945537
2939,138960626037039,138960626982650,945611
2940,138960627036964,138960627982334,945370
2941,138960628036927,138960628982630,945703
2942,138960629036853,138960629982167,945314
2943,138960630036778,138960630982370,945592
2944,138960631036722,138960631982592,945870
2945,138960632036685,138960632982555,945870
2946,138960633036611,138960633982184,945573
2947,138960634036536,138960634981906,945370
2948,138960635036462,138960635981869,945407
2949,138960636036406,138960636982165,945759
2950,138960637036313,138960637981813,945500
2951,138960638036276,138960638981868,945592
2952,138960639036201,138960639981423,945222
2953,138960640036164,138960640981960,945796
2954,138960641036071,138960641981422,945351
2955,138960642035996,138960642981552,945556
2956,138960643035941,138960643981644,945703
2957,138960644035885,138960644981551,945666
2958,138960645035810,138960645981310,945500
2959,138960646035736,138960646982143,946407
2960,138960647035661,138960647981180,945519
2961,138960648035605,138960648981309,945704
2962,138960649035550,138960649981012,945462
2963,138960650035457,138960650981290,945833
2964,138960651035401,138960651980826,945425
2965,138960652035345,138960652980715,945370
2966,138960653035270,138960653980844,945574
2967,138960654035215,138960654980733,945518
2968,138960655035140,138960655980807,945667
2969,138960656035084,138960656980973,945889
2970,138960657035010,138960657980473,945463
2971,138960658034954,138960658980509,945555
2972,138960659034861,138960659980157,945296
2973,138960660034824,138960660980472,945648
2974,138960661034749,138960661980212,945463
2975,138960662034675,138960662979971,945296
2976,138960663034600,138960663980452,945852
2977,138960664034545,138960664980396,945851
2978,138960665034470,138960665979822,945352
2979,138960666034414,138960666980358,945944
2980,138960667034358,138960667979765,945407
2981,138960668034302,138960668980135,945833
2982,138960669034228,138960669979691,945463
2983,138960670034154,138960670979635,945481
2984,138960671034098,138960671979653,945555
2985,138960672034042,138960672979949,945907
2986,138960673033949,138960673979319,945370
2987,138960674033912,138960674979467,945555
2988,138960675033819,138960675979170,945351
2989,138960676033781,138960676979633,945852
2990,138960677033688,138960677979281,945593
2991,138960678033632,138960678979243,945611
2992,138960679033558,138960679979132,945574
2993,138960680033539,138960680979298,945759
2994,138960681033446,138960681978853,945407
2995,138960682033353,138960682978964,945611
2996,138960683033297,138960683978871,945574
2997,138960684033260,138960684979056,945796
2998,138960685033167,138960685978796,945629
2999,138960686033130,138960686979296,946166
3000,138960687033055,138960687978518,945463
3001,138960688032981,138960688978444,945463
3002,138960689032888,138960689978443,945555
3003,138960690032832,138960690978443,945611
3004,138960691032795,138960691978757,945962
3005,138960692032720,138960692978294,945574
3006,138960693032794,138960693979627,946833
3007,138960694032572,138960694978090,945518
3008,138960695032516,138960695978293,945777
3009,138960696032460,138960696978533,946073
3010,138960697032404,138960697978366,945962
3011,138960698032292,138960698977811,945519
3012,138960699032255,138960699977718,945463
3013,138960700032199,138960700977865,945666
3014,138960701032106,138960701977680,945574
3015,138960702032032,138960702977717,945685
3016,138960703031976,138960703977772,945796
3017,138960704031957,138960704977272,945315
3018,138960705031864,138960705977512,945648
3019,138960706031808,138960706977419,945611
3020,138960707031734,138960707977419,945685
3021,138960708031678,138960708977529,945851
3022,138960709031585,138960709977288,945703
3023,138960710031548,138960710976955,945407
3024,138960711031473,138960711976843,945370
3025,138960712031417,138960712976769,945352
3026,138960713031324,138960713977009,945685
3027,138960714031268,138960714976676,945408
3028,138960715031194,138960715976731,945537
3029,138960716031138,138960716976619,945481
3030,138960717031082,138960717976508,945426
3031,138960718031008,138960718976730,945722
3032,138960719030933,138960719976396,945463
3033,138960720030896,138960720976618,945722
3034,138960721030803,138960721976432,945629
3035,138960722030747,138960722976099,945352
3036,138960723030673,138960723976524,945851
3037,138960724030598,138960724976376,945778
3038,138960725030543,138960725975839,945296
3039,138960726030487,138960726976449,945962
3040,138960727030394,138960727976190,945796
3041,138960728030338,138960728976023,945685
3042,138960729030300,138960729975800,945500
3043,138960730030208,138960730975818,945610
3044,138960731030152,138960731975485,945333
3045,138960732030096,138960732976188,946092
3046,138960733030021,138960733975447,945426
3047,138960734029928,138960734975336,945408
3048,138960735029891,138960735975631,945740
3049,138960736029817,138960736975409,945592
3050,138960737029761,138960737975390,945629
3051,138960738029686,138960738975538,945852
3052,138960739029612,138960739975223,945611
3053,138960740029556,138960740974945,945389
3054,138960741029482,138960741975704,946222
3055,138960742029444,138960742975148,945704
3056,138960743029351,138960743974814,945463
3057,138960744029295,138960744975184,945889
3058,138960745029240,138960745974461,945221
3059,138960746029165,138960746975665,946500
3060,138960747029109,138960747974757,945648
3061,138960748029053,138960748974535,945482
3062,138960749028960,138960749974534,945574
3063,138960750028905,138960750974478,945573
3064,138960751028830,138960751974274,945444
3065,138960752028774,138960752974255,945481
3066,138960753028700,138960753974311,945611
3067,138960754028607,138960754974107,945500
3068,138960755028570,138960755973921,945351
3069,138960756028532,138960756974161,945629
3070,138960757028476,138960757973994,945518
3071,138960758028383,138960758973864,945481
3072,138960759028309,138960759973938,945629
3073,138960760028272,138960760974142,945870
3074,138960761028160,138960761973604,945444
3075,138960762028086,138960762973345,945259
3076,138960763028048,138960763973678,945630
3077,138960764027974,138960764974085,946111
3078,138960765027899,138960765973473,945574
3079,138960766027825,138960766973732,945907
3080,138960767027788,138960767973361,945573
3081,138960768027732,138960768973343,945611
3082,138960769027657,138960769973472,945815
3083,138960770027583,138960770973397,945814
3084,138960771027527,138960771972823,945296
3085,138960772027453,138960772973267,945814
3086,138960773027397,138960773972952,945555
3087,138960774027322,138960774973026,945704
3088,138960775027266,138960775972877,945611
3089,138960776027229,138960776972747,945518
3090,138960777027118,138960777972358,945240
3091,138960778027043,138960778972673,945630
3092,138960779026969,138960779972450,945481
3093,138960780026950,138960780972505,945555
3094,138960781026876,138960781972523,945647
3095,138960782026801,138960782972060,945259
3096,138960783026727,138960783972263,945536
3097,138960784026671,138960784972337,945666
3098,138960785026596,138960785972281,945685
3099,138960786026541,138960786972485,945944
3100,138960787026485,138960787971892,945407
3101,138960788026410,138960788972058,945648
3102,138960789026336,138960789971836,945500
3103,138960790026261,138960790971632,945371
3104,138960791026187,138960791971427,945240
3105,138960792026131,138960792971705,945574
3106,138960793026075,138960793971760,945685
3107,138960794026019,138960794971426,945407
3108,138960795025945,138960795971278,945333
3109,138960796025889,138960796971555,945666
3110,138960797025833,138960797971592,945759
3111,138960798025740,138960798971092,945352
3112,138960799025684,138960799971332,945648
3113,138960800025647,138960800971554,945907
3114,138960801025554,138960801971109,945555
3115,138960802025480,138960802970683,945203
3116,138960803025405,138960803971035,945630
3117,138960804025368,138960804970812,945444
3118,138960805025293,138960805970663,945370
3119,138960806025219,138960806971441,946222
3120,138960807025182,138960807970607,945425
3121,138960808025107,138960808970829,945722
3122,138960809025033,138960809970421,945388
3123,138960810024958,138960810970551,945593
3124,138960811024903,138960811970365,945462
3125,138960812024847,138960812970457,945610
3126,138960813024772,138960813970161,945389
3127,138960814024679,138960814970475,945796
3128,138960815024605,138960815970216,945611
3129,138960816024586,138960816969956,945370
3130,138960817024493,138960817970178,945685
3131,138960818024437,138960818970085,945648
3132,138960819024344,138960819969770,945426
3133,138960820024325,138960820970066,945741
3134,138960821024232,138960821969325,945093
3135,138960822024177,138960822969658,945481
3136,138960823024102,138960823969546,945444
3137,138960824024046,138960824969787,945741
3138,138960825023953,138960825969323,945370
3139,138960826023916,138960826969971,946055
3140,138960827023842,138960827969638,945796
3141,138960828023767,138960828969322,945555
3142,138960829023693,138960829969174,945481
3143,138960830023637,138960830969025,945388
3144,138960831023600,138960831969266,945666
3145,138960832023562,138960832969451,945889
3146,138960833023451,138960833969006,945555
3147,138960834023376,138960834968746,945370
3148,138960835023302,138960835968876,945574
3149,138960836023264,138960836969209,945945
3150,138960837023190,138960837968616,945426
3151,138960838023116,138960838968634,945518
3152,138960839023041,138960839968541,945500
3153,138960840022985,138960840968837,945852
3154,138960841022929,138960841968392,945463
3155,138960842022837,138960842968577,945740
3156,138960843022781,138960843968373,945592
3157,138960844022743,138960844968613,945870
3158,138960845022669,138960845968261,945592
3159,138960846022613,138960846968594,945981
3160,138960847022539,138960847968242,945703
3161,138960848022464,138960848968168,945704
3162,138960849022408,138960849967964,945556
3163,138960850022334,138960850967759,945425
3164,138960851022259,138960851967722,945463
3165,138960852022204,138960852967833,945629
3166,138960853022129,138960853967555,945426
3167,138960854022055,138960854967554,945499
3168,138960855021999,138960855967610,945611
3169,138960856021943,138960856967646,945703
3170,138960857021887,138960857967220,945333
3171,138960858021813,138960858967238,945425
3172,138960859021738,138960859967182,945444
3173,138960860021664,138960860967534,945870
3174,138960861021608,138960861967015,945407
3175,138960862021534,138960862966959,945425
3176,138960863021459,138960863967070,945611
3177,138960864021440,138960864966866,945426
3178,138960865021329,138960865966680,945351
3179,138960866021273,138960866967476,946203
3180,138960867021199,138960867966569,945370
3181,138960868021143,138960868966661,945518
3182,138960869021068,138960869966290,945222
3183,138960870021012,138960870966475,945463
3184,138960871020956,138960871966567,945611
3185,138960872020919,138960872966493,945574
3186,138960873020808,138960873966196,945388
3187,138960874020752,138960874966140,945388
3188,138960875020677,138960875966066,945389
3189,138960876020658,138960876966417,945759
3190,138960877020566,138960877966158,945592
3191,138960878020491,138960878966120,945629
3192,138960879020417,138960879966027,945610
3193,138960880020398,138960880966175,945777
3194,138960881020286,138960881965879,945593
3195,138960882020231,138960882965915,945684
3196,138960883020156,138960883965619,945463
3197,138960884020100,138960884965748,945648
3198,138960885020026,138960885965248,945222
3199,138960886019970,138960886965970,946000
3200,138960887019895,138960887965080,945185
3201,138960888019840,138960888965562,945722
3202,138960889019765,138960889965283,945518
3203,138960890019691,138960890965172,945481
3204,138960891019616,138960891964875,945259
3205,138960892019579,138960892965245,945666
3206,138960893019486,138960893965060,945574
3207,138960894019412,138960894964837,945425
3208,138960895019374,138960895964855,945481
3209,138960896019318,138960896964818,945500
3210,138960897019244,138960897964836,945592
3211,138960898019170,138960898964558,945388
3212,138960899019095,138960899964373,945278
3213,138960900019058,138960900964928,945870
3214,138960901018983,138960901964483,945500
3215,138960902018909,138960902964372,945463
3216,138960903018872,138960903964242,945370
3217,138960904018779,138960904964334,945555
3218,138960905018686,138960905964204,945518
3219,138960906018648,138960906964241,945593
3220,138960907018555,138960907964240,945685
3221,138960908018555,138960908964073,945518
3222,138960909018444,138960909963666,945222
3223,138960910018369,138960910963554,945185
3224,138960911018332,138960911963924,945592
3225,138960912018257,138960912963757,945500
3226,138960913018202,138960913963701,945499
3227,138960914018109,138960914963627,945518
3228,138960915018071,138960915963645,945574
3229,138960916017997,138960916963922,945925
3230,138960917017922,138960917963533,945611
3231,138960918017848,138960918963237,945389
3232,138960919017774,138960919963421,945647
3233,138960920017718,138960920963477,945759
3234,138960921017662,138960921963069,945407
3235,138960922017587,138960922963032,945445
3236,138960923017550,138960923963068,945518
3237,138960924017476,138960924963512,946036
3238,138960925017420,138960925963160,945740
3239,138960926017327,138960926962752,945425
3240,138960927017252,138960927963641,946389
3241,138960928017104,138960928963048,945944
3242,138960929017141,138960929962529,945388
3243,138960930017066,138960930962658,945592
3244,138960931017010,138960931962473,945463
3245,138960932016936,138960932962362,945426
3246,138960933016862,138960933962491,945629
3247,138960934016806,138960934962694,945888
3248,138960935016731,138960935962286,945555
3249,138960936016694,138960936962453,945759
3250,138960937016619,138960937962101,945482
3251,138960938016564,138960938961934,945370
3252,138960939016471,138960939961804,945333
3253,138960940016433,138960940962025,945592
3254,138960941016322,138960941961821,945499
3255,138960942016303,138960942962136,945833
3256,138960943016210,138960943961784,945574
3257,138960944016136,138960944961635,945499
3258,138960945016061,138960945961672,945611
3259,138960946016042,138960946961598,945556
3260,138960947015949,138960947961819,945870
3261,138960948015912,138960948961671,945759
3262,138960949015838,138960949961319,945481
3263,138960950015745,138960950961411,945666
3264,138960951015689,138960951961022,945333
3265,138960952015633,138960952961614,945981
3266,138960953015558,138960953961151,945593
3267,138960954015484,138960954960817,945333
3268,138960955015428,138960955961002,945574
3269,138960956015354,138960956960668,945314
3270,138960957015279,138960957960816,945537
3271,138960958015223,138960958960723,945500
3272,138960959015168,138960959960649,945481
3273,138960960015093,138960960961000,945907
3274,138960961015037,138960961960426,945389
3275,138960962014963,138960962960333,945370
3276,138960963014888,138960963960444,945556
3277,138960964014851,138960964960517,945666
3278,138960965014795,138960965960184,945389
3279,138960966014702,138960966960276,945574
3280,138960967014628,138960967960683,946055
3281,138960968014572,138960968960275,945703
3282,138960969014479,138960969959849,945370
3283,138960970014423,138960970960034,945611
3284,138960971014386,138960971960071,945685
3285,138960972014348,138960972959867,945519
3286,138960973014255,138960973959848,945593
3287,138960974014181,138960974960033,945852
3288,138960975014088,138960975959421,945333
3289,138960976014069,138960976959865,945796
3290,138960977013995,138960977959550,945555
3291,138960978013902,138960978959142,945240
3292,138960979013828,138960979959309,945481
3293,138960980013790,138960980959382,945592
3294,138960981013697,138960981959327,945630
3295,138960982013660,138960982959067,945407
3296,138960983013567,138960983959067,945500
3297,138960984013548,138960984958955,945407
3298,138960985013455,138960985959121,945666
3299,138960986013381,138960986959380,945999
3300,138960987013325,138960987959121,945796
3301,138960988013269,138960988958787,945518
3302,138960989013195,138960989958657,945462
3303,138960990013120,138960990958657,945537
3304,138960991013064,138960991958527,945463
3305,138960992013027,138960992958693,945666
3306,138960993012934,138960993958656,945722
3307,138960994012860,138960994958470,945610
3308,138960995012767,138960995958137,945370
3309,138960996012748,138960996958192,945444
3310,138960997012673,138960997958062,945389
3311,138960998012599,138960998957987,945388
3312,138960999012524,138960999958339,945815
3313,138961000012469,138961000958394,945925
3314,138961001012431,138961001958042,945611
3315,138961002012338,138961002957819,945481
3316,138961003012245,138961003957708,945463
3317,138961004012245,138961004958097,945852
3318,138961005012134,138961005957763,945629
3319,138961006012059,138961006957837,945778
3320,138961007012003,138961007958003,946000
3321,138961008011966,138961008957669,945703
3322,138961009011873,138961009957558,945685
3323,138961010011817,138961010957354,945537
3324,138961011011743,138961011957446,945703
3325,138961012011724,138961012957372,945648
3326,138961013011612,138961013957131,945519
3327,138961014011538,138961014957149,945611
3328,138961015011482,138961015956797,945315
3329,138961016011408,138961016957185,945777
3330,138961017011352,138961017956870,945518
3331,138961018011296,138961018956740,945444
3332,138961019011221,138961019956462,945241
3333,138961020011147,138961020956962,945815
3334,138961021011073,138961021956387,945314
3335,138961022011017,138961022956313,945296
3336,138961023010961,138961023956849,945888
3337,138961024010886,138961024956312,945426
3338,138961025010831,138961025956293,945462
3339,138961026010756,138961026956200,945444
3340,138961027010682,138961027956904,946222
3341,138961028010663,138961028956033,945370
3342,138961029010551,138961029956107,945556
3343,138961030010496,138961030955995,945499
3344,138961031010421,138961031956050,945629
3345,138961032010347,138961032956420,946073
3346,138961033010291,138961033955846,945555
3347,138961034010216,138961034955772,945556
3348,138961035010179,138961035955605,945426
3349,138961036010123,138961036955882,945759
3350,138961037010049,138961037955919,945870
3351,138961038009993,138961038955418,945425
3352,138961039009900,138961039955418,945518
3353,138961040009844,138961040955455,945611
3354,138961041009770,138961041955269,945499
3355,138961042009695,138961042955269,945574
3356,138961043009639,138961043955102,945463
3357,138961044009565,138961044954953,945388
3358,138961045009528,138961045955027,945499
3359,138961046009435,138961046954916,945481
3360,138961047009379,138961047955434,946055
3361,138961048009341,138961048955230,945889
3362,138961049009267,138961049954841,945574
3363,138961050009174,138961050954785,945611
3364,138961051009118,138961051954618,945500
3365,138961052009044,138961052954895,945851
3366,138961053008988,138961053954636,945648
3367,138961054008932,138961054954246,945314
3368,138961055008839,138961055954413,945574
3369,138961056008783,138961056954449,945666
3370,138961057008709,138961057954801,946092
3371,138961058008634,138961058954264,945630
3372,138961059008578,138961059954226,945648
3373,138961060008522,138961060954041,945519
3374,138961061008485,138961061954114,945629
3375,138961062008411,138961062953892,945481
3376,138961063008318,138961063953743,945425
3377,138961064008280,138961064953613,945333
3378,138961065008206,138961065953539,945333
3379,138961066008113,138961066954094,945981
3380,138961067008039,138961067954149,946110
3381,138961068008001,138961068953594,945593
3382,138961069007927,138961069953408,945481
3383,138961070007871,138961070953426,945555
3384,138961071007778,138961071953278,945500
3385,138961072007741,138961072953240,945499
3386,138961073007666,138961073953092,945426
3387,138961074007610,138961074953017,945407
3388,138961075007536,138961075953350,945814
3389,138961076007499,138961076953258,945759
3390,138961077007424,138961077952979,945555
3391,138961078007331,138961078952312,944981
3392,138961079007275,138961079952886,945611
3393,138961080007238,138961080953052,945814
3394,138961081007127,138961081952497,945370
3395,138961082007071,138961082952681,945610
3396,138961083006996,138961083952903,945907
3397,138961084006940,138961084952681,945741
3398,138961085006884,138961085952014,945130
3399,138961086006810,138961086952421,945611
3400,138961087006754,138961087952791,946037
3401,138961088006698,138961088951976,945278
3402,138961089006624,138961089952142,945518
3403,138961090006549,138961090952086,945537
3404,138961091006475,138961091952049,945574
3405,138961092006419,138961092952141,945722
3406,138961093006345,138961093951770,945425
3407,138961094006270,138961094952048,945778
3408,138961095006214,138961095951751,945537
3409,138961096006140,138961096951640,945500
3410,138961097006103,138961097951602,945499
3411,138961098006028,138961098951528,945500
3412,138961099005954,138961099951639,945685
3413,138961100005898,138961100951490,945592
3414,138961101005861,138961101951305,945444
3415,138961102005749,138961102951304,945555
3416,138961103005693,138961103950952,945259
3417,138961104005619,138961104951600,945981
3418,138961105005581,138961105950896,945315
3419,138961106005507,138961106950803,945296
3420,138961107005414,138961107951525,946111
3421,138961108005377,138961108951062,945685
3422,138961109005302,138961109950728,945426
3423,138961110005209,138961110950968,945759
3424,138961111005153,138961111950746,945593
3425,138961112005098,138961112950912,945814
3426,138961113005042,138961113950615,945573
3427,138961114004967,138961114950652,945685
3428,138961115004911,138961115950430,945519
3429,138961116004837,138961116950689,945852
3430,138961117004781,138961117950447,945666
3431,138961118004725,138961118949966,945241
3432,138961119004651,138961119950410,945759
3433,138961120004576,138961120950354,945778
3434,138961121004502,138961121949798,945296
3435,138961122004428,138961122949816,945388
3436,138961123004353,138961123949834,945481
3437,138961124004316,138961124950075,945759
3438,138961125004260,138961125949574,945314
3439,138961126004185,138961126949537,945352
3440,138961127004111,138961127949944,945833
3441,138961128004111,138961128950388,946277
3442,138961129003981,138961129949388,945407
3443,138961130003925,138961130949239,945314
3444,138961131003850,138961131949387,945537
3445,138961132003739,138961132949628,945889
3446,138961133003720,138961133949146,945426
3447,138961134003646,138961134948923,945277
3448,138961135003571,138961135949404,945833
3449,138961136003553,138961136949034,945481
3450,138961137003460,138961137949126,945666
3451,138961138003404,138961138948866,945462
3452,138961139003329,138961139948847,945518
3453,138961140003551,138961140949310,945759
3454,138961141003199,138961141948606,945407
3455,138961142003125,138961142948717,945592
3456,138961143003069,138961143948735,945666
3457,138961144003716,138961144949494,945778
3458,138961145002957,138961145948605,945648
3459,138961146002864,138961146948160,945296
3460,138961147002790,138961147948808,946018
3461,138961148003548,138961148948919,945371
3462,138961149002659,138961149948196,945537
3463,138961150002622,138961150948251,945629
3464,138961151002547,138961151947825,945278
3465,138961152003547,138961152949195,945648
3466,138961153002399,138961153948343,945944
3467,138961154002343,138961154947787,945444
3468,138961155002268,138961155947601,945333
3469,138961156003453,138961156948971,945518
3470,138961157002157,138961157947786,945629
3471,138961158002101,138961158947693,945592
3472,138961159002008,138961159947563,945555
3473,138961160001952,138961160948489,946537
3474,138961161001877,138961161947285,945408
3475,138961162001803,138961162947321,945518
3476,138961163001766,138961163947321,945555
3477,138961164001691,138961164948376,946685
3478,138961165001635,138961165947172,945537
3479,138961166001561,138961166946838,945277
3480,138961167001505,138961167947542,946037
3481,138961168001431,138961168948338,946907
3482,138961169001356,138961169946930,945574
3483,138961170001300,138961170946930,945630
3484,138961171001244,138961171946559,945315
3485,138961172001152,138961172947873,946721
3486,138961173001096,138961173946855,945759
3487,138961174001021,138961174946076,945055
3488,138961175000965,138961175946428,945463
3489,138961176000928,138961176947705,946777
3490,138961177000854,138961177946538,945684
3491,138961178000761,138961178946371,945610
3492,138961179000705,138961179945871,945166
3493,138961180000649,138961180947297,946648
3494,138961181000574,138961181946019,945445
3495,138961182000500,138961182946426,945926
3496,138961183000444,138961183946166,945722
3497,138961184000370,138961184946869,946499
3498,138961185000314,138961185945684,945370
3499,138961186000239,138961186945887,945648
3500,138961187000091,138961187945665,945574
3501,138961188000109,138961188947424,947315
3502,138961189000072,138961189945516,945444
3503,138961189999997,138961190945238,945241
3504,138961190999923,138961191945330,945407
3505,138961191999848,138961192947033,947185
3506,138961192999793,138961193945329,945536
3507,138961193999718,138961194945273,945555
3508,138961194999644,138961195945236,945592
3509,138961195999588,138961196946513,946925
3510,138961196999551,138961197944884,945333
3511,138961197999458,138961198945142,945684
3512,138961198999402,138961199944901,945499
3513,138961199999327,138961200945994,946667
3514,138961200999290,138961201944882,945592
3515,138961201999215,138961202944826,945611
3516,138961202999160,138961203944696,945536
3517,138961203999085,138961204945918,946833
3518,138961204999011,138961205945010,945999
3519,138961205998955,138961206944566,945611
3520,138961206998880,138961207944621,945741
3521,138961207998806,138961208945806,947000
3522,138961208998750,138961209944157,945407
3523,138961209998639,138961210944175,945536
3524,138961210998601,138961211944212,945611
3525,138961211998527,138961212945323,946796
3526,138961212998453,138961213943989,945536
3527,138961213998397,138961214943767,945370
3528,138961214998341,138961215943692,945351
3529,138961215998285,138961216945062,946777
3530,138961216998210,138961217943655,945445
3531,138961217998136,138961218944136,946000
3532,138961218998099,138961219943487,945388
3533,138961219998006,138961220944654,946648
3534,138961220997950,138961221943301,945351
3535,138961221997875,138961222943394,945519
3536,138961222997801,138961223943171,945370
3537,138961223997745,138961224944115,946370
3538,138961224997671,138961225942985,945314
3539,138961225997596,138961226943152,945556
3540,138961226997559,138961227942781,945222
3541,138961227997503,138961228944095,946592
3542,138961228997429,138961229942873,945444
3543,138961229997354,138961230943113,945759
3544,138961230997280,138961231942761,945481
3545,138961231997224,138961232943946,946722
3546,138961232997168,138961233942538,945370
3547,138961233997112,138961234942556,945444
3548,138961234997019,138961235942111,945092
3549,138961235996963,138961236942611,945648
3550,138961236996889,138961237942333,945444
3551,138961237996814,138961238942407,945593
3552,138961238996759,138961239942499,945740
3553,138961239996703,138961240942221,945518
3554,138961240996647,138961241942165,945518
3555,138961241996591,138961242942091,945500
3556,138961242996498,138961243941905,945407
3557,138961243996442,138961244941886,945444
3558,138961244996368,138961245941923,945555
3559,138961245996312,138961246941478,945166
3560,138961246996237,138961247941811,945574
3561,138961247996181,138961248941663,945482
3562,138961248996107,138961249941385,945278
3563,138961249996051,138961250941292,945241
3564,138961250995977,138961251941736,945759
3565,138961251995921,138961252941902,945981
3566,138961252995846,138961253941272,945426
3567,138961253995772,138961254941327,945555
3568,138961254995716,138961255941142,945426
3569,138961255995642,138961256942345,946703
3570,138961256995586,138961257941049,945463
3571,138961257995511,138961258941289,945778
3572,138961258995456,138961259940918,945462
3573,138961259995400,138961260942325,946925
3574,138961260995344,138961261940843,945499
3575,138961261995232,138961262940676,945444
3576,138961262995176,138961263940565,945389
3577,138961263995102,138961264941861,946759
3578,138961264995046,138961265940175,945129
3579,138961265995009,138961266940490,945481
3580,138961266994934,138961267940379,945445
3581,138961267994860,138961268941804,946944
3582,138961268994823,138961269940156,945333
3583,138961269994730,138961270940322,945592
3584,138961270994655,138961271940229,945574
3585,138961271994562,138961272940043,945481
3586,138961272994525,138961273940025,945500
3587,138961273994451,138961274939969,945518
3588,138961274994376,138961275939302,944926
3589,138961275994320,138961276939987,945667
3590,138961276994246,138961277939746,945500
3591,138961277994171,138961278939541,945370
3592,138961278994134,138961279939541,945407
3593,138961279994060,138961280939578,945518
3594,138961280994004,138961281939540,945536
3595,138961281993929,138961282939522,945593
3596,138961282993855,138961283939243,945388
3597,138961283993799,138961284939169,945370
3598,138961284993743,138961285939391,945648
3599,138961285993669,138961286939280,945611
3600,138961286993594,138961287938872,945278
3601,138961287993520,138961288939964,946444
3602,138961288993483,138961289938816,945333
3603,138961289993408,138961290938723,945315
3604,138961290993334,138961291938796,945462
3605,138961291993278,138961292938815,945537
3606,138961292993222,138961293939092,945870
3607,138961293993148,138961294938647,945499
3608,138961294993073,138961295938351,945278
3609,138961295993017,138961296938406,945389
3610,138961296992980,138961297938350,945370
3611,138961297992887,138961298938498,945611
3612,138961298992812,138961299938294,945482
3613,138961299992757,138961300938886,946129
3614,138961300992719,138961301938163,945444
3615,138961301992608,138961302937848,945240
3616,138961302992533,138961303937737,945204
3617,138961303992496,138961304938070,945574
3618,138961304992440,138961305937977,945537
3619,138961305992366,138961306937699,945333
3620,138961306992291,138961307937847,945556
3621,138961307992235,138961308938365,946130
3622,138961308992180,138961309937735,945555
3623,138961309992087,138961310937364,945277
3624,138961310992031,138961311937586,945555
3625,138961311991956,138961312935845,943889
3626,138961312991826,138961313937474,945648
3627,138961313991807,138961314937085,945278
3628,138961314991752,138961315936844,945092
3629,138961315991677,138961316937547,945870
3630,138961316991640,138961317936991,945351
3631,138961317991547,138961318937176,945629
3632,138961318991509,138961319936954,945445
3633,138961319991435,138961320937009,945574
3634,138961320991379,138961321936971,945592
3635,138961321991286,138961322936786,945500
3636,138961322991230,138961323936563,945333
3637,138961323991156,138961324936859,945703
3638,138961324991100,138961325936674,945574
3639,138961325991044,138961326936451,945407
3640,138961326990970,138961327936395,945425
3641,138961327990877,138961328937025,946148
3642,138961328990858,138961329936228,945370
3643,138961329990784,138961330936098,945314
3644,138961330990709,138961331936413,945704
3645,138961331990653,138961332936468,945815
3646,138961332990597,138961333936153,945556
3647,138961333990523,138961334935949,945426
3648,138961334990430,138961335935893,945463
3649,138961335990374,138961336935874,945500
3650,138961336990318,138961337935633,945315
3651,138961337990244,138961338935262,945018
3652,138961338990188,138961339935743,945555
3653,138961339990095,138961340935891,945796
3654,138961340990039,138961341935372,945333
3655,138961341989965,138961342935242,945277
3656,138961342989927,138961343935483,945556
3657,138961343989853,138961344935593,945740
3658,138961344989797,138961345935463,945666
3659,138961345989723,138961346935056,945333
3660,138961346989667,138961347935074,945407
3661,138961347989592,138961348936018,946426
3662,138961348989555,138961349934777,945222
3663,138961349989443,138961350934906,945463
3664,138961350989388,138961351934591,945203
3665,138961351989313,138961352935109,945796
3666,138961352989276,138961353934775,945499
3667,138961353989183,138961354934608,945425
3668,138961354989108,138961355934460,945352
3669,138961355988997,138961356934497,945500
3670,138961356989015,138961357934515,945500
3671,138961357988941,138961358934274,945333
3672,138961358988866,138961359934385,945519
3673,138961359988792,138961360934218,945426
3674,138961360988755,138961361934199,945444
3675,138961361988662,138961362934198,945536
3676,138961362988606,138961363934013,945407
3677,138961363988531,138961364934179,945648
3678,138961364988475,138961365934049,945574
3679,138961365988420,138961366933938,945518
3680,138961366988308,138961367933697,945389
3681,138961367988271,138961368934363,946092
3682,138961368988233,138961369933696,945463
3683,138961369988140,138961370933659,945519
3684,138961370988085,138961371933529,945444
3685,138961371988029,138961372933880,945851
3686,138961372987973,138961373933306,945333
3687,138961373987880,138961374933398,945518
3688,138961374987805,138961375933268,945463
3689,138961375987768,138961376933546,945778
3690,138961376987694,138961377933619,945925
3691,138961377987601,138961378933026,945425
3692,138961378987545,138961379933119,945574
3693,138961379987470,138961380933359,945889
3694,138961380987433,138961381932673,945240
3695,138961381987396,138961382932692,945296
3696,138961382987284,138961383932821,945537
3697,138961383987228,138961384933061,945833
3698,138961384987172,138961385932283,945111
3699,138961385987098,138961386932653,945555
3700,138961386987024,138961387932431,945407
3701,138961387986949,138961388932912,945963
3702,138961388986912,138961389932819,945907
3703,138961389986837,138961390932133,945296
3704,138961390986763,138961391932133,945370
3705,138961391986689,138961392932207,945518
3706,138961392986633,138961393932188,945555
3707,138961393986558,138961394931651,945093
3708,138961394986502,138961395931872,945370
3709,138961395986428,138961396931983,945555
3710,138961396986335,138961397931613,945278
3711,138961397986298,138961398931649,945351
3712,138961398986242,138961399931871,945629
3713,138961399986167,138961400931982,945815
3714,138961400986093,138961401931741,945648
3715,138961401986037,138961402931629,945592
3716,138961402985963,138961403931592,945629
3717,138961403985888,138961404931758,945870
3718,138961404985851,138961405931369,945518
3719,138961405985758,138961406931276,945518
3720,138961406985739,138961407930998,945259
3721,138961407985646,138961408932183,946537
3722,138961408985627,138961409931016,945389
3723,138961409985497,138961410931164,945667
3724,138961410985460,138961411931200,945740
3725,138961411985367,138961412931293,945926
3726,138961412985311,138961413930792,945481
3727,138961413985237,138961414930774,945537
3728,138961414985181,138961415930718,945537
3729,138961415985106,138961416930939,945833
3730,138961416985051,138961417930680,945629
3731,138961417984976,138961418930476,945500
3732,138961418984939,138961419930624,945685
3733,138961419984846,138961420930586,945740
3734,138961420984809,138961421930197,945388
3735,138961421984716,138961422930160,945444
3736,138961422984660,138961423930215,945555
3737,138961423984604,138961424930492,945888
3738,138961424984548,138961425929936,945388
3739,138961425984473,138961426929918,945445
3740,138961426984399,138961427929751,945352
3741,138961427984325,138961428930324,945999
3742,138961428984287,138961429929824,945537
3743,138961429984194,138961430929787,945593
3744,138961430984120,138961431929601,945481
3745,138961431984046,138961432929730,945684
3746,138961432983990,138961433929545,945555
3747,138961433983952,138961434929508,945556
3748,138961434983878,138961435929359,945481
3749,138961435983822,138961436929562,945740
3750,138961436983766,138961437929192,945426
3751,138961437983673,138961438929340,945667
3752,138961438983617,138961439929080,945463
3753,138961439983543,138961440929154,945611
3754,138961440983487,138961441928950,945463
3755,138961441983413,138961442928949,945536
3756,138961442983338,138961443928986,945648
3757,138961443983264,138961444929412,946148
3758,138961444983226,138961445928596,945370
3759,138961445983152,138961446928559,945407
3760,138961446983096,138961447928503,945407
3761,138961447983040,138961448929169,946129
3762,138961448982984,138961449928521,945537
3763,138961449982891,138961450928373,945482
3764,138961450982798,138961451928261,945463
3765,138961451982743,138961452928520,945777
3766,138961452982724,138961453928390,945666
3767,138961453982612,138961454928019,945407
3768,138961454982538,138961455928204,945666
3769,138961455982482,138961456928204,945722
3770,138961456982445,138961457927833,945388
3771,138961457982352,138961458927629,945277
3772,138961458982333,138961459927703,945370
3773,138961459982240,138961460928017,945777
3774,138961460982184,138961461927795,945611
3775,138961461982110,138961462927609,945499
3776,138961462982035,138961463927424,945389
3777,138961463981961,138961464927812,945851
3778,138961464981923,138961465927756,945833
3779,138961465981830,138961466927404,945574
3780,138961466981775,138961467927200,945425
3781,138961467981700,138961468928126,946426
3782,138961468981644,138961469926977,945333
3783,138961469981551,138961470927162,945611
3784,138961470981514,138961471926995,945481
3785,138961471981440,138961472927050,945610
3786,138961472981402,138961473926865,945463
3787,138961473981309,138961474926790,945481
3788,138961474981235,138961475927105,945870
3789,138961475981197,138961476926901,945704
3790,138961476981123,138961477926382,945259
3791,138961477981030,138961478926548,945518
3792,138961478980993,138961479926270,945277
3793,138961479980900,138961480926585,945685
3794,138961480980881,138961481926844,945963
3795,138961481980788,138961482926288,945500
3796,138961482980714,138961483926121,945407
3797,138961483980639,138961484926268,945629
3798,138961484980620,138961485926342,945722
3799,138961485980527,138961486925934,945407
3800,138961486980471,138961487925767,945296
3801,138961487980379,138961488926619,946240
3802,138961488980341,138961489926063,945722
3803,138961489980267,138961490925544,945277
3804,138961490980192,138961491925488,945296
3805,138961491980118,138961492925951,945833
3806,138961492980062,138961493925432,945370
3807,138961493979969,138961494925358,945389
3808,138961494979932,138961495925320,945388
3809,138961495979839,138961496926042,946203
3810,138961496979801,138961497924986,945185
3811,138961497979746,138961498925264,945518
3812,138961498979671,138961499925523,945852
3813,138961499979615,138961500925596,945981
3814,138961500979541,138961501925152,945611
3815,138961501979466,138961502924929,945463
3816,138961502979411,138961503924929,945518
3817,138961503979336,138961504925095,945759
3818,138961504979299,138961505924335,945036
3819,138961505979206,138961506924780,945574
3820,138961506979168,138961507925205,946037
3821,138961507979076,138961508924760,945684
3822,138961508979001,138961509924538,945537
3823,138961509978927,138961510924130,945203
3824,138961510978889,138961511924315,945426
3825,138961511978796,138961512924389,945593
3826,138961512978759,138961513923981,945222
3827,138961513978666,138961514924147,945481
3828,138961514978610,138961515923851,945241
3829,138961515978536,138961516924665,946129
3830,138961516978517,138961517923906,945389
3831,138961517978424,138961518923646,945222
3832,138961518978350,138961519924294,945944
3833,138961519978257,138961520924034,945777
3834,138961520978219,138961521923386,945167
3835,138961521978126,138961522923941,945815
3836,138961522978089,138961523923607,945518
3837,138961523978033,138961524923903,945870
3838,138961524977977,138961525923440,945463
3839,138961525977884,138961526923440,945556
3840,138961526977828,138961527923458,945630
3841,138961527977754,138961528923772,946018
3842,138961528977717,138961529923087,945370
3843,138961529977624,138961530923012,945388
3844,138961530977568,138961531922919,945351
3845,138961531977493,138961532923363,945870
3846,138961532977438,138961533922845,945407
3847,138961533977363,138961534923289,945926
3848,138961534977270,138961535922788,945518
3849,138961535977233,138961536922862,945629
3850,138961536977195,138961537922658,945463
3851,138961537977102,138961538922491,945389
3852,138961538977047,138961539922435,945388
3853,138961539976972,138961540922583,945611
3854,138961540976916,138961541922231,945315
3855,138961541976842,138961542922638,945796
3856,138961542976767,138961543922341,945574
3857,138961543976693,138961544922452,945759
3858,138961544976637,138961545922248,945611
3859,138961545976563,138961546922285,945722
3860,138961546976488,138961547922210,945722
3861,138961547976432,138961548921895,945463
3862,138961548976395,138961549922802,946407
3863,138961549976321,138961550921950,945629
3864,138961550976228,138961551921653,945425
3865,138961551976190,138961552921764,945574
3866,138961552976134,138961553921930,945796
3867,138961553976042,138961554921671,945629
3868,138961554975967,138961555921374,945407
3869,138961555975911,138961556921559,945648
3870,138961556975874,138961557921355,945481
3871,138961557975799,138961558921244,945445
3872,138961558975688,138961559921391,945703
3873,138961559975669,138961560921447,945778
3874,138961560975595,138961561921020,945425
3875,138961561975502,138961562921224,945722
3876,138961562975464,138961563920760,945296
3877,138961563975390,138961564921130,945740
3878,138961564975334,138961565920667,945333
3879,138961565975260,138961566920778,945518
3880,138961566975185,138961567920907,945722
3881,138961567975129,138961568920814,945685
3882,138961568975092,138961569921055,945963
3883,138961569974999,138961570920591,945592
3884,138961570974943,138961571920239,945296
3885,138961571974869,138961572920146,945277
3886,138961572974813,138961573920127,945314
3887,138961573974720,138961574920368,945648
3888,138961574974683,138961575920293,945610
3889,138961575974627,138961576920126,945499
3890,138961576974552,138961577919904,945352
3891,138961577974478,138961578919959,945481
3892,138961578974422,138961579919829,945407
3893,138961579974329,138961580919792,945463
3894,138961580974292,138961581919810,945518
3895,138961581974199,138961582919791,945592
3896,138961582974124,138961583919680,945556
3897,138961583974087,138961584919679,945592
3898,138961584974031,138961585919327,945296
3899,138961585973938,138961586919438,945500
3900,138961586973882,138961587919123,945241
3901,138961587973789,138961588919585,945796
3902,138961588973771,138961589919974,946203
3903,138961589973715,138961590919177,945462
3904,138961590973622,138961591919325,945703
3905,138961591973547,138961592919306,945759
3906,138961592973491,138961593919028,945537
3907,138961593973417,138961594919065,945648
3908,138961594973343,138961595918879,945536
3909,138961595973287,138961596919286,945999
3910,138961596973249,138961597918916,945667
3911,138961597973156,138961598918545,945389
3912,138961598973082,138961599918748,945666
3913,138961599973026,138961600918526,945500
3914,138961600972970,138961601918711,945741
3915,138961601972896,138961602918599,945703
3916,138961602972840,138961603918358,945518
3917,138961603972765,138961604918395,945630
3918,138961604972710,138961605918320,945610
3919,138961605972635,138961606918079,945444
3920,138961606972561,138961607918005,945444
3921,138961607972505,138961608917819,945314
3922,138961608972449,138961609918486,946037
3923,138961609972375,138961610917819,945444
3924,138961610972300,138961611917707,945407
3925,138961611972226,138961612917948,945722
3926,138961612972170,138961613917725,945555
3927,138961613972114,138961614917484,945370
3928,138961614972040,138961615917539,945499
3929,138961615971965,138961616917446,945481
3930,138961616971928,138961617917298,945370
3931,138961617971853,138961618917464,945611
3932,138961618971779,138961619917612,945833
3933,138961619971742,138961620917482,945740
3934,138961620971649,138961621917167,945518
3935,138961621971574,138961622917222,945648
3936,138961622971518,138961623916907,945389
3937,138961623971425,138961624917203,945778
3938,138961624971407,138961625916980,945573
3939,138961625971314,138961626916776,945462
3940,138961626971258,138961627916683,945425
3941,138961627971202,138961628916553,945351
3942,138961628971146,138961629916997,945851
3943,138961629971053,138961630916719,945666
3944,138961630970997,138961631916367,945370
3945,138961631970923,138961632916589,945666
3946,138961632970867,138961633916237,945370
3947,138961633970774,138961634916588,945814
3948,138961634970700,138961635915977,945277
3949,138961635970644,138961636916254,945610
3950,138961636970588,138961637915828,945240
3951,138961637970513,138961638915920,945407
3952,138961638970439,138961639916198,945759
3953,138961639970402,138961640915994,945592
3954,138961640970346,138961641915975,945629
3955,138961641970271,138961642915678,945407
3956,138961642970197,138961643915585,945388
3957,138961643970141,138961644915492,945351
3958,138961644970085,138961645915418,945333
3959,138961645969992,138961646915566,945574
3960,138961646969918,138961647915103,945185
3961,138961647969880,138961648915565,945685
3962,138961648969806,138961649916028,946222
3963,138961649969750,138961650915620,945870
3964,138961650969657,138961651915360,945703
3965,138961651969601,138961652915156,945555
3966,138961652969545,138961653915304,945759
3967,138961653969471,138961654914915,945444
3968,138961654969396,138961655915081,945685
3969,138961655969341,138961656914803,945462
3970,138961656969303,138961657915044,945741
3971,138961657969210,138961658914636,945426
3972,138961658969136,138961659914839,945703
3973,138961659969099,138961660914617,945518
3974,138961660969024,138961661914542,945518
3975,138961661968950,138961662914616,945666
3976,138961662968875,138961663914338,945463
3977,138961663968819,138961664914171,945352
3978,138961664968763,138961665914263,945500
3979,138961665968689,138961666914374,945685
3980,138961666968615,138961667914151,945536
3981,138961667968559,138961668914170,945611
3982,138961668968503,138961669914799,946296
3983,138961669968428,138961670913799,945371
3984,138961670968354,138961671914076,945722
3985,138961671968280,138961672913816,945536
3986,138961672968224,138961673913390,945166
3987,138961673968149,138961674914297,946148
3988,138961674968093,138961675913501,945408
3989,138961675968019,138961676913797,945778
3990,138961676967982,138961677913537,945555
3991,138961677967889,138961678913555,945666
3992,138961678967833,138961679913425,945592
3993,138961679967777,138961680913480,945703
3994,138961680967703,138961681913128,945425
3995,138961681967628,138961682913109,945481
3996,138961682967554,138961683913053,945499
3997,138961683967498,138961684913127,945629
3998,138961684967460,138961685912979,945519
3999,138961685967386,138961686912923,945537
4000,138961686967312,138961687912904,945592
4001,138961687967237,138961688912867,945630
4002,138961688967181,138961689913422,946241
4003,138961689967107,138961690912347,945240
4004,138961690967033,138961691912884,945851
4005,138961691966995,138961692912606,945611
4006,138961692966939,138961693912328,945389
4007,138961693966846,138961694912568,945722
4008,138961694966790,138961695912383,945593
4009,138961695966716,138961696912493,945777
4010,138961696966660,138961697912215,945555
4011,138961697966586,138961698912122,945536
4012,138961698966493,138961699912030,945537
4013,138961699966437,138961700912548,946111
4014,138961700966400,138961701911955,945555
4015,138961701966325,138961702911658,945333
4016,138961702966251,138961703911843,945592
4017,138961703966195,138961704911528,945333
4018,138961704966139,138961705911472,945333
4019,138961705966065,138961706911268,945203
4020,138961706965990,138961707911193,945203
4021,138961707965934,138961708911267,945333
4022,138961708965878,138961709912304,946426
4023,138961709965804,138961710911267,945463
4024,138961710965730,138961711911248,945518
4025,138961711965655,138961712911729,946074
4026,138961712965636,138961713911025,945389
4027,138961713965543,138961714910876,945333
4028,138961714965469,138961715911024,945555
4029,138961715965376,138961716911061,945685
4030,138961716965339,138961717911005,945666
4031,138961717965264,138961718910597,945333
4032,138961718965190,138961719910764,945574
4033,138961719965152,138961720910800,945648
4034,138961720965078,138961721910596,945518
4035,138961721965004,138961722910448,945444
4036,138961722964948,138961723910429,945481
4037,138961723964855,138961724910484,945629
4038,138961724964817,138961725910021,945204
4039,138961725964743,138961726910391,945648
4040,138961726964687,138961727910131,945444
4041,138961727964613,138961728910427,945814
4042,138961728964557,138961729910390,945833
4043,138961729964464,138961730910038,945574
4044,138961730964408,138961731909871,945463
4045,138961731964352,138961732910222,945870
4046,138961732964315,138961733909888,945573
4047,138961733964203,138961734909555,945352
4048,138961734964147,138961735909314,945167
4049,138961735964091,138961736909665,945574
4050,138961736964036,138961737909350,945314
4051,138961737963943,138961738909387,945444
4052,138961738963887,138961739908998,945111
4053,138961739963812,138961740909794,945982
4054,138961740963756,138961741909108,945352
4055,138961741963664,138961742909163,945499
4056,138961742963608,138961743909126,945518
4057,138961743963570,138961744909218,945648
4058,138961744963514,138961745909181,945667
4059,138961745963440,138961746908940,945500
4060,138961746963366,138961747908976,945610
4061,138961747963310,138961748909143,945833
4062,138961748963254,138961749909290,946036
4063,138961749963161,138961750908679,945518
4064,138961750963086,138961751908531,945445
4065,138961751963012,138961752908567,945555
4066,138961752962975,138961753908456,945481
4067,138961753962882,138961754908363,945481
4068,138961754962826,138961755908288,945462
4069,138961755962770,138961756908603,945833
4070,138961756962733,138961757908269,945536
4071,138961757962640,138961758908102,945462
4072,138961758962584,138961759908083,945499
4073,138961759962509,138961760908009,945500
4074,138961760962453,138961761907638,945185
4075,138961761962379,138961762908119,945740
4076,138961762962286,138961763907527,945241
4077,138961763962249,138961764907989,945740
4078,138961764962193,138961765907952,945759
4079,138961765962100,138961766907581,945481
4080,138961766962044,138961767907359,945315
4081,138961767961970,138961768907432,945462
4082,138961768961914,138961769908376,946462
4083,138961769961858,138961770907432,945574
4084,138961770961783,138961771907024,945241
4085,138961771961728,138961772907357,945629
4086,138961772961672,138961773906875,945203
4087,138961773961579,138961774907152,945573
4088,138961774961523,138961775907022,945499
4089,138961775961467,138961776907337,945870
4090,138961776961411,138961777906818,945407
4091,138961777961337,138961778907077,945740
4092,138961778961225,138961779906706,945481
4093,138961779961188,138961780906984,945796
4094,138961780961132,138961781906650,945518
4095,138961781961039,138961782906539,945500
4096,138961782960983,138961783906520,945537
4097,138961783960946,138961784906853,945907
4098,138961784960871,138961785906371,945500
4099,138961785960797,138961786906185,945388
4100,138961786960722,138961787906204,945482
4101,138961787960648,138961788906500,945852
4102,138961788960611,138961789906259,945648
4103,138961789960536,138961790906129,945593
4104,138961790960443,138961791905925,945482
4105,138961791960406,138961792906239,945833
4106,138961792960350,138961793905646,945296
4107,138961793960257,138961794905646,945389
4108,138961794960183,138961795906090,945907
4109,138961795960127,138961796905682,945555
4110,138961796960089,138961797905589,945500
4111,138961797960015,138961798905330,945315
4112,138961798959941,138961799905533,945592
4113,138961799959885,138961800905718,945833
4114,138961800959810,138961801905532,945722
4115,138961801959754,138961802905365,945611
4116,138961802959680,138961803905124,945444
4117,138961803959587,138961804905439,945852
4118,138961804959550,138961805904975,945425
4119,138961805959457,138961806904956,945499
4120,138961806959401,138961807904864,945463
4121,138961807959327,138961808905252,945925
4122,138961808959308,138961809904863,945555
4123,138961809959233,138961810905011,945778
4124,138961810959251,138961811905121,945870
4125,138961811959084,138961812904788,945704
4126,138961812959047,138961813904362,945315
4127,138961813958954,138961814904324,945370
4128,138961814958898,138961815904713,945815
4129,138961815958824,138961816904416,945592
4130,138961816958786,138961817904323,945537
4131,138961817958694,138961818904286,945592
4132,138961818958638,138961819904211,945573
4133,138961819958545,138961820904007,945462
4134,138961820958489,138961821903914,945425
4135,138961821958433,138961822903914,945481
4136,138961822958359,138961823904006,945647
4137,138961823958303,138961824903969,945666
4138,138961824958265,138961825903506,945241
4139,138961825958191,138961826903857,945666
4140,138961826958098,138961827904135,946037
4141,138961827958042,138961828903727,945685
4142,138961828957986,138961829903523,945537
4143,138961829957893,138961830903467,945574
4144,138961830957819,138961831903318,945499
4145,138961831957763,138961832903263,945500
4146,138961832957707,138961833903373,945666
4147,138961833957633,138961834903169,945536
4148,138961834957577,138961835903206,945629
4149,138961835957521,138961836903409,945888
4150,138961836957483,138961837903039,945556
4151,138961837957390,138961838902964,945574
4152,138961838957335,138961839902853,945518
4153,138961839957242,138961840903556,946314
4154,138961840957204,138961841902945,945741
4155,138961841957111,138961842902815,945704
4156,138961842957037,138961843902388,945351
4157,138961843956981,138961844902592,945611
4158,138961844956925,138961845902295,945370
4159,138961845956851,138961846902276,945425
4160,138961846956776,138961847902332,945556
4161,138961847956739,138961848902405,945666
4162,138961848956683,138961849902127,945444
4163,138961849956609,138961850902219,945610
4164,138961850956553,138961851902127,945574
4165,138961851956460,138961852901941,945481
4166,138961852956404,138961853901718,945314
4167,138961853956330,138961854901663,945333
4168,138961854956237,138961855901810,945573
4169,138961855956199,138961856902236,946037
4170,138961856956125,138961857901699,945574
4171,138961857956050,138961858901643,945593
4172,138961858955995,138961859902105,946110
4173,138961859955920,138961860901735,945815
4174,138961860955883,138961861901216,945333
4175,138961861955808,138961862901419,945611
4176,138961862955734,138961863901215,945481
4177,138961863955678,138961864901456,945778
4178,138961864955622,138961865901103,945481
4179,138961865955548,138961866900825,945277
4180,138961866955473,138961867901362,945889
4181,138961867955417,138961868901547,946130
4182,138961868955325,138961869900935,945610
4183,138961869955269,138961870901213,945944
4184,138961870955213,138961871900509,945296
4185,138961871955120,138961872900805,945685
4186,138961872955101,138961873900675,945574
4187,138961873955008,138961874900915,945907
4188,138961874954952,138961875900544,945592
4189,138961875954878,138961876900489,945611
4190,138961876954822,138961877900488,945666
4191,138961877954747,138961878900525,945778
4192,138961878954673,138961879900136,945463
4193,138961879954617,138961880899932,945315
4194,138961880954580,138961881900005,945425
4195,138961881954487,138961882899598,945111
4196,138961882954412,138961883899819,945407
4197,138961883954338,138961884899819,945481
4198,138961884954282,138961885900023,945741
4199,138961885954208,138961886899818,945610
4200,138961886954170,138961887899800,945630
4201,138961887954077,138961888899892,945815
4202,138961888954040,138961889899503,945463
4203,138961889953966,138961890900262,946296
4204,138961890953910,138961891899483,945573
4205,138961891953835,138961892899576,945741
4206,138961892953779,138961893899168,945389
4207,138961893953705,138961894899112,945407
4208,138961894953631,138961895899130,945499
4209,138961895953556,138961896899223,945667
4210,138961896953519,138961897898870,945351
4211,138961897953426,138961898898889,945463
4212,138961898953351,138961899899296,945945
4213,138961899953314,138961900898906,945592
4214,138961900953295,138961901899036,945741
4215,138961901953184,138961902898665,945481
4216,138961902953109,138961903898535,945426
4217,138961903953016,138961904898572,945556
4218,138961904952979,138961905898794,945815
4219,138961905952905,138961906898460,945555
4220,138961906952830,138961907898126,945296
4221,138961907952774,138961908898681,945907
4222,138961908952718,138961909897959,945241
4223,138961909952626,138961910898773,946147
4224,138961910952570,138961911898088,945518
4225,138961911952495,138961912898199,945704
4226,138961912952458,138961913897661,945203
4227,138961913952383,138961914897661,945278
4228,138961914952328,138961915897957,945629
4229,138961915952272,138961916897882,945610
4230,138961916952216,138961917897623,945407
4231,138961917952104,138961918897734,945630
4232,138961918952048,138961919897252,945204
4233,138961919951993,138961920897714,945721
4234,138961920951937,138961921897473,945536
4235,138961921951844,138961922897195,945351
4236,138961922951788,138961923897084,945296
4237,138961923951713,138961924897324,945611
4238,138961924951658,138961925897213,945555
4239,138961925951620,138961926897212,945592
4240,138961926951564,138961927896916,945352
4241,138961927951453,138961928897101,945648
4242,138961928951415,138961929897026,945611
4243,138961929951323,138961930897637,946314
4244,138961930951267,138961931896970,945703
4245,138961931951211,138961932896710,945499
4246,138961932951155,138961933896599,945444
4247,138961933951043,138961934896747,945704
4248,138961934951006,138961935896839,945833
4249,138961935950932,138961936896542,945610
4250,138961936950876,138961937896264,945388
4251,138961937950801,138961938896357,945556
4252,138961938950745,138961939896208,945463
4253,138961939950671,138961940896189,945518
4254,138961940950615,138961941896189,945574
4255,138961941950541,138961942896189,945648
4256,138961942950466,138961943895762,945296
4257,138961943950410,138961944895984,945574
4258,138961944950355,138961945895743,945388
4259,138961945950280,138961946895595,945315
4260,138961946950206,138961947895816,945610
4261,138961947950131,138961948895761,945630
4262,138961948950094,138961949895723,945629
4263,138961949950019,138961950896204,946185
4264,138961950949945,138961951895408,945463
4265,138961951949889,138961952898667,948778
4266,138961952949852,138961953895259,945407
4267,138961953949759,138961954895870,946111
4268,138961954949703,138961955895221,945518
4269,138961955949610,138961956895202,945592
4270,138961956949573,138961957895183,945610
4271,138961957949480,138961958895165,945685
4272,138961958949424,138961959894905,945481
4273,138961959949349,138961960895238,945889
4274,138961960949312,138961961894997,945685
4275,138961961949219,138961962894589,945370
4276,138961962949145,138961963894700,945555
4277,138961963949070,138961964894959,945889
4278,138961964949070,138961965894755,945685
4279,138961965948977,138961966894440,945463
4280,138961966948903,138961967894143,945240
4281,138961967948847,138961968894439,945592
4282,138961968948772,138961969894272,945500
4283,138961969948698,138961970894753,946055
4284,138961970948642,138961971894234,945592
4285,138961971948568,138961972894141,945573
4286,138961972948512,138961973894141,945629
4287,138961973948419,138961974894048,945629
4288,138961974948363,138961975893881,945518
4289,138961975948289,138961976894010,945721
4290,138961976948233,138961977893788,945555
4291,138961977948177,138961978896825,948648
4292,138961978948139,138961979893584,945445
4293,138961979948046,138961980895879,947833
4294,138961980948028,138961981893601,945573
4295,138961981947898,138961982893675,945777
4296,138961982947842,138961983893323,945481
4297,138961983947804,138961984893286,945482
4298,138961984947711,138961985893433,945722
4299,138961985947674,138961986893100,945426
4300,138961986947563,138961987893118,945555
4301,138961987947488,138961988893062,945574
4302,138961988947469,138961989893025,945556
4303,138961989947358,138961990892802,945444
4304,138961990947302,138961991892894,945592
4305,138961991947246,138961992892783,945537
4306,138961992947209,138961993892931,945722
4307,138961993947116,138961994892745,945629
4308,138961994947060,138961995892689,945629
4309,138961995947004,138961996892930,945926
4310,138961996946948,138961997892466,945518
4311,138961997946855,138961998892207,945352
4312,138961998946781,138961999892466,945685
4313,138961999946706,138962000893336,946630
4314,138962000946688,138962001892039,945351
4315,138962001946595,138962002892113,945518
4316,138962002946520,138962003892187,945667
4317,138962003946483,138962004892316,945833
4318,138962004946427,138962005891927,945500
4319,138962005946334,138962006891815,945481
4320,138962006946260,138962007891796,945536
4321,138962007946204,138962008892203,945999
4322,138962008946148,138962009891518,945370
4323,138962009946092,138962010891666,945574
4324,138962010946018,138962011891628,945610
4325,138962011945925,138962012892758,946833
4326,138962012945906,138962013891572,945666
4327,138962013945794,138962014891442,945648
4328,138962014945720,138962015891034,945314
4329,138962015945664,138962016891293,945629
4330,138962016945664,138962017890904,945240
4331,138962017945552,138962018890978,945426
4332,138962018945496,138962019891014,945518
4333,138962019945422,138962020891922,946500
4334,138962020945385,138962021890995,945610
4335,138962021945273,138962022890865,945592
4336,138962022945199,138962023890717,945518
4337,138962023945161,138962024890902,945741
4338,138962024945105,138962025890642,945537
4339,138962025945012,138962026890401,945389
4340,138962026944938,138962027890660,945722
4341,138962027944882,138962028890567,945685
4342,138962028944826,138962029890604,945778
4343,138962029944733,138962030890177,945444
4344,138962030944696,138962031890048,945352
4345,138962031944622,138962032890010,945388
4346,138962032944566,138962033890010,945444
4347,138962033944491,138962034890232,945741
4348,138962034944417,138962035890083,945666
4349,138962035944361,138962036890212,945851
4350,138962036944287,138962037889860,945573
4351,138962037944212,138962038889693,945481
4352,138962038944156,138962039889841,945685
4353,138962039944100,138962040890248,946148
4354,138962040944063,138962041889489,945426
4355,138962041943952,138962042889099,945147
4356,138962042943896,138962043889469,945573
4357,138962043943858,138962044889617,945759
4358,138962044943784,138962045889228,945444
4359,138962045943691,138962046889283,945592
4360,138962046943617,138962047888931,945314
4361,138962047943561,138962048889060,945499
4362,138962048943505,138962049889319,945814
4363,138962049943430,138962050888800,945370
4364,138962050943393,138962051888782,945389
4365,138962051943281,138962052889226,945945
4366,138962052943244,138962053888651,945407
4367,138962053943170,138962054888725,945555
4368,138962054943114,138962055888262,945148
4369,138962055943039,138962056888613,945574
4370,138962056943002,138962057888372,945370
4371,138962057942909,138962058888705,945796
4372,138962058942853,138962059888279,945426
4373,138962059942797,138962060888741,945944
4374,138962060942723,138962061888167,945444
4375,138962061942649,138962062888259,945610
4376,138962062942574,138962063888111,945537
4377,138962063942518,138962064888055,945537
4378,138962064942444,138962065887499,945055
4379,138962065942388,138962066887962,945574
4380,138962066942313,138962067887665,945352
4381,138962067942239,138962068887868,945629
4382,138962068942183,138962069887887,945704
4383,138962069942127,138962070887294,945167
4384,138962070942071,138962071887367,945296
4385,138962071941997,138962072887663,945666
4386,138962072941941,138962073887348,945407
4387,138962073941848,138962074887311,945463
4388,138962074941792,138962075887236,945444
4389,138962075941718,138962076887755,946037
4390,138962076941680,138962077887254,945574
4391,138962077941588,138962078887606,946018
4392,138962078941513,138962079886957,945444
4393,138962079941457,138962080887605,946148
4394,138962080941401,138962081886827,945426
4395,138962081941327,138962082886530,945203
4396,138962082941290,138962083887141,945851
4397,138962083941215,138962084887548,946333
4398,138962084941159,138962085886252,945093
4399,138962085941066,138962086887085,946019
4400,138962086941010,138962087886381,945371
4401,138962087940955,138962088887936,946981
4402,138962088940899,138962089886472,945573
4403,138962089940787,138962090886842,946055
4404,138962090940731,138962091886250,945519
4405,138962091940675,138962092887601,946926
4406,138962092940620,138962093886175,945555
4407,138962093940527,138962094885878,945351
4408,138962094940489,138962095885804,945315
4409,138962095940415,138962096887044,946629
4410,138962096940359,138962097885840,945481
4411,138962097940285,138962098885932,945647
4412,138962098940210,138962099885728,945518
4413,138962099940136,138962100887524,947388
4414,138962100940098,138962101885857,945759
4415,138962101940024,138962102885394,945370
4416,138962102939950,138962103885764,945814
4417,138962103939875,138962104886690,946815
4418,138962104939838,138962105885393,945555
4419,138962105939745,138962106885041,945296
4420,138962106939670,138962107885355,945685
4421,138962107939615,138962108886336,946721
4422,138962108939577,138962109885077,945500
4423,138962109939503,138962110884928,945425
4424,138962110939428,138962111885095,945667
4425,138962111939354,138962112888483,949129
4426,138962112939354,138962113884909,945555
4427,138962113939242,138962114884890,945648
4428,138962114939168,138962115884704,945536
4429,138962115939093,138962116886204,947111
4430,138962116939037,138962117884537,945500
4431,138962117938963,138962118884444,945481
4432,138962118938889,138962119884796,945907
4433,138962119938833,138962120886981,948148
4434,138962120938795,138962121884517,945722
4435,138962121938721,138962122884239,945518
4436,138962122938647,138962123884183,945536
4437,138962123938554,138962124885442,946888
4438,138962124938498,138962125883701,945203
4439,138962125938442,138962126883645,945203
4440,138962126938386,138962127884386,946000
4441,138962127938311,138962128885459,947148
4442,138962128938274,138962129883515,945241
4443,138962129938181,138962130884181,946000
4444,138962130938107,138962131883532,945425
4445,138962131938032,138962132885032,947000
4446,138962132937976,138962133883328,945352
4447,138962133937902,138962134883272,945370
4448,138962134937865,138962135883253,945388
4449,138962135937790,138962136884253,946463
4450,138962136937734,138962137883456,945722
4451,138962137937660,138962138883123,945463
4452,138962138937586,138962139883067,945481
4453,138962139937530,138962140884844,947314
4454,138962140937474,138962141882844,945370
4455,138962141937381,138962142882806,945425
4456,138962142937306,138962143882639,945333
4457,138962143937251,138962144884047,946796
4458,138962144937195,138962145882565,945370
4459,138962145937120,138962146882250,945130
4460,138962146937064,138962147882360,945296
4461,138962147936990,138962148884008,947018
4462,138962148936953,138962149882230,945277
4463,138962149936860,138962150883026,946166
4464,138962150936785,138962151882155,945370
4465,138962151936729,138962152883359,946630
4466,138962152936692,138962153882377,945685
4467,138962153936599,138962154881858,945259
4468,138962154936525,138962155881895,945370
4469,138962155936469,138962156883043,946574
4470,138962156936413,138962157881672,945259
4471,138962157936338,138962158881783,945445
4472,138962158936264,138962159881819,945555
4473,138962159936208,138962160882763,946555
4474,138962160936134,138962161881430,945296
4475,138962161936078,138962162881355,945277
4476,138962162936003,138962163881448,945445
4477,138962163935966,138962164883040,947074
4478,138962164935892,138962165881336,945444
4479,138962165935799,138962166881428,945629
4480,138962166935743,138962167881131,945388
4481,138962167935668,138962168882353,946685
4482,138962168935613,138962169881094,945481
4483,138962169935557,138962170881130,945573
4484,138962170935482,138962171881315,945833
4485,138962171935408,138962172882111,946703
4486,138962172935370,138962173880574,945204
4487,138962173935278,138962174880611,945333
4488,138962174935222,138962175880962,945740
4489,138962175935147,138962176882017,946870
4490,138962176935128,138962177880554,945426
4491,138962177935035,138962178880387,945352
4492,138962178934942,138962179880516,945574
4493,138962179934887,138962180882071,947184
4494,138962180934831,138962181880367,945536
4495,138962181934756,138962182880349,945593
4496,138962182934700,138962183880237,945537
4497,138962183934626,138962184881107,946481
4498,138962184934570,138962185879699,945129
4499,138962185934496,138962186880125,945629
4500,138962186934403,138962187880273,945870
4501,138962187934365,138962188881328,946963
4502,138962188934309,138962189879754,945445
4503,138962189934235,138962190879550,945315
4504,138962190934161,138962191880401,946240
4505,138962191934105,138962192881216,947111
4506,138962192934030,138962193879289,945259
4507,138962193933956,138962194879474,945518
4508,138962194933900,138962195879344,945444
4509,138962195933826,138962196880751,946925
4510,138962196933770,138962197879621,945851
4511,138962197933695,138962198879251,945556
4512,138962198933621,138962199879324,945703
4513,138962199933565,138962200879343,945778
4514,138962200933528,138962201879083,945555
4515,138962201933453,138962202878990,945537
4516,138962202933379,138962203878934,945555
4517,138962203933304,138962204879156,945852
4518,138962204933267,138962205878452,945185
4519,138962205933174,138962206878489,945315
4520,138962206933118,138962207878488,945370
4521,138962207933044,138962208878414,945370
4522,138962208932988,138962209878247,945259
4523,138962209932932,138962210878413,945481
4524,138962210932821,138962211878931,946110
4525,138962211932783,138962212878783,946000
4526,138962212932709,138962213878171,945462
4527,138962213932671,138962214877967,945296
4528,138962214932597,138962215877875,945278
4529,138962215932523,138962216878263,945740
4530,138962216932467,138962217878059,945592
4531,138962217932392,138962218877429,945037
4532,138962218932336,138962219877929,945593
4533,138962219932281,138962220877817,945536
4534,138962220932206,138962221877817,945611
4535,138962221932113,138962222877983,945870
4536,138962222932057,138962223877631,945574
4537,138962223931983,138962224877853,945870
4538,138962224931927,138962225877556,945629
4539,138962225931853,138962226877241,945388
4540,138962226931797,138962227877667,945870
4541,138962227931741,138962228877278,945537
4542,138962228931685,138962229877277,945592
4543,138962229931611,138962230877295,945684
4544,138962230931518,138962231877536,946018
4545,138962231931480,138962232877332,945852
4546,138962232931424,138962233876665,945241
4547,138962233931313,138962234877090,945777
4548,138962234931257,138962235876812,945555
4549,138962235931220,138962236876979,945759
4550,138962236931145,138962237876682,945537
4551,138962237931071,138962238876533,945462
4552,138962238931015,138962239876385,945370
4553,138962239930959,138962240876681,945722
4554,138962240930885,138962241876551,945666
4555,138962241930810,138962242876125,945315
4556,138962242930736,138962243876458,945722
4557,138962243930661,138962244876365,945704
4558,138962244930643,138962245876050,945407
4559,138962245930568,138962246876031,945463
4560,138962246930475,138962247875938,945463
4561,138962247930419,138962248875882,945463
4562,138962248930363,138962249875696,945333
4563,138962249930308,138962250875548,945240
4564,138962250930252,138962251876325,946073
4565,138962251930159,138962252875899,945740
4566,138962252930121,138962253875399,945278
4567,138962253930047,138962254875973,945926
4568,138962254929972,138962255875657,945685
4569,138962255929917,138962256875601,945684
4570,138962256929842,138962257875360,945518
4571,138962257929768,138962258875230,945462
4572,138962258929693,138962259875304,945611
4573,138962259929619,138962260875341,945722
4574,138962260929582,138962261875137,945555
4575,138962261929507,138962262875025,945518
4576,138962262929433,138962263874914,945481
4577,138962263929358,138962264875043,945685
4578,138962264929302,138962265874839,945537
4579,138962265929247,138962266874931,945684
4580,138962266929172,138962267874561,945389
4581,138962267929116,138962268874690,945574
4582,138962268929042,138962269874616,945574
4583,138962269928986,138962270874523,945537
4584,138962270928912,138962271874763,945851
4585,138962271928856,138962272874522,945666
4586,138962272928781,138962273874207,945426
4587,138962273928707,138962274874373,945666
4588,138962274928632,138962275873854,945222
4589,138962275928577,138962276874113,945536
4590,138962276928521,138962277874020,945499
4591,138962277928428,138962278873946,945518
4592,138962278928372,138962279873872,945500
4593,138962279928316,138962280873890,945574
4594,138962280928279,138962281873482,945203
4595,138962281928186,138962282873463,945277
4596,138962282928130,138962283873537,945407
4597,138962283928055,138962284873536,945481
4598,138962284927981,138962285873332,945351
4599,138962285927925,138962286873499,945574
4600,138962286927851,138962287873276,945425
4601,138962287927776,138962288873331,945555
4602,138962288927720,138962289873109,945389
4603,138962289927664,138962290873257,945593
4604,138962290927609,138962291873664,946055
4605,138962291927553,138962292872738,945185
4606,138962292927497,138962293873200,945703
4607,138962293927404,138962294872903,945499
4608,138962294927329,138962295872792,945463
4609,138962295927274,138962296872773,945499
4610,138962296927218,138962297872514,945296
4611,138962297927125,138962298872495,945370
4612,138962298927069,138962299872291,945222
4613,138962299926994,138962300872531,945537
4614,138962300926957,138962301872346,945389
4615,138962301926864,138962302872586,945722
4616,138962302926790,138962303872049,945259
4617,138962303926715,138962304872196,945481
4618,138962304926678,138962305872122,945444
4619,138962305926603,138962306872085,945482
4620,138962306926548,138962307872066,945518
4621,138962307926473,138962308872195,945722
4622,138962308926417,138962309872084,945667
4623,138962309926324,138962310871546,945222
4624,138962310926287,138962311871990,945703
4625,138962311926213,138962312871509,945296
4626,138962312926157,138962313871564,945407
4627,138962313926064,138962314871508,945444
4628,138962314926026,138962315871637,945611
4629,138962315925933,138962316871359,945426
4630,138962316925878,138962317871192,945314
4631,138962317925803,138962318871340,945537
4632,138962318925747,138962319870988,945241
4633,138962319925710,138962320871339,945629
4634,138962320925635,138962321871043,945408
4635,138962321925543,138962322871135,945592
4636,138962322925487,138962323871209,945722
4637,138962323925412,138962324871023,945611
4638,138962324925356,138962325871171,945815
4639,138962325925300,138962326870948,945648
4640,138962326925226,138962327870615,945389
4641,138962327925170,138962328870707,945537
4642,138962328925096,138962329870762,945666
4643,138962329925003,138962330870428,945425
4644,138962330924947,138962331870873,945926
4645,138962331924928,138962332870594,945666
4646,138962332924835,138962333870113,945278
4647,138962333924742,138962334870131,945389
4648,138962334924705,138962335870464,945759
4649,138962335924630,138962336868463,943833
4650,138962336924593,138962337870167,945574
4651,138962337924519,138962338869981,945462
4652,138962338924426,138962339869888,945462
4653,138962339924351,138962340869870,945519
4654,138962340924314,138962341869758,945444
4655,138962341924240,138962342869536,945296
4656,138962342924165,138962343869906,945741
4657,138962343924109,138962344869757,945648
4658,138962344924090,138962345869609,945519
4659,138962345923997,138962346869849,945852
4660,138962346923923,138962347869238,945315
4661,138962347923830,138962348869256,945426
4662,138962348923774,138962349869348,945574
4663,138962349923718,138962350869181,945463
4664,138962350923662,138962351869847,946185
4665,138962351923570,138962352868995,945425
4666,138962352923514,138962353868976,945462
4667,138962353923421,138962354868920,945499
4668,138962354923383,138962355868883,945500
4669,138962355923309,138962356868790,945481
4670,138962356923253,138962357868586,945333
4671,138962357923197,138962358868660,945463
4672,138962358923141,138962359868715,945574
4673,138962359923048,138962360868511,945463
4674,138962360922992,138962361868548,945556
4675,138962361922937,138962362868381,945444
4676,138962362922844,138962363868417,945573
4677,138962363922788,138962364868343,945555
4678,138962364922732,138962365868287,945555
4679,138962365922657,138962366868120,945463
4680,138962366922583,138962367868101,945518
4681,138962367922527,138962368868193,945666
4682,138962368922453,138962369867582,945129
4683,138962369922397,138962370868193,945796
4684,138962370922285,138962371867989,945704
4685,138962371922285,138962372867840,945555
4686,138962372922192,138962373867673,945481
4687,138962373922155,138962374867599,945444
4688,138962374922043,138962375867524,945481
4689,138962375922006,138962376867543,945537
4690,138962376921950,138962377867357,945407
4691,138962377921876,138962378867209,945333
4692,138962378921801,138962379867097,945296
4693,138962379921745,138962380867282,945537
4694,138962380921689,138962381867152,945463
4695,138962381921596,138962382866818,945222
4696,138962382921541,138962383866892,945351
4697,138962383921485,138962384866836,945351
4698,138962384921410,138962385866947,945537
4699,138962385921354,138962386866984,945630
4700,138962386921261,138962387866817,945556
4701,138962387921224,138962388866890,945666
4702,138962388921168,138962389866742,945574
4703,138962389921075,138962390866612,945537
4704,138962390921001,138962391867038,946037
4705,138962391920945,138962392866759,945814
4706,138962392920889,138962393865926,945037
4707,138962393920815,138962394866277,945462
4708,138962394920759,138962395866351,945592
4709,138962395920684,138962396866147,945463
4710,138962396920628,138962397866073,945445
4711,138962397920573,138962398866035,945462
4712,138962398920498,138962399865683,945185
4713,138962399920405,138962400866016,945611
4714,138962400920349,138962401865942,945593
4715,138962401920293,138962402865886,945593
4716,138962402920219,138962403866756,946537
4717,138962403920182,138962404865589,945407
4718,138962404920089,138962405865570,945481
4719,138962405920033,138962406865495,945462
4720,138962406919940,138962407865125,945185
4721,138962407919903,138962408865328,945425
4722,138962408919847,138962409865569,945722
4723,138962409919772,138962410865272,945500
4724,138962410919716,138962411865846,946130
4725,138962411919642,138962412865271,945629
4726,138962412919586,138962413864938,945352
4727,138962413919512,138962414864826,945314
4728,138962414919437,138962415864659,945222
4729,138962415919363,138962416864937,945574
4730,138962416919307,138962417864677,945370
4731,138962417919232,138962418864343,945111
4732,138962418919158,138962419864491,945333
4733,138962419919084,138962420864713,945629
4734,138962420919046,138962421864472,945426
4735,138962421918990,138962422864379,945389
4736,138962422918916,138962423864360,945444
4737,138962423918842,138962424864378,945536
4738,138962424918804,138962425864304,945500
4739,138962425918730,138962426864229,945499
4740,138962426918655,138962427864118,945463
4741,138962427918581,138962428864007,945426
4742,138962428918525,138962429864006,945481
4743,138962429918451,138962430863858,945407
4744,138962430918395,138962431864265,945870
4745,138962431918320,138962432864042,945722
4746,138962432918246,138962433863820,945574
4747,138962433918172,138962434863560,945388
4748,138962434918116,138962435863819,945703
4749,138962435918060,138962436863467,945407
4750,138962436918004,138962437863448,945444
4751,138962437917911,138962438863318,945407
4752,138962438917855,138962439863299,945444
4753,138962439917799,138962440863466,945667
4754,138962440917762,138962441863132,945370
4755,138962441917650,138962442863298,945648
4756,138962442917613,138962443863002,945389
4757,138962443917520,138962444863131,945611
4758,138962444917464,138962445862871,945407
4759,138962445917390,138962446863093,945703
4760,138962446917334,138962447862611,945277
4761,138962447917259,138962448862778,945519
4762,138962448917222,138962449862777,945555
4763,138962449917148,138962450862851,945703
4764,138962450917092,138962451862462,945370
4765,138962451917017,138962452862943,945926
4766,138962452916961,138962453862276,945315
4767,138962453916850,138962454862146,945296
4768,138962454916813,138962455862109,945296
4769,138962455916738,138962456862349,945611
4770,138962456916682,138962457862052,945370
4771,138962457916608,138962458862163,945555
4772,138962458916552,138962459862089,945537
4773,138962459916478,138962460861977,945499
4774,138962460916422,138962461862181,945759
4775,138962461916347,138962462861921,945574
4776,138962462916310,138962463861902,945592
4777,138962463916217,138962464861643,945426
4778,138962464916161,138962465861605,945444
4779,138962465916068,138962466861679,945611
4780,138962466916031,138962467861438,945407
4781,138962467915956,138962468861715,945759
4782,138962468915882,138962469861178,945296
4783,138962469915845,138962470861659,945814
4784,138962470915752,138962471861177,945425
4785,138962471915677,138962472861288,945611
4786,138962472915640,138962473860991,945351
4787,138962473915547,138962474861084,945537
4788,138962474915491,138962475861065,945574
4789,138962475915417,138962476861231,945814
4790,138962476915398,138962477860842,945444
4791,138962477915305,138962478860564,945259
4792,138962478915230,138962479860693,945463
4793,138962479915175,138962480860693,945518
4794,138962480915100,138962481860637,945537
4795,138962481915026,138962482861192,946166
4796,138962482914970,138962483860340,945370
4797,138962483914895,138962484860210,945315
4798,138962484914840,138962485860432,945592
4799,138962485914765,138962486860320,945555
4800,138962486914691,138962487860542,945851
4801,138962487914635,138962488860060,945425
4802,138962488914560,138962489860042,945482
4803,138962489914505,138962490860004,945499
4804,138962490914430,138962491859782,945352
4805,138962491914374,138962492860152,945778
4806,138962492914337,138962493859744,945407
4807,138962493914244,138962494859818,945574
4808,138962494914188,138962495859817,945629
4809,138962495914114,138962496859743,945629
4810,138962496914039,138962497859391,945352
4811,138962497913983,138962498859539,945556
4812,138962498913909,138962499859168,945259
4813,138962499913853,138962500859686,945833
4814,138962500913779,138962501859278,945499
4815,138962501913704,138962502859519,945815
4816,138962502913667,138962503860259,946592
4817,138962503913611,138962504859240,945629
4818,138962504913537,138962505859129,945592
4819,138962505913462,138962506858962,945500
4820,138962506913406,138962507859202,945796
4821,138962507913313,138962508858906,945593
4822,138962508913257,138962509858479,945222
4823,138962509913183,138962510858720,945537
4824,138962510913109,138962511858719,945610
4825,138962511913053,138962512858904,945851
4826,138962512912997,138962513858552,945555
4827,138962513912904,138962514858404,945500
4828,138962514912848,138962515858125,945277
4829,138962515912792,138962516858514,945722
4830,138962516912736,138962517858199,945463
4831,138962517912662,138962518858087,945425
4832,138962518912587,138962519858254,945667
4833,138962519912550,138962520858272,945722
4834,138962520912476,138962521858049,945573
4835,138962521912420,138962522858382,945962
4836,138962522912327,138962523857715,945388
4837,138962523912252,138962524857697,945445
4838,138962524912215,138962525857715,945500
4839,138962525912122,138962526857529,945407
4840,138962526912029,138962527857455,945426
4841,138962527912010,138962528857510,945500
4842,138962528911954,138962529857287,945333
4843,138962529911899,138962530857361,945462
4844,138962530911824,138962531857250,945426
4845,138962531911750,138962532857323,945573
4846,138962532911675,138962533856601,944926
4847,138962533911619,138962534857175,945556
4848,138962534911526,138962535857156,945630
4849,138962535911471,138962536856989,945518
4850,138962536911433,138962537857025,945592
4851,138962537911340,138962538856877,945537
4852,138962538911284,138962539856710,945426
4853,138962539911229,138962540857024,945795
4854,138962540911117,138962541856635,945518
4855,138962541911098,138962542856968,945870
4856,138962542911042,138962543856579,945537
4857,138962543910949,138962544856745,945796
4858,138962544910893,138962545856393,945500
4859,138962545910838,138962546856467,945629
4860,138962546910763,138962547856115,945352
4861,138962547910689,138962548856429,945740
4862,138962548910633,138962549856003,945370
4863,138962549910558,138962550855873,945315
4864,138962550910484,138962551855965,945481
4865,138962551910428,138962552856076,945648
4866,138962552910354,138962553855853,945499
4867,138962553910298,138962554855890,945592
4868,138962554910242,138962555855723,945481
4869,138962555910168,138962556855908,945740
4870,138962556910112,138962557855556,945444
4871,138962557910037,138962558855630,945593
4872,138962558909963,138962559855333,945370
4873,138962559909888,138962560855796,945908
4874,138962560909851,138962561855369,945518
4875,138962561909758,138962562855591,945833
4876,138962562909702,138962563855295,945593
4877,138962563909646,138962564854887,945241
4878,138962564909572,138962565855627,946055
4879,138962565909516,138962566855071,945555
4880,138962566909442,138962567855386,945944
4881,138962567909367,138962568854941,945574
4882,138962568909330,138962569854830,945500
4883,138962569909237,138962570854922,945685
4884,138962570909181,138962571854570,945389
4885,138962571909107,138962572854440,945333
4886,138962572909051,138962573854365,945314
4887,138962573908995,138962574854532,945537
4888,138962574908939,138962575854272,945333
4889,138962575908846,138962576854512,945666
4890,138962576908809,138962577854234,945425
4891,138962577908697,138962578854141,945444
4892,138962578908660,138962579854085,945425
4893,138962579908585,138962580854270,945685
4894,138962580908511,138962581853992,945481
4895,138962581908455,138962582854381,945926
4896,138962582908399,138962583853640,945241
4897,138962583908343,138962584853806,945463
4898,138962584908269,138962585853972,945703
4899,138962585908195,138962586853620,945425
4900,138962586908120,138962587853601,945481
4901,138962587908046,138962588853934,945888
4902,138962588908008,138962589853545,945537
4903,138962589907915,138962590853193,945278
4904,138962590907860,138962591853230,945370
4905,138962591907804,138962592853526,945722
4906,138962592907766,138962593853414,945648
4907,138962593907655,138962594853099,945444
4908,138962594907617,138962595853173,945556
4909,138962595907543,138962596853135,945592
4910,138962596907487,138962597852894,945407
4911,138962597907431,138962598852875,945444
4912,138962598907338,138962599852875,945537
4913,138962599907282,138962600852764,945482
4914,138962600907227,138962601852522,945295
4915,138962601907134,138962602852967,945833
4916,138962602907096,138962603852596,945500
4917,138962603907003,138962604852355,945352
4918,138962604906947,138962605852503,945556
4919,138962605906873,138962606852539,945666
4920,138962606906799,138962607852391,945592
4921,138962607906761,138962608852261,945500
4922,138962608906724,138962609852075,945351
4923,138962609906631,138962610851871,945240
4924,138962610906556,138962611851797,945241
4925,138962611906482,138962612851648,945166
4926,138962612906445,138962613851704,945259
4927,138962613906370,138962614851981,945611
4928,138962614906277,138962615851684,945407
4929,138962615906221,138962616851758,945537
4930,138962616906166,138962617851665,945499
4931,138962617906073,138962618851535,945462
4932,138962618906017,138962619851591,945574
4933,138962619905961,138962620851664,945703
4934,138962620905886,138962621851312,945426
4935,138962621905831,138962622851719,945888
4936,138962622905793,138962623851274,945481
4937,138962623905700,138962624851311,945611
4938,138962624905644,138962625851126,945482
4939,138962625905570,138962626851088,945518
4940,138962626905496,138962627850921,945425
4941,138962627905421,138962628850865,945444
4942,138962628905384,138962629850754,945370
4943,138962629905291,138962630850865,945574
4944,138962630905216,138962631850661,945445
4945,138962631905142,138962632850586,945444
4946,138962632905105,138962633850604,945499
4947,138962633905030,138962634850808,945778
4948,138962634904993,138962635850530,945537
4949,138962635904918,138962636850566,945648
4950,138962636904844,138962637850270,945426
4951,138962637904770,138962638850269,945499
4952,138962638904714,138962639850047,945333
4953,138962639904639,138962640850176,945537
4954,138962640904583,138962641850120,945537
4955,138962641904509,138962642850712,946203
4956,138962642904435,138962643850194,945759
4957,138962643904379,138962644849915,945536
4958,138962644904323,138962645849711,945388
4959,138962645904267,138962646849637,945370
4960,138962646904155,138962647849581,945426
4961,138962647904137,138962648849747,945610
4962,138962648904062,138962649849617,945555
4963,138962649903988,138962650849469,945481
4964,138962650903932,138962651849450,945518
4965,138962651903858,138962652849394,945536
4966,138962652903802,138962653849412,945610
4967,138962653903727,138962654849282,945555
4968,138962654903653,138962655849227,945574
4969,138962655903597,138962656849245,945648
4970,138962656903541,138962657849115,945574
4971,138962657903448,138962658849114,945666
4972,138962658903374,138962659848947,945573
4973,138962659903336,138962660848947,945611
4974,138962660903280,138962661848817,945537
4975,138962661903206,138962662849409,946203
4976,138962662903150,138962663848816,945666
4977,138962663903094,138962664848538,945444
4978,138962664903038,138962665848779,945741
4979,138962665902927,138962666848519,945592
4980,138962666902871,138962667848241,945370
4981,138962667902815,138962668848370,945555
4982,138962668902722,138962669848314,945592
4983,138962669902666,138962670848073,945407
4984,138962670902592,138962671848073,945481
4985,138962671902517,138962672848091,945574
4986,138962672902462,138962673847887,945425
4987,138962673902443,138962674848165,945722
4988,138962674902350,138962675847738,945388
4989,138962675902275,138962676847905,945630
4990,138962676902219,138962677847719,945500
4991,138962677902145,138962678847460,945315
4992,138962678902089,138962679847607,945518
4993,138962679902015,138962680847570,945555
4994,138962680901940,138962681847384,945444
4995,138962681901884,138962682847625,945741
4996,138962682901810,138962683847513,945703
4997,138962683901754,138962684847680,945926
4998,138962684901680,138962685846976,945296
4999,138962685901605,138962686847142,945537
5000,138962686901549,138962687846919,945370
5001,138962687901494,138962688846882,945388
5002,138962688901419,138962689846937,945518
5003,138962689901363,138962690848937,947574
5004,138962690901289,138962691847714,946425
5005,138962691901214,138962692847010,945796
5006,138962692901159,138962693846473,945314
5007,138962693901084,138962694846639,945555
5008,138962694901010,138962695846713,945703
5009,138962695900972,138962696846842,945870
5010,138962696900898,138962697846138,945240
5011,138962697900824,138962698846268,945444
5012,138962698900749,138962699846360,945611
5013,138962699900693,138962700846545,945852
5014,138962700900656,138962701846896,946240
5015,138962701900563,138962702846563,946000
5016,138962702900507,138962703846062,945555
5017,138962703900433,138962704846210,945777
5018,138962704900377,138962705845765,945388
5019,138962705900284,138962706845765,945481
5020,138962706900246,138962707845654,945408
5021,138962707900172,138962708845857,945685
5022,138962708900116,138962709845597,945481
5023,138962709900023,138962710845523,945500
5024,138962710899967,138962711845189,945222
5025,138962711899893,138962712845633,945740
5026,138962712899856,138962713845374,945518
5027,138962713899781,138962714845522,945741
5028,138962714899707,138962715845336,945629
5029,138962715899651,138962716845391,945740
5030,138962716899595,138962717845169,945574
5031,138962717899520,138962718844816,945296
5032,138962718899446,138962719844835,945389
5033,138962719899390,138962720844927,945537
5034,138962720899316,138962721844630,945314
5035,138962721899241,138962722845093,945852
5036,138962722899167,138962723844611,945444
5037,138962723899111,138962724844796,945685
5038,138962724899037,138962725844518,945481
5039,138962725898981,138962726844703,945722
5040,138962726898925,138962727844591,945666
5041,138962727898869,138962728844924,946055
5042,138962728898813,138962729844424,945611
5043,138962729898720,138962730844294,945574
5044,138962730898664,138962731843868,945204
5045,138962731898608,138962732844941,946333
5046,138962732898534,138962733844163,945629
5047,138962733898460,138962734844626,946166
5048,138962734898385,138962735844107,945722
5049,138962735898329,138962736843996,945667
5050,138962736898255,138962737843736,945481
5051,138962737898180,138962738843365,945185
5052,138962738898125,138962739843735,945610
5053,138962739898050,138962740843791,945741
5054,138962740898013,138962741843438,945425
5055,138962741897938,138962742843457,945519
5056,138962742897994,138962743843419,945425
5057,138962743897808,138962744843178,945370
5058,138962744897734,138962745843289,945555
5059,138962745897678,138962746843437,945759
5060,138962746897622,138962747843047,945425
5061,138962747897529,138962748843010,945481
5062,138962748897473,138962749843010,945537
5063,138962749897399,138962750843009,945610
5064,138962750897343,138962751842972,945629
5065,138962751897268,138962752842861,945593
5066,138962752897212,138962753843620,946408
5067,138962753897157,138962754842601,945444
5068,138962754897101,138962755842489,945388
5069,138962755897026,138962756842619,945593
5070,138962756896952,138962757842303,945351
5071,138962757896877,138962758842303,945426
5072,138962758896803,138962759841988,945185
5073,138962759896766,138962760842395,945629
5074,138962760896691,138962761842283,945592
5075,138962761896635,138962762842098,945463
5076,138962762896542,138962763842024,945482
5077,138962763896487,138962764842097,945610
5078,138962764896412,138962765842097,945685
5079,138962765896338,138962766841763,945425
5080,138962766896282,138962767841726,945444
5081,138962767896226,138962768841985,945759
5082,138962768896170,138962769841762,945592
5083,138962769896096,138962770841392,945296
5084,138962770896040,138962771841447,945407
5085,138962771895947,138962772841632,945685
5086,138962772895909,138962773841909,946000
5087,138962773895835,138962774841372,945537
5088,138962774895742,138962775841112,945370
5089,138962775895686,138962776841297,945611
5090,138962776895630,138962777840889,945259
5091,138962777895556,138962778841352,945796
5092,138962778895500,138962779841092,945592
5093,138962779895407,138962780841240,945833
5094,138962780895388,138962781840555,945167
5095,138962781895314,138962782840832,945518
5096,138962782895239,138962783840591,945352
5097,138962783895165,138962784840924,945759
5098,138962784895128,138962785840461,945333
5099,138962785895035,138962786840682,945647
5100,138962786894960,138962787840256,945296
5101,138962787894904,138962788840441,945537
5102,138962788894830,138962789840496,945666
5103,138962789894774,138962790840218,945444
5104,138962790894700,138962791840162,945462
5105,138962791894644,138962792840162,945518
5106,138962792894588,138962793840717,946129
5107,138962793894532,138962794840365,945833
5108,138962794894458,138962795840161,945703
5109,138962795894383,138962796840179,945796
5110,138962796894327,138962797840012,945685
5111,138962797894253,138962798839790,945537
5112,138962798894197,138962799839623,945426
5113,138962799894104,138962800839974,945870
5114,138962800894067,138962801839696,945629
5115,138962801893992,138962802839640,945648
5116,138962802893918,138962803839399,945481
5117,138962803893843,138962804839436,945593
5118,138962804893788,138962805839232,945444
5119,138962805893732,138962806839268,945536
5120,138962806893657,138962807839083,945426
5121,138962807893620,138962808839231,945611
5122,138962808893545,138962809839286,945741
5123,138962809893471,138962810838786,945315
5124,138962810893397,138962811838915,945518
5125,138962811893341,138962812839081,945740
5126,138962812893285,138962813839136,945851
5127,138962813893210,138962814838599,945389
5128,138962814893136,138962815838858,945722
5129,138962815893062,138962816838728,945666
5130,138962816893006,138962817838505,945499
5131,138962817892913,138962818838709,945796
5132,138962818892857,138962819838431,945574
5133,138962819892801,138962820838708,945907
5134,138962820892745,138962821838189,945444
5135,138962821892671,138962822838207,945536
5136,138962822892615,138962823838040,945425
5137,138962823892540,138962824838114,945574
5138,138962824892485,138962825837743,945258
5139,138962825892429,138962826838021,945592
5140,138962826892354,138962827837946,945592
5141,138962827892261,138962828837742,945481
5142,138962828892205,138962829837668,945463
5143,138962829892149,138962830837649,945500
5144,138962830892094,138962831837464,945370
5145,138962831892001,138962832837408,945407
5146,138962832891963,138962833837796,945833
5147,138962833891926,138962834837352,945426
5148,138962834891833,138962835837129,945296
5149,138962835891759,138962836837647,945888
5150,138962836891703,138962837837091,945388
5151,138962837891647,138962838836684,945037
5152,138962838891554,138962839837072,945518
5153,138962839891479,138962840836794,945315
5154,138962840891442,138962841836942,945500
5155,138962841891368,138962842836830,945462
5156,138962842891275,138962843836867,945592
5157,138962843891219,138962844836830,945611
5158,138962844891163,138962845836737,945574
5159,138962845891107,138962846836347,945240
5160,138962846891033,138962847836495,945462
5161,138962847890958,138962848836513,945555
5162,138962848890921,138962849836309,945388
5163,138962849890846,138962850836494,945648
5164,138962850890772,138962851836457,945685
5165,138962851890698,138962852836068,945370
5166,138962852890623,138962853836827,946204
5167,138962853890549,138962854836308,945759
5168,138962854890511,138962855835993,945482
5169,138962855890437,138962856836140,945703
5170,138962856890381,138962857835751,945370
5171,138962857890307,138962858835769,945462
5172,138962858890232,138962859835491,945259
5173,138962859890195,138962860835843,945648
5174,138962860890139,138962861835750,945611
5175,138962861890046,138962862835601,945555
5176,138962862889972,138962863835583,945611
5177,138962863889953,138962864835545,945592
5178,138962864889860,138962865835434,945574
5179,138962865889786,138962866835082,945296
5180,138962866889711,138962867834822,945111
5181,138962867889655,138962868835377,945722
5182,138962868889599,138962869835173,945574
5183,138962869889525,138962870835006,945481
5184,138962870889432,138962871834876,945444
5185,138962871889376,138962872834894,945518
5186,138962872889320,138962873835320,946000
5187,138962873889264,138962874834542,945278
5188,138962874889190,138962875834801,945611
5189,138962875889116,138962876835226,946110
5190,138962876889078,138962877834726,945648
5191,138962877889004,138962878834318,945314
5192,138962878888929,138962879834522,945593
5193,138962879888855,138962880834540,945685
5194,138962880888780,138962881834243,945463
5195,138962881888725,138962882834095,945370
5196,138962882888669,138962883834298,945629
5197,138962883888594,138962884834427,945833
5198,138962884888520,138962885834094,945574
5199,138962885888464,138962886833945,945481
5200,138962886888390,138962887833778,945388
5201,138962887888315,138962888833759,945444
5202,138962888888278,138962889833777,945499
5203,138962889888203,138962890833740,945537
5204,138962890888147,138962891833629,945482
5205,138962891888073,138962892833536,945463
5206,138962892888017,138962893833869,945852
5207,138962893887943,138962894833461,945518
5208,138962894887850,138962895833442,945592
5209,138962895887775,138962896833349,945574
5210,138962896887775,138962897833441,945666
5211,138962897887682,138962898833367,945685
5212,138962898887608,138962899832978,945370
5213,138962899887533,138962900833163,945630
5214,138962900887496,138962901833033,945537
5215,138962901887440,138962902832921,945481
5216,138962902887347,138962903832902,945555
5217,138962903887291,138962904832995,945704
5218,138962904887235,138962905832680,945445
5219,138962905887142,138962906832587,945445
5220,138962906887068,138962907832605,945537
5221,138962907887012,138962908832808,945796
5222,138962908886938,138962909832326,945388
5223,138962909886882,138962910832419,945537
5224,138962910886807,138962911832289,945482
5225,138962911886733,138962912832177,945444
5226,138962912886714,138962913832899,946185
5227,138962913886640,138962914831917,945277
5228,138962914886565,138962915832343,945778
5229,138962915886491,138962916832176,945685
5230,138962916886454,138962917831935,945481
5231,138962917886361,138962918832046,945685
5232,138962918886305,138962919831730,945425
5233,138962919886230,138962920831841,945611
5234,138962920886193,138962921831526,945333
5235,138962921886100,138962922831340,945240
5236,138962922886026,138962923831618,945592
5237,138962923885951,138962924831543,945592
5238,138962924885895,138962925831599,945704
5239,138962925885821,138962926831487,945666
5240,138962926885784,138962927830950,945166
5241,138962927885728,138962928831320,945592
5242,138962928885653,138962929831320,945667
5243,138962929885560,138962930831004,945444
5244,138962930885523,138962931831060,945537
5245,138962931885449,138962932831022,945573
5246,138962932885393,138962933831374,945981
5247,138962933885318,138962934830762,945444
5248,138962934885225,138962935830558,945333
5249,138962935885169,138962936830725,945556
5250,138962936885114,138962937830761,945647
5251,138962937885039,138962938830224,945185
5252,138962938884965,138962939830483,945518
5253,138962939884927,138962940830649,945722
5254,138962940884853,138962941830519,945666
5255,138962941884778,138962942830426,945648
5256,138962942884723,138962943830574,945851
5257,138962943884648,138962944830352,945704
5258,138962944884592,138962945830092,945500
5259,138962945884518,138962946830129,945611
5260,138962946884462,138962947830165,945703
5261,138962947884406,138962948829906,945500
5262,138962948884313,138962949829850,945537
5263,138962949884239,138962950829757,945518
5264,138962950884164,138962951829368,945204
5265,138962951884108,138962952829941,945833
5266,138962952884071,138962953829849,945778
5267,138962953884015,138962954829496,945481
5268,138962954883922,138962955829515,945593
5269,138962955883866,138962956829588,945722
5270,138962956883810,138962957829125,945315
5271,138962957883718,138962958828995,945277
5272,138962958883680,138962959829495,945815
5273,138962959883587,138962960828957,945370
5274,138962960883550,138962961829105,945555
5275,138962961883475,138962962829401,945926
5276,138962962883401,138962963828938,945537
5277,138962963883345,138962964828752,945407
5278,138962964883289,138962965829011,945722
5279,138962965883196,138962966828807,945611
5280,138962966883159,138962967828807,945648
5281,138962967883085,138962968828992,945907
5282,138962968883029,138962969828417,945388
5283,138962969882936,138962970828639,945703
5284,138962970882898,138962971828343,945445
5285,138962971882805,138962972828379,945574
5286,138962972882750,138962973828823,946073
5287,138962973882694,138962974828008,945314
5288,138962974882619,138962975827989,945370
5289,138962975882545,138962976828378,945833
5290,138962976882489,138962977827896,945407
5291,138962977882415,138962978827692,945277
5292,138962978882340,138962979828173,945833
5293,138962979882303,138962980827691,945388
5294,138962980882247,138962981827635,945388
5295,138962981882154,138962982827765,945611
5296,138962982882098,138962983827450,945352
5297,138962983882042,138962984827968,945926
5298,138962984881949,138962985827004,945055
5299,138962985881875,138962986826893,945018
5300,138962986881819,138962987826837,945018
5301,138962987881745,138962988827578,945833
5302,138962988881707,138962989826892,945185
5303,138962989881614,138962990827169,945555
5304,138962990881540,138962991826799,945259
5305,138962991881484,138962992826947,945463
5306,138962992881465,138962993827317,945852
5307,138962993881354,138962994826668,945314
5308,138962994881316,138962995826742,945426
5309,138962995881242,138962996827853,946611
5310,138962996881186,138962997827556,946370
5311,138962997881093,138962998827389,946296
5312,138962998881037,138962999827055,946018
5313,138962999880963,138963000826759,945796
5314,138963000880907,138963001827166,946259
5315,138963001880814,138963002827295,946481
5316,138963002880758,138963003826591,945833
5317,138963003880721,138963004826202,945481
5318,138963004880646,138963005826331,945685
5319,138963005880572,138963006825849,945277
5320,138963006880497,138963007825867,945370
5321,138963007880441,138963008825886,945445
5322,138963008880404,138963009825904,945500
5323,138963009880330,138963010825792,945462
5324,138963010880237,138963011825644,945407
5325,138963011880181,138963012825644,945463
5326,138963012880125,138963013825421,945296
5327,138963013880051,138963014825402,945351
5328,138963014879976,138963015825494,945518
5329,138963015879902,138963016825346,945444
5330,138963016879846,138963017825234,945388
5331,138963017879771,138963018824975,945204
5332,138963018879716,138963019825104,945388
5333,138963019879660,138963020825048,945388
5334,138963020879585,138963021824863,945278
5335,138963021879529,138963022824473,944944
5336,138963022879436,138963023824732,945296
5337,138963023879381,138963024824899,945518
5338,138963024879343,138963025824639,945296
5339,138963025879269,138963026824824,945555
5340,138963026879194,138963027824527,945333
5341,138963027879138,138963028825064,945926
5342,138963028879064,138963029824675,945611
5343,138963029878990,138963030824397,945407
5344,138963030878915,138963031824470,945555
5345,138963031878841,138963032824433,945592
5346,138963032878803,138963033824266,945463
5347,138963033878729,138963034824118,945389
5348,138963034878655,138963035823988,945333
5349,138963035878599,138963036824172,945573
5350,138963036878543,138963037824080,945537
5351,138963037878487,138963038823783,945296
5352,138963038878394,138963039823875,945481
5353,138963039878320,138963040823838,945518
5354,138963040878319,138963041823819,945500
5355,138963041878208,138963042823967,945759
5356,138963042878152,138963043823429,945277
5357,138963043878096,138963044824448,946352
5358,138963044878022,138963045823540,945518
5359,138963045877947,138963046823706,945759
5360,138963046877891,138963047823372,945481
5361,138963047877798,138963048823428,945630
5362,138963048877761,138963049823168,945407
5363,138963049877687,138963050823205,945518
5364,138963050877631,138963051823056,945425
5365,138963051877538,138963052823056,945518
5366,138963052877500,138963053823056,945556
5367,138963053877408,138963054823018,945610
5368,138963054877352,138963055822888,945536
5369,138963055877277,138963056823073,945796
5370,138963056877221,138963057822647,945426
5371,138963057877165,138963058822702,945537
5372,138963058877072,138963059822517,945445
5373,138963059877035,138963060822535,945500
5374,138963060876961,138963061822386,945425
5375,138963061876886,138963062822312,945426
5376,138963062876849,138963063822386,945537
5377,138963063876737,138963064822941,946204
5378,138963064876719,138963065822589,945870
5379,138963065876607,138963066822125,945518
5380,138963066876570,138963067821699,945129
5381,138963067876495,138963068822069,945574
5382,138963068876458,138963069822124,945666
5383,138963069876365,138963070821698,945333
5384,138963070876309,138963071821624,945315
5385,138963071876216,138963072822290,946074
5386,138963072876179,138963073821586,945407
5387,138963073876123,138963074821752,945629
5388,138963074876049,138963075821659,945610
5389,138963075875974,138963076821752,945778
5390,138963076875918,138963077821399,945481
5391,138963077875825,138963078821307,945482
5392,138963078875751,138963079821177,945426
5393,138963079875714,138963080821417,945703
5394,138963080875658,138963081820806,945148
5395,138963081875565,138963082821009,945444
5396,138963082875509,138963083820897,945388
5397,138963083875434,138963084820823,945389
5398,138963084875379,138963085821008,945629
5399,138963085875323,138963086821119,945796
5400,138963086875248,138963087820766,945518
5401,138963087875174,138963088820451,945277
5402,138963088875136,138963089820655,945519
5403,138963089875062,138963090820747,945685
5404,138963090874988,138963091820635,945647
5405,138963091874913,138963092821006,946093
5406,138963092874876,138963093820357,945481
5407,138963093874764,138963094821005,946241
5408,138963094874727,138963095820375,945648
5409,138963095874653,138963096820189,945536
5410,138963096874597,138963097820263,945666
5411,138963097874522,138963098820448,945926
5412,138963098874429,138963099819911,945482
5413,138963099874392,138963100820077,945685
5414,138963100874336,138963101819928,945592
5415,138963101874262,138963102819650,945388
5416,138963102874187,138963103819502,945315
5417,138963103874150,138963104819687,945537
5418,138963104874094,138963105819594,945500
5419,138963105874001,138963106819427,945426
5420,138963106873927,138963107819519,945592
5421,138963107873871,138963108819315,945444
5422,138963108873796,138963109819185,945389
5423,138963109873741,138963110819148,945407
5424,138963110873648,138963111819092,945444
5425,138963111873610,138963112819147,945537
5426,138963112873554,138963113819110,945556
5427,138963113873461,138963114819720,946259
5428,138963114873517,138963115819109,945592
5429,138963115873331,138963116818960,945629
5430,138963116873275,138963117818627,945352
5431,138963117873219,138963118818608,945389
5432,138963118873145,138963119818478,945333
5433,138963119873089,138963120818755,945666
5434,138963120873015,138963121818514,945499
5435,138963121872940,138963122818607,945667
5436,138963122872884,138963123818458,945574
5437,138963123872810,138963124818365,945555
5438,138963124872754,138963125818309,945555
5439,138963125872698,138963126818142,945444
5440,138963126872624,138963127818290,945666
5441,138963127872568,138963128818067,945499
5442,138963128872493,138963129817993,945500
5443,138963129872400,138963130817956,945556
5444,138963130872363,138963131817826,945463
5445,138963131872307,138963132818196,945889
5446,138963132872233,138963133817418,945185
5447,138963133872140,138963134818269,946129
5448,138963134872102,138963135817695,945593
5449,138963135872010,138963136817472,945462
5450,138963136871954,138963137817657,945703
5451,138963137871879,138963138817342,945463
5452,138963138871823,138963139817453,945630
5453,138963139871767,138963140817471,945704
5454,138963140871712,138963141817193,945481
5455,138963141871637,138963142816989,945352
5456,138963142871581,138963143816970,945389
5457,138963143871507,138963144816932,945425
5458,138963144871451,138963145816914,945463
5459,138963145871358,138963146816673,945315
5460,138963146871284,138963147816765,945481
5461,138963147871228,138963148816783,945555
5462,138963148871190,138963149816634,945444
5463,138963149871116,138963150816523,945407
5464,138963150871023,138963151816578,945555
5465,138963151870967,138963152816596,945629
5466,138963152870930,138963153816300,945370
5467,138963153870855,138963154817188,946333
5468,138963154870762,138963155816262,945500
5469,138963155870707,138963156816243,945536
5470,138963156870651,138963157816224,945573
5471,138963157870576,138963158815946,945370
5472,138963158870613,138963159816205,945592
5473,138963159870446,138963160816001,945555
5474,138963160870390,138963161815982,945592
5475,138963161870316,138963162815908,945592
5476,138963162870223,138963163815611,945388
5477,138963163870167,138963164816037,945870
5478,138963164870129,138963165815592,945463
5479,138963165870055,138963166815610,945555
5480,138963166869981,138963167815406,945425
5481,138963167869925,138963168815387,945462
5482,138963168869887,138963169815202,945315
5483,138963169869794,138963170815516,945722
5484,138963170869720,138963171815294,945574
5485,138963171869664,138963172815293,945629
5486,138963172869590,138963173815367,945777
5487,138963173869515,138963174815478,945963
5488,138963174869459,138963175814829,945370
5489,138963175869385,138963176814848,945463
5490,138963176869348,138963177814940,945592
5491,138963177869255,138963178814773,945518
5492,138963178869199,138963179814402,945203
5493,138963179869143,138963180815050,945907
5494,138963180869106,138963181814457,945351
5495,138963181869013,138963182814512,945499
5496,138963182868920,138963183814456,945536
5497,138963183868864,138963184814604,945740
5498,138963184868826,138963185814437,945611
5499,138963185868733,138963186814326,945593
5500,138963186868659,138963187814029,945370
5501,138963187868585,138963188814455,945870
5502,138963188868547,138963189813862,945315
5503,138963189868473,138963190814121,945648
5504,138963190868398,138963191813880,945482
5505,138963191868343,138963192814009,945666
5506,138963192868287,138963193813564,945277
5507,138963193868212,138963194814212,946000
5508,138963194868175,138963195813563,945388
5509,138963195868082,138963196813637,945555
5510,138963196868026,138963197813452,945426
5511,138963197867952,138963198813266,945314
5512,138963198867877,138963199813247,945370
5513,138963199867803,138963200813469,945666
5514,138963200867747,138963201813284,945537
5515,138963201867673,138963202812894,945221
5516,138963202867617,138963203813079,945462
5517,138963203867561,138963204813190,945629
5518,138963204867486,138963205813116,945630
5519,138963205867393,138963206812875,945482
5520,138963206867338,138963207812911,945573
5521,138963207867300,138963208812874,945574
5522,138963208867207,138963209812855,945648
5523,138963209867151,138963210812892,945741
5524,138963210867114,138963211812632,945518
5525,138963211867021,138963212812687,945666
5526,138963212866984,138963213812594,945610
5527,138963213866909,138963214812909,946000
5528,138963214866835,138963215812297,945462
5529,138963215866760,138963216812779,946019
5530,138963216866705,138963217812352,945647
5531,138963217866593,138963218812185,945592
5532,138963218866537,138963219812167,945630
5533,138963219866500,138963220811722,945222
5534,138963220866462,138963221812036,945574
5535,138963221866370,138963222812184,945814
5536,138963222866295,138963223811758,945463
5537,138963223866239,138963224811924,945685
5538,138963224866183,138963225811813,945630
5539,138963225866127,138963226811849,945722
5540,138963226866035,138963227811386,945351
5541,138963227865960,138963228811589,945629
5542,138963228865904,138963229811330,945426
5543,138963229865830,138963230811163,945333
5544,138963230865774,138963231811014,945240
5545,138963231865718,138963232811403,945685
5546,138963232865681,138963233811180,945499
5547,138963233865569,138963234811458,945889
5548,138963234865513,138963235811254,945741
5549,138963235865439,138963236811087,945648
5550,138963236865383,138963237810846,945463
5551,138963237865309,138963238810716,945407
5552,138963238865216,138963239810549,945333
5553,138963239865197,138963240810715,945518
5554,138963240865141,138963241810604,945463
5555,138963241865048,138963242811066,946018
5556,138963242864899,138963243810362,945463
5557,138963243864918,138963244810436,945518
5558,138963244864954,138963245810528,945574
5559,138963245864787,138963246810361,945574
5560,138963246864731,138963247810639,945908
5561,138963247864657,138963248810268,945611
5562,138963248864620,138963249810027,945407
5563,138963249864545,138963250810101,945556
5564,138963250864452,138963251809785,945333
5565,138963251864378,138963252810137,945759
5566,138963252864341,138963253809674,945333
5567,138963253864248,138963254810247,945999
5568,138963254864192,138963255809525,945333
5569,138963255864136,138963256810080,945944
5570,138963256864080,138963257809561,945481
5571,138963257863987,138963258809376,945389
5572,138963258863931,138963259809431,945500
5573,138963259863894,138963260809523,945629
5574,138963260863819,138963261809449,945630
5575,138963261863763,138963262809393,945630
5576,138963262863671,138963263809244,945573
5577,138963263863615,138963264809077,945462
5578,138963264863559,138963265809225,945666
5579,138963265863484,138963266809040,945556
5580,138963266863410,138963267808910,945500
5581,138963267863336,138963268808872,945536
5582,138963268863280,138963269809131,945851
5583,138963269863205,138963270808835,945630
5584,138963270863149,138963271808575,945426
5585,138963271863075,138963272808926,945851
5586,138963272863056,138963273808704,945648
5587,138963273862963,138963274809278,946315
5588,138963274862889,138963275808388,945499
5589,138963275862814,138963276808444,945630
5590,138963276862758,138963277808110,945352
5591,138963277862703,138963278808350,945647
5592,138963278862610,138963279808443,945833
5593,138963279862535,138963280808183,945648
5594,138963280862498,138963281808035,945537
5595,138963281862442,138963282807719,945277
5596,138963282862368,138963283807626,945258
5597,138963283862293,138963284807848,945555
5598,138963284862256,138963285807681,945425
5599,138963285862163,138963286807607,945444
5600,138963286862088,138963287807736,945648
5601,138963287862014,138963288807588,945574
5602,138963288861958,138963289807402,945444
5603,138963289861902,138963290807550,945648
5604,138963290861828,138963291807457,945629
5605,138963291861772,138963292807568,945796
5606,138963292861716,138963293807068,945352
5607,138963293861642,138963294807530,945888
5608,138963294861586,138963295807122,945536
5609,138963295861511,138963296807326,945815
5610,138963296861492,138963297806955,945463
5611,138963297861381,138963298806770,945389
5612,138963298861307,138963299807158,945851
5613,138963299861251,138963300807084,945833
5614,138963300861195,138963301806583,945388
5615,138963301861139,138963302806879,945740
5616,138963302861027,138963303806583,945556
5617,138963303860972,138963304806434,945462
5618,138963304860934,138963305806452,945518
5619,138963305860860,138963306806230,945370
5620,138963306860785,138963307806248,945463
5621,138963307860711,138963308806229,945518
5622,138963308860674,138963309805970,945296
5623,138963309860618,138963310806099,945481
5624,138963310860525,138963311806191,945666
5625,138963311860469,138963312806061,945592
5626,138963312860394,138963313806024,945630
5627,138963313860302,138963314806116,945814
5628,138963314860246,138963315805931,945685
5629,138963315860227,138963316805782,945555
5630,138963316860152,138963317805856,945704
5631,138963317860059,138963318805467,945408
5632,138963318860004,138963319805596,945592
5633,138963319859948,138963320805596,945648
5634,138963320859873,138963321805280,945407
5635,138963321859817,138963322805484,945667
5636,138963322859743,138963323805298,945555
5637,138963323859669,138963324805113,945444
5638,138963324859613,138963325805112,945499
5639,138963325859538,138963326804964,945426
5640,138963326859482,138963327804852,945370
5641,138963327859426,138963328804797,945371
5642,138963328859371,138963329804926,945555
5643,138963329859278,138963330804703,945425
5644,138963330859222,138963331804962,945740
5645,138963331859147,138963332804684,945537
5646,138963332859110,138963333804776,945666
5647,138963333859017,138963334804517,945500
5648,138963334858961,138963335805535,946574
5649,138963335858887,138963336804498,945611
5650,138963336858812,138963337804701,945889
5651,138963337858756,138963338804201,945445
5652,138963338858701,138963339804163,945462
5653,138963339858645,138963340804700,946055
5654,138963340858589,138963341804088,945499
5655,138963341858514,138963342804125,945611
5656,138963342858440,138963343804162,945722
5657,138963343858366,138963344803939,945573
5658,138963344858310,138963345804106,945796
5659,138963345858235,138963346803920,945685
5660,138963346858142,138963347803716,945574
5661,138963347858031,138963348803494,945463
5662,138963348858049,138963349803549,945500
5663,138963349857975,138963350803456,945481
5664,138963350857937,138963351803252,945315
5665,138963351857844,138963352803474,945630
5666,138963352857807,138963353803344,945537
5667,138963353857714,138963354803121,945407
5668,138963354857658,138963355803639,945981
5669,138963355857584,138963356803306,945722
5670,138963356857528,138963357802916,945388
5671,138963357857453,138963358803009,945556
5672,138963358857379,138963359802879,945500
5673,138963359857305,138963360790471,933166
5674,138963360857267,138963361802656,945389
5675,138963361857211,138963362802767,945556
5676,138963362857118,138963363802285,945167
5677,138963363857063,138963364802636,945573
5678,138963364857007,138963365802636,945629
5679,138963365856914,138963366803080,946166
5680,138963366856858,138963367802376,945518
5681,138963367856802,138963368802116,945314
5682,138963368856727,138963369802042,945315
5683,138963369856653,138963370801894,945241
5684,138963370856579,138963371802245,945666
5685,138963371856523,138963372802041,945518
5686,138963372856467,138963373801967,945500
5687,138963373856411,138963374802003,945592
5688,138963374856337,138963375802466,946129
5689,138963375856281,138963376801984,945703
5690,138963376856225,138963377801632,945407
5691,138963377856132,138963378801798,945666
5692,138963378856057,138963379801539,945482
5693,138963379856002,138963380801742,945740
5694,138963380855964,138963381801297,945333
5695,138963381855853,138963382801204,945351
5696,138963382855797,138963383801241,945444
5697,138963383855741,138963384801167,945426
5698,138963384855704,138963385801055,945351
5699,138963385855629,138963386801018,945389
5700,138963386855555,138963387801240,945685
5701,138963387855480,138963388801221,945741
5702,138963388855443,138963389800757,945314
5703,138963389855350,138963390800942,945592
5704,138963390855276,138963391800646,945370
5705,138963391855220,138963392800645,945425
5706,138963392855145,138963393800534,945389
5707,138963393855089,138963394800756,945667
5708,138963394855015,138963395800959,945944
5709,138963395854941,138963396800440,945499
5710,138963396854922,138963397800292,945370
5711,138963397854829,138963398800292,945463
5712,138963398854754,138963399800310,945556
5713,138963399854699,138963400800272,945573
5714,138963400854643,138963401800179,945536
5715,138963401854568,138963402799827,945259
5716,138963402854512,138963403800049,945537
5717,138963403854419,138963404799938,945519
5718,138963404854382,138963405799919,945537
5719,138963405854289,138963406799733,945444
5720,138963406854215,138963407799640,945425
5721,138963407854159,138963408799973,945814
5722,138963408854121,138963409799473,945352
5723,138963409854047,138963410799639,945592
5724,138963410853973,138963411799472,945499
5725,138963411853917,138963412799305,945388
5726,138963412853842,138963413799416,945574
5727,138963413853786,138963414798971,945185
5728,138963414853694,138963415799693,945999
5729,138963415853656,138963416799508,945852
5730,138963416853582,138963417799007,945425
5731,138963417853489,138963418798970,945481
5732,138963418853433,138963419798784,945351
5733,138963419853377,138963420799173,945796
5734,138963420853340,138963421798469,945129
5735,138963421853265,138963422798635,945370
5736,138963422853191,138963423798765,945574
5737,138963423853135,138963424798875,945740
5738,138963424853079,138963425798579,945500
5739,138963425852986,138963426798338,945352
5740,138963426852930,138963427798745,945815
5741,138963427852837,138963428798096,945259
5742,138963428852800,138963429798429,945629
5743,138963429852726,138963430798299,945573
5744,138963430852651,138963431797873,945222
5745,138963431852595,138963432797891,945296
5746,138963432852558,138963433798169,945611
5747,138963433852465,138963434797965,945500
5748,138963434852390,138963435798409,946019
5749,138963435852353,138963436797945,945592
5750,138963436852279,138963437797834,945555
5751,138963437852204,138963438797834,945630
5752,138963438852130,138963439797296,945166
5753,138963439852074,138963440798037,945963
5754,138963440852000,138963441797351,945351
5755,138963441851925,138963442797462,945537
5756,138963442851851,138963443797517,945666
5757,138963443851832,138963444797313,945481
5758,138963444851757,138963445797257,945500
5759,138963445851683,138963446797238,945555
5760,138963446851609,138963447797257,945648
5761,138963447851553,138963448797275,945722
5762,138963448851497,138963449796608,945111
5763,138963449851422,138963450796700,945278
5764,138963450851348,138963451796811,945463
5765,138963451851274,138963452796884,945610
5766,138963452851218,138963453796643,945425
5767,138963453851162,138963454796569,945407
5768,138963454851106,138963455797606,946500
5769,138963455851032,138963456796568,945536
5770,138963456850976,138963457796661,945685
5771,138963457850883,138963458796419,945536
5772,138963458850827,138963459796382,945555
5773,138963459850771,138963460796271,945500
5774,138963460850715,138963461796196,945481
5775,138963461850622,138963462796251,945629
5776,138963462850566,138963463796010,945444
5777,138963463850473,138963464796177,945704
5778,138963464850436,138963465795880,945444
5779,138963465850362,138963466796158,945796
5780,138963466850306,138963467795528,945222
5781,138963467850231,138963468795953,945722
5782,138963468850194,138963469795638,945444
5783,138963469850101,138963470795656,945555
5784,138963470850027,138963471795323,945296
5785,138963471849971,138963472795767,945796
5786,138963472849915,138963473795507,945592
5787,138963473849840,138963474795247,945407
5788,138963474849784,138963475795766,945982
5789,138963475849710,138963476795117,945407
5790,138963476849636,138963477795246,945610
5791,138963477849580,138963478794746,945166
5792,138963478849524,138963479794931,945407
5793,138963479849468,138963480795282,945814
5794,138963480849412,138963481794893,945481
5795,138963481849319,138963482794911,945592
5796,138963482849245,138963483794430,945185
5797,138963483849189,138963484795059,945870
5798,138963484849133,138963485794577,945444
5799,138963485849059,138963486794854,945795
5800,138963486849003,138963487794632,945629
5801,138963487848928,138963488794409,945481
5802,138963488848854,138963489794261,945407
5803,138963489848779,138963490794242,945463
5804,138963490848742,138963491794279,945537
5805,138963491848668,138963492794093,945425
5806,138963492848630,138963493794111,945481
5807,138963493848556,138963494793907,945351
5808,138963494848481,138963495794314,945833
5809,138963495848407,138963496794110,945703
5810,138963496848351,138963497793980,945629
5811,138963497848258,138963498793739,945481
5812,138963498848184,138963499793776,945592
5813,138963499848146,138963500793553,945407
5814,138963500848053,138963501793831,945778
5815,138963501848016,138963502793349,945333
5816,138963502847942,138963503793293,945351
5817,138963503847886,138963504793330,945444
5818,138963504847830,138963505793163,945333
5819,138963505847774,138963506793311,945537
5820,138963506847681,138963507793125,945444
5821,138963507847607,138963508793384,945777
5822,138963508847569,138963509793291,945722
5823,138963509847495,138963510793161,945666
5824,138963510847420,138963511793161,945741
5825,138963511847346,138963512793012,945666
5826,138963512847290,138963513792734,945444
5827,138963513847234,138963514792512,945278
5828,138963514847160,138963515792956,945796
5829,138963515847104,138963516792807,945703
5830,138963516847048,138963517792437,945389
5831,138963517846955,138963518792362,945407
5832,138963518846899,138963519792455,945556
5833,138963519846788,138963520792084,945296
5834,138963520846750,138963521792343,945593
5835,138963521846695,138963522792250,945555
5836,138963522846639,138963523792342,945703
5837,138963523846564,138963524792045,945481
5838,138963524846508,138963525792082,945574
5839,138963525846471,138963526791860,945389
5840,138963526846360,138963527791785,945425
5841,138963527846304,138963528791970,945666
5842,138963528846248,138963529791544,945296
5843,138963529846173,138963530791543,945370
5844,138963530846099,138963531791617,945518
5845,138963531846025,138963532791283,945258
5846,138963532845987,138963533791931,945944
5847,138963533845894,138963534791061,945167
5848,138963534845838,138963535791986,946148
5849,138963535845782,138963536791338,945556
5850,138963536845708,138963537790930,945222
5851,138963537845652,138963538791356,945704
5852,138963538845578,138963539791133,945555
5853,138963539845503,138963540790910,945407
5854,138963540845484,138963541791410,945926
5855,138963541845392,138963542790632,945240
5856,138963542845299,138963543790872,945573
5857,138963543845243,138963544790742,945499
5858,138963544845187,138963545790761,945574
5859,138963545845112,138963546790557,945445
5860,138963546845057,138963547790556,945499
5861,138963547845001,138963548790519,945518
5862,138963548844945,138963549790389,945444
5863,138963549844870,138963550790314,945444
5864,138963550844796,138963551790203,945407
5865,138963551844722,138963552790388,945666
5866,138963552844684,138963553790202,945518
5867,138963553844610,138963554789980,945370
5868,138963554844517,138963555790572,946055
5869,138963555844461,138963556789924,945463
5870,138963556844405,138963557789757,945352
5871,138963557844331,138963558789664,945333
5872,138963558844275,138963559789848,945573
5873,138963559844200,138963560789626,945426
5874,138963560844163,138963561789552,945389
5875,138963561844070,138963562789810,945740
5876,138963562844014,138963563789495,945481
5877,138963563843958,138963564789569,945611
5878,138963564843865,138963565789235,945370
5879,138963565843828,138963566789235,945407
5880,138963566843735,138963567789049,945314
5881,138963567843679,138963568788994,945315
5882,138963568843623,138963569789086,945463
5883,138963569843530,138963570789178,945648
5884,138963570843474,138963571788919,945445
5885,138963571843418,138963572789066,945648
5886,138963572843381,138963573788862,945481
5887,138963573843307,138963574788640,945333
5888,138963574843232,138963575788936,945704
5889,138963575843158,138963576788787,945629
5890,138963576843102,138963577788657,945555
5891,138963577843028,138963578788712,945684
5892,138963578842953,138963579788305,945352
5893,138963579842897,138963580788304,945407
5894,138963580842841,138963581788286,945445
5895,138963581842748,138963582788341,945593
5896,138963582842693,138963583787933,945240
5897,138963583842637,138963584788192,945555
5898,138963584842599,138963585787951,945352
5899,138963585842488,138963586787710,945222
5900,138963586842432,138963587788246,945814
5901,138963587842376,138963588787894,945518
5902,138963588842320,138963589787931,945611
5903,138963589842246,138963590787282,945036
5904,138963590842153,138963591787541,945388
5905,138963591842097,138963592787671,945574
5906,138963592842060,138963593787485,945425
5907,138963593841967,138963594787503,945536
5908,138963594841911,138963595787225,945314
5909,138963595841836,138963596787725,945889
5910,138963596841817,138963597787225,945408
5911,138963597841725,138963598786891,945166
5912,138963598841650,138963599787076,945426
5913,138963599841594,138963600787261,945667
5914,138963600841538,138963601787057,945519
5915,138963601841445,138963602786704,945259
5916,138963602841390,138963603786834,945444
5917,138963603841334,138963604786426,945092
5918,138963604841259,138963605787111,945852
5919,138963605841185,138963606786981,945796
5920,138963606841092,138963607786518,945426
5921,138963607841036,138963608786462,945426
5922,138963608840999,138963609786628,945629
5923,138963609840924,138963610786757,945833
5924,138963610840868,138963611786387,945519
5925,138963611840794,138963612786479,945685
5926,138963612840738,138963613786219,945481
5927,138963613840682,138963614786034,945352
5928,138963614840608,138963615785867,945259
5929,138963615840515,138963616786163,945648
5930,138963616840477,138963617785792,945315
5931,138963617840403,138963618785884,945481
5932,138963618840329,138963619785791,945462
5933,138963619840254,138963620785809,945555
5934,138963620840198,138963621785661,945463
5935,138963621840161,138963622785531,945370
5936,138963622840087,138963623785438,945351
5937,138963623840012,138963624785697,945685
5938,138963624839975,138963625785456,945481
5939,138963625839863,138963626785900,946037
5940,138963626839807,138963627785289,945482
5941,138963627839714,138963628785399,945685
5942,138963628839659,138963629785177,945518
5943,138963629839603,138963630785232,945629
5944,138963630839528,138963631785158,945630
5945,138963631839472,138963632785250,945778
5946,138963632839435,138963633785361,945926
5947,138963633839361,138963634784879,945518
5948,138963634839286,138963635784638,945352
5949,138963635839230,138963636785026,945796
5950,138963636839174,138963637784730,945556
5951,138963637839081,138963638784192,945111
5952,138963638839026,138963639784599,945573
5953,138963639838951,138963640784377,945426
5954,138963640838895,138963641784451,945556
5955,138963641838821,138963642784358,945537
5956,138963642838746,138963643784191,945445
5957,138963643838672,138963644784301,945629
5958,138963644838653,138963645784005,945352
5959,138963645838560,138963646784449,945889
5960,138963646838523,138963647783967,945444
5961,138963647838430,138963648783874,945444
5962,138963648838374,138963649783707,945333
5963,138963649838300,138963650783762,945462
5964,138963650838244,138963651783484,945240
5965,138963651838169,138963652783595,945426
5966,138963652838113,138963653783169,945056
5967,138963653838039,138963654783261,945222
5968,138963654837946,138963655783224,945278
5969,138963655837909,138963656783557,945648
5970,138963656837853,138963657783482,945629
5971,138963657837778,138963658783389,945611
5972,138963658837723,138963659782889,945166
5973,138963659837648,138963660783166,945518
5974,138963660837611,138963661783018,945407
5975,138963661837536,138963662783055,945519
5976,138963662837443,138963663782943,945500
5977,138963663837388,138963664783072,945684
5978,138963664837313,138963665782646,945333
5979,138963665837257,138963666783387,946130
5980,138963666837201,138963667782683,945482
5981,138963667837108,138963668782571,945463
5982,138963668837071,138963669782367,945296
5983,138963669836997,138963670782200,945203
5984,138963670836922,138963671782255,945333
5985,138963671836848,138963672782162,945314
5986,138963672836810,138963673782310,945500
5987,138963673836736,138963674782662,945926
5988,138963674836662,138963675782050,945388
5989,138963675836587,138963676782217,945630
5990,138963676836550,138963677782290,945740
5991,138963677836475,138963678782012,945537
5992,138963678836401,138963679781697,945296
5993,138963679836327,138963680781789,945462
5994,138963680836289,138963681781807,945518
5995,138963681836215,138963682781733,945518
5996,138963682836159,138963683781640,945481
5997,138963683836066,138963684781973,945907
5998,138963684836010,138963685781639,945629
5999,138963685835954,138963686781880,945926
6000,138963686835880,138963687781324,945444
6001,138963687835805,138963688781694,945889
6002,138963688835750,138963689781175,945425
6003,138963689835657,138963690781378,945721
6004,138963690835582,138963691781156,945574
6005,138963691835526,138963692781748,946222
6006,138963692835526,138963693780896,945370
6007,138963693835433,138963694780859,945426
6008,138963694835359,138963695780803,945444
6009,138963695835284,138963696781802,946518
6010,138963696835228,138963697780802,945574
6011,138963697835172,138963698780617,945445
6012,138963698835079,138963699780635,945556
6013,138963699835005,138963700781560,946555
6014,138963700834968,138963701780338,945370
6015,138963701834893,138963702780374,945481
6016,138963702834819,138963703780078,945259
6017,138963703834763,138963704780244,945481
6018,138963704834726,138963705780262,945536
6019,138963705834633,138963706780595,945962
6020,138963706834595,138963707779521,944926
6021,138963707834502,138963708780354,945852
6022,138963708834446,138963709779909,945463
6023,138963709834354,138963710780038,945684
6024,138963710834316,138963711779834,945518
6025,138963711834223,138963712780019,945796
6026,138963712834186,138963713779574,945388
6027,138963713834111,138963714779519,945408
6028,138963714834019,138963715779592,945573
6029,138963715833981,138963716780222,946241
6030,138963716833944,138963717779055,945111
6031,138963717833832,138963718779073,945241
6032,138963718833776,138963719779184,945408
6033,138963719833702,138963720780220,946518
6034,138963720833665,138963721779164,945499
6035,138963721833572,138963722779016,945444
6036,138963722833534,138963723778812,945278
6037,138963723833441,138963724779404,945963
6038,138963724833404,138963725778830,945426
6039,138963725833330,138963726779626,946296
6040,138963726833255,138963727778773,945518
6041,138963727833181,138963728779662,946481
6042,138963728833143,138963729778717,945574
6043,138963729833069,138963730778587,945518
6044,138963730832995,138963731778717,945722
6045,138963731832920,138963732779568,946648
6046,138963732832883,138963733778031,945148
6047,138963733832790,138963734778345,945555
6048,138963734832734,138963735778271,945537
6049,138963735832641,138963736780493,947852
6050,138963736832622,138963737777937,945315
6051,138963737832511,138963738778085,945574
6052,138963738832455,138963739777788,945333
6053,138963739832399,138963740779732,947333
6054,138963740832343,138963741777824,945481
6055,138963741832287,138963742777731,945444
6056,138963742832213,138963743777435,945222
6057,138963743832138,138963744779471,947333
6058,138963744832120,138963745777638,945518
6059,138963745831990,138963746777545,945555
6060,138963746831952,138963747777082,945130
6061,138963747831859,138963748778785,946926
6062,138963748831803,138963749777377,945574
6063,138963749831748,138963750776803,945055
6064,138963750831673,138963751777062,945389
6065,138963751831599,138963752778432,946833
6066,138963752831561,138963753777098,945537
6067,138963753831487,138963754776690,945203
6068,138963754831413,138963755777283,945870
6069,138963755831357,138963756778004,946647
6070,138963756831319,138963757777004,945685
6071,138963757831208,138963758776652,945444
6072,138963758831152,138963759776670,945518
6073,138963759831096,138963760777948,946852
6074,138963760831022,138963761776132,945110
6075,138963761830947,138963762776410,945463
6076,138963762830873,138963763776224,945351
6077,138963763830835,138963764777520,946685
6078,138963764830780,138963765776168,945388
6079,138963765830687,138963766776649,945962
6080,138963766830649,138963767776038,945389
6081,138963767830556,138963768777297,946741
6082,138963768830519,138963769775926,945407
6083,138963769830426,138963770775944,945518
6084,138963770830370,138963771775722,945352
6085,138963771830314,138963772777110,946796
6086,138963772830221,138963773775702,945481
6087,138963773830165,138963774775498,945333
6088,138963774830091,138963775775442,945351
6089,138963775830035,138963776777350,947315
6090,138963776829998,138963777775423,945425
6091,138963777829923,138963778775460,945537
6092,138963778829849,138963779775460,945611
6093,138963779829774,138963780776441,946667
6094,138963780829737,138963781775496,945759
6095,138963781829644,138963782774996,945352
6096,138963782829570,138963783775106,945536
6097,138963783829514,138963784776254,946740
6098,138963784829439,138963785774754,945315
6099,138963785829365,138963786774624,945259
6100,138963786829328,138963787774642,945314
6101,138963787829253,138963788775846,946593
6102,138963788829160,138963789774419,945259
6103,138963789829104,138963790774474,945370
6104,138963790829067,138963791774437,945370
6105,138963791828974,138963792777159,948185
6106,138963792828937,138963793774381,945444
6107,138963793828844,138963794774306,945462
6108,138963794828788,138963795774084,945296
6109,138963795828732,138963796775602,946870
6110,138963796828676,138963797774083,945407
6111,138963797828602,138963798774398,945796
6112,138963798828527,138963799773694,945167
6113,138963799828434,138963800774953,946519
6114,138963800828397,138963801773878,945481
6115,138963801828341,138963802773748,945407
6116,138963802828285,138963803773600,945315
6117,138963803828192,138963804775081,946889
6118,138963804828155,138963805773599,945444
6119,138963805828081,138963806773877,945796
6120,138963806828025,138963807773561,945536
6121,138963807827932,138963808775376,947444
6122,138963808827894,138963809772968,945074
6123,138963809827783,138963810773264,945481
6124,138963810827746,138963811773227,945481
6125,138963811827671,138963812774319,946648
6126,138963812827615,138963813773041,945426
6127,138963813827541,138963814773003,945462
6128,138963814827485,138963815772781,945296
6129,138963815827429,138963816774281,946852
6130,138963816827373,138963817772947,945574
6131,138963817827280,138963818772613,945333
6132,138963818827206,138963819772594,945388
6133,138963819827150,138963820773594,946444
6134,138963820827094,138963821772594,945500
6135,138963821827001,138963822772223,945222
6136,138963822826945,138963823772130,945185
6137,138963823826871,138963824773408,946537
6138,138963824826796,138963825772278,945482
6139,138963825826740,138963826772296,945556
6140,138963826826703,138963827772499,945796
6141,138963827826647,138963828773239,946592
6142,138963828826573,138963829772054,945481
6143,138963829826480,138963830771905,945425
6144,138963830826424,138963831771701,945277
6145,138963831826368,138963832771609,945241
6146,138963832826331,138963833771756,945425
6147,138963833826219,138963834771886,945667
6148,138963834826163,138963835771663,945500
6149,138963835826089,138963836772552,946463
6150,138963836826052,138963837771440,945388
6151,138963837825959,138963838771292,945333
6152,138963838825903,138963839771458,945555
6153,138963839825865,138963840771402,945537
6154,138963840825791,138963841771217,945426
6155,138963841825717,138963842771142,945425
6156,138963842825642,138963843771253,945611
6157,138963843825568,138963844771327,945759
6158,138963844825530,138963845771086,945556
6159,138963845825456,138963846771270,945814
6160,138963846825400,138963847771252,945852
6161,138963847825307,138963848770992,945685
6162,138963848825251,138963849770566,945315
6163,138963849825177,138963850771084,945907
6164,138963850825121,138963851770343,945222
6165,138963851825047,138963852770898,945851
6166,138963852825009,138963853770583,945574
6167,138963853824916,138963854770360,945444
6168,138963854824842,138963855770434,945592
6169,138963855824767,138963856770767,946000
6170,138963856824749,138963857769841,945092
6171,138963857824656,138963858769970,945314
6172,138963858824581,138963859769840,945259
6173,138963859824525,138963860770988,946463
6174,138963860824451,138963861770191,945740
6175,138963861824377,138963862770135,945758
6176,138963862824302,138963863769617,945315
6177,138963863824265,138963864770672,946407
6178,138963864824227,138963865769634,945407
6179,138963865824134,138963866769690,945556
6180,138963866824079,138963867769134,945055
6181,138963867824004,138963868769670,945666
6182,138963868823948,138963869769337,945389
6183,138963869823874,138963870769151,945277
6184,138963870823781,138963871769299,945518
6185,138963871823725,138963872769391,945666
6186,138963872823688,138963873769132,945444
6187,138963873823613,138963874769020,945407
6188,138963874823539,138963875768890,945351
6189,138963875823501,138963876769631,946130
6190,138963876823446,138963877769075,945629
6191,138963877823334,138963878768723,945389
6192,138963878823278,138963879768759,945481
6193,138963879823222,138963880768796,945574
6194,138963880823166,138963881768629,945463
6195,138963881823074,138963882768388,945314
6196,138963882823018,138963883768462,945444
6197,138963883822943,138963884768573,945630
6198,138963884822887,138963885768276,945389
6199,138963885822794,138963886768331,945537
6200,138963886822757,138963887767942,945185
6201,138963887822701,138963888768219,945518
6202,138963888822645,138963889767978,945333
6203,138963889822571,138963890768015,945444
6204,138963890822478,138963891768403,945925
6205,138963891822422,138963892768144,945722
6206,138963892822348,138963893767884,945536
6207,138963893822292,138963894767717,945425
6208,138963894822236,138963895767495,945259
6209,138963895822143,138963896768402,946259
6210,138963896822105,138963897767550,945445
6211,138963897822031,138963898767549,945518
6212,138963898821957,138963899767493,945536
6213,138963899821882,138963900767530,945648
6214,138963900821845,138963901767641,945796
6215,138963901821770,138963902767215,945445
6216,138963902821715,138963903767288,945573
6217,138963903821640,138963904767066,945426
6218,138963904821603,138963905766973,945370
6219,138963905821491,138963906766806,945315
6220,138963906821454,138963907766768,945314
6221,138963907821361,138963908766713,945352
6222,138963908821305,138963909766731,945426
6223,138963909821231,138963910766712,945481
6224,138963910821138,138963911766619,945481
6225,138963911821100,138963912766878,945778
6226,138963912821045,138963913766637,945592
6227,138963913820989,138963914766599,945610
6228,138963914820914,138963915766395,945481
6229,138963915820840,138963916767302,946462
6230,138963916820784,138963917766210,945426
6231,138963917820710,138963918765876,945166
6232,138963918820654,138963919766413,945759
6233,138963919820579,138963920766523,945944
6234,138963920820523,138963921765893,945370
6235,138963921820449,138963922766097,945648
6236,138963922820375,138963923765874,945499
6237,138963923820319,138963924765892,945573
6238,138963924820263,138963925765707,945444
6239,138963925820207,138963926765651,945444
6240,138963926820114,138963927765743,945629
6241,138963927820058,138963928765817,945759
6242,138963928820002,138963929765335,945333
6243,138963929819928,138963930765446,945518
6244,138963930819872,138963931765205,945333
6245,138963931819797,138963932765371,945574
6246,138963932819723,138963933764963,945240
6247,138963933819649,138963934764908,945259
6248,138963934819593,138963935765055,945462
6249,138963935819555,138963936765240,945685
6250,138963936819481,138963937765277,945796
6251,138963937819407,138963938764702,945295
6252,138963938819332,138963939764850,945518
6253,138963939819295,138963940765146,945851
6254,138963940819239,138963941764776,945537
6255,138963941819090,138963942764960,945870
6256,138963942819072,138963943764553,945481
6257,138963943818997,138963944764645,945648
6258,138963944818941,138963945764645,945704
6259,138963945818885,138963946764200,945315
6260,138963946818811,138963947764385,945574
6261,138963947818736,138963948764032,945296
6262,138963948818681,138963949764032,945351
6263,138963949818606,138963950763995,945389
6264,138963950818550,138963951763772,945222
6265,138963951818494,138963952764068,945574
6266,138963952818457,138963953763883,945426
6267,138963953818364,138963954763716,945352
6268,138963954818290,138963955763623,945333
6269,138963955818215,138963956763845,945630
6270,138963956818178,138963957764400,946222
6271,138963957818085,138963958763399,945314
6272,138963958818029,138963959763529,945500
6273,138963959817955,138963960763603,945648
6274,138963960817917,138963961763287,945370
6275,138963961817806,138963962763250,945444
6276,138963962817750,138963963763268,945518
6277,138963963817694,138963964763509,945815
6278,138963964817638,138963965762971,945333
6279,138963965817582,138963966763175,945593
6280,138963966817489,138963967762859,945370
6281,138963967817452,138963968763248,945796
6282,138963968817396,138963969762951,945555
6283,138963969817285,138963970762525,945240
6284,138963970817229,138963971762617,945388
6285,138963971817173,138963972762487,945314
6286,138963972817098,138963973762265,945167
6287,138963973817024,138963974762468,945444
6288,138963974816968,138963975762394,945426
6289,138963975816912,138963976762634,945722
6290,138963976816856,138963977762856,946000
6291,138963977816782,138963978762208,945426
6292,138963978816708,138963979762059,945351
6293,138963979816633,138963980762559,945926
6294,138963980816614,138963981761966,945352
6295,138963981816484,138963982761614,945130
6296,138963982816447,138963983761613,945166
6297,138963983816373,138963984762150,945777
6298,138963984816317,138963985761761,945444
6299,138963985816224,138963986761575,945351
6300,138963986816186,138963987761575,945389
6301,138963987816149,138963988761704,945555
6302,138963988816075,138963989761389,945314
6303,138963989816000,138963990761629,945629
6304,138963990815926,138963991761351,945425
6305,138963991815870,138963992761110,945240
6306,138963992815814,138963993761147,945333
6307,138963993815740,138963994761073,945333
6308,138963994815665,138963995761072,945407
6309,138963995815591,138963996761090,945499
6310,138963996815516,138963997761423,945907
6311,138963997815460,138963998760664,945204
6312,138963998815386,138963999760812,945426
6313,138963999815330,138964000760922,945592
6314,138964000815274,138964001760718,945444
6315,138964001815200,138964002760644,945444
6316,138964002815144,138964003760347,945203
6317,138964003815051,138964004760514,945463
6318,138964004815014,138964005760513,945499
6319,138964005814958,138964006760420,945462
6320,138964006814846,138964007760161,945315
6321,138964007814827,138964008760290,945463
6322,138964008814753,138964009760142,945389
6323,138964009814660,138964010759938,945278
6324,138964010814604,138964011759845,945241
6325,138964011814530,138964012760048,945518
6326,138964012814511,138964013759807,945296
6327,138964013814418,138964014759621,945203
6328,138964014814344,138964015759510,945166
6329,138964015814269,138964016759787,945518
6330,138964016814232,138964017760046,945814
6331,138964017814176,138964018759768,945592
6332,138964018814083,138964019759453,945370
6333,138964019814009,138964020759730,945721
6334,138964020813953,138964021759304,945351
6335,138964021813897,138964022759285,945388
6336,138964022813804,138964023759415,945611
6337,138964023813748,138964024759470,945722
6338,138964024813711,138964025758988,945277
6339,138964025813618,138964026759469,945851
6340,138964026813617,138964027758895,945278
6341,138964027813487,138964028760931,947444
6342,138964028813450,138964029758894,945444
6343,138964029813357,138964030758727,945370
6344,138964030813283,138964031758597,945314
6345,138964031813227,138964032758986,945759
6346,138964032813189,138964033758319,945130
6347,138964033813096,138964034758504,945408
6348,138964034813041,138964035758170,945129
6349,138964035812966,138964036758447,945481
6350,138964036812929,138964037759003,946074
6351,138964037812854,138964038758484,945630
6352,138964038812780,138964039758131,945351
6353,138964039812706,138964040758353,945647
6354,138964040812668,138964041758075,945407
6355,138964041812575,138964042757964,945389
6356,138964042812519,138964043757871,945352
6357,138964043812463,138964044758130,945667
6358,138964044812408,138964045757685,945277
6359,138964045812333,138964046757759,945426
6360,138964046812240,138964047758795,946555
6361,138964047812203,138964048758166,945963
6362,138964048812128,138964049757517,945389
6363,138964049812073,138964050757665,945592
6364,138964050811998,138964051757405,945407
6365,138964051811924,138964052757386,945462
6366,138964052811868,138964053757164,945296
6367,138964053811793,138964054757015,945222
6368,138964054811719,138964055757089,945370
6369,138964055811645,138964056757107,945462
6370,138964056811607,138964057757811,946204
6371,138964057811533,138964058756866,945333
6372,138964058811458,138964059757032,945574
6373,138964059811384,138964060757069,945685
6374,138964060811347,138964061756809,945462
6375,138964061811235,138964062756716,945481
6376,138964062811198,138964063756753,945555
6377,138964063811123,138964064756697,945574
6378,138964064811105,138964065756641,945536
6379,138964065811012,138964066756845,945833
6380,138964066810919,138964067756492,945573
6381,138964067810881,138964068756548,945667
6382,138964068810825,138964069756418,945593
6383,138964069810751,138964070756103,945352
6384,138964070810658,138964071755973,945315
6385,138964071810584,138964072756102,945518
6386,138964072810546,138964073755879,945333
6387,138964073810453,138964074755823,945370
6388,138964074810397,138964075755786,945389
6389,138964075810323,138964076755860,945537
6390,138964076810304,138964077756100,945796
6391,138964077810230,138964078755637,945407
6392,138964078810137,138964079755711,945574
6393,138964079810081,138964080755562,945481
6394,138964080810025,138964081755303,945278
6395,138964081809951,138964082755432,945481
6396,138964082809876,138964083755376,945500
6397,138964083809802,138964084755246,945444
6398,138964084809746,138964085755005,945259
6399,138964085809672,138964086754782,945110
6400,138964086809634,138964087755134,945500
6401,138964087809560,138964088755171,945611
6402,138964088809522,138964089755318,945796
6403,138964089809411,138964090754818,945407
6404,138964090809355,138964091754781,945426
6405,138964091809299,138964092754743,945444
6406,138964092809243,138964093754595,945352
6407,138964093809150,138964094754483,945333
6408,138964094809094,138964095754520,945426
6409,138964095809020,138964096754816,945796
6410,138964096808983,138964097754871,945888
6411,138964097808908,138964098754408,945500
6412,138964098808834,138964099754167,945333
6413,138964099808759,138964100754333,945574
6414,138964100808722,138964101753944,945222
6415,138964101808629,138964102754147,945518
6416,138964102808573,138964103753851,945278
6417,138964103808499,138964104753924,945425
6418,138964104808443,138964105753794,945351
6419,138964105808369,138964106753479,945110
6420,138964106808294,138964107753720,945426
6421,138964107808220,138964108753775,945555
6422,138964108808182,138964109753719,945537
6423,138964109808089,138964110753645,945556
6424,138964110808034,138964111753478,945444
6425,138964111807996,138964112753588,945592
6426,138964112807922,138964113753273,945351
6427,138964113807847,138964114753106,945259
6428,138964114807791,138964115753439,945648
6429,138964115807717,138964116753217,945500
6430,138964116807661,138964117753753,946092
6431,138964117807605,138964118753327,945722
6432,138964118807512,138964119753160,945648
6433,138964119807438,138964120753234,945796
6434,138964120807401,138964121752789,945388
6435,138964121807326,138964122752918,945592
6436,138964122807233,138964123752770,945537
6437,138964123807177,138964124752436,945259
6438,138964124807140,138964125752640,945500
6439,138964125807047,138964126752528,945481
6440,138964126806991,138964127752435,945444
6441,138964127806954,138964128753435,946481
6442,138964128806898,138964129752305,945407
6443,138964129806805,138964130752305,945500
6444,138964130806749,138964131752286,945537
6445,138964131806675,138964132752489,945814
6446,138964132806600,138964133751970,945370
6447,138964133806526,138964134751988,945462
6448,138964134806451,138964135751747,945296
6449,138964135806395,138964136751858,945463
6450,138964136806377,138964137752524,946147
6451,138964137806284,138964138751820,945536
6452,138964138806209,138964139751561,945352
6453,138964139806153,138964140752005,945852
6454,138964140806079,138964141751671,945592
6455,138964141806023,138964142751504,945481
6456,138964142805949,138964143751263,945314
6457,138964143805874,138964144751281,945407
6458,138964144805948,138964145751337,945389
6459,138964145805744,138964146751447,945703
6460,138964146805688,138964147750929,945241
6461,138964147805614,138964148751076,945462
6462,138964148805558,138964149751095,945537
6463,138964149805483,138964150750890,945407
6464,138964150805446,138964151750761,945315
6465,138964151805353,138964152751223,945870
6466,138964152805297,138964153750741,945444
6467,138964153805223,138964154750593,945370
6468,138964154805148,138964155750537,945389
6469,138964155805111,138964156750851,945740
6470,138964156805018,138964157750944,945926
6471,138964157804981,138964158750591,945610
6472,138964158804888,138964159750276,945388
6473,138964159804813,138964160750591,945778
6474,138964160804776,138964161750053,945277
6475,138964161804683,138964162750035,945352
6476,138964162804627,138964163749905,945278
6477,138964163804571,138964164750145,945574
6478,138964164804515,138964165749682,945167
6479,138964165804459,138964166749867,945408
6480,138964166804367,138964167749829,945462
6481,138964167804311,138964168749903,945592
6482,138964168804255,138964169749680,945425
6483,138964169804162,138964170749606,945444
6484,138964170804106,138964171749698,945592
6485,138964171804032,138964172749735,945703
6486,138964172803976,138964173749494,945518
6487,138964173803901,138964174749253,945352
6488,138964174803845,138964175749012,945167
6489,138964175803789,138964176749326,945537
6490,138964176803715,138964177749826,946111
6491,138964177803659,138964178749066,945407
6492,138964178803585,138964179748899,945314
6493,138964179803510,138964180749251,945741
6494,138964180803454,138964181748750,945296
6495,138964181803362,138964182748602,945240
6496,138964182803306,138964183748750,945444
6497,138964183803250,138964184748694,945444
6498,138964184803175,138964185748601,945426
6499,138964185803119,138964186748434,945315
6500,138964186803082,138964187748434,945352
6501,138964187803026,138964188748433,945407
6502,138964188802933,138964189748100,945167
6503,138964189802859,138964190748303,945444
6504,138964190802766,138964191748284,945518
6505,138964191802729,138964192748228,945499
6506,138964192802673,138964193748024,945351
6507,138964193802580,138964194747913,945333
6508,138964194802524,138964195748227,945703
6509,138964195802449,138964196748134,945685
6510,138964196802412,138964197748189,945777
6511,138964197802338,138964198747726,945388
6512,138964198802263,138964199747689,945426
6513,138964199802207,138964200747911,945704
6514,138964200802151,138964201747521,945370
6515,138964201802058,138964202747410,945352
6516,138964202802003,138964203747410,945407
6517,138964203801947,138964204747243,945296
6518,138964204801891,138964205747650,945759
6519,138964205801798,138964206747261,945463
6520,138964206801742,138964207747223,945481
6521,138964207801668,138964208747297,945629
6522,138964208801612,138964209746926,945314
6523,138964209801519,138964210747093,945574
6524,138964210801481,138964211746907,945426
6525,138964211801425,138964212746777,945352
6526,138964212801370,138964213746703,945333
6527,138964213801277,138964214746480,945203
6528,138964214801221,138964215746554,945333
6529,138964215801128,138964216746831,945703
6530,138964216801090,138964217746405,945315
6531,138964217801016,138964218746775,945759
6532,138964218800979,138964219746608,945629
6533,138964219800886,138964220746626,945740
6534,138964220800830,138964221746163,945333
6535,138964221800755,138964222746181,945426
6536,138964222800663,138964223746088,945425
6537,138964223800625,138964224746199,945574
6538,138964224800588,138964225745976,945388
6539,138964225800513,138964226745809,945296
6540,138964226800439,138964227745476,945037
6541,138964227800365,138964228745975,945610
6542,138964228800309,138964229745438,945129
6543,138964229800234,138964230745641,945407
6544,138964230800160,138964231745474,945314
6545,138964231800085,138964232745678,945593
6546,138964232800030,138964233745640,945610
6547,138964233799955,138964234745121,945166
6548,138964234799899,138964235745436,945537
6549,138964235799862,138964236745436,945574
6550,138964236799787,138964237745213,945426
6551,138964237799713,138964238745842,946129
6552,138964238799657,138964239745083,945426
6553,138964239799583,138964240745379,945796
6554,138964240799527,138964241745360,945833
6555,138964241799434,138964242745119,945685
6556,138964242799378,138964243744544,945166
6557,138964243799304,138964244744803,945499
6558,138964244799266,138964245744599,945333
6559,138964245799173,138964246744506,945333
6560,138964246799099,138964247744284,945185
6561,138964247799043,138964248744598,945555
6562,138964248799024,138964249744339,945315
6563,138964249798931,138964250744301,945370
6564,138964250798857,138964251744079,945222
6565,138964251798782,138964252744338,945556
6566,138964252798727,138964253744263,945536
6567,138964253798652,138964254744004,945352
6568,138964254798596,138964255743911,945315
6569,138964255798522,138964256743799,945277
6570,138964256798466,138964257743873,945407
6571,138964257798392,138964258744021,945629
6572,138964258798354,138964259743835,945481
6573,138964259798243,138964260743909,945666
6574,138964260798224,138964261743594,945370
6575,138964261798131,138964262743519,945388
6576,138964262798075,138964263743278,945203
6577,138964263798001,138964264743426,945425
6578,138964264797945,138964265743037,945092
6579,138964265797870,138964266743481,945611
6580,138964266797814,138964267743351,945537
6581,138964267797721,138964268743129,945408
6582,138964268797684,138964269743036,945352
6583,138964269797591,138964270743054,945463
6584,138964270797554,138964271743016,945462
6585,138964271797461,138964272743016,945555
6586,138964272797423,138964273742942,945519
6587,138964273797349,138964274742756,945407
6588,138964274797275,138964275742608,945333
6589,138964275797219,138964276742700,945481
6590,138964276797181,138964277742626,945445
6591,138964277797070,138964278743236,946166
6592,138964278797014,138964279742625,945611
6593,138964279796940,138964280742439,945499
6594,138964280796902,138964281742217,945315
6595,138964281796809,138964282742050,945241
6596,138964282796753,138964283742179,945426
6597,138964283796679,138964284742290,945611
6598,138964284796623,138964285742345,945722
6599,138964285796567,138964286741808,945241
6600,138964286796511,138964287741826,945315
6601,138964287796418,138964288741955,945537
6602,138964288796381,138964289741510,945129
6603,138964289796288,138964290741603,945315
6604,138964290796232,138964291741750,945518
6605,138964291796158,138964292741769,945611
6606,138964292796102,138964293741565,945463
6607,138964293796046,138964294741342,945296
6608,138964294795972,138964295741453,945481
6609,138964295795879,138964296741341,945462
6610,138964296795841,138964297741193,945352
6611,138964297795748,138964298741618,945870
6612,138964298795730,138964299741303,945573
6613,138964299795618,138964300741136,945518
6614,138964300795581,138964301740914,945333
6615,138964301795506,138964302740876,945370
6616,138964302795450,138964303740746,945296
6617,138964303795376,138964304740802,945426
6618,138964304795302,138964305740616,945314
6619,138964305795227,138964306740764,945537
6620,138964306795153,138964307740523,945370
6621,138964307795097,138964308741282,946185
6622,138964308795060,138964309740504,945444
6623,138964309794985,138964310740189,945204
6624,138964310794929,138964311740522,945593
6625,138964311794855,138964312740558,945703
6626,138964312794817,138964313740021,945204
6627,138964313794725,138964314740206,945481
6628,138964314794650,138964315740187,945537
6629,138964315794576,138964316740409,945833
6630,138964316794538,138964317739927,945389
6631,138964317794445,138964318740149,945704
6632,138964318794390,138964319739982,945592
6633,138964319794334,138964320739870,945536
6634,138964320794259,138964321739629,945370
6635,138964321794203,138964322739407,945204
6636,138964322794147,138964323739499,945352
6637,138964323794073,138964324739406,945333
6638,138964324794017,138964325739276,945259
6639,138964325793924,138964326739276,945352
6640,138964326793868,138964327739220,945352
6641,138964327793812,138964328739182,945370
6642,138964328793738,138964329739534,945796
6643,138964329793664,138964330739015,945351
6644,138964330793589,138964331738996,945407
6645,138964331793533,138964332739311,945778
6646,138964332793459,138964333738884,945425
6647,138964333793403,138964334738643,945240
6648,138964334793329,138964335738810,945481
6649,138964335793273,138964336738846,945573
6650,138964336793217,138964337738605,945388
6651,138964337793161,138964338739087,945926
6652,138964338793105,138964339738771,945666
6653,138964339792994,138964340738456,945462
6654,138964340792956,138964341738289,945333
6655,138964341792882,138964342738252,945370
6656,138964342792807,138964343738344,945537
6657,138964343792733,138964344738362,945629
6658,138964344792677,138964345738029,945352
6659,138964345792603,138964346737917,945314
6660,138964346792528,138964347737843,945315
6661,138964347792491,138964348738120,945629
6662,138964348792453,138964349737712,945259
6663,138964349792361,138964350737953,945592
6664,138964350792286,138964351737675,945389
6665,138964351792212,138964352737674,945462
6666,138964352792156,138964353737359,945203
6667,138964353792100,138964354737618,945518
6668,138964354792026,138964355737488,945462
6669,138964355791951,138964356737599,945648
6670,138964356791895,138964357737228,945333
6671,138964357791821,138964358737709,945888
6672,138964358791765,138964359737079,945314
6673,138964359791672,138964360737079,945407
6674,138964360791653,138964361737134,945481
6675,138964361791579,138964362737208,945629
6676,138964362791504,138964363736893,945389
6677,138964363791430,138964364737004,945574
6678,138964364791374,138964365736652,945278
6679,138964365791318,138964366736577,945259
6680,138964366791244,138964367736614,945370
6681,138964367791188,138964368736965,945777
6682,138964368791132,138964369736576,945444
6683,138964369791021,138964370736520,945499
6684,138964370790965,138964371736224,945259
6685,138964371790909,138964372736260,945351
6686,138964372790834,138964373736223,945389
6687,138964373790797,138964374736204,945407
6688,138964374790723,138964375736056,945333
6689,138964375790667,138964376736314,945647
6690,138964376790592,138964377736092,945500
6691,138964377790536,138964378736314,945778
6692,138964378790443,138964379736017,945574
6693,138964379790369,138964380736461,946092
6694,138964380790332,138964381735794,945462
6695,138964381790239,138964382735738,945499
6696,138964382790183,138964383735997,945814
6697,138964383790127,138964384728090,937963
6698,138964384790052,138964385736034,945982
6699,138964385789997,138964386735293,945296
6700,138964386789941,138964387735329,945388
6701,138964387789866,138964388735866,946000
6702,138964388789829,138964389735384,945555
6703,138964389789736,138964390735254,945518
6704,138964390789662,138964391735032,945370
6705,138964391789606,138964392735013,945407
6706,138964392789550,138964393735087,945537
6707,138964393789475,138964394734808,945333
6708,138964394789401,138964395735012,945611
6709,138964395789327,138964396734882,945555
6710,138964396789271,138964397734807,945536
6711,138964397789196,138964398735048,945852
6712,138964398789159,138964399734585,945426
6713,138964399789084,138964400734769,945685
6714,138964400789047,138964401734491,945444
6715,138964401788954,138964402734195,945241
6716,138964402788917,138964403734287,945370
6717,138964403788805,138964404734101,945296
6718,138964404788749,138964405733897,945148
6719,138964405788694,138964406733804,945110
6720,138964406788601,138964407733971,945370
6721,138964407788545,138964408734007,945462
6722,138964408788526,138964409733803,945277
6723,138964409788414,138964410733803,945389
6724,138964410788359,138964411733747,945388
6725,138964411788303,138964412733876,945573
6726,138964412788247,138964413733635,945388
6727,138964413788135,138964414733728,945593
6728,138964414788098,138964415733357,945259
6729,138964415788024,138964416733486,945462
6730,138964416787968,138964417733319,945351
6731,138964417787893,138964418733708,945815
6732,138964418787837,138964419733263,945426
6733,138964419787763,138964420733392,945629
6734,138964420787689,138964421733096,945407
6735,138964421787614,138964422733114,945500
6736,138964422787558,138964423732984,945426
6737,138964423787502,138964424733132,945630
6738,138964424787446,138964425732854,945408
6739,138964425787372,138964426732779,945407
6740,138964426787298,138964427732853,945555
6741,138964427787242,138964428732390,945148
6742,138964428787167,138964429732852,945685
6743,138964429787093,138964430732500,945407
6744,138964430787037,138964431732463,945426
6745,138964431786963,138964432732703,945740
6746,138964432786925,138964433732166,945241
6747,138964433786832,138964434732295,945463
6748,138964434786758,138964435732072,945314
6749,138964435786721,138964436732405,945684
6750,138964436786665,138964437732201,945536
6751,138964437786590,138964438732442,945852
6752,138964438786516,138964439732016,945500
6753,138964439786460,138964440732034,945574
6754,138964440786386,138964441731441,945055
6755,138964441786311,138964442731663,945352
6756,138964442786255,138964443731588,945333
6757,138964443786162,138964444731755,945593
6758,138964444786125,138964445731439,945314
6759,138964445786051,138964446731495,945444
6760,138964446785976,138964447731328,945352
6761,138964447785939,138964448731272,945333
6762,138964448785883,138964449731420,945537
6763,138964449785808,138964450731216,945408
6764,138964450785734,138964451731049,945315
6765,138964451785641,138964452731289,945648
6766,138964452785622,138964453730881,945259
6767,138964453785529,138964454731122,945593
6768,138964454785473,138964455731195,945722
6769,138964455785399,138964456730751,945352
6770,138964456785343,138964457730750,945407
6771,138964457785250,138964458731287,946037
6772,138964458785213,138964459730601,945388
6773,138964459785138,138964460730527,945389
6774,138964460785082,138964461730564,945482
6775,138964461785008,138964462730397,945389
6776,138964462784934,138964463730748,945814
6777,138964463784878,138964464730618,945740
6778,138964464784840,138964465730210,945370
6779,138964465784747,138964466730136,945389
6780,138964466784673,138964467730117,945444
6781,138964467784599,138964468729913,945314
6782,138964468784561,138964469729968,945407
6783,138964469784468,138964470729950,945482
6784,138964470784412,138964471729857,945445
6785,138964471784320,138964472729782,945462
6786,138964472784282,138964473729652,945370
6787,138964473784226,138964474729578,945352
6788,138964474784152,138964475729448,945296
6789,138964475784077,138964476729892,945815
6790,138964476784040,138964477729447,945407
6791,138964477783966,138964478729947,945981
6792,138964478783873,138964479729095,945222
6793,138964479783798,138964480729224,945426
6794,138964480783742,138964481729594,945852
6795,138964481783668,138964482729057,945389
6796,138964482783631,138964483729149,945518
6797,138964483783556,138964484729278,945722
6798,138964484783482,138964485728870,945388
6799,138964485783407,138964486728944,945537
6800,138964486783370,138964487728759,945389
6801,138964487783314,138964488728777,945463
6802,138964488783240,138964489728888,945648
6803,138964489783184,138964490728498,945314
6804,138964490783091,138964491728387,945296
6805,138964491783035,138964492728720,945685
6806,138964492782961,138964493728164,945203
6807,138964493782905,138964494728053,945148
6808,138964494782830,138964495728441,945611
6809,138964495782756,138964496728441,945685
6810,138964496782719,138964497728033,945314
6811,138964497782626,138964498728125,945499
6812,138964498782570,138964499728384,945814
6813,138964499782514,138964500728254,945740
6814,138964500782458,138964501727791,945333
6815,138964501782384,138964502727976,945592
6816,138964502782309,138964503727772,945463
6817,138964503782235,138964504727845,945610
6818,138964504782197,138964505727456,945259
6819,138964505782104,138964506727567,945463
6820,138964506782049,138964507727511,945462
6821,138964507781974,138964508727677,945703
6822,138964508781918,138964509727622,945704
6823,138964509781844,138964510727399,945555
6824,138964510781751,138964511727102,945351
6825,138964511781732,138964512727121,945389
6826,138964512781658,138964513727046,945388
6827,138964513781583,138964514726972,945389
6828,138964514781527,138964515727194,945667
6829,138964515781453,138964516726934,945481
6830,138964516781397,138964517726693,945296
6831,138964517781304,138964518726822,945518
6832,138964518781267,138964519726748,945481
6833,138964519781174,138964520726470,945296
6834,138964520781136,138964521726673,945537
6835,138964521781043,138964522726488,945445
6836,138964522780988,138964523726432,945444
6837,138964523780950,138964524726339,945389
6838,138964524780894,138964525726450,945556
6839,138964525780801,138964526726357,945556
6840,138964526780745,138964527726134,945389
6841,138964527780671,138964528726115,945444
6842,138964528780634,138964529726726,946092
6843,138964529780541,138964530725929,945388
6844,138964530780485,138964531725873,945388
6845,138964531780392,138964532725818,945426
6846,138964532780355,138964533725502,945147
6847,138964533780280,138964534725632,945352
6848,138964534780206,138964535725780,945574
6849,138964535780150,138964536725742,945592
6850,138964536780094,138964537725483,945389
6851,138964537780020,138964538725334,945314
6852,138964538779945,138964539725223,945278
6853,138964539779908,138964540725741,945833
6854,138964540779852,138964541725000,945148
6855,138964541779759,138964542725185,945426
6856,138964542779685,138964543724999,945314
6857,138964543779629,138964544725239,945610
6858,138964544779573,138964545725109,945536
6859,138964545779461,138964546724905,945444
6860,138964546779405,138964547724757,945352
6861,138964547779331,138964548725016,945685
6862,138964548779331,138964549725108,945777
6863,138964549779238,138964550724608,945370
6864,138964550779163,138964551724570,945407
6865,138964551779089,138964552724570,945481
6866,138964552779052,138964553724607,945555
6867,138964553778940,138964554724199,945259
6868,138964554778921,138964555724569,945648
6869,138964555778828,138964556724161,945333
6870,138964556778772,138964557724457,945685
6871,138964557778680,138964558724346,945666
6872,138964558778642,138964559724068,945426
6873,138964559778568,138964560724271,945703
6874,138964560778512,138964561723900,945388
6875,138964561778456,138964562723845,945389
6876,138964562778363,138964563723807,945444
6877,138964563778307,138964564724011,945704
6878,138964564778270,138964565723714,945444
6879,138964565778177,138964566723547,945370
6880,138964566778102,138964567723435,945333
6881,138964567778028,138964568723472,945444
6882,138964568777972,138964569723805,945833
6883,138964569777916,138964570723286,945370
6884,138964570777842,138964571723267,945425
6885,138964571777786,138964572723508,945722
6886,138964572777730,138964573723026,945296
6887,138964573777656,138964574723026,945370
6888,138964574777600,138964575723044,945444
6889,138964575777525,138964576722858,945333
6890,138964576777451,138964577722821,945370
6891,138964577777395,138964578722839,945444
6892,138964578777321,138964579722672,945351
6893,138964579777265,138964580722672,945407
6894,138964580777190,138964581722505,945315
6895,138964581777134,138964582722671,945537
6896,138964582777060,138964583722467,945407
6897,138964583777004,138964584722615,945611
6898,138964584776930,138964585722263,945333
6899,138964585776874,138964586722299,945425
6900,138964586776799,138964587722132,945333
6901,138964587776706,138964588722077,945371
6902,138964588776688,138964589722539,945851
6903,138964589776595,138964590721983,945388
6904,138964590776520,138964591721983,945463
6905,138964591776464,138964592721797,945333
6906,138964592776427,138964593721964,945537
6907,138964593776353,138964594721778,945425
6908,138964594776260,138964595721704,945444
6909,138964595776204,138964596721815,945611
6910,138964596776129,138964597721388,945259
6911,138964597776055,138964598721332,945277
6912,138964598775999,138964599721999,946000
6913,138964599775943,138964600721369,945426
6914,138964600775887,138964601721387,945500
6915,138964601775813,138964602721368,945555
6916,138964602775738,138964603721071,945333
6917,138964603775683,138964604721108,945425
6918,138964604775627,138964605720904,945277
6919,138964605775552,138964606721163,945611
6920,138964606775459,138964607720959,945500
6921,138964607775422,138964608720903,945481
6922,138964608775366,138964609721366,946000
6923,138964609775292,138964610720606,945314
6924,138964610775236,138964611720791,945555
6925,138964611775161,138964612721957,946796
6926,138964612775124,138964613720420,945296
6927,138964613775031,138964614720531,945500
6928,138964614774957,138964615720327,945370
6929,138964615774919,138964616720660,945741
6930,138964616774826,138964617720159,945333
6931,138964617774752,138964618720270,945518
6932,138964618774715,138964619720122,945407
6933,138964619774622,138964620720103,945481
6934,138964620774566,138964621720102,945536
6935,138964621774491,138964622720102,945611
6936,138964622774435,138964623719805,945370
6937,138964623774380,138964624720101,945721
6938,138964624774324,138964625719879,945555
6939,138964625774231,138964626719804,945573
6940,138964626774175,138964627719360,945185
6941,138964627774100,138964628719563,945463
6942,138964628774045,138964629720063,946018
6943,138964629773989,138964630719618,945629
6944,138964630773896,138964631719303,945407
6945,138964631773821,138964632719247,945426
6946,138964632773784,138964633719228,945444
6947,138964633773710,138964634719061,945351
6948,138964634773635,138964635718876,945241
6949,138964635773579,138964636719060,945481
6950,138964636773542,138964637718930,945388
6951,138964637773467,138964638718763,945296
6952,138964638773393,138964639718615,945222
6953,138964639773337,138964640718929,945592
6954,138964640773263,138964641718633,945370
6955,138964641773188,138964642718614,945426
6956,138964642773132,138964643718539,945407
6957,138964643773039,138964644718428,945389
6958,138964644772984,138964645718298,945314
6959,138964645772928,138964646718390,945462
6960,138964646772853,138964647718316,945463
6961,138964647772779,138964648718982,946203
6962,138964648772742,138964649718556,945814
6963,138964649772667,138964650718222,945555
6964,138964650772593,138964651717963,945370
6965,138964651772537,138964652718259,945722
6966,138964652772481,138964653717944,945463
6967,138964653772388,138964654717832,945444
6968,138964654772332,138964655717610,945278
6969,138964655772276,138964656717831,945555
6970,138964656772183,138964657717535,945352
6971,138964657772127,138964658717534,945407
6972,138964658772053,138964659717423,945370
6973,138964659771997,138964660718163,946166
6974,138964660771941,138964661717385,945444
6975,138964661771867,138964662717422,945555
6976,138964662771811,138964663717107,945296
6977,138964663771736,138964664717107,945371
6978,138964664771699,138964665717088,945389
6979,138964665771606,138964666717087,945481
6980,138964666771532,138964667716828,945296
6981,138964667771476,138964668717087,945611
6982,138964668771420,138964669716957,945537
6983,138964669771346,138964670716642,945296
6984,138964670771290,138964671716604,945314
6985,138964671771197,138964672717419,946222
6986,138964672771159,138964673716566,945407
6987,138964673771103,138964674716381,945278
6988,138964674771029,138964675716362,945333
6989,138964675770955,138964676717214,946259
6990,138964676770880,138964677716343,945463
6991,138964677770806,138964678716250,945444
6992,138964678770731,138964679716138,945407
6993,138964679770694,138964680717305,946611
6994,138964680770620,138964681716008,945388
6995,138964681770545,138964682716026,945481
6996,138964682770471,138964683716045,945574
6997,138964683770415,138964684717285,946870
6998,138964684770359,138964685715729,945370
6999,138964685770303,138964686715710,945407
7000,138964686770229,138964687715728,945499
7001,138964687770173,138964688716617,946444
7002,138964688770098,138964689716172,946074
7003,138964689770043,138964690715450,945407
7004,138964690769968,138964691715671,945703
7005,138964691769894,138964692716708,946814
7006,138964692769856,138964693715208,945352
7007,138964693769782,138964694715300,945518
7008,138964694769708,138964695715170,945462
7009,138964695769633,138964696716374,946741
7010,138964696769559,138964697714910,945351
7011,138964697769503,138964698715188,945685
7012,138964698769447,138964699714761,945314
7013,138964699769391,138964700716502,947111
7014,138964700769335,138964701714983,945648
7015,138964701769261,138964702714779,945518
7016,138964702769168,138964703714482,945314
7017,138964703769112,138964704715871,946759
7018,138964704769056,138964705714630,945574
7019,138964705768982,138964706714444,945462
7020,138964706768926,138964707714444,945518
7021,138964707768851,138964708715499,946648
7022,138964708768795,138964709714962,946167
7023,138964709768721,138964710714073,945352
7024,138964710768647,138964711713961,945314
7025,138964711768591,138964712715220,946629
7026,138964712768535,138964713713942,945407
7027,138964713768479,138964714713719,945240
7028,138964714768386,138964715713830,945444
7029,138964715768330,138964716715163,946833
7030,138964716768274,138964717713663,945389
7031,138964717768200,138964718713551,945351
7032,138964718768125,138964719713644,945519
7033,138964719768051,138964720714736,946685
7034,138964720768014,138964721713254,945240
7035,138964721767921,138964722713624,945703
7036,138964722767865,138964723713364,945499
7037,138964723767790,138964724714605,946815
7038,138964724767753,138964725713179,945426
7039,138964725767679,138964726713419,945740
7040,138964726767623,138964727713141,945518
7041,138964727767548,138964728714344,946796
7042,138964728767492,138964729713381,945889
7043,138964729767418,138964730712825,945407
7044,138964730767325,138964731712621,945296
7045,138964731767269,138964732714047,946778
7046,138964732767213,138964733712676,945463
7047,138964733767157,138964734712509,945352
7048,138964734767083,138964735712527,945444
7049,138964735767009,138964736713471,946462
7050,138964736766971,138964737712249,945278
7051,138964737766897,138964738712211,945314
7052,138964738766804,138964739712211,945407
7053,138964739766748,138964740713581,946833
7054,138964740766692,138964741711895,945203
7055,138964741766618,138964742711969,945351
7056,138964742766543,138964743711858,945315
7057,138964743766469,138964744713024,946555
7058,138964744766431,138964745711913,945482
7059,138964745766339,138964746711634,945295
7060,138964746766301,138964747711671,945370
7061,138964747766208,138964748712634,946426
7062,138964748766171,138964749712263,946092
7063,138964749766096,138964750711559,945463
7064,138964750766022,138964751711688,945666
7065,138964751765948,138964752712632,946684
7066,138964752765910,138964753711354,945444
7067,138964753765854,138964754711243,945389
7068,138964754765761,138964755711243,945482
7069,138964755765706,138964756712205,946499
7070,138964756765631,138964757711094,945463
7071,138964757765557,138964758710927,945370
7072,138964758765501,138964759711075,945574
7073,138964759765445,138964760712167,946722
7074,138964760765389,138964761711037,945648
7075,138964761765315,138964762710722,945407
7076,138964762765259,138964763710536,945277
7077,138964763765184,138964764711943,946759
7078,138964764765128,138964765710628,945500
7079,138964765765035,138964766710276,945241
7080,138964766764998,138964767710424,945426
7081,138964767764887,138964768711479,946592
7082,138964768764849,138964769710756,945907
7083,138964769764775,138964770710219,945444
7084,138964770764700,138964771709996,945296
7085,138964771764645,138964772711311,946666
7086,138964772764589,138964773709959,945370
7087,138964773764514,138964774710125,945611
7088,138964774764477,138964775709884,945407
7089,138964775764384,138964776711365,946981
7090,138964776764347,138964777709735,945388
7091,138964777764254,138964778709753,945499
7092,138964778764179,138964779709586,945407
7093,138964779764123,138964780710919,946796
7094,138964780764067,138964781709382,945315
7095,138964781763975,138964782709419,945444
7096,138964782763937,138964783709122,945185
7097,138964783763863,138964784711640,947777
7098,138964784763807,138964785709121,945314
7099,138964785763714,138964786709084,945370
7100,138964786763658,138964787708936,945278
7101,138964787763602,138964788710435,946833
7102,138964788763565,138964789709064,945499
7103,138964789763472,138964790709064,945592
7104,138964790763397,138964791708712,945315
7105,138964791763342,138964792710304,946962
7106,138964792763286,138964793708767,945481
7107,138964793763211,138964794708544,945333
7108,138964794763137,138964795708674,945537
7109,138964795763081,138964796709840,946759
7110,138964796763007,138964797708210,945203
7111,138964797762932,138964798708376,945444
7112,138964798762858,138964799708172,945314
7113,138964799762820,138964800709468,946648
7114,138964800762764,138964801708097,945333
7115,138964801762690,138964802707968,945278
7116,138964802762616,138964803708023,945407
7117,138964803762560,138964804709226,946666
7118,138964804762485,138964805707855,945370
7119,138964805762411,138964806707966,945555
7120,138964806762355,138964807707725,945370
7121,138964807762281,138964808708799,946518
7122,138964808762225,138964809707632,945407
7123,138964809762132,138964810707613,945481
7124,138964810762076,138964811707613,945537
7125,138964811762001,138964812708427,946426
7126,138964812761964,138964813707501,945537
7127,138964813761908,138964814707223,945315
7128,138964814761834,138964815707241,945407
7129,138964815761759,138964816707167,945408
7130,138964816761704,138964817707166,945462
7131,138964817761629,138964818707332,945703
7132,138964818761573,138964819706851,945278
7133,138964819761480,138964820708721,947241
7134,138964820761443,138964821706943,945500
7135,138964821761369,138964822706572,945203
7136,138964822761294,138964823707053,945759
7137,138964823761238,138964824706664,945426
7138,138964824761182,138964825706608,945426
7139,138964825761126,138964826706645,945519
7140,138964826761033,138964827706089,945056
7141,138964827760959,138964828706570,945611
7142,138964828760940,138964829706384,945444
7143,138964829760829,138964830706217,945388
7144,138964830760773,138964831706198,945425
7145,138964831760698,138964832706143,945445
7146,138964832760680,138964833706013,945333
7147,138964833760568,138964834705957,945389
7148,138964834760512,138964835706086,945574
7149,138964835760438,138964836706771,946333
7150,138964836760382,138964837705863,945481
7151,138964837760308,138964838705752,945444
7152,138964838760270,138964839705548,945278
7153,138964839760196,138964840706288,946092
7154,138964840760158,138964841705547,945389
7155,138964841760047,138964842705565,945518
7156,138964842759991,138964843705380,945389
7157,138964843759917,138964844706287,946370
7158,138964844759861,138964845705323,945462
7159,138964845759786,138964846705305,945519
7160,138964846759730,138964847704952,945222
7161,138964847759656,138964848706248,946592
7162,138964848759600,138964849704785,945185
7163,138964849759526,138964850705137,945611
7164,138964850759488,138964851704581,945093
7165,138964851759414,138964852706154,946740
7166,138964852759358,138964853704728,945370
7167,138964853759284,138964854704469,945185
7168,138964854759209,138964855704987,945778
7169,138964855759135,138964856704560,945425
7170,138964856759079,138964857704412,945333
7171,138964857759005,138964858704467,945462
7172,138964858758930,138964859704189,945259
7173,138964859758874,138964860706078,947204
7174,138964860758818,138964861704207,945389
7175,138964861758725,138964862704003,945278
7176,138964862758688,138964863704188,945500
7177,138964863758632,138964864704187,945555
7178,138964864758558,138964865704076,945518
7179,138964865758483,138964866703853,945370
7180,138964866758427,138964867703594,945167
7181,138964867758353,138964868703964,945611
7182,138964868758297,138964869703612,945315
7183,138964869758223,138964870704019,945796
7184,138964870758167,138964871703537,945370
7185,138964871758092,138964872703851,945759
7186,138964872758018,138964873703758,945740
7187,138964873757944,138964874703351,945407
7188,138964874757869,138964875703350,945481
7189,138964875757850,138964876703387,945537
7190,138964876757776,138964877703127,945351
7191,138964877757702,138964878703257,945555
7192,138964878757627,138964879703016,945389
7193,138964879757571,138964880703534,945963
7194,138964880757515,138964881702830,945315
7195,138964881757404,138964882702792,945388
7196,138964882757348,138964883702885,945537
7197,138964883757274,138964884703014,945740
7198,138964884757236,138964885702754,945518
7199,138964885757162,138964886702884,945722
7200,138964886757087,138964887702457,945370
7201,138964887757050,138964888702902,945852
7202,138964888757013,138964889702512,945499
7203,138964889756901,138964890702253,945352
7204,138964890756845,138964891702456,945611
7205,138964891756752,138964892702234,945482
7206,138964892756715,138964893702011,945296
7207,138964893756622,138964894701807,945185
7208,138964894756585,138964895702010,945425
7209,138964895756529,138964896702177,945648
7210,138964896756436,138964897701713,945277
7211,138964897756361,138964898701676,945315
7212,138964898756324,138964899701509,945185
7213,138964899756231,138964900701805,945574
7214,138964900756231,138964901701582,945351
7215,138964901756119,138964902701638,945519
7216,138964902756045,138964903701452,945407
7217,138964903755971,138964904701396,945425
7218,138964904755933,138964905701155,945222
7219,138964905755859,138964906701192,945333
7220,138964906755784,138964907701173,945389
7221,138964907755728,138964908701524,945796
7222,138964908755673,138964909701191,945518
7223,138964909755580,138964910701524,945944
7224,138964910755524,138964911700949,945425
7225,138964911755468,138964912701134,945666
7226,138964912755393,138964913700819,945426
7227,138964913755319,138964914700782,945463
7228,138964914755263,138964915700596,945333
7229,138964915755207,138964916700892,945685
7230,138964916755151,138964917700355,945204
7231,138964917755058,138964918700447,945389
7232,138964918754984,138964919700428,945444
7233,138964919754947,138964920700428,945481
7234,138964920754891,138964921700705,945814
7235,138964921754816,138964922700446,945630
7236,138964922754742,138964923700019,945277
7237,138964923754668,138964924700204,945536
7238,138964924754630,138964925700056,945426
7239,138964925754537,138964926699944,945407
7240,138964926754463,138964927699925,945462
7241,138964927754407,138964928700073,945666
7242,138964928754351,138964929699758,945407
7243,138964929754277,138964930700091,945814
7244,138964930754221,138964931699461,945240
7245,138964931754146,138964932699868,945722
7246,138964932754090,138964933699423,945333
7247,138964933754016,138964934699756,945740
7248,138964934753923,138964935699367,945444
7249,138964935753867,138964936699534,945667
7250,138964936753848,138964937699144,945296
7251,138964937753737,138964938699366,945629
7252,138964938753681,138964939699607,945926
7253,138964939753625,138964940699347,945722
7254,138964940753588,138964941699254,945666
7255,138964941753513,138964942699032,945519
7256,138964942753439,138964943698846,945407
7257,138964943753346,138964944699198,945852
7258,138964944753327,138964945698660,945333
7259,138964945753216,138964946698678,945462
7260,138964946753160,138964947698382,945222
7261,138964947753085,138964948698807,945722
7262,138964948753048,138964949698325,945277
7263,138964949752955,138964950698751,945796
7264,138964950752918,138964951698473,945555
7265,138964951752862,138964952698565,945703
7266,138964952752806,138964953698065,945259
7267,138964953752713,138964954698194,945481
7268,138964954752639,138964955697860,945221
7269,138964955752564,138964956698156,945592
7270,138964956752545,138964957697860,945315
7271,138964957752415,138964958697526,945111
7272,138964958752359,138964959697804,945445
7273,138964959752304,138964960697785,945481
7274,138964960752266,138964961697710,945444
7275,138964961752155,138964962697580,945425
7276,138964962752117,138964963697524,945407
7277,138964963752043,138964964697450,945407
7278,138964964752024,138964965697376,945352
7279,138964965751913,138964966697301,945388
7280,138964966751857,138964967697782,945925
7281,138964967751782,138964968697301,945519
7282,138964968751726,138964969697300,945574
7283,138964969751652,138964970697615,945963
7284,138964970751596,138964971696985,945389
7285,138964971751522,138964972697114,945592
7286,138964972751466,138964973696817,945351
7287,138964973751373,138964974696743,945370
7288,138964974751299,138964975696854,945555
7289,138964975751243,138964976696631,945388
7290,138964976751205,138964977696649,945444
7291,138964977751131,138964978696538,945407
7292,138964978751075,138964979696667,945592
7293,138964979750982,138964980696297,945315
7294,138964980750963,138964981696333,945370
7295,138964981750852,138964982696444,945592
7296,138964982750777,138964983696110,945333
7297,138964983750721,138964984696258,945537
7298,138964984750666,138964985695980,945314
7299,138964985750591,138964986696146,945555
7300,138964986750535,138964987695961,945426
7301,138964987750461,138964988696109,945648
7302,138964988750423,138964989695812,945389
7303,138964989750349,138964990696552,946203
7304,138964990750312,138964991695904,945592
7305,138964991750200,138964992695755,945555
7306,138964992750163,138964993695737,945574
7307,138964993750070,138964994695458,945388
7308,138964994750014,138964995695477,945463
7309,138964995749940,138964996695439,945499
7310,138964996749884,138964997695124,945240
7311,138964997749828,138964998695124,945296
7312,138964998749716,138964999695049,945333
7313,138964999749660,138965000695271,945611
7314,138965000749660,138965001695067,945407
7315,138965001749567,138965002695141,945574
7316,138965002749493,138965003695030,945537
7317,138965003749363,138965004695011,945648
7318,138965004749400,138965005694621,945221
7319,138965005749270,138965006694769,945499
7320,138965006749232,138965007694658,945426
7321,138965007749158,138965008694491,945333
7322,138965008749139,138965009694528,945389
7323,138965009749028,138965010694898,945870
7324,138965010748916,138965011694212,945296
7325,138965011748879,138965012694212,945333
7326,138965012748841,138965013694063,945222
7327,138965013748748,138965014694285,945537
7328,138965014748692,138965015694026,945334
7329,138965015748637,138965016694044,945407
7330,138965016748599,138965017693988,945389
7331,138965017748506,138965018693802,945296
7332,138965018748432,138965019693783,945351
7333,138965019748376,138965020694079,945703
7334,138965020748320,138965021693616,945296
7335,138965021748246,138965022693764,945518
7336,138965022748190,138965023693541,945351
7337,138965023748115,138965024693671,945556
7338,138965024748041,138965025693448,945407
7339,138965025747948,138965026693374,945426
7340,138965026747929,138965027693336,945407
7341,138965027747855,138965028693169,945314
7342,138965028747799,138965029693132,945333
7343,138965029747724,138965030693539,945815
7344,138965030747650,138965031692909,945259
7345,138965031747576,138965032693001,945425
7346,138965032747520,138965033692890,945370
7347,138965033747445,138965034692945,945500
7348,138965034747389,138965035692778,945389
7349,138965035747315,138965036692778,945463
7350,138965036747259,138965037692722,945463
7351,138965037747185,138965038692555,945370
7352,138965038747092,138965039692536,945444
7353,138965039747054,138965040692702,945648
7354,138965040747036,138965041692202,945166
7355,138965041746924,138965042692276,945352
7356,138965042746850,138965043692238,945388
7357,138965043746794,138965044692090,945296
7358,138965044746756,138965045692052,945296
7359,138965045746664,138965046692015,945351
7360,138965046746608,138965047692126,945518
7361,138965047746533,138965048691811,945278
7362,138965048746477,138965049691959,945482
7363,138965049746403,138965050692569,946166
7364,138965050746329,138965051691754,945425
7365,138965051746254,138965052691772,945518
7366,138965052746217,138965053691661,945444
7367,138965053746161,138965054691642,945481
7368,138965054746086,138965055691475,945389
7369,138965055745994,138965056691660,945666
7370,138965056745956,138965057691252,945296
7371,138965057745863,138965058691307,945444
7372,138965058745789,138965059690863,945074
7373,138965059745733,138965060691677,945944
7374,138965060745677,138965061691214,945537
7375,138965061745603,138965062691047,945444
7376,138965062745528,138965063690991,945463
7377,138965063745454,138965064691157,945703
7378,138965064745416,138965065690861,945445
7379,138965065745342,138965066691064,945722
7380,138965066745286,138965067690693,945407
7381,138965067745212,138965068690748,945536
7382,138965068745174,138965069690563,945389
7383,138965069745081,138965070691081,946000
7384,138965070745007,138965071690507,945500
7385,138965071744951,138965072690488,945537
7386,138965072744895,138965073690469,945574
7387,138965073744802,138965074690209,945407
7388,138965074744746,138965075690246,945500
7389,138965075744672,138965076690190,945518
7390,138965076744635,138965077690097,945462
7391,138965077744579,138965078689912,945333
7392,138965078744504,138965079690004,945500
7393,138965079744430,138965080690152,945722
7394,138965080744374,138965081689559,945185
7395,138965081744300,138965082689559,945259
7396,138965082744207,138965083689410,945203
7397,138965083744169,138965084689891,945722
7398,138965084744132,138965085689613,945481
7399,138965085744039,138965086689576,945537
7400,138965086743965,138965087689520,945555
7401,138965087743909,138965088689279,945370
7402,138965088743853,138965089689352,945499
7403,138965089743760,138965090689074,945314
7404,138965090743722,138965091689389,945667
7405,138965091743648,138965092689148,945500
7406,138965092743592,138965093688833,945241
7407,138965093743518,138965094688851,945333
7408,138965094743443,138965095688721,945278
7409,138965095743369,138965096688832,945463
7410,138965096743313,138965097688591,945278
7411,138965097743239,138965098688553,945314
7412,138965098743164,138965099688331,945167
7413,138965099743127,138965100688756,945629
7414,138965100743034,138965101688478,945444
7415,138965101742978,138965102688404,945426
7416,138965102742904,138965103688163,945259
7417,138965103742848,138965104688310,945462
7418,138965104742792,138965105688162,945370
7419,138965105742736,138965106687939,945203
7420,138965106742680,138965107688180,945500
7421,138965107742587,138965108688031,945444
7422,138965108742568,138965109687772,945204
7423,138965109742438,138965110687771,945333
7424,138965110742382,138965111687845,945463
7425,138965111742308,138965112687789,945481
7426,138965112742271,138965113687252,944981
7427,138965113742178,138965114687937,945759
7428,138965114742140,138965115687381,945241
7429,138965115742066,138965116687288,945222
7430,138965116742029,138965117687584,945555
7431,138965117741954,138965118687454,945500
7432,138965118741880,138965119687231,945351
7433,138965119741805,138965120687398,945593
7434,138965120741768,138965121687805,946037
7435,138965121741694,138965122687045,945351
7436,138965122741582,138965123686989,945407
7437,138965123741526,138965124686841,945315
7438,138965124741489,138965125686618,945129
7439,138965125741377,138965126686822,945445
7440,138965126741321,138965127686506,945185
7441,138965127741284,138965128686969,945685
7442,138965128741247,138965129686376,945129
7443,138965129741154,138965130686616,945462
7444,138965130741061,138965131686209,945148
7445,138965131741024,138965132686394,945370
7446,138965132740949,138965133686375,945426
7447,138965133740875,138965134686374,945499
7448,138965134740800,138965135686133,945333
7449,138965135740763,138965136686189,945426
7450,138965136740689,138965137685947,945258
7451,138965137740614,138965138685966,945352
7452,138965138740558,138965139685854,945296
7453,138965139740465,138965140686150,945685
7454,138965140740428,138965141686187,945759
7455,138965141740372,138965142685761,945389
7456,138965142740298,138965143685742,945444
7457,138965143740242,138965144686075,945833
7458,138965144740186,138965145685408,945222
7459,138965145740093,138965146685407,945314
7460,138965146740000,138965147685277,945277
7461,138965147739944,138965148685555,945611
7462,138965148739925,138965149685295,945370
7463,138965149739814,138965150685165,945351
7464,138965150739758,138965151685221,945463
7465,138965151739702,138965152685202,945500
7466,138965152739646,138965153684979,945333
7467,138965153739553,138965154684960,945407
7468,138965154739516,138965155684830,945314
7469,138965155739441,138965156685311,945870
7470,138965156739404,138965157684700,945296
7471,138965157739311,138965158684681,945370
7472,138965158739237,138965159684514,945277
7473,138965159739181,138965160684532,945351
7474,138965160739125,138965161685236,946111
7475,138965161739032,138965162684198,945166
7476,138965162738976,138965163684216,945240
7477,138965163738920,138965164684568,945648
7478,138965164738846,138965165684457,945611
7479,138965165738771,138965166684530,945759
7480,138965166738715,138965167684104,945389
7481,138965167738660,138965168684233,945573
7482,138965168738604,138965169683937,945333
7483,138965169738529,138965170683918,945389
7484,138965170738436,138965171683843,945407
7485,138965171738399,138965172683843,945444
7486,138965172738325,138965173684009,945684
7487,138965173738250,138965174683416,945166
7488,138965174738176,138965175683546,945370
7489,138965175738138,138965176683601,945463
7490,138965176738082,138965177683471,945389
7491,138965177737971,138965178683415,945444
7492,138965178737897,138965179683211,945314
7493,138965179737878,138965180683303,945425
7494,138965180737822,138965181683951,946129
7495,138965181737747,138965182683266,945519
7496,138965182737655,138965183683006,945351
7497,138965183737617,138965184683061,945444
7498,138965184737561,138965185682876,945315
7499,138965185737468,138965186683024,945556
7500,138965186737412,138965187682857,945445
7501,138965187737320,138965188682801,945481
7502,138965188737282,138965189682745,945463
7503,138965189737208,138965190682615,945407
7504,138965190737133,138965191682540,945407
7505,138965191737077,138965192682725,945648
7506,138965192737022,138965193682484,945462
7507,138965193736947,138965194682317,945370
7508,138965194736891,138965195682187,945296
7509,138965195736835,138965196682409,945574
7510,138965196736779,138965197682149,945370
7511,138965197736687,138965198682205,945518
7512,138965198736631,138965199681667,945036
7513,138965199736556,138965200681908,945352
7514,138965200736519,138965201682352,945833
7515,138965201736407,138965202681722,945315
7516,138965202736351,138965203681814,945463
7517,138965203736296,138965204681740,945444
7518,138965204736240,138965205681795,945555
7519,138965205736165,138965206681406,945241
7520,138965206736091,138965207682109,946018
7521,138965207736016,138965208681424,945408
7522,138965208735979,138965209681294,945315
7523,138965209735886,138965210681349,945463
7524,138965210735830,138965211681200,945370
7525,138965211735737,138965212681607,945870
7526,138965212735700,138965213681144,945444
7527,138965213735644,138965214681514,945870
7528,138965214735551,138965215681014,945463
7529,138965215735477,138965216681051,945574
7530,138965216735439,138965217680772,945333
7531,138965217735365,138965218680661,945296
7532,138965218735309,138965219680661,945352
7533,138965219735235,138965220680697,945462
7534,138965220735179,138965221681290,946111
7535,138965221735123,138965222680530,945407
7536,138965222735048,138965223680400,945352
7537,138965223734956,138965224680289,945333
7538,138965224734918,138965225680251,945333
7539,138965225734844,138965226680158,945314
7540,138965226734769,138965227680232,945463
7541,138965227734713,138965228680139,945426
7542,138965228734658,138965229680102,945444
7543,138965229734565,138965230679935,945370
7544,138965230734527,138965231679953,945426
7545,138965231734471,138965232680008,945537
7546,138965232734397,138965233679786,945389
7547,138965233734304,138965234679822,945518
7548,138965234734248,138965235679785,945537
7549,138965235734174,138965236679636,945462
7550,138965236734118,138965237679358,945240
7551,138965237734043,138965238679654,945611
7552,138965238733988,138965239679413,945425
7553,138965239733913,138965240679561,945648
7554,138965240733876,138965241679894,946018
7555,138965241733801,138965242679116,945315
7556,138965242733764,138965243679116,945352
7557,138965243733653,138965244679115,945462
7558,138965244733634,138965245679170,945536
7559,138965245733541,138965246679077,945536
7560,138965246733466,138965247678929,945463
7561,138965247733410,138965248678762,945352
7562,138965248733355,138965249678799,945444
7563,138965249733262,138965250678761,945499
7564,138965250733206,138965251678465,945259
7565,138965251733131,138965252678650,945519
7566,138965252733075,138965253678538,945463
7567,138965253732982,138965254678538,945556
7568,138965254732945,138965255678519,945574
7569,138965255732871,138965256678593,945722
7570,138965256732815,138965257678185,945370
7571,138965257732740,138965258677999,945259
7572,138965258732685,138965259677962,945277
7573,138965259732592,138965260677943,945351
7574,138965260732554,138965261678609,946055
7575,138965261732480,138965262677924,945444
7576,138965262732405,138965263677812,945407
7577,138965263732349,138965264677683,945334
7578,138965264732275,138965265677923,945648
7579,138965265732201,138965266677552,945351
7580,138965266732145,138965267677700,945555
7581,138965267732052,138965268677422,945370
7582,138965268732033,138965269677514,945481
7583,138965269731959,138965270677366,945407
7584,138965270731884,138965271677310,945426
7585,138965271731810,138965272677495,945685
7586,138965272731772,138965273677105,945333
7587,138965273731698,138965274677105,945407
7588,138965274731624,138965275676753,945129
7589,138965275731549,138965276677253,945704
7590,138965276731512,138965277676974,945462
7591,138965277731437,138965278676826,945389
7592,138965278731344,138965279676770,945426
7593,138965279731289,138965280676807,945518
7594,138965280731233,138965281677492,946259
7595,138965281731195,138965282676584,945389
7596,138965282731121,138965283676658,945537
7597,138965283731028,138965284676879,945851
7598,138965284730991,138965285676305,945314
7599,138965285730916,138965286676231,945315
7600,138965286730842,138965287676323,945481
7601,138965287730749,138965288676119,945370
7602,138965288730711,138965289676341,945630
7603,138965289730637,138965290676211,945574
7604,138965290730581,138965291676025,945444
7605,138965291730525,138965292675710,945185
7606,138965292730469,138965293676080,945611
7607,138965293730358,138965294675913,945555
7608,138965294730339,138965295675783,945444
7609,138965295730246,138965296675968,945722
7610,138965296730209,138965297675542,945333
7611,138965297730079,138965298675504,945425
7612,138965298730041,138965299675578,945537
7613,138965299729967,138965300675300,945333
7614,138965300729911,138965301675837,945926
7615,138965301729874,138965302675596,945722
7616,138965302729799,138965303675206,945407
7617,138965303729725,138965304675336,945611
7618,138965304729651,138965305675372,945721
7619,138965305729576,138965306675039,945463
7620,138965306729520,138965307675057,945537
7621,138965307729446,138965308674871,945425
7622,138965308729408,138965309674816,945408
7623,138965309729334,138965310674945,945611
7624,138965310729278,138965311674667,945389
7625,138965311729204,138965312674703,945499
7626,138965312729166,138965313674592,945426
7627,138965313729073,138965314674499,945426
7628,138965314728980,138965315674388,945408
7629,138965315728925,138965316674887,945962
7630,138965316728869,138965317674146,945277
7631,138965317728757,138965318674090,945333
7632,138965318728720,138965319674386,945666
7633,138965319728664,138965320674090,945426
7634,138965320728627,138965321674423,945796
7635,138965321728552,138965322673959,945407
7636,138965322728478,138965323673996,945518
7637,138965323728403,138965324673977,945574
7638,138965324728348,138965325673569,945221
7639,138965325728292,138965326673773,945481
7640,138965326728199,138965327673569,945370
7641,138965327728143,138965328674068,945925
7642,138965328728087,138965329673494,945407
7643,138965329728012,138965330673383,945371
7644,138965330727938,138965331673586,945648
7645,138965331727882,138965332673086,945204
7646,138965332727845,138965333673585,945740
7647,138965333727752,138965334673289,945537
7648,138965334727677,138965335673159,945482
7649,138965335727603,138965336673066,945463
7650,138965336727566,138965337673121,945555
7651,138965337727491,138965338672806,945315
7652,138965338727435,138965339672731,945296
7653,138965339727361,138965340673064,945703
7654,138965340727287,138965341673194,945907
7655,138965341727231,138965342672545,945314
7656,138965342727156,138965343672545,945389
7657,138965343727082,138965344672711,945629
7658,138965344727026,138965345672155,945129
7659,138965345726970,138965346672229,945259
7660,138965346726896,138965347672358,945462
7661,138965347726840,138965348672302,945462
7662,138965348726784,138965349672098,945314
7663,138965349726672,138965350672080,945408
7664,138965350726635,138965351672042,945407
7665,138965351726561,138965352672097,945536
7666,138965352726505,138965353671856,945351
7667,138965353726449,138965354672097,945648
7668,138965354726356,138965355671948,945592
7669,138965355726300,138965356671911,945611
7670,138965356726244,138965357671633,945389
7671,138965357726188,138965358671651,945463
7672,138965358726114,138965359671762,945648
7673,138965359726058,138965360671558,945500
7674,138965360726002,138965361672113,946111
7675,138965361725928,138965362671279,945351
7676,138965362725835,138965363671260,945425
7677,138965363725760,138965364671334,945574
7678,138965364725723,138965365671241,945518
7679,138965365725630,138965366670667,945037
7680,138965366725574,138965367671278,945704
7681,138965367725518,138965368670944,945426
7682,138965368725462,138965369671073,945611
7683,138965369725369,138965370670869,945500
7684,138965370725332,138965371670702,945370
7685,138965371725239,138965372671017,945778
7686,138965372725202,138965373670664,945462
7687,138965373725127,138965374670460,945333
7688,138965374725071,138965375670367,945296
7689,138965375724997,138965376670219,945222
7690,138965376724923,138965377670515,945592
7691,138965377724848,138965378670366,945518
7692,138965378724811,138965379670181,945370
7693,138965379724718,138965380670477,945759
7694,138965380724681,138965381670125,945444
7695,138965381724588,138965382670624,946036
7696,138965382724513,138965383669957,945444
7697,138965383724476,138965384670198,945722
7698,138965384724420,138965385669808,945388
7699,138965385724364,138965386669938,945574
7700,138965386724271,138965387669863,945592
7701,138965387724215,138965388669548,945333
7702,138965388724141,138965389669659,945518
7703,138965389724085,138965390669640,945555
7704,138965390723992,138965391669732,945740
7705,138965391723936,138965392669732,945796
7706,138965392723880,138965393669343,945463
7707,138965393723824,138965394669250,945426
7708,138965394723750,138965395669064,945314
7709,138965395723675,138965396669008,945333
7710,138965396723657,138965397669119,945462
7711,138965397723564,138965398669063,945499
7712,138965398723471,138965399668970,945499
7713,138965399723433,138965400668859,945426
7714,138965400723378,138965401668525,945147
7715,138965401723266,138965402668655,945389
7716,138965402723229,138965403668562,945333
7717,138965403723136,138965404668617,945481
7718,138965404723098,138965405668580,945482
7719,138965405723024,138965406668487,945463
7720,138965406722950,138965407668486,945536
7721,138965407722894,138965408641134,918240
7722,138965408722856,138965409668189,945333
7723,138965409722745,138965410668263,945518
7724,138965410722689,138965411667874,945185
7725,138965411722633,138965412669207,946574
7726,138965412722596,138965413667947,945351
7727,138965413722484,138965414668280,945796
7728,138965414722428,138965415667724,945296
7729,138965415722354,138965416667743,945389
7730,138965416722317,138965417667816,945499
7731,138965417722224,138965418667760,945536
7732,138965418722168,138965419667556,945388
7733,138965419722093,138965420667389,945296
7734,138965420722037,138965421667296,945259
7735,138965421721982,138965422667370,945388
7736,138965422721944,138965423667222,945278
7737,138965423721851,138965424667536,945685
7738,138965424721777,138965425667165,945388
7739,138965425721721,138965426667628,945907
7740,138965426721647,138965427667054,945407
7741,138965427721572,138965428667072,945500
7742,138965428721516,138965429666923,945407
7743,138965429721460,138965430666738,945278
7744,138965430721367,138965431666997,945630
7745,138965431721293,138965432667163,945870
7746,138965432721256,138965433666552,945296
7747,138965433721163,138965434666644,945481
7748,138965434721125,138965435666421,945296
7749,138965435721051,138965436666532,945481
7750,138965436721014,138965437666421,945407
7751,138965437720921,138965438666365,945444
7752,138965438720846,138965439666272,945426
7753,138965439720809,138965440666179,945370
7754,138965440720734,138965441666086,945352
7755,138965441720641,138965442666197,945556
7756,138965442720586,138965443666067,945481
7757,138965443720530,138965444666178,945648
7758,138965444720474,138965445666066,945592
7759,138965445720399,138965446665918,945519
7760,138965446720344,138965447665732,945388
7761,138965447720269,138965448665695,945426
7762,138965448720213,138965449665898,945685
7763,138965449720139,138965450665453,945314
7764,138965450720064,138965451665546,945482
7765,138965451719990,138965452666379,946389
7766,138965452719953,138965453665489,945536
7767,138965453719841,138965454665396,945555
7768,138965454719804,138965455665452,945648
7769,138965455719748,138965456665229,945481
7770,138965456719673,138965457665081,945408
7771,138965457719618,138965458664951,945333
7772,138965458719543,138965459664932,945389
7773,138965459719469,138965460664857,945388
7774,138965460719413,138965461664894,945481
7775,138965461719357,138965462664709,945352
7776,138965462719301,138965463664893,945592
7777,138965463719208,138965464664615,945407
7778,138965464719189,138965465664504,945315
7779,138965465719096,138965466664429,945333
7780,138965466719022,138965467664429,945407
7781,138965467718948,138965468664725,945777
7782,138965468718892,138965469664169,945277
7783,138965469718817,138965470664280,945463
7784,138965470718743,138965471664113,945370
7785,138965471718687,138965472664557,945870
7786,138965472718650,138965473664186,945536
7787,138965473718557,138965474663945,945388
7788,138965474718501,138965475663834,945333
7789,138965475718408,138965476663778,945370
7790,138965476718389,138965477664055,945666
7791,138965477718296,138965478663870,945574
7792,138965478718203,138965479663499,945296
7793,138965479718166,138965480663777,945611
7794,138965480718110,138965481663535,945425
7795,138965481718017,138965482663443,945426
7796,138965482717961,138965483663201,945240
7797,138965483717887,138965484663220,945333
7798,138965484717831,138965485663497,945666
7799,138965485717756,138965486663182,945426
7800,138965486717719,138965487662922,945203
7801,138965487717645,138965488663181,945536
7802,138965488717589,138965489662866,945277
7803,138965489717496,138965490662810,945314
7804,138965490717440,138965491662717,945277
7805,138965491717365,138965492663013,945648
7806,138965492717310,138965493662698,945388
7807,138965493717217,138965494662550,945333
7808,138965494717179,138965495662549,945370
7809,138965495717105,138965496662697,945592
7810,138965496717049,138965497662400,945351
7811,138965497716993,138965498662308,945315
7812,138965498716900,138965499662066,945166
7813,138965499716863,138965500662344,945481
7814,138965500716807,138965501662232,945425
7815,138965501716732,138965502662621,945889
7816,138965502716695,138965503661973,945278
7817,138965503716584,138965504661898,945314
7818,138965504716528,138965505661935,945407
7819,138965505716435,138965506661842,945407
7820,138965506716379,138965507661767,945388
7821,138965507716304,138965508661823,945519
7822,138965508716286,138965509661693,945407
7823,138965509716174,138965510661674,945500
7824,138965510716118,138965511661525,945407
7825,138965511716081,138965512661395,945314
7826,138965512716025,138965513661395,945370
7827,138965513715932,138965514661321,945389
7828,138965514715876,138965515661246,945370
7829,138965515715783,138965516661283,945500
7830,138965516715746,138965517661338,945592
7831,138965517715671,138965518661116,945445
7832,138965518715579,138965519660875,945296
7833,138965519715541,138965520660985,945444
7834,138965520715467,138965521660874,945407
7835,138965521715392,138965522661466,946074
7836,138965522715355,138965523660725,945370
7837,138965523715281,138965524660502,945221
7838,138965524715225,138965525660761,945536
7839,138965525715150,138965526660446,945296
7840,138965526715094,138965527660464,945370
7841,138965527715020,138965528660353,945333
7842,138965528714964,138965529660482,945518
7843,138965529714890,138965530660315,945425
7844,138965530714834,138965531659852,945018
7845,138965531714759,138965532660444,945685
7846,138965532714685,138965533660036,945351
7847,138965533714611,138965534660018,945407
7848,138965534714536,138965535660036,945500
7849,138965535714480,138965536660091,945611
7850,138965536714443,138965537659906,945463
7851,138965537714368,138965538660053,945685
7852,138965538714294,138965539659757,945463
7853,138965539714238,138965540659886,945648
7854,138965540714201,138965541659626,945425
7855,138965541714071,138965542660015,945944
7856,138965542714033,138965543659422,945389
7857,138965543713959,138965544659681,945722
7858,138965544713922,138965545659162,945240
7859,138965545713810,138965546659180,945370
7860,138965546713754,138965547659254,945500
7861,138965547713680,138965548659087,945407
7862,138965548713661,138965549659068,945407
7863,138965549713568,138965550659420,945852
7864,138965550713494,138965551659123,945629
7865,138965551713438,138965552659197,945759
7866,138965552713400,138965553658900,945500
7867,138965553713308,138965554658863,945555
7868,138965554713233,138965555658677,945444
7869,138965555713140,138965556658547,945407
7870,138965556713103,138965557658491,945388
7871,138965557713047,138965558658547,945500
7872,138965558712973,138965559658602,945629
7873,138965559712898,138965560658435,945537
7874,138965560712842,138965561658138,945296
7875,138965561712805,138965562658619,945814
7876,138965562712712,138965563658249,945537
7877,138965563712656,138965564658452,945796
7878,138965564712619,138965565657933,945314
7879,138965565712507,138965566657914,945407
7880,138965566712451,138965567657729,945278
7881,138965567712395,138965568657747,945352
7882,138965568712247,138965569657691,945444
7883,138965569712265,138965570657783,945518
7884,138965570712172,138965571657579,945407
7885,138965571712116,138965572657468,945352
7886,138965572712079,138965573657597,945518
7887,138965573711986,138965574657504,945518
7888,138965574711949,138965575657374,945425
7889,138965575711856,138965576657244,945388
7890,138965576711818,138965577657170,945352
7891,138965577711744,138965578657188,945444
7892,138965578711669,138965579657225,945556
7893,138965579711614,138965580657187,945573
7894,138965580711539,138965581656928,945389
7895,138965581711446,138965582657316,945870
7896,138965582711427,138965583656668,945241
7897,138965583711316,138965584657408,946092
7898,138965584711260,138965585656723,945463
7899,138965585711204,138965586656648,945444
7900,138965586711130,138965587656333,945203
7901,138965587711055,138965588656592,945537
7902,138965588711018,138965589656555,945537
7903,138965589710944,138965590656221,945277
7904,138965590710869,138965591656221,945352
7905,138965591710813,138965592656220,945407
7906,138965592710776,138965593656164,945388
7907,138965593710664,138965594656164,945500
7908,138965594710627,138965595655997,945370
7909,138965595710553,138965596656256,945703
7910,138965596710497,138965597655848,945351
7911,138965597710404,138965598655885,945481
7912,138965598710329,138965599655848,945519
7913,138965599710274,138965600655810,945536
7914,138965600710236,138965601655532,945296
7915,138965601710162,138965602656310,946148
7916,138965602710087,138965603655531,945444
7917,138965603709994,138965604655735,945741
7918,138965604709976,138965605655364,945388
7919,138965605709901,138965606655271,945370
7920,138965606709808,138965607655271,945463
7921,138965607709734,138965608655308,945574
7922,138965608709696,138965609655252,945556
7923,138965609709622,138965610654955,945333
7924,138965610709566,138965611655047,945481
7925,138965611709492,138965612654732,945240
7926,138965612709436,138965613654973,945537
7927,138965613709361,138965614654935,945574
7928,138965614709287,138965615654639,945352
7929,138965615709250,138965616654490,945240
7930,138965616709175,138965617654638,945463
7931,138965617709119,138965618654730,945611
7932,138965618709045,138965619654804,945759
7933,138965619708971,138965620654581,945610
7934,138965620708915,138965621654303,945388
7935,138965621708822,138965622654618,945796
7936,138965622708784,138965623654284,945500
7937,138965623708691,138965624654543,945852
7938,138965624708654,138965625654043,945389
7939,138965625708580,138965626654005,945425
7940,138965626708505,138965627653894,945389
7941,138965627708449,138965628654060,945611
7942,138965628708393,138965629653838,945445
7943,138965629708300,138965630653634,945334
7944,138965630708245,138965631653689,945444
7945,138965631708170,138965632653688,945518
7946,138965632708133,138965633653336,945203
7947,138965633708040,138965634653614,945574
7948,138965634707984,138965635653224,945240
7949,138965635707910,138965636653224,945314
7950,138965636707872,138965637653242,945370
7951,138965637707779,138965638653168,945389
7952,138965638707742,138965639653130,945388
7953,138965639707668,138965640653371,945703
7954,138965640707612,138965641652908,945296
7955,138965641707537,138965642653629,946092
7956,138965642707463,138965643652870,945407
7957,138965643707388,138965644652795,945407
7958,138965644707351,138965645652795,945444
7959,138965645707277,138965646652776,945499
7960,138965646707184,138965647652609,945425
7961,138965647707128,138965648652757,945629
7962,138965648707072,138965649652368,945296
7963,138965649706997,138965650652590,945593
7964,138965650706923,138965651652238,945315
7965,138965651706849,138965652653774,946925
7966,138965652706830,138965653652237,945407
7967,138965653706737,138965654652033,945296
7968,138965654706681,138965655652347,945666
7969,138965655706588,138965656652125,945537
7970,138965656706569,138965657651902,945333
7971,138965657706476,138965658651754,945278
7972,138965658706402,138965659651716,945314
7973,138965659706346,138965660652957,946611
7974,138965660706272,138965661651808,945536
7975,138965661706216,138965662651808,945592
7976,138965662706160,138965663651530,945370
7977,138965663706067,138965664652863,946796
7978,138965664706048,138965665651881,945833
7979,138965665705955,138965666651510,945555
7980,138965666705899,138965667651491,945592
7981,138965667705806,138965668652602,946796
7982,138965668705750,138965669651343,945593
7983,138965669705694,138965670650953,945259
7984,138965670705620,138965671651046,945426
7985,138965671705546,138965672652508,946962
7986,138965672705490,138965673650638,945148
7987,138965673705415,138965674650767,945352
7988,138965674705359,138965675650600,945241
7989,138965675705285,138965676651637,946352
7990,138965676705229,138965677650692,945463
7991,138965677705192,138965678650506,945314
7992,138965678705099,138965679650413,945314
7993,138965679705043,138965680651691,946648
7994,138965680704987,138965681650413,945426
7995,138965681704894,138965682650727,945833
7996,138965682704838,138965683650301,945463
7997,138965683704764,138965684652912,948148
7998,138965684704708,138965685650189,945481
7999,138965685704634,138965686649985,945351
8000,138965686704559,138965687649781,945222
8001,138965687704485,138965688651447,946962
8002,138965688704447,138965689649947,945500
8003,138965689704391,138965690649743,945352
8004,138965690704298,138965691649854,945556
8005,138965691704243,138965692651483,947240
8006,138965692704187,138965693649779,945592
8007,138965693704112,138965694649519,945407
8008,138965694704056,138965695649501,945445
8009,138965695703963,138965696650556,946593
8010,138965696703926,138965697649537,945611
8011,138965697703852,138965698649129,945277
8012,138965698703759,138965699649240,945481
8013,138965699703721,138965700650388,946667
8014,138965700703666,138965701649221,945555
8015,138965701703573,138965702648887,945314
8016,138965702703535,138965703648720,945185
8017,138965703703461,138965704650275,946814
8018,138965704703405,138965705649053,945648
8019,138965705703312,138965706648626,945314
8020,138965706703256,138965707648774,945518
8021,138965707703200,138965708649811,946611
8022,138965708703126,138965709648292,945166
8023,138965709703051,138965710648514,945463
8024,138965710702977,138965711648254,945277
8025,138965711702921,138965712649661,946740
8026,138965712702884,138965713648198,945314
8027,138965713702791,138965714648309,945518
8028,138965714702735,138965715648179,945444
8029,138965715702679,138965716649308,946629
8030,138965716702623,138965717647956,945333
8031,138965717702549,138965718647697,945148
8032,138965718702474,138965719648307,945833
8033,138965719702400,138965720649085,946685
8034,138965720702344,138965721647733,945389
8035,138965721702270,138965722647640,945370
8036,138965722702214,138965723647954,945740
8037,138965723702121,138965724649046,946925
8038,138965724702065,138965725647602,945537
8039,138965725702009,138965726647416,945407
8040,138965726701953,138965727647379,945426
8041,138965727701860,138965728648952,947092
8042,138965728701860,138965729647137,945277
8043,138965729701767,138965730647044,945277
8044,138965730701674,138965731647137,945463
8045,138965731701618,138965732648562,946944
8046,138965732701562,138965733647173,945611
8047,138965733701488,138965734646765,945277
8048,138965734701432,138965735646802,945370
8049,138965735701357,138965736648246,946889
8050,138965736701283,138965737646672,945389
8051,138965737701209,138965738646486,945277
8052,138965738701153,138965739646615,945462
8053,138965739701097,138965740647467,946370
8054,138965740701041,138965741646448,945407
8055,138965741700967,138965742646281,945314
8056,138965742700892,138965743646244,945352
8057,138965743700855,138965744647577,946722
8058,138965744700780,138965745646354,945574
8059,138965745700706,138965746646261,945555
8060,138965746700650,138965747646020,945370
8061,138965747700576,138965748647279,946703
8062,138965748700501,138965749646056,945555
8063,138965749700427,138965750645834,945407
8064,138965750700371,138965751645759,945388
8065,138965751700278,138965752647018,946740
8066,138965752700241,138965753645518,945277
8067,138965753700148,138965754645592,945444
8068,138965754700110,138965755645443,945333
8069,138965755700036,138965756646554,946518
8070,138965756699999,138965757645406,945407
8071,138965757699906,138965758645516,945610
8072,138965758699831,138965759645238,945407
8073,138965759699757,138965760646738,946981
8074,138965760699738,138965761645164,945426
8075,138965761699645,138965762645052,945407
8076,138965762699589,138965763645774,946185
8077,138965763699515,138965764646200,946685
8078,138965764699440,138965765645033,945593
8079,138965765699366,138965766645106,945740
8080,138965766699291,138965767644810,945519
8081,138965767699254,138965768646235,946981
8082,138965768699217,138965769644587,945370
8083,138965769699142,138965770644549,945407
8084,138965770699049,138965771644734,945685
8085,138965771698993,138965772645901,946908
8086,138965772698938,138965773644234,945296
8087,138965773698863,138965774644418,945555
8088,138965774698789,138965775644400,945611
8089,138965775698714,138965776644066,945352
8090,138965776698658,138965777644047,945389
8091,138965777698584,138965778644010,945426
8092,138965778698510,138965779643917,945407
8093,138965779698472,138965780643916,945444
8094,138965780698435,138965781643712,945277
8095,138965781698342,138965782643768,945426
8096,138965782698268,138965783644286,946018
8097,138965783698212,138965784643545,945333
8098,138965784698156,138965785643507,945351
8099,138965785698063,138965786643414,945351
8100,138965786698007,138965787643266,945259
8101,138965787697933,138965788643469,945536
8102,138965788697877,138965789643599,945722
8103,138965789697802,138965790643246,945444
8104,138965790697728,138965791643135,945407
8105,138965791697672,138965792643190,945518
8106,138965792697635,138965793643208,945573
8107,138965793697560,138965794642967,945407
8108,138965794697486,138965795642634,945148
8109,138965795697411,138965796642892,945481
8110,138965796697355,138965797642744,945389
8111,138965797697281,138965798642929,945648
8112,138965798697225,138965799642780,945555
8113,138965799697151,138965800642854,945703
8114,138965800697076,138965801642613,945537
8115,138965801697002,138965802642279,945277
8116,138965802696946,138965803642890,945944
8117,138965803696890,138965804642408,945518
8118,138965804696834,138965805642204,945370
8119,138965805696760,138965806642185,945425
8120,138965806696722,138965807642185,945463
8121,138965807696630,138965808642166,945536
8122,138965808696574,138965809641888,945314
8123,138965809696481,138965810641703,945222
8124,138965810696425,138965811641813,945388
8125,138965811696369,138965812642017,945648
8126,138965812696295,138965813641868,945573
8127,138965813696220,138965814641461,945241
8128,138965814696164,138965815642016,945852
8129,138965815696090,138965816641460,945370
8130,138965816696034,138965817641348,945314
8131,138965817695959,138965818641385,945426
8132,138965818695904,138965819641366,945462
8133,138965819695848,138965820641310,945462
8134,138965820695773,138965821641014,945241
8135,138965821695680,138965822641050,945370
8136,138965822695643,138965823641439,945796
8137,138965823695587,138965824641124,945537
8138,138965824695550,138965825640827,945277
8139,138965825695438,138965826640882,945444
8140,138965826695382,138965827640715,945333
8141,138965827695289,138965828640641,945352
8142,138965828695234,138965829640604,945370
8143,138965829695178,138965830640714,945536
8144,138965830695066,138965831640436,945370
8145,138965831695047,138965832640214,945167
8146,138965832695029,138965833640547,945518
8147,138965833694936,138965834640583,945647
8148,138965834694861,138965835640361,945500
8149,138965835694731,138965836640472,945741
8150,138965836694749,138965837640119,945370
8151,138965837694675,138965838640138,945463
8152,138965838694582,138965839640100,945518
8153,138965839694508,138965840639859,945351
8154,138965840694452,138965841639859,945407
8155,138965841694377,138965842639933,945556
8156,138965842694303,138965843640321,946018
8157,138965843694284,138965844639839,945555
8158,138965844694210,138965845639506,945296
8159,138965845694117,138965846639431,945314
8160,138965846694079,138965847639283,945204
8161,138965847694005,138965848639245,945240
8162,138965848693931,138965849639301,945370
8163,138965849693856,138965850639171,945315
8164,138965850693782,138965851639244,945462
8165,138965851693744,138965852639151,945407
8166,138965852693688,138965853639299,945611
8167,138965853693614,138965854639206,945592
8168,138965854693540,138965855638965,945425
8169,138965855693447,138965856639150,945703
8170,138965856693428,138965857638668,945240
8171,138965857693335,138965858638816,945481
8172,138965858693279,138965859638705,945426
8173,138965859693205,138965860638741,945536
8174,138965860693167,138965861638685,945518
8175,138965861693093,138965862638704,945611
8176,138965862693018,138965863639166,946148
8177,138965863692944,138965864638425,945481
8178,138965864692870,138965865638314,945444
8179,138965865692814,138965866638091,945277
8180,138965866692739,138965867638072,945333
8181,138965867692683,138965868638165,945482
8182,138965868692609,138965869638164,945555
8183,138965869692572,138965870637923,945351
8184,138965870692479,138965871637978,945499
8185,138965871692441,138965872637848,945407
8186,138965872692367,138965873637904,945537
8187,138965873692311,138965874637644,945333
8188,138965874692218,138965875637718,945500
8189,138965875692181,138965876637773,945592
8190,138965876692088,138965877637402,945314
8191,138965877692032,138965878637309,945277
8192,138965878691957,138965879637328,945371
8193,138965879691883,138965880637327,945444
8194,138965880691846,138965881637549,945703
8195,138965881691753,138965882637438,945685
8196,138965882691697,138965883637622,945925
8197,138965883691660,138965884637363,945703
8198,138965884691585,138965885636900,945315
8199,138965885691492,138965886636844,945352
8200,138965886691436,138965887637158,945722
8201,138965887691380,138965888636825,945445
8202,138965888691325,138965889636658,945333
8203,138965889691232,138965890636750,945518
8204,138965890691139,138965891636694,945555
8205,138965891691101,138965892636397,945296
8206,138965892691027,138965893636378,945351
8207,138965893690971,138965894636582,945611
8208,138965894690897,138965895636378,945481
8209,138965895690841,138965896636229,945388
8210,138965896690803,138965897636340,945537
8211,138965897690710,138965898636154,945444
8212,138965898690654,138965899636173,945519
8213,138965899690599,138965900636320,945721
8214,138965900690506,138965901635950,945444
8215,138965901690450,138965902635709,945259
8216,138965902690375,138965903636523,946148
8217,138965903690301,138965904635930,945629
8218,138965904690245,138965905635504,945259
8219,138965905690189,138965906635744,945555
8220,138965906690115,138965907635411,945296
8221,138965907690059,138965908635633,945574
8222,138965908690021,138965909635317,945296
8223,138965909689929,138965910635650,945721
8224,138965910689873,138965911635039,945166
8225,138965911689798,138965912635131,945333
8226,138965912689724,138965913635279,945555
8227,138965913689686,138965914634964,945278
8228,138965914689594,138965915635352,945758
8229,138965915689556,138965916635056,945500
8230,138965916689482,138965917634907,945425
8231,138965917689389,138965918634889,945500
8232,138965918689333,138965919634610,945277
8233,138965919689259,138965920634925,945666
8234,138965920689203,138965921634665,945462
8235,138965921689165,138965922634517,945352
8236,138965922689072,138965923635276,946204
8237,138965923689016,138965924634831,945815
8238,138965924688961,138965925634257,945296
8239,138965925688868,138965926634256,945388
8240,138965926688812,138965927634034,945222
8241,138965927688737,138965928634496,945759
8242,138965928688681,138965929634051,945370
8243,138965929688607,138965930634051,945444
8244,138965930688551,138965931634069,945518
8245,138965931688477,138965932633810,945333
8246,138965932688421,138965933633791,945370
8247,138965933688346,138965934633883,945537
8248,138965934688291,138965935633568,945277
8249,138965935688235,138965936633716,945481
8250,138965936688179,138965937633697,945518
8251,138965937688067,138965938633567,945500
8252,138965938688030,138965939633493,945463
8253,138965939687955,138965940633326,945371
8254,138965940687900,138965941633473,945573
8255,138965941687807,138965942633214,945407
8256,138965942687769,138965943633899,946130
8257,138965943687695,138965944633176,945481
8258,138965944687620,138965945632954,945334
8259,138965945687546,138965946632824,945278
8260,138965946687490,138965947633008,945518
8261,138965947687453,138965948632638,945185
8262,138965948687378,138965949632785,945407
8263,138965949687323,138965950632637,945314
8264,138965950687248,138965951632692,945444
8265,138965951687174,138965952632822,945648
8266,138965952687118,138965953632488,945370
8267,138965953687043,138965954632413,945370
8268,138965954686969,138965955632506,945537
8269,138965955686895,138965956632357,945462
8270,138965956686839,138965957632320,945481
8271,138965957686783,138965958632208,945425
8272,138965958686690,138965959632541,945851
8273,138965959686634,138965960631763,945129
8274,138965960686597,138965961632078,945481
8275,138965961686541,138965962632003,945462
8276,138965962686448,138965963632392,945944
8277,138965963686392,138965964632003,945611
8278,138965964686336,138965965631762,945426
8279,138965965686243,138965966631817,945574
8280,138965966686187,138965967631557,945370
8281,138965967686113,138965968631594,945481
8282,138965968686057,138965969631427,945370
8283,138965969685982,138965970631445,945463
8284,138965970685908,138965971631186,945278
8285,138965971685834,138965972631500,945666
8286,138965972685796,138965973631203,945407
8287,138965973685722,138965974631166,945444
8288,138965974685666,138965975630943,945277
8289,138965975685573,138965976631239,945666
8290,138965976685554,138965977630961,945407
8291,138965977685461,138965978630924,945463
8292,138965978685405,138965979630924,945519
8293,138965979685349,138965980630775,945426
8294,138965980685275,138965981630627,945352
8295,138965981685182,138965982630497,945315
8296,138965982685126,138965983631219,946093
8297,138965983685052,138965984630607,945555
8298,138965984685014,138965985630773,945759
8299,138965985684959,138965986630477,945518
8300,138965986684903,138965987630476,945573
8301,138965987684810,138965988631532,946722
8302,138965988684958,138965989631402,946444
8303,138965989684698,138965990630864,946166
8304,138965990685086,138965991630660,945574
8305,138965991684549,138965992630197,945648
8306,138965992684493,138965993629808,945315
8307,138965993684419,138965994629919,945500
8308,138965994684344,138965995629770,945426
8309,138965995684289,138965996629770,945481
8310,138965996684214,138965997629640,945426
8311,138965997684158,138965998629880,945722
8312,138965998684121,138965999629509,945388
8313,138965999684028,138966000629435,945407
8314,138966000683972,138966001629324,945352
8315,138966001683879,138966002629508,945629
8316,138966002683823,138966003629490,945667
8317,138966003683767,138966004629211,945444
8318,138966004683711,138966005629100,945389
8319,138966005683618,138966006629081,945463
8320,138966006683563,138966007629044,945481
8321,138966007683488,138966008629303,945815
8322,138966008683432,138966009629025,945593
8323,138966009683358,138966010628728,945370
8324,138966010683283,138966011628728,945445
8325,138966011683265,138966012628616,945351
8326,138966012683209,138966013628468,945259
8327,138966013683097,138966014628486,945389
8328,138966014683041,138966015628319,945278
8329,138966015682967,138966016628707,945740
8330,138966016682911,138966017628133,945222
8331,138966017682837,138966018628336,945499
8332,138966018682781,138966019628095,945314
8333,138966019682725,138966020627891,945166
8334,138966020682650,138966021628187,945537
8335,138966021682558,138966022627909,945351
8336,138966022682520,138966023627946,945426
8337,138966023682464,138966024628427,945963
8338,138966024682408,138966025627853,945445
8339,138966025682334,138966026627871,945537
8340,138966026682260,138966027627741,945481
8341,138966027682185,138966028627611,945426
8342,138966028682129,138966029627647,945518
8343,138966029682055,138966030627518,945463
8344,138966030681999,138966031627758,945759
8345,138966031681925,138966032627461,945536
8346,138966032681869,138966033627294,945425
8347,138966033681776,138966034627553,945777
8348,138966034681720,138966035627312,945592
8349,138966035681645,138966036627478,945833
8350,138966036681590,138966037627311,945721
8351,138966037681515,138966038626848,945333
8352,138966038681459,138966039627014,945555
8353,138966039681385,138966040626922,945537
8354,138966040681347,138966041626884,945537
8355,138966041681273,138966042626865,945592
8356,138966042681217,138966043626624,945407
8357,138966043681124,138966044626846,945722
8358,138966044681068,138966045626624,945556
8359,138966045680975,138966046626420,945445
8360,138966046680920,138966047626660,945740
8361,138966047680864,138966048626178,945314
8362,138966048680826,138966049626252,945426
8363,138966049680715,138966050626159,945444
8364,138966050680659,138966051626066,945407
8365,138966051680622,138966052626251,945629
8366,138966052680566,138966053625825,945259
8367,138966053680473,138966054626695,946222
8368,138966054680417,138966055625805,945388
8369,138966055680324,138966056625768,945444
8370,138966056680287,138966057625694,945407
8371,138966057680212,138966058625545,945333
8372,138966058680156,138966059625674,945518
8373,138966059680082,138966060625674,945592
8374,138966060680026,138966061625266,945240
8375,138966061679914,138966062625229,945315
8376,138966062679877,138966063625173,945296
8377,138966063679840,138966064625173,945333
8378,138966064679784,138966065625117,945333
8379,138966065679691,138966066625209,945518
8380,138966066679616,138966067625024,945408
8381,138966067679561,138966068624857,945296
8382,138966068679505,138966069624912,945407
8383,138966069679430,138966070624819,945389
8384,138966070679356,138966071624726,945370
8385,138966071679263,138966072624800,945537
8386,138966072679207,138966073624522,945315
8387,138966073679133,138966074627003,947870
8388,138966074679132,138966075624539,945407
8389,138966075679021,138966076625335,946314
8390,138966076679058,138966077624891,945833
8391,138966077678909,138966078624279,945370
8392,138966078678835,138966079624094,945259
8393,138966079678742,138966080624797,946055
8394,138966080678723,138966081623945,945222
8395,138966081678648,138966082624037,945389
8396,138966082678556,138966083624203,945647
8397,138966083678500,138966084623999,945499
8398,138966084678462,138966085623758,945296
8399,138966085678351,138966086623869,945518
8400,138966086678295,138966087623739,945444
8401,138966087678221,138966088623720,945499
8402,138966088678165,138966089623572,945407
8403,138966089678109,138966090623442,945333
8404,138966090678034,138966091623478,945444
8405,138966091677978,138966092623700,945722
8406,138966092677941,138966093623182,945241
8407,138966093677848,138966094623811,945963
8408,138966094677811,138966095623088,945277
8409,138966095677718,138966096623329,945611
8410,138966096677662,138966097623162,945500
8411,138966097677569,138966098622995,945426
8412,138966098677495,138966099623013,945518
8413,138966099677439,138966100623050,945611
8414,138966100677401,138966101623031,945630
8415,138966101677308,138966102622623,945315
8416,138966102677271,138966103622771,945500
8417,138966103677197,138966104622530,945333
8418,138966104677141,138966105622640,945499
8419,138966105677066,138966106622436,945370
8420,138966106676992,138966107622343,945351
8421,138966107676918,138966108622399,945481
8422,138966108676862,138966109622046,945184
8423,138966109676787,138966110622213,945426
8424,138966110676713,138966111622305,945592
8425,138966111676638,138966112622157,945519
8426,138966112676638,138966113622119,945481
8427,138966113676527,138966114622360,945833
8428,138966114676489,138966115621637,945148
8429,138966115676396,138966116622081,945685
8430,138966116676340,138966117621599,945259
8431,138966117676266,138966118621710,945444
8432,138966118676210,138966119621543,945333
8433,138966119676136,138966120621617,945481
8434,138966120676098,138966121621468,945370
8435,138966121676005,138966122621431,945426
8436,138966122675931,138966123621320,945389
8437,138966123675857,138966124621375,945518
8438,138966124675819,138966125621356,945537
8439,138966125675745,138966126621244,945499
8440,138966126675670,138966127621244,945574
8441,138966127675615,138966128620966,945351
8442,138966128675577,138966129620929,945352
8443,138966129675466,138966130621243,945777
8444,138966130675410,138966131620687,945277
8445,138966131675354,138966132620687,945333
8446,138966132675279,138966133620613,945334
8447,138966133675205,138966134621131,945926
8448,138966134675149,138966135620630,945481
8449,138966135675075,138966136620593,945518
8450,138966136675019,138966137620370,945351
8451,138966137674944,138966138620426,945482
8452,138966138674870,138966139620240,945370
8453,138966139674796,138966140620203,945407
8454,138966140674758,138966141620388,945630
8455,138966141674684,138966142620072,945388
8456,138966142674646,138966143620461,945815
8457,138966143674554,138966144620794,946240
8458,138966144674516,138966145619997,945481
8459,138966145674442,138966146619923,945481
8460,138966146674349,138966147619719,945370
8461,138966147674293,138966148619904,945611
8462,138966148674256,138966149619848,945592
8463,138966149674163,138966150619773,945610
8464,138966150674088,138966151619440,945352
8465,138966151674014,138966152619588,945574
8466,138966152673976,138966153619421,945445
8467,138966153673902,138966154620161,946259
8468,138966154673865,138966155619475,945610
8469,138966155673790,138966156619327,945537
8470,138966156673753,138966157619586,945833
8471,138966157673641,138966158619252,945611
8472,138966158673586,138966159619215,945629
8473,138966159673493,138966160619177,945684
8474,138966160673437,138966161618955,945518
8475,138966161673362,138966162618714,945352
8476,138966162673288,138966163618936,945648
8477,138966163673232,138966164618935,945703
8478,138966164673213,138966165618750,945537
8479,138966165673102,138966166618509,945407
8480,138966166673064,138966167618527,945463
8481,138966167672990,138966168618323,945333
8482,138966168672934,138966169618286,945352
8483,138966169672841,138966170618359,945518
8484,138966170672785,138966171618285,945500
8485,138966171672711,138966172618081,945370
8486,138966172672673,138966173618155,945482
8487,138966173672581,138966174618636,946055
8488,138966174672543,138966175618395,945852
8489,138966175672469,138966176617820,945351
8490,138966176672394,138966177617820,945426
8491,138966177672320,138966178617746,945426
8492,138966178672264,138966179617671,945407
8493,138966179672208,138966180617949,945741
8494,138966180672171,138966181617522,945351
8495,138966181672059,138966182617652,945593
8496,138966182672003,138966183617688,945685
8497,138966183671948,138966184617521,945573
8498,138966184671892,138966185617521,945629
8499,138966185671780,138966186617539,945759
8500,138966186671724,138966187617354,945630
8501,138966187671687,138966188617316,945629
8502,138966188671613,138966189617205,945592
8503,138966189671538,138966190617204,945666
8504,138966190671464,138966191616723,945259
8505,138966191671408,138966192616796,945388
8506,138966192671352,138966193616852,945500
8507,138966193671277,138966194617277,946000
8508,138966194671222,138966195616758,945536
8509,138966195671147,138966196616647,945500
8510,138966196671110,138966197616628,945518
8511,138966197670998,138966198616424,945426
8512,138966198670942,138966199616331,945389
8513,138966199670887,138966200616368,945481
8514,138966200670831,138966201616312,945481
8515,138966201670756,138966202616386,945630
8516,138966202670663,138966203616107,945444
8517,138966203670607,138966204616144,945537
8518,138966204670552,138966205615866,945314
8519,138966205670496,138966206616273,945777
8520,138966206670440,138966207615921,945481
8521,138966207670365,138966208615939,945574
8522,138966208670309,138966209615791,945482
8523,138966209670217,138966210615642,945425
8524,138966210670142,138966211615531,945389
8525,138966211670105,138966212615716,945611
8526,138966212670049,138966213615456,945407
8527,138966213669937,138966214616252,946315
8528,138966214669882,138966215615307,945425
8529,138966215669826,138966216615251,945425
8530,138966216669788,138966217615344,945556
8531,138966217669695,138966218615047,945352
8532,138966218669639,138966219615232,945593
8533,138966219669547,138966220614935,945388
8534,138966220669546,138966221614972,945426
8535,138966221669435,138966222615268,945833
8536,138966222669379,138966223614971,945592
8537,138966223669286,138966224615230,945944
8538,138966224669267,138966225614841,945574
8539,138966225669174,138966226614618,945444
8540,138966226669118,138966227614636,945518
8541,138966227669025,138966228614581,945556
8542,138966228668988,138966229614414,945426
8543,138966229668895,138966230614302,945407
8544,138966230668821,138966231614413,945592
8545,138966231668802,138966232614338,945536
8546,138966232668727,138966233614116,945389
8547,138966233668634,138966234614653,946019
8548,138966234668597,138966235613930,945333
8549,138966235668523,138966236614059,945536
8550,138966236668448,138966237614022,945574
8551,138966237668374,138966238613966,945592
8552,138966238668318,138966239613744,945426
8553,138966239668262,138966240613558,945296
8554,138966240668206,138966241613669,945463
8555,138966241668113,138966242613594,945481
8556,138966242668057,138966243613168,945111
8557,138966243668001,138966244613686,945685
8558,138966244667946,138966245613279,945333
8559,138966245667853,138966246613389,945536
8560,138966246667778,138966247613222,945444
8561,138966247667722,138966248613222,945500
8562,138966248667685,138966249612999,945314
8563,138966249667611,138966250613536,945925
8564,138966250667536,138966251612869,945333
8565,138966251667443,138966252613239,945796
8566,138966252667424,138966253613091,945667
8567,138966253667331,138966254613479,946148
8568,138966254667275,138966255613164,945889
8569,138966255667201,138966256612830,945629
8570,138966256667145,138966257612497,945352
8571,138966257667071,138966258612570,945499
8572,138966258667052,138966259612737,945685
8573,138966259666940,138966260612329,945389
8574,138966260666885,138966261612366,945481
8575,138966261666810,138966262612217,945407
8576,138966262666736,138966263612235,945499
8577,138966263666680,138966264611957,945277
8578,138966264666643,138966265612235,945592
8579,138966265666550,138966266612031,945481
8580,138966266666475,138966267611919,945444
8581,138966267666401,138966268611660,945259
8582,138966268666363,138966269611641,945278
8583,138966269666270,138966270611789,945519
8584,138966270666215,138966271611622,945407
8585,138966271666159,138966272611769,945610
8586,138966272666103,138966273611251,945148
8587,138966273666010,138966274612343,946333
8588,138966274665972,138966275611213,945241
8589,138966275665880,138966276611490,945610
8590,138966276665842,138966277611323,945481
8591,138966277665768,138966278611230,945462
8592,138966278665675,138966279611193,945518
8593,138966279665619,138966280611285,945666
8594,138966280665582,138966281610766,945184
8595,138966281665489,138966282611266,945777
8596,138966282665433,138966283611247,945814
8597,138966283665358,138966284610951,945593
8598,138966284665358,138966285610876,945518
8599,138966285665247,138966286610654,945407
8600,138966286665154,138966287610524,945370
8601,138966287665098,138966288610801,945703
8602,138966288665042,138966289610449,945407
8603,138966289664967,138966290610375,945408
8604,138966290664912,138966291610208,945296
8605,138966291664837,138966292610503,945666
8606,138966292664781,138966293610262,945481
8607,138966293664707,138966294610818,946111
8608,138966294664632,138966295610095,945463
8609,138966295664558,138966296610465,945907
8610,138966296664539,138966297610020,945481
8611,138966297664446,138966298610020,945574
8612,138966298664390,138966299609779,945389
8613,138966299664316,138966300609630,945314
8614,138966300664260,138966301609963,945703
8615,138966301664186,138966302609704,945518
8616,138966302664111,138966303609574,945463
8617,138966303664037,138966304609759,945722
8618,138966304663999,138966305609462,945463
8619,138966305663925,138966306609443,945518
8620,138966306663832,138966307609258,945426
8621,138966307663776,138966308609554,945778
8622,138966308663739,138966309609331,945592
8623,138966309663664,138966310609146,945482
8624,138966310663590,138966311608997,945407
8625,138966311663534,138966312609163,945629
8626,138966312663478,138966313609163,945685
8627,138966313663385,138966314608941,945556
8628,138966314663329,138966315609181,945852
8629,138966315663255,138966316608903,945648
8630,138966316663181,138966317608699,945518
8631,138966317663125,138966318608624,945499
8632,138966318663069,138966319608457,945388
8633,138966319663013,138966320608420,945407
8634,138966320662938,138966321608475,945537
8635,138966321662864,138966322608623,945759
8636,138966322662808,138966323608215,945407
8637,138966323662734,138966324608178,945444
8638,138966324662696,138966325608344,945648
8639,138966325662603,138966326608344,945741
8640,138966326662529,138966327608084,945555
8641,138966327662492,138966328607936,945444
8642,138966328662436,138966329608084,945648
8643,138966329662343,138966330607935,945592
8644,138966330662268,138966331607768,945500
8645,138966331662194,138966332607601,945407
8646,138966332662138,138966333607712,945574
8647,138966333662082,138966334607637,945555
8648,138966334662008,138966335607489,945481
8649,138966335661952,138966336607859,945907
8650,138966336661915,138966337607285,945370
8651,138966337661840,138966338607321,945481
8652,138966338661747,138966339607136,945389
8653,138966339661691,138966340607321,945630
8654,138966340661635,138966341607191,945556
8655,138966341661543,138966342607024,945481
8656,138966342661487,138966343606968,945481
8657,138966343661412,138966344606912,945500
8658,138966344661375,138966345607282,945907
8659,138966345661300,138966346606893,945593
8660,138966346661226,138966347606726,945500
8661,138966347661152,138966348606614,945462
8662,138966348661114,138966349606521,945407
8663,138966349661040,138966350606336,945296
8664,138966350660965,138966351606391,945426
8665,138966351660891,138966352606909,946018
8666,138966352660854,138966353606446,945592
8667,138966353660742,138966354606186,945444
8668,138966354660705,138966355606130,945425
8669,138966355660649,138966356606908,946259
8670,138966356660575,138966357606185,945610
8671,138966357660500,138966358606074,945574
8672,138966358660444,138966359605907,945463
8673,138966359660370,138966360605925,945555
8674,138966360660295,138966361605795,945500
8675,138966361660240,138966362605813,945573
8676,138966362660184,138966363605591,945407
8677,138966363660109,138966364605794,945685
8678,138966364660053,138966365606164,946111
8679,138966365659997,138966366605405,945408
8680,138966366659923,138966367605404,945481
8681,138966367659830,138966368604959,945129
8682,138966368659793,138966369605292,945499
8683,138966369659700,138966370605125,945425
8684,138966370659625,138966371605144,945519
8685,138966371659569,138966372604958,945389
8686,138966372659532,138966373605106,945574
8687,138966373659458,138966374605328,945870
8688,138966374659402,138966375604939,945537
8689,138966375659346,138966376605086,945740
8690,138966376659290,138966377604734,945444
8691,138966377659197,138966378604641,945444
8692,138966378659141,138966379604863,945722
8693,138966379659048,138966380604474,945426
8694,138966380659011,138966381604418,945407
8695,138966381658918,138966382604640,945722
8696,138966382658862,138966383604436,945574
8697,138966383658788,138966384604324,945536
8698,138966384658732,138966385604639,945907
8699,138966385658657,138966386604176,945519
8700,138966386658601,138966387604027,945426
8701,138966387658527,138966388603879,945352
8702,138966388658508,138966389604008,945500
8703,138966389658415,138966390603859,945444
8704,138966390658359,138966391603915,945556
8705,138966391658304,138966392603711,945407
8706,138966392658229,138966393603858,945629
8707,138966393658136,138966394603877,945741
8708,138966394658062,138966395603450,945388
8709,138966395658006,138966396603506,945500
8710,138966396657950,138966397603431,945481
8711,138966397657876,138966398603283,945407
8712,138966398657783,138966399603042,945259
8713,138966399657727,138966400603338,945611
8714,138966400657708,138966401603189,945481
8715,138966401657633,138966402603263,945630
8716,138966402657559,138966403603059,945500
8717,138966403657466,138966404602984,945518
8718,138966404657429,138966405603354,945925
8719,138966405657354,138966406602873,945519
8720,138966406657280,138966407602761,945481
8721,138966407657224,138966408602650,945426
8722,138966408657168,138966409602686,945518
8723,138966409657075,138966410602575,945500
8724,138966410657001,138966411602556,945555
8725,138966411656963,138966412602167,945204
8726,138966412656908,138966413602722,945814
8727,138966413656833,138966414602314,945481
8728,138966414656759,138966415602295,945536
8729,138966415656721,138966416602314,945593
8730,138966416656647,138966417601924,945277
8731,138966417656573,138966418602035,945462
8732,138966418656498,138966419602127,945629
8733,138966419656424,138966420602183,945759
8734,138966420656386,138966421601645,945259
8735,138966421656293,138966422601830,945537
8736,138966422656238,138966423602015,945777
8737,138966423656182,138966424601570,945388
8738,138966424656107,138966425602014,945907
8739,138966425656051,138966426601699,945648
8740,138966426655977,138966427601291,945314
8741,138966427655921,138966428601439,945518
8742,138966428655865,138966429601624,945759
8743,138966429655791,138966430601050,945259
8744,138966430655698,138966431601179,945481
8745,138966431655642,138966432599160,943518
8746,138966432655623,138966433601141,945518
8747,138966433655530,138966434600956,945426
8748,138966434655437,138966435600807,945370
8749,138966435655381,138966436600788,945407
8750,138966436655325,138966437600658,945333
8751,138966437655232,138966438600658,945426
8752,138966438655195,138966439600398,945203
8753,138966439655139,138966440600546,945407
8754,138966440655065,138966441600694,945629
8755,138966441654990,138966442600546,945556
8756,138966442654916,138966443600490,945574
8757,138966443654860,138966444600434,945574
8758,138966444654804,138966445600989,946185
8759,138966445654730,138966446600174,945444
8760,138966446654637,138966447600100,945463
8761,138966447654581,138966448599784,945203
8762,138966448654525,138966449599951,945426
8763,138966449654451,138966450599784,945333
8764,138966450654376,138966451599876,945500
8765,138966451654320,138966452599820,945500
8766,138966452654302,138966453599820,945518
8767,138966453654209,138966454599634,945425
8768,138966454654134,138966455599523,945389
8769,138966455654078,138966456599448,945370
8770,138966456654004,138966457599467,945463
8771,138966457653929,138966458599262,945333
8772,138966458653874,138966459599299,945425
8773,138966459653799,138966460599651,945852
8774,138966460653743,138966461599354,945611
8775,138966461653669,138966462599131,945462
8776,138966462653594,138966463599205,945611
8777,138966463653539,138966464599038,945499
8778,138966464653483,138966465599705,946222
8779,138966465653427,138966466598945,945518
8780,138966466653334,138966467598630,945296
8781,138966467653278,138966468598778,945500
8782,138966468653333,138966469598833,945500
8783,138966469653148,138966470598777,945629
8784,138966470653092,138966471598610,945518
8785,138966471653017,138966472598350,945333
8786,138966472652943,138966473598498,945555
8787,138966473652887,138966474598553,945666
8788,138966474652813,138966475598201,945388
8789,138966475652738,138966476598071,945333
8790,138966476652701,138966477598275,945574
8791,138966477652608,138966478598182,945574
8792,138966478652571,138966479597959,945388
8793,138966479652478,138966480597792,945314
8794,138966480652459,138966481597884,945425
8795,138966481652366,138966482597699,945333
8796,138966482652291,138966483597902,945611
8797,138966483652236,138966484597846,945610
8798,138966484652180,138966485597994,945814
8799,138966485652105,138966486597549,945444
8800,138966486652012,138966487597456,945444
8801,138966487651956,138966488597419,945463
8802,138966488651901,138966489597234,945333
8803,138966489651826,138966490597400,945574
8804,138966490651770,138966491597122,945352
8805,138966491651714,138966492597677,945963
8806,138966492651658,138966493597121,945463
8807,138966493651584,138966494597065,945481
8808,138966494651510,138966495596917,945407
8809,138966495651454,138966496596787,945333
8810,138966496651379,138966497597138,945759
8811,138966497651305,138966498596879,945574
8812,138966498651268,138966499596675,945407
8813,138966499651175,138966500596619,945444
8814,138966500651137,138966501596804,945667
8815,138966501651044,138966502596488,945444
8816,138966502650951,138966503596340,945389
8817,138966503650914,138966504596543,945629
8818,138966504650858,138966505596858,946000
8819,138966505650802,138966506596487,945685
8820,138966506650728,138966507596394,945666
8821,138966507650635,138966508596098,945463
8822,138966508650616,138966509596134,945518
8823,138966509650523,138966510595745,945222
8824,138966510650467,138966511595745,945278
8825,138966511650393,138966512595967,945574
8826,138966512650337,138966513595837,945500
8827,138966513650244,138966514595614,945370
8828,138966514650170,138966515595706,945536
8829,138966515650132,138966516595447,945315
8830,138966516650076,138966517595539,945463
8831,138966517650002,138966518595909,945907
8832,138966518649927,138966519595464,945537
8833,138966519649872,138966520595205,945333
8834,138966520649816,138966521595038,945222
8835,138966521649723,138966522595222,945499
8836,138966522649667,138966523595278,945611
8837,138966523649592,138966524595166,945574
8838,138966524649555,138966525595499,945944
8839,138966525649481,138966526594962,945481
8840,138966526649406,138966527594924,945518
8841,138966527649313,138966528594850,945537
8842,138966528649276,138966529594702,945426
8843,138966529649220,138966530594609,945389
8844,138966530649146,138966531594460,945314
8845,138966531649090,138966532594367,945277
8846,138966532649034,138966533594348,945314
8847,138966533648978,138966534594441,945463
8848,138966534648885,138966535594274,945389
8849,138966535648811,138966536594125,945314
8850,138966536648755,138966537594143,945388
8851,138966537648680,138966538594032,945352
8852,138966538648587,138966539593939,945352
8853,138966539648532,138966540593994,945462
8854,138966540648476,138966541593975,945499
8855,138966541648420,138966542593697,945277
8856,138966542648364,138966543593808,945444
8857,138966543648308,138966544593937,945629
8858,138966544648252,138966545594381,946129
8859,138966545648178,138966546593196,945018
8860,138966546648085,138966547593547,945462
8861,138966547648029,138966548593658,945629
8862,138966548647973,138966549593658,945685
8863,138966549647899,138966550593528,945629
8864,138966550647843,138966551593176,945333
8865,138966551647768,138966552593435,945667
8866,138966552647712,138966553593101,945389
8867,138966553647638,138966554593064,945426
8868,138966554647545,138966555593285,945740
8869,138966555647489,138966556593063,945574
8870,138966556647452,138966557592914,945462
8871,138966557647377,138966558592673,945296
8872,138966558647321,138966559592858,945537
8873,138966559647247,138966560592691,945444
8874,138966560647173,138966561593061,945888
8875,138966561647098,138966562592524,945426
8876,138966562647024,138966563592449,945425
8877,138966563647005,138966564592486,945481
8878,138966564646912,138966565593078,946166
8879,138966565646838,138966566592337,945499
8880,138966566646763,138966567592892,946129
8881,138966567646689,138966568592429,945740
8882,138966568646670,138966569592058,945388
8883,138966569646595,138966570592040,945445
8884,138966570646521,138966571592076,945555
8885,138966571646447,138966572592113,945666
8886,138966572646391,138966573591835,945444
8887,138966573646316,138966574591816,945500
8888,138966574646260,138966575591686,945426
8889,138966575646223,138966576591982,945759
8890,138966576646130,138966577591778,945648
8891,138966577646056,138966578591463,945407
8892,138966578645981,138966579591481,945500
8893,138966579645907,138966580591240,945333
8894,138966580645851,138966581591406,945555
8895,138966581645795,138966582591184,945389
8896,138966582645739,138966583590998,945259
8897,138966583645683,138966584591368,945685
8898,138966584645609,138966585591405,945796
8899,138966585645535,138966586590923,945388
8900,138966586645460,138966587590719,945259
8901,138966587645423,138966588590941,945518
8902,138966588645348,138966589590792,945444
8903,138966589645255,138966590590607,945352
8904,138966590645181,138966591590625,945444
8905,138966591645125,138966592590662,945537
8906,138966592645088,138966593590550,945462
8907,138966593644995,138966594590457,945462
8908,138966594644920,138966595590402,945482
8909,138966595644883,138966596590623,945740
8910,138966596644827,138966597590142,945315
8911,138966597644734,138966598590197,945463
8912,138966598644678,138966599590085,945407
8913,138966599644585,138966600590381,945796
8914,138966600644548,138966601590122,945574
8915,138966601644474,138966602589825,945351
8916,138966602644399,138966603589751,945352
8917,138966603644343,138966604589621,945278
8918,138966604644306,138966605589935,945629
8919,138966605644213,138966606589935,945722
8920,138966606644157,138966607589564,945407
8921,138966607644064,138966608589675,945611
8922,138966608644045,138966609589304,945259
8923,138966609643952,138966610589489,945537
8924,138966610643878,138966611589174,945296
8925,138966611643822,138966612589433,945611
8926,138966612643766,138966613589544,945778
8927,138966613643692,138966614589099,945407
8928,138966614643636,138966615589080,945444
8929,138966615643562,138966616589339,945777
8930,138966616643506,138966617588876,945370
8931,138966617643431,138966618588783,945352
8932,138966618643357,138966619589060,945703
8933,138966619643301,138966620588912,945611
8934,138966620643245,138966621588689,945444
8935,138966621643171,138966622588559,945388
8936,138966622643096,138966623588485,945389
8937,138966623643040,138966624588466,945426
8938,138966624642984,138966625588484,945500
8939,138966625642891,138966626588539,945648
8940,138966626642836,138966627588132,945296
8941,138966627642761,138966628588076,945315
8942,138966628642742,138966629588149,945407
8943,138966629642649,138966630588056,945407
8944,138966630642556,138966631588130,945574
8945,138966631642501,138966632587982,945481
8946,138966632642445,138966633588018,945573
8947,138966633642370,138966634587833,945463
8948,138966634642333,138966635587907,945574
8949,138966635642258,138966636588758,946500
8950,138966636642240,138966637587999,945759
8951,138966637642128,138966638587535,945407
8952,138966638642054,138966639587683,945629
8953,138966639641979,138966640587609,945630
8954,138966640641923,138966641587831,945908
8955,138966641641849,138966642587515,945666
8956,138966642641775,138966643587293,945518
8957,138966643641700,138966644587385,945685
8958,138966644641663,138966645587200,945537
8959,138966645641570,138966646587033,945463
8960,138966646641551,138966647586977,945426
8961,138966647641458,138966648586958,945500
8962,138966648641421,138966649586976,945555
8963,138966649641328,138966650586753,945425
8964,138966650641253,138966651586698,945445
8965,138966651641198,138966652586697,945499
8966,138966652641179,138966653586678,945499
8967,138966653641086,138966654586715,945629
8968,138966654641011,138966655586511,945500
8969,138966655640937,138966656587140,946203
8970,138966656640881,138966657586399,945518
8971,138966657640788,138966658586343,945555
8972,138966658640714,138966659586250,945536
8973,138966659640676,138966660586213,945537
8974,138966660640602,138966661585972,945370
8975,138966661640546,138966662585898,945352
8976,138966662640490,138966663585842,945352
8977,138966663640416,138966664586027,945611
8978,138966664640360,138966665586100,945740
8979,138966665640285,138966666585730,945445
8980,138966666640211,138966667585877,945666
8981,138966667640118,138966668585414,945296
8982,138966668640062,138966669585506,945444
8983,138966669640006,138966670585562,945556
8984,138966670639932,138966671585376,945444
8985,138966671639857,138966672585339,945482
8986,138966672639839,138966673585375,945536
8987,138966673639764,138966674585282,945518
8988,138966674639690,138966675584986,945296
8989,138966675639615,138966676585893,946278
8990,138966676639578,138966677585152,945574
8991,138966677639467,138966678584966,945499
8992,138966678639429,138966679584910,945481
8993,138966679639355,138966680584910,945555
8994,138966680639317,138966681584613,945296
8995,138966681639206,138966682584798,945592
8996,138966682639150,138966683584539,945389
8997,138966683639094,138966684586964,947870
8998,138966684639020,138966685584501,945481
8999,138966685638945,138966686584445,945500
9000,138966686638908,138966687584278,945370
9001,138966687638834,138966688584111,945277
9002,138966688638796,138966689584333,945537
9003,138966689638722,138966690584203,945481
9004,138966690638629,138966691584221,945592
9005,138966691638573,138966692584202,945629
9006,138966692638499,138966693584035,945536
9007,138966693638443,138966694583868,945425
9008,138966694638368,138966695583757,945389
9009,138966695638331,138966696584479,946148
9010,138966696638275,138966697583812,945537
9011,138966697638164,138966698583626,945462
9012,138966698638089,138966699583681,945592
9013,138966699638033,138966700583570,945537
9014,138966700637996,138966701583514,945518
9015,138966701637903,138966702583440,945537
9016,138966702637847,138966703583347,945500
9017,138966703637773,138966704583365,945592
9018,138966704637735,138966705583328,945593
9019,138966705637624,138966706583161,945537
9020,138966706637586,138966707583031,945445
9021,138966707637512,138966708583030,945518
9022,138966708637438,138966709582826,945388
9023,138966709637382,138966710582844,945462
9024,138966710637307,138966711583066,945759
9025,138966711637251,138966712582603,945352
9026,138966712637214,138966713582917,945703
9027,138966713637121,138966714583010,945889
9028,138966714637065,138966715582546,945481
9029,138966715636991,138966716582787,945796
9030,138966716636953,138966717582342,945389
9031,138966717636861,138966718582453,945592
9032,138966718636805,138966719582323,945518
9033,138966719636712,138966720582285,945573
9034,138966720636656,138966721582063,945407
9035,138966721636600,138966722582044,945444
9036,138966722636526,138966723582007,945481
9037,138966723636470,138966724582266,945796
9038,138966724636414,138966725581858,945444
9039,138966725636321,138966726581709,945388
9040,138966726636283,138966727581728,945445
9041,138966727636209,138966728581820,945611
9042,138966728636153,138966729581634,945481
9043,138966729636060,138966730581245,945185
9044,138966730635986,138966731581541,945555
9045,138966731635948,138966732581152,945204
9046,138966732635893,138966733581244,945351
9047,138966733635818,138966734581225,945407
9048,138966734635725,138966735581151,945426
9049,138966735635669,138966736581150,945481
9050,138966736635595,138966737580909,945314
9051,138966737635520,138966738580798,945278
9052,138966738635465,138966739580798,945333
9053,138966739635427,138966740580927,945500
9054,138966740635371,138966741580797,945426
9055,138966741635297,138966742580852,945555
9056,138966742635222,138966743580648,945426
9057,138966743635148,138966744580926,945778
9058,138966744635111,138966745580796,945685
9059,138966745635018,138966746581351,946333
9060,138966746634943,138966747580425,945482
9061,138966747634887,138966748580572,945685
9062,138966748634832,138966749580109,945277
9063,138966749634757,138966750580164,945407
9064,138966750634701,138966751579979,945278
9065,138966751634645,138966752579941,945296
9066,138966752634590,138966753580071,945481
9067,138966753634515,138966754579959,945444
9068,138966754634441,138966755579829,945388
9069,138966755634366,138966756579755,945389
9070,138966756634310,138966757579829,945519
9071,138966757634236,138966758579865,945629
9072,138966758634143,138966759579754,945611
9073,138966759634087,138966760579735,945648
9074,138966760634050,138966761579549,945499
9075,138966761633957,138966762579531,945574
9076,138966762633901,138966763579364,945463
9077,138966763633827,138966764579641,945814
9078,138966764633771,138966765579511,945740
9079,138966765633733,138966766579863,946130
9080,138966766633640,138966767579066,945426
9081,138966767633584,138966768579492,945908
9082,138966768633547,138966769578917,945370
9083,138966769633454,138966770578917,945463
9084,138966770633380,138966771578879,945499
9085,138966771633305,138966772578972,945667
9086,138966772633286,138966773578990,945704
9087,138966773633175,138966774578952,945777
9088,138966774633101,138966775578471,945370
9089,138966775633045,138966776578618,945573
9090,138966776633007,138966777578748,945741
9091,138966777632914,138966778578340,945426
9092,138966778632859,138966779578358,945499
9093,138966779632784,138966780578321,945537
9094,138966780632728,138966781578209,945481
9095,138966781632672,138966782578116,945444
9096,138966782632579,138966783578209,945630
9097,138966783632561,138966784577931,945370
9098,138966784632468,138966785577912,945444
9099,138966785632375,138966786578226,945851
9100,138966786632319,138966787577818,945499
9101,138966787632263,138966788578077,945814
9102,138966788632207,138966789577522,945315
9103,138966789632133,138966790577614,945481
9104,138966790632040,138966791577539,945499
9105,138966791632002,138966792577724,945722
9106,138966792631965,138966793577261,945296
9107,138966793631872,138966794577298,945426
9108,138966794631779,138966795577094,945315
9109,138966795631723,138966796577278,945555
9110,138966796631686,138966797577148,945462
9111,138966797631611,138966798577037,945426
9112,138966798631537,138966799576833,945296
9113,138966799631463,138966800576999,945536
9114,138966800631407,138966801577073,945666
9115,138966801631332,138966802576591,945259
9116,138966802631276,138966803576795,945519
9117,138966803631221,138966804576868,945647
9118,138966804631165,138966805576849,945684
9119,138966805631072,138966806577182,946110
9120,138966806631034,138966807576386,945352
9121,138966807630960,138966808576719,945759
9122,138966808630904,138966809576719,945815
9123,138966809630811,138966810576218,945407
9124,138966810630755,138966811576107,945352
9125,138966811630681,138966812576143,945462
9126,138966812630625,138966813576458,945833
9127,138966813630550,138966814576106,945556
9128,138966814630476,138966815575772,945296
9129,138966815630420,138966816576068,945648
9130,138966816630364,138966817576179,945815
9131,138966817630290,138966818575827,945537
9132,138966818630215,138966819575511,945296
9133,138966819630160,138966820575752,945592
9134,138966820630122,138966821575640,945518
9135,138966821630029,138966822575418,945389
9136,138966822629973,138966823575455,945482
9137,138966823629917,138966824575325,945408
9138,138966824629862,138966825575380,945518
9139,138966825629769,138966826575472,945703
9140,138966826629713,138966827575268,945555
9141,138966827629638,138966828575008,945370
9142,138966828629582,138966829575360,945778
9143,138966829629508,138966830574934,945426
9144,138966830629452,138966831574767,945315
9145,138966831629359,138966832574822,945463
9146,138966832629322,138966833574636,945314
9147,138966833629247,138966834574618,945371
9148,138966834629192,138966835574395,945203
9149,138966835629099,138966836574802,945703
9150,138966836629043,138966837575209,946166
9151,138966837628987,138966838574264,945277
9152,138966838628931,138966839574338,945407
9153,138966839628838,138966840574264,945426
9154,138966840628782,138966841574226,945444
9155,138966841628708,138966842574319,945611
9156,138966842628633,138966843574003,945370
9157,138966843628596,138966844574096,945500
9158,138966844628559,138966845573966,945407
9159,138966845628447,138966846574262,945815
9160,138966846628391,138966847573798,945407
9161,138966847628335,138966848574057,945722
9162,138966848628428,138966849573835,945407
9163,138966849628205,138966850573538,945333
9164,138966850628131,138966851573408,945277
9165,138966851628038,138966852573556,945518
9166,138966852627982,138966853573407,945425
9167,138966853627944,138966854573259,945315
9168,138966854627852,138966855573240,945388
9169,138966855627796,138966856573314,945518
9170,138966856627740,138966857573221,945481
9171,138966857627665,138966858573035,945370
9172,138966858627609,138966859573146,945537
9173,138966859627554,138966860572924,945370
9174,138966860627498,138966861572886,945388
9175,138966861627423,138966862572812,945389
9176,138966862627330,138966863572904,945574
9177,138966863627274,138966864572848,945574
9178,138966864627219,138966865572663,945444
9179,138966865627144,138966866573218,946074
9180,138966866627088,138966867572310,945222
9181,138966867627014,138966868572402,945388
9182,138966868626958,138966869572309,945351
9183,138966869626865,138966870572235,945370
9184,138966870626828,138966871572327,945499
9185,138966871626753,138966872572123,945370
9186,138966872626716,138966873571864,945148
9187,138966873626623,138966874572011,945388
9188,138966874626530,138966875571770,945240
9189,138966875626493,138966876571937,945444
9190,138966876626437,138966877571844,945407
9191,138966877626381,138966878571769,945388
9192,138966878626288,138966879571695,945407
9193,138966879626213,138966880571695,945482
9194,138966880626158,138966881571787,945629
9195,138966881626083,138966882571675,945592
9196,138966882625990,138966883571434,945444
9197,138966883625971,138966884571397,945426
9198,138966884625915,138966885571341,945426
9199,138966885625841,138966886571822,945981
9200,138966886625767,138966887571507,945740
9201,138966887625692,138966888571136,945444
9202,138966888625655,138966889571155,945500
9203,138966889625543,138966890570821,945278
9204,138966890625506,138966891570839,945333
9205,138966891625413,138966892571172,945759
9206,138966892625357,138966893570764,945407
9207,138966893625301,138966894570727,945426
9208,138966894625227,138966895570523,945296
9209,138966895625153,138966896570597,945444
9210,138966896625115,138966897570522,945407
9211,138966897625059,138966898570448,945389
9212,138966898624966,138966899570244,945278
9213,138966899624910,138966900570447,945537
9214,138966900624873,138966901570225,945352
9215,138966901624780,138966902570298,945518
9216,138966902624706,138966903570224,945518
9217,138966903624687,138966904570001,945314
9218,138966904624594,138966905569871,945277
9219,138966905624501,138966906569927,945426
9220,138966906624427,138966907570611,946184
9221,138966907624371,138966908569889,945518
9222,138966908624315,138966909569740,945425
9223,138966909624240,138966910569536,945296
9224,138966910624203,138966911569610,945407
9225,138966911624129,138966912569610,945481
9226,138966912624073,138966913569498,945425
9227,138966913623980,138966914569554,945574
9228,138966914623905,138966915569294,945389
9229,138966915623850,138966916569331,945481
9230,138966916623831,138966917569534,945703
9231,138966917623719,138966918569237,945518
9232,138966918623645,138966919568996,945351
9233,138966919623589,138966920568811,945222
9234,138966920623533,138966921569051,945518
9235,138966921623440,138966922568847,945407
9236,138966922623403,138966923568736,945333
9237,138966923623347,138966924568717,945370
9238,138966924623272,138966925568735,945463
9239,138966925623217,138966926568642,945425
9240,138966926623124,138966927568475,945351
9241,138966927623068,138966928568456,945388
9242,138966928623012,138966929568345,945333
9243,138966929622937,138966930568178,945241
9244,138966930622882,138966931568029,945147
9245,138966931622789,138966932567973,945184
9246,138966932622733,138966933568251,945518
9247,138966933622677,138966934568065,945388
9248,138966934622602,138966935568232,945630
9249,138966935622509,138966936567935,945426
9250,138966936622491,138966937568546,946055
9251,138966937622435,138966938567897,945462
9252,138966938622342,138966939567527,945185
9253,138966939622286,138966940567897,945611
9254,138966940622230,138966941567582,945352
9255,138966941622156,138966942567489,945333
9256,138966942622081,138966943567451,945370
9257,138966943622007,138966944567581,945574
9258,138966944621969,138966945567321,945352
9259,138966945621876,138966946567135,945259
9260,138966946621821,138966947567394,945573
9261,138966947621765,138966948567283,945518
9262,138966948621727,138966949567171,945444
9263,138966949621634,138966950567060,945426
9264,138966950621578,138966951567023,945445
9265,138966951621486,138966952566707,945221
9266,138966952621448,138966953567096,945648
9267,138966953621355,138966954566522,945167
9268,138966954621299,138966955566762,945463
9269,138966955621225,138966956566688,945463
9270,138966956621188,138966957567002,945814
9271,138966957621113,138966958566613,945500
9272,138966958621020,138966959566409,945389
9273,138966959620964,138966960566520,945556
9274,138966960620908,138966961566408,945500
9275,138966961620834,138966962566019,945185
9276,138966962620778,138966963566056,945278
9277,138966963620704,138966964566352,945648
9278,138966964620666,138966965566073,945407
9279,138966965620573,138966966565962,945389
9280,138966966620518,138966967565962,945444
9281,138966967620443,138966968565850,945407
9282,138966968620387,138966969565813,945426
9283,138966969620294,138966970565979,945685
9284,138966970620238,138966971565479,945241
9285,138966971620183,138966972565608,945425
9286,138966972620108,138966973565645,945537
9287,138966973620034,138966974565367,945333
9288,138966974619978,138966975565329,945351
9289,138966975619922,138966976565181,945259
9290,138966976619866,138966977566088,946222
9291,138966977619792,138966978565291,945499
9292,138966978619736,138966979565421,945685
9293,138966979619643,138966980565180,945537
9294,138966980619605,138966981565068,945463
9295,138966981619531,138966982565012,945481
9296,138966982619438,138966983564623,945185
9297,138966983619382,138966984564789,945407
9298,138966984619326,138966985564585,945259
9299,138966985619270,138966986564585,945315
9300,138966986619196,138966987564714,945518
9301,138966987619140,138966988564510,945370
9302,138966988619084,138966989564565,945481
9303,138966989618991,138966990564195,945204
9304,138966990618954,138966991564139,945185
9305,138966991618861,138966992564250,945389
9306,138966992618824,138966993564268,945444
9307,138966993618731,138966994564064,945333
9308,138966994618656,138966995563823,945167
9309,138966995618600,138966996563933,945333
9310,138966996618544,138966997564655,946111
9311,138966997618470,138966998563933,945463
9312,138966998618396,138966999564136,945740
9313,138966999618340,138967000563802,945462
9314,138967000618265,138967001563265,945000
9315,138967001618209,138967002563431,945222
9316,138967002618154,138967003563598,945444
9317,138967003618079,138967004564023,945944
9318,138967004618023,138967005563504,945481
9319,138967005617949,138967006563282,945333
9320,138967006617874,138967007563207,945333
9321,138967007617819,138967008563429,945610
9322,138967008617763,138967009562966,945203
9323,138967009617688,138967010562836,945148
9324,138967010617614,138967011563002,945388
9325,138967011617539,138967012563076,945537
9326,138967012617502,138967013562891,945389
9327,138967013617428,138967014562761,945333
9328,138967014617353,138967015562631,945278
9329,138967015617297,138967016562667,945370
9330,138967016617241,138967017563093,945852
9331,138967017617167,138967018562315,945148
9332,138967018617093,138967019562611,945518
9333,138967019617037,138967020562536,945499
9334,138967020616981,138967021562258,945277
9335,138967021616888,138967022562073,945185
9336,138967022616832,138967023562072,945240
9337,138967023616758,138967024562368,945610
9338,138967024616739,138967025561998,945259
9339,138967025616627,138967026562220,945593
9340,138967026616553,138967027562034,945481
9341,138967027616497,138967028562126,945629
9342,138967028616460,138967029561867,945407
9343,138967029616385,138967030561903,945518
9344,138967030616292,138967031562033,945741
9345,138967031616236,138967032561866,945630
9346,138967032616181,138967033561717,945536
9347,138967033616088,138967034561698,945610
9348,138967034616069,138967035561420,945351
9349,138967035615957,138967036562457,946500
9350,138967036615920,138967037561883,945963
9351,138967037615846,138967038561123,945277
9352,138967038615753,138967039560993,945240
9353,138967039615715,138967040561030,945315
9354,138967040615641,138967041561048,945407
9355,138967041615603,138967042561029,945426
9356,138967042615511,138967043560769,945258
9357,138967043615455,138967044560936,945481
9358,138967044615399,138967045560991,945592
9359,138967045615324,138967046560917,945593
9360,138967046615250,138967047560638,945388
9361,138967047615213,138967048560657,945444
9362,138967048615138,138967049560545,945407
9363,138967049615045,138967050560304,945259
9364,138967050614971,138967051560359,945388
9365,138967051614915,138967052560507,945592
9366,138967052614878,138967053560081,945203
9367,138967053614785,138967054560173,945388
9368,138967054614729,138967055560191,945462
9369,138967055614673,138967056560358,945685
9370,138967056614635,138967057560580,945945
9371,138967057614543,138967058559931,945388
9372,138967058614468,138967059559986,945518
9373,138967059614394,138967060559727,945333
9374,138967060614338,138967061559689,945351
9375,138967061614263,138967062559541,945278
9376,138967062614189,138967063559689,945500
9377,138967063614133,138967064559781,945648
9378,138967064614096,138967065559484,945388
9379,138967065614003,138967066559262,945259
9380,138967066613910,138967067559484,945574
9381,138967067613891,138967068559409,945518
9382,138967068613835,138967069559038,945203
9383,138967069613761,138967070559038,945277
9384,138967070613668,138967071559130,945462
9385,138967071613630,138967072559315,945685
9386,138967072613574,138967073559037,945463
9387,138967073613482,138967074559129,945647
9388,138967074613426,138967075558666,945240
9389,138967075613351,138967076558592,945241
9390,138967076613277,138967077559128,945851
9391,138967077613221,138967078558572,945351
9392,138967078613147,138967079558554,945407
9393,138967079613072,138967080558590,945518
9394,138967080613053,138967081558405,945352
9395,138967081612979,138967082558330,945351
9396,138967082612904,138967083558108,945204
9397,138967083612830,138967084558533,945703
9398,138967084612793,138967085558237,945444
9399,138967085612700,138967086558255,945555
9400,138967086612607,138967087558477,945870
9401,138967087612569,138967088558143,945574
9402,138967088612532,138967089557958,945426
9403,138967089612439,138967090557994,945555
9404,138967090612346,138967091557846,945500
9405,138967091612290,138967092557975,945685
9406,138967092612234,138967093557716,945482
9407,138967093612160,138967094557363,945203
9408,138967094612104,138967095557678,945574
9409,138967095612030,138967096557437,945407
9410,138967096611974,138967097557936,945962
9411,138967097611918,138967098557325,945407
9412,138967098611825,138967099557102,945277
9413,138967099611769,138967100557084,945315
9414,138967100611732,138967101557176,945444
9415,138967101611657,138967102557138,945481
9416,138967102611583,138967103557083,945500
9417,138967103611490,138967104557842,946352
9418,138967104611434,138967105557156,945722
9419,138967105611378,138967106557008,945630
9420,138967106611304,138967107556766,945462
9421,138967107611266,138967108556748,945482
9422,138967108611192,138967109556655,945463
9423,138967109611118,138967110556506,945388
9424,138967110611043,138967111556432,945389
9425,138967111610987,138967112556672,945685
9426,138967112610931,138967113556320,945389
9427,138967113610838,138967114556264,945426
9428,138967114610783,138967115556208,945425
9429,138967115610708,138967116556041,945333
9430,138967116610652,138967117556745,946093
9431,138967117610596,138967118556152,945556
9432,138967118610522,138967119555892,945370
9433,138967119610448,138967120556021,945573
9434,138967120610447,138967121555651,945204
9435,138967121610336,138967122555632,945296
9436,138967122610280,138967123555798,945518
9437,138967123610187,138967124555539,945352
9438,138967124610150,138967125555483,945333
9439,138967125610057,138967126555667,945610
9440,138967126610001,138967127555575,945574
9441,138967127609945,138967128555630,945685
9442,138967128609870,138967129555315,945445
9443,138967129609778,138967130555203,945425
9444,138967130609722,138967131555277,945555
9445,138967131609629,138967132555165,945536
9446,138967132609610,138967133555147,945537
9447,138967133609554,138967134554887,945333
9448,138967134609480,138967135554739,945259
9449,138967135609424,138967136554886,945462
9450,138967136609368,138967137555256,945888
9451,138967137609293,138967138554589,945296
9452,138967138609219,138967139554700,945481
9453,138967139609163,138967140554644,945481
9454,138967140609089,138967141554440,945351
9455,138967141609014,138967142554347,945333
9456,138967142608940,138967143554421,945481
9457,138967143608884,138967144554254,945370
9458,138967144608810,138967145554161,945351
9459,138967145608735,138967146554198,945463
9460,138967146608716,138967147554197,945481
9461,138967147608642,138967148554012,945370
9462,138967148608567,138967149554345,945778
9463,138967149608475,138967150553900,945425
9464,138967150608437,138967151553992,945555
9465,138967151608344,138967152553733,945389
9466,138967152608307,138967153553732,945425
9467,138967153608232,138967154553788,945556
9468,138967154608140,138967155553510,945370
9469,138967155608102,138967156553361,945259
9470,138967156608065,138967157554287,946222
9471,138967157607953,138967158553194,945241
9472,138967158607897,138967159553212,945315
9473,138967159607842,138967160553434,945592
9474,138967160607786,138967161553082,945296
9475,138967161607693,138967162553026,945333
9476,138967162607637,138967163552803,945166
9477,138967163607581,138967164553118,945537
9478,138967164607507,138967165552914,945407
9479,138967165607432,138967166552969,945537
9480,138967166607358,138967167552783,945425
9481,138967167607302,138967168552801,945499
9482,138967168607246,138967169552672,945426
9483,138967169607171,138967170552597,945426
9484,138967170607097,138967171552838,945741
9485,138967171607060,138967172552745,945685
9486,138967172607004,138967173552337,945333
9487,138967173606911,138967174552207,945296
9488,138967174606855,138967175552225,945370
9489,138967175606781,138967176552188,945407
9490,138967176606743,138967177552650,945907
9491,138967177606669,138967178552243,945574
9492,138967178606576,138967179552039,945463
9493,138967179606501,138967180551983,945482
9494,138967180606446,138967181551982,945536
9495,138967181606390,138967182551908,945518
9496,138967182606315,138967183551648,945333
9497,138967183606241,138967184551648,945407
9498,138967184606185,138967185551629,945444
9499,138967185606111,138967186551555,945444
9500,138967186606073,138967187551536,945463
9501,138967187605999,138967188551387,945388
9502,138967188605980,138967189551554,945574
9503,138967189605868,138967190551257,945389
9504,138967190605794,138967191551201,945407
9505,138967191605738,138967192551627,945889
9506,138967192605682,138967193550997,945315
9507,138967193605589,138967194550848,945259
9508,138967194605515,138967195551200,945685
9509,138967195605441,138967196551051,945610
9510,138967196605422,138967197550588,945166
9511,138967197605310,138967198551032,945722
9512,138967198605254,138967199550661,945407
9513,138967199605217,138967200550661,945444
9514,138967200605161,138967201550531,945370
9515,138967201605068,138967202550031,944963
9516,138967202605012,138967203550512,945500
9517,138967203604956,138967204550530,945574
9518,138967204604882,138967205550382,945500
9519,138967205604808,138967206550159,945351
9520,138967206604752,138967207550159,945407
9521,138967207604677,138967208550307,945630
9522,138967208604640,138967209550232,945592
9523,138967209604547,138967210549787,945240
9524,138967210604473,138967211550028,945555
9525,138967211604417,138967212549750,945333
9526,138967212604398,138967213549768,945370
9527,138967213604286,138967214549619,945333
9528,138967214604212,138967215550026,945814
9529,138967215604156,138967216549674,945518
9530,138967216604100,138967217549489,945389
9531,138967217604026,138967218549507,945481
9532,138967218603951,138967219549266,945315
9533,138967219603877,138967220549228,945351
9534,138967220603840,138967221549339,945499
9535,138967221603747,138967222549006,945259
9536,138967222603672,138967223549283,945611
9537,138967223603635,138967224549042,945407
9538,138967224603560,138967225548893,945333
9539,138967225603505,138967226548634,945129
9540,138967226603430,138967227548467,945037
9541,138967227603374,138967228549485,946111
9542,138967228603355,138967229548744,945389
9543,138967229603244,138967230548577,945333
9544,138967230603151,138967231548577,945426
9545,138967231603095,138967232548410,945315
9546,138967232603039,138967233548502,945463
9547,138967233602946,138967234548261,945315
9548,138967234602890,138967235548242,945352
9549,138967235602834,138967236548316,945482
9550,138967236602797,138967237548167,945370
9551,138967237602686,138967238548371,945685
9552,138967238602648,138967239547926,945278
9553,138967239602592,138967240548037,945445
9554,138967240602518,138967241548221,945703
9555,138967241602444,138967242547980,945536
9556,138967242602388,138967243547684,945296
9557,138967243602313,138967244548109,945796
9558,138967244602276,138967245547942,945666
9559,138967245602183,138967246547535,945352
9560,138967246602127,138967247547330,945203
9561,138967247602034,138967248547960,945926
9562,138967248601997,138967249547719,945722
9563,138967249601922,138967250547274,945352
9564,138967250601866,138967251547162,945296
9565,138967251601774,138967252547218,945444
9566,138967252601755,138967253547273,945518
9567,138967253601662,138967254547087,945425
9568,138967254601606,138967255546957,945351
9569,138967255601531,138967256546772,945241
9570,138967256601476,138967257546809,945333
9571,138967257601420,138967258546864,945444
9572,138967258601327,138967259546715,945388
9573,138967259601252,138967260546641,945389
9574,138967260601196,138967261546659,945463
9575,138967261601122,138967262546474,945352
9576,138967262601048,138967263546195,945147
9577,138967263600992,138967264546973,945981
9578,138967264600936,138967265546250,945314
9579,138967265600898,138967266546361,945463
9580,138967266600806,138967267546176,945370
9581,138967267600731,138967268546416,945685
9582,138967268600694,138967269546008,945314
9583,138967269600619,138967270546601,945982
9584,138967270600545,138967271545822,945277
9585,138967271600471,138967272546081,945610
9586,138967272600433,138967273545748,945315
9587,138967273600340,138967274545858,945518
9588,138967274600266,138967275545858,945592
9589,138967275600210,138967276546080,945870
9590,138967276600136,138967277545487,945351
9591,138967277600080,138967278545579,945499
9592,138967278600042,138967279545375,945333
9593,138967279599949,138967280546468,946519
9594,138967280599893,138967281545301,945408
9595,138967281599819,138967282545134,945315
9596,138967282599745,138967283545115,945370
9597,138967283599689,138967284545022,945333
9598,138967284599614,138967285545207,945593
9599,138967285599540,138967286544947,945407
9600,138967286599465,138967287544761,945296
9601,138967287599410,138967288546206,946796
9602,138967288599354,138967289544705,945351
9603,138967289599298,138967290544631,945333
9604,138967290599223,138967291544408,945185
9605,138967291599168,138967292544982,945814
9606,138967292599112,138967293544796,945684
9607,138967293599037,138967294544555,945518
9608,138967294598981,138967295544388,945407
9609,138967295598888,138967296544833,945945
9610,138967296598832,138967297544332,945500
9611,138967297598777,138967298544184,945407
9612,138967298598702,138967299544257,945555
9613,138967299598646,138967300544776,946130
9614,138967300598572,138967301543923,945351
9615,138967301598479,138967302543812,945333
9616,138967302598423,138967303543756,945333
9617,138967303598367,138967304544663,946296
9618,138967304598348,138967305543755,945407
9619,138967305598255,138967306543718,945463
9620,138967306598181,138967307543607,945426
9621,138967307598107,138967308544699,946592
9622,138967308598088,138967309543458,945370
9623,138967309597976,138967310543494,945518
9624,138967310597920,138967311543290,945370
9625,138967311597846,138967312544512,946666
9626,138967312597809,138967313543142,945333
9627,138967313597734,138967314542993,945259
9628,138967314597641,138967315543141,945500
9629,138967315597585,138967316544696,947111
9630,138967316597529,138967317542992,945463
9631,138967317597455,138967318542844,945389
9632,138967318597399,138967319542769,945370
9633,138967319597325,138967320544065,946740
9634,138967320597250,138967321542620,945370
9635,138967321597194,138967322542639,945445
9636,138967322597120,138967323542286,945166
9637,138967323597046,138967324543916,946870
9638,138967324597008,138967325542175,945167
9639,138967325596934,138967326542230,945296
9640,138967326596878,138967327542174,945296
9641,138967327596804,138967328544451,947647
9642,138967328596766,138967329541858,945092
9643,138967329596655,138967330541895,945240
9644,138967330596580,138967331542099,945519
9645,138967331596561,138967332543376,946815
9646,138967332596469,138967333541820,945351
9647,138967333596413,138967334541801,945388
9648,138967334596338,138967335541801,945463
9649,138967335596264,138967336542949,946685
9650,138967336596226,138967337541541,945315
9651,138967337596134,138967338542004,945870
9652,138967338596078,138967339541411,945333
9653,138967339596003,138967340542651,946648
9654,138967340595966,138967341541262,945296
9655,138967341595873,138967342541354,945481
9656,138967342595799,138967343541317,945518
9657,138967343595743,138967344542742,946999
9658,138967344595705,138967345541057,945352
9659,138967345595631,138967346540964,945333
9660,138967346595556,138967347541186,945630
9661,138967347595482,138967348542278,946796
9662,138967348595445,138967349540981,945536
9663,138967349595352,138967350540722,945370
9664,138967350595277,138967351540573,945296
9665,138967351595203,138967352541980,946777
9666,138967352595166,138967353540499,945333
9667,138967353595091,138967354540517,945426
9668,138967354595017,138967355540461,945444
9669,138967355594942,138967356541701,946759
9670,138967356594886,138967357540312,945426
9671,138967357594812,138967358540664,945852
9672,138967358594793,138967359540182,945389
9673,138967359594682,138967360541237,946555
9674,138967360594663,138967361540088,945425
9675,138967361594551,138967362539921,945370
9676,138967362594495,138967363539791,945296
9677,138967363594421,138967364540847,946426
9678,138967364594384,138967365539976,945592
9679,138967365594291,138967366539327,945036
9680,138967366594235,138967367539679,945444
9681,138967367594160,138967368541568,947408
9682,138967368594160,138967369539456,945296
9683,138967369594030,138967370539493,945463
9684,138967370593974,138967371539511,945537
9685,138967371593918,138967372540548,946630
9686,138967372593881,138967373539251,945370
9687,138967373593770,138967374539140,945370
9688,138967374593714,138967375539139,945425
9689,138967375593658,138967376540232,946574
9690,138967376593583,138967377538713,945130
9691,138967377593509,138967378538786,945277
9692,138967378593453,138967379538805,945352
9693,138967379593379,138967380540675,947296
9694,138967380593341,138967381538637,945296
9695,138967381593248,138967382538637,945389
9696,138967382593174,138967383538525,945351
9697,138967383593100,138967384540081,946981
9698,138967384593081,138967385538451,945370
9699,138967385593006,138967386538413,945407
9700,138967386592932,138967387538450,945518
9701,138967387592857,138967388540468,947611
9702,138967388592802,138967389538209,945407
9703,138967389592709,138967390538042,945333
9704,138967390592653,138967391538115,945462
9705,138967391592560,138967392539374,946814
9706,138967392592522,138967393537985,945463
9707,138967393592467,138967394537892,945425
9708,138967394592374,138967395537892,945518
9709,138967395592318,138967396538854,946536
9710,138967396592280,138967397537762,945482
9711,138967397592169,138967398538261,946092
9712,138967398592132,138967399537539,945407
9713,138967399592094,138967400538557,946463
9714,138967400592020,138967401537668,945648
9715,138967401591927,138967402537445,945518
9716,138967402591834,138967403537371,945537
9717,138967403591815,138967404538352,946537
9718,138967404591759,138967405537259,945500
9719,138967405591685,138967406537129,945444
9720,138967406591610,138967407536999,945389
9721,138967407591517,138967408538665,947148
9722,138967408591499,138967409536961,945462
9723,138967409591406,138967410536739,945333
9724,138967410591313,138967411536812,945499
9725,138967411591257,138967412536831,945574
9726,138967412591238,138967413536812,945574
9727,138967413591164,138967414536756,945592
9728,138967414591089,138967415536515,945426
9729,138967415591015,138967416536737,945722
9730,138967416590977,138967417536440,945463
9731,138967417590884,138967418536273,945389
9732,138967418590829,138967419536532,945703
9733,138967419590754,138967420536346,945592
9734,138967420590680,138967421535957,945277
9735,138967421590624,138967422536216,945592
9736,138967422590531,138967423536160,945629
9737,138967423590493,138967424536049,945556
9738,138967424590438,138967425536141,945703
9739,138967425590363,138967426535918,945555
9740,138967426590307,138967427535844,945537
9741,138967427590233,138967428536436,946203
9742,138967428590177,138967429535677,945500
9743,138967429590103,138967430535510,945407
9744,138967430590028,138967431535491,945463
9745,138967431589954,138967432535657,945703
9746,138967432589916,138967433535194,945278
9747,138967433589823,138967434535156,945333
9748,138967434589786,138967435535360,945574
9749,138967435589675,138967436535304,945629
9750,138967436589637,138967437535193,945556
9751,138967437589563,138967438535285,945722
9752,138967438589525,138967439534933,945408
9753,138967439589433,138967440535303,945870
9754,138967440589395,138967441534747,945352
9755,138967441589302,138967442534746,945444
9756,138967442589246,138967443534857,945611
9757,138967443589172,138967444535857,946685
9758,138967444589135,138967445534671,945536
9759,138967445589042,138967446534541,945499
9760,138967446588967,138967447534448,945481
9761,138967447588911,138967448534874,945963
9762,138967448588874,138967449534522,945648
9763,138967449588781,138967450534355,945574
9764,138967450588688,138967451534114,945426
9765,138967451588669,138967452534169,945500
9766,138967452588595,138967453534354,945759
9767,138967453588520,138967454533890,945370
9768,138967454588446,138967455533853,945407
9769,138967455588409,138967456533149,944740
9770,138967456588945,138967457534667,945722
9771,138967457588241,138967458533797,945556
9772,138967458588204,138967459533741,945537
9773,138967459588111,138967460534203,946092
9774,138967460588074,138967461533555,945481
9775,138967461587981,138967462533554,945573
9776,138967462587906,138967463533462,945556
9777,138967463587869,138967464533517,945648
9778,138967464587832,138967465533739,945907
9779,138967465587739,138967466533349,945610
9780,138967466587664,138967467533312,945648
9781,138967467587608,138967468533738,946130
9782,138967468587571,138967469533108,945537
9783,138967469587497,138967470532978,945481
9784,138967470587422,138967471532792,945370
9785,138967471587348,138967472532736,945388
9786,138967472587292,138967473532588,945296
9787,138967473587199,138967474532476,945277
9788,138967474587143,138967475532735,945592
9789,138967475587050,138967476532698,945648
9790,138967476587013,138967477532531,945518
9791,138967477586938,138967478532253,945315
9792,138967478586882,138967479532364,945482
9793,138967479586827,138967480532048,945221
9794,138967480586771,138967481532270,945499
9795,138967481586678,138967482532085,945407
9796,138967482586622,138967483531992,945370
9797,138967483586547,138967484532232,945685
9798,138967484586529,138967485531862,945333
9799,138967485586417,138967486532009,945592
9800,138967486586361,138967487532028,945667
9801,138967487586305,138967488532564,946259
9802,138967488586231,138967489531638,945407
9803,138967489586138,138967490531675,945537
9804,138967490586082,138967491531397,945315
9805,138967491586026,138967492531526,945500
9806,138967492585989,138967493531229,945240
9807,138967493585896,138967494531414,945518
9808,138967494585821,138967495531173,945352
9809,138967495585766,138967496531413,945647
9810,138967496585710,138967497531191,945481
9811,138967497585635,138967498530987,945352
9812,138967498585561,138967499530968,945407
9813,138967499585486,138967500531190,945704
9814,138967500585431,138967501531041,945610
9815,138967501585356,138967502530689,945333
9816,138967502585282,138967503530633,945351
9817,138967503585226,138967504530911,945685
9818,138967504585207,138967505530540,945333
9819,138967505585096,138967506530521,945425
9820,138967506585058,138967507530502,945444
9821,138967507584984,138967508531243,946259
9822,138967508584928,138967509530539,945611
9823,138967509584853,138967510530353,945500
9824,138967510584761,138967511530427,945666
9825,138967511584705,138967512530371,945666
9826,138967512584686,138967513529889,945203
9827,138967513584574,138967514530018,945444
9828,138967514584500,138967515530037,945537
9829,138967515584444,138967516529925,945481
9830,138967516584370,138967517529962,945592
9831,138967517584295,138967518529758,945463
9832,138967518584239,138967519529813,945574
9833,138967519584202,138967520529868,945666
9834,138967520584128,138967521529516,945388
9835,138967521584053,138967522529460,945407
9836,138967522583997,138967523529349,945352
9837,138967523583923,138967524529460,945537
9838,138967524583867,138967525529218,945351
9839,138967525583793,138967526529329,945536
9840,138967526583718,138967527529014,945296
9841,138967527583662,138967528529292,945630
9842,138967528583588,138967529529143,945555
9843,138967529583532,138967530528976,945444
9844,138967530583458,138967531528716,945258
9845,138967531583402,138967532528883,945481
9846,138967532583364,138967533528827,945463
9847,138967533583271,138967534528771,945500
9848,138967534583215,138967535528493,945278
9849,138967535583141,138967536528604,945463
9850,138967536583067,138967537528418,945351
9851,138967537582992,138967538528492,945500
9852,138967538582936,138967539528362,945426
9853,138967539582843,138967540528732,945889
9854,138967540582806,138967541528491,945685
9855,138967541582732,138967542528139,945407
9856,138967542582657,138967543528083,945426
9857,138967543582601,138967544528379,945778
9858,138967544582564,138967545527897,945333
9859,138967545582490,138967546527971,945481
9860,138967546582415,138967547527785,945370
9861,138967547582359,138967548528118,945759
9862,138967548582322,138967549527599,945277
9863,138967549582210,138967550527673,945463
9864,138967550582136,138967551527580,945444
9865,138967551582062,138967552527376,945314
9866,138967552582043,138967553527505,945462
9867,138967553581931,138967554527431,945500
9868,138967554581875,138967555527338,945463
9869,138967555581819,138967556527227,945408
9870,138967556581745,138967557527060,945315
9871,138967557581671,138967558527263,945592
9872,138967558581615,138967559527577,945962
9873,138967559581577,138967560526966,945389
9874,138967560581521,138967561526799,945278
9875,138967561581429,138967562526947,945518
9876,138967562581354,138967563526854,945500
9877,138967563581280,138967564527076,945796
9878,138967564581242,138967565526761,945519
9879,138967565581168,138967566526686,945518
9880,138967566581094,138967567526464,945370
9881,138967567581038,138967568526704,945666
9882,138967568580963,138967569526315,945352
9883,138967569580926,138967570526074,945148
9884,138967570580814,138967571526184,945370
9885,138967571580777,138967572526277,945500
9886,138967572580740,138967573526091,945351
9887,138967573580647,138967574526072,945425
9888,138967574580572,138967575526146,945574
9889,138967575580516,138967576526109,945593
9890,138967576580461,138967577525886,945425
9891,138967577580386,138967578525812,945426
9892,138967578580293,138967579526163,945870
9893,138967579580237,138967580525793,945556
9894,138967580580181,138967581525922,945741
9895,138967581580107,138967582525496,945389
9896,138967582580033,138967583525347,945314
9897,138967583579958,138967584525680,945722
9898,138967584579958,138967585525346,945388
9899,138967585579865,138967586525568,945703
9900,138967586579772,138967587525457,945685
9901,138967587579716,138967588525401,945685
9902,138967588579679,138967589525364,945685
9903,138967589579604,138967590524919,945315
9904,138967590579511,138967591524956,945445
9905,138967591579456,138967592525307,945851
9906,138967592579400,138967593524862,945462
9907,138967593579325,138967594524751,945426
9908,138967594579251,138967595524769,945518
9909,138967595579195,138967596524583,945388
9910,138967596579158,138967597524546,945388
9911,138967597579028,138967598524564,945536
9912,138967598579009,138967599525082,946073
9913,138967599578934,138967600524378,945444
9914,138967600578897,138967601524360,945463
9915,138967601578804,138967602524230,945426
9916,138967602578730,138967603524303,945573
9917,138967603578674,138967604524192,945518
9918,138967604578618,138967605523821,945203
9919,138967605578543,138967606523858,945315
9920,138967606578469,138967607524024,945555
9921,138967607578395,138967608523931,945536
9922,138967608578339,138967609523838,945499
9923,138967609578283,138967610523764,945481
9924,138967610578190,138967611523541,945351
9925,138967611578134,138967612523615,945481
9926,138967612578115,138967613523633,945518
9927,138967613578022,138967614523244,945222
9928,138967614577948,138967615523429,945481
9929,138967615577892,138967616523225,945333
9930,138967616577836,138967617523169,945333
9931,138967617577762,138967618523095,945333
9932,138967618577687,138967619523372,945685
9933,138967619577613,138967620522835,945222
9934,138967620577557,138967621522964,945407
9935,138967621577464,138967622522834,945370
9936,138967622577408,138967623522611,945203
9937,138967623577371,138967624522833,945462
9938,138967624577315,138967625522722,945407
9939,138967625577240,138967626522759,945519
9940,138967626577166,138967627522869,945703
9941,138967627577092,138967628522702,945610
9942,138967628577054,138967629522683,945629
9943,138967629576961,138967630522294,945333
9944,138967630576905,138967631522035,945130
9945,138967631576831,138967632522312,945481
9946,138967632576775,138967633522478,945703
9947,138967633576701,138967634521830,945129
9948,138967634576626,138967635521959,945333
9949,138967635576552,138967636522274,945722
9950,138967636576514,138967637521773,945259
9951,138967637576440,138967638521995,945555
9952,138967638576366,138967639522365,945999
9953,138967639576328,138967640521643,945315
9954,138967640576254,138967641521587,945333
9955,138967641576179,138967642521920,945741
9956,138967642576105,138967643521420,945315
9957,138967643576031,138967644521530,945499
9958,138967644575975,138967645521308,945333
9959,138967645575900,138967646521419,945519
9960,138967646575826,138967647521122,945296
9961,138967647575751,138967648521492,945741
9962,138967648575714,138967649521269,945555
9963,138967649575640,138967650521213,945573
9964,138967650575565,138967651520954,945389
9965,138967651575546,138967652521176,945630
9966,138967652575454,138967653520638,945184
9967,138967653575361,138967654520842,945481
9968,138967654575323,138967655520712,945389
9969,138967655575249,138967656521082,945833
9970,138967656575193,138967657520452,945259
9971,138967657575119,138967658520526,945407
9972,138967658575081,138967659521099,946018
9973,138967659574988,138967660520340,945352
9974,138967660574914,138967661520321,945407
9975,138967661574858,138967662520376,945518
9976,138967662574765,138967663520098,945333
9977,138967663574709,138967664520283,945574
9978,138967664574672,138967665520079,945407
9979,138967665574597,138967666520023,945426
9980,138967666574541,138967667519893,945352
9981,138967667574467,138967668519967,945500
9982,138967668574411,138967669519818,945407
9983,138967669574355,138967670519873,945518
9984,138967670574262,138967671519725,945463
9985,138967671574188,138967672519965,945777
9986,138967672574150,138967673519521,945371
9987,138967673574058,138967674519261,945203
9988,138967674574002,138967675519075,945073
9989,138967675573927,138967676519445,945518
9990,138967676573871,138967677519353,945482
9991,138967677573797,138967678519148,945351
9992,138967678573741,138967679519704,945963
9993,138967679573667,138967680519296,945629
9994,138967680573611,138967681518962,945351
9995,138967681573555,138967682519018,945463
9996,138967682573480,138967683519073,945593
9997,138967683573406,138967684518776,945370
9998,138967684573369,138967685518998,945629
9999,138967685573276,138967686518572,945296
10000,138967686573201,138967687518849,945648
10001,138967687573127,138967688518553,945426
10002,138967688573090,138967689518441,945351
10003,138967689573015,138967690518441,945426
10004,138967690572941,138967691519959,947018
10005,138967691572903,138967692519162,946259
10006,138967692572829,138967693518236,945407
10007,138967693572755,138967694518236,945481
10008,138967694572699,138967695518050,945351
10009,138967695572624,138967696518328,945704
10010,138967696572568,138967697517809,945241
10011,138967697572475,138967698517827,945352
10012,138967698572438,138967699518308,945870
10013,138967699572382,138967700518049,945667
10014,138967700572326,138967701518641,946315
10015,138967701572215,138967702517696,945481
10016,138967702572140,138967703517418,945278
10017,138967703572103,138967704517677,945574
10018,138967704572029,138967705517936,945907
10019,138967705571954,138967706517306,945352
10020,138967706571898,138967707517194,945296
10021,138967707571842,138967708517453,945611
10022,138967708571787,138967709517212,945425
10023,138967709571731,138967710517138,945407
10024,138967710571656,138967711517026,945370
10025,138967711571582,138967712517156,945574
10026,138967712571526,138967713516896,945370
10027,138967713571452,138967714516803,945351
10028,138967714571377,138967715517006,945629
10029,138967715571303,138967716517173,945870
10030,138967716571247,138967717516691,945444
10031,138967717571172,138967718516542,945370
10032,138967718571135,138967719517190,946055
10033,138967719571079,138967720516560,945481
10034,138967720570986,138967721516412,945426
10035,138967721570930,138967722516486,945556
10036,138967722570856,138967723516356,945500
10037,138967723570781,138967724516244,945463
10038,138967724570726,138967725516207,945481
10039,138967725570633,138967726516188,945555
10040,138967726570577,138967727515928,945351
10041,138967727570521,138967728515872,945351
10042,138967728570484,138967729515761,945277
10043,138967729570391,138967730515761,945370
10044,138967730570316,138967731515834,945518
10045,138967731570260,138967732515927,945667
10046,138967732570204,138967733515593,945389
10047,138967733570130,138967734515482,945352
10048,138967734570037,138967735515407,945370
10049,138967735570000,138967736515703,945703
10050,138967736569944,138967737515240,945296
10051,138967737569851,138967738515406,945555
10052,138967738569813,138967739515647,945834
10053,138967739569739,138967740515146,945407
10054,138967740569665,138967741515146,945481
10055,138967741569590,138967742514886,945296
10056,138967742569534,138967743514756,945222
10057,138967743569460,138967744514997,945537
10058,138967744569404,138967745514774,945370
10059,138967745569348,138967746514774,945426
10060,138967746569274,138967747514681,945407
10061,138967747569218,138967748514921,945703
10062,138967748569162,138967749514662,945500
10063,138967749569088,138967750514532,945444
10064,138967750568995,138967751514272,945277
10065,138967751568976,138967752514568,945592
10066,138967752568901,138967753514420,945519
10067,138967753568808,138967754514308,945500
10068,138967754568753,138967755514141,945388
10069,138967755568678,138967756514344,945666
10070,138967756568622,138967757513974,945352
10071,138967757568548,138967758514159,945611
10072,138967758568492,138967759514436,945944
10073,138967759568436,138967760514251,945815
10074,138967760568380,138967761513621,945241
10075,138967761568287,138967762514065,945778
10076,138967762568213,138967763513546,945333
10077,138967763568157,138967764513879,945722
10078,138967764568101,138967765513378,945277
10079,138967765568008,138967766513378,945370
10080,138967766567971,138967767513285,945314
10081,138967767567896,138967768513377,945481
10082,138967768567840,138967769513155,945315
10083,138967769567785,138967770513340,945555
10084,138967770567655,138967771513043,945388
10085,138967771567636,138967772513821,946185
10086,138967772567598,138967773512968,945370
10087,138967773567505,138967774512838,945333
10088,138967774567431,138967775512986,945555
10089,138967775567375,138967776513060,945685
10090,138967776567319,138967777512486,945167
10091,138967777567226,138967778512596,945370
10092,138967778567152,138967779513226,946074
10093,138967779567115,138967780512762,945647
10094,138967780567040,138967781512466,945426
10095,138967781566966,138967782512391,945425
10096,138967782566891,138967783512484,945593
10097,138967783566817,138967784512557,945740
10098,138967784566780,138967785512242,945462
10099,138967785566724,138967786512168,945444
10100,138967786566649,138967787512204,945555
10101,138967787566556,138967788512019,945463
10102,138967788566519,138967789511833,945314
10103,138967789566444,138967790511722,945278
10104,138967790566389,138967791511907,945518
10105,138967791566333,138967792511703,945370
10106,138967792566277,138967793511702,945425
10107,138967793566184,138967794511647,945463
10108,138967794566109,138967795511591,945482
10109,138967795566035,138967796511590,945555
10110,138967796565998,138967797511534,945536
10111,138967797565923,138967798511219,945296
10112,138967798565867,138967799511737,945870
10113,138967799565793,138967800511330,945537
10114,138967800565756,138967801511237,945481
10115,138967801565663,138967802511125,945462
10116,138967802565588,138967803510977,945389
10117,138967803565532,138967804511180,945648
10118,138967804565476,138967805511254,945778
10119,138967805565402,138967806510754,945352
10120,138967806565328,138967807510901,945573
10121,138967807565253,138967808510994,945741
10122,138967808565197,138967809510530,945333
10123,138967809565123,138967810510586,945463
10124,138967810565049,138967811510419,945370
10125,138967811564993,138967812510492,945499
10126,138967812564955,138967813510362,945407
10127,138967813564881,138967814510251,945370
10128,138967814564806,138967815510214,945408
10129,138967815564751,138967816510213,945462
10130,138967816564676,138967817510250,945574
10131,138967817564602,138967818509953,945351
10132,138967818564527,138967819509823,945296
10133,138967819564471,138967820510175,945704
10134,138967820564434,138967821509897,945463
10135,138967821564341,138967822509359,945018
10136,138967822564285,138967823509878,945593
10137,138967823564211,138967824509988,945777
10138,138967824564155,138967825509414,945259
10139,138967825564081,138967826509562,945481
10140,138967826564025,138967827509598,945573
10141,138967827563969,138967828509580,945611
10142,138967828563894,138967829509542,945648
10143,138967829563820,138967830509468,945648
10144,138967830563746,138967831509579,945833
10145,138967831563690,138967832509208,945518
10146,138967832563652,138967833509152,945500
10147,138967833563559,138967834508985,945426
10148,138967834563485,138967835508799,945314
10149,138967835563429,138967836508781,945352
10150,138967836563373,138967837508725,945352
10151,138967837563280,138967838508743,945463
10152,138967838563187,138967839508594,945407
10153,138967839563168,138967840509020,945852
10154,138967840563131,138967841508538,945407
10155,138967841563038,138967842508538,945500
10156,138967842563001,138967843508537,945536
10157,138967843562908,138967844508759,945851
10158,138967844562852,138967845508407,945555
10159,138967845562778,138967846508296,945518
10160,138967846562703,138967847507869,945166
10161,138967847562647,138967848508332,945685
10162,138967848562573,138967849508054,945481
10163,138967849562498,138967850508665,946167
10164,138967850562461,138967851507905,945444
10165,138967851562368,138967852507868,945500
10166,138967852562331,138967853507701,945370
10167,138967853562238,138967854507571,945333
10168,138967854562182,138967855507459,945277
10169,138967855562126,138967856507422,945296
10170,138967856562052,138967857507699,945647
10171,138967857561977,138967858507347,945370
10172,138967858561921,138967859507310,945389
10173,138967859561865,138967860507291,945426
10174,138967860561809,138967861507291,945482
10175,138967861561698,138967862507050,945352
10176,138967862561642,138967863507142,945500
10177,138967863561586,138967864507067,945481
10178,138967864561530,138967865506956,945426
10179,138967865561456,138967866506733,945277
10180,138967866561400,138967867506715,945315
10181,138967867561344,138967868506696,945352
10182,138967868561270,138967869506584,945314
10183,138967869561177,138967870507177,946000
10184,138967870561139,138967871506528,945389
10185,138967871561047,138967872506546,945499
10186,138967872561009,138967873506453,945444
10187,138967873560916,138967874506397,945481
10188,138967874560860,138967875506342,945482
10189,138967875560786,138967876506249,945463
10190,138967876560730,138967877506193,945463
10191,138967877560674,138967878506192,945518
10192,138967878560600,138967879505988,945388
10193,138967879560544,138967880506081,945537
10194,138967880560488,138967881506043,945555
10195,138967881560395,138967882505876,945481
10196,138967882560358,138967883505820,945462
10197,138967883560265,138967884506024,945759
10198,138967884560209,138967885505634,945425
10199,138967885560134,138967886505523,945389
10200,138967886560060,138967887505467,945407
10201,138967887560004,138967888505596,945592
10202,138967888559967,138967889505448,945481
10203,138967889559874,138967890505799,945925
10204,138967890559818,138967891505169,945351
10205,138967891559744,138967892505280,945536
10206,138967892559725,138967893505113,945388
10207,138967893559613,138967894504965,945352
10208,138967894559557,138967895505020,945463
10209,138967895559501,138967896505038,945537
10210,138967896559427,138967897504797,945370
10211,138967897559353,138967898505241,945888
10212,138967898559297,138967899504426,945129
10213,138967899559222,138967900504815,945593
10214,138967900559185,138967901504574,945389
10215,138967901559092,138967902504277,945185
10216,138967902559018,138967903504610,945592
10217,138967903558962,138967904504258,945296
10218,138967904558887,138967905504165,945278
10219,138967905558813,138967906504405,945592
10220,138967906558776,138967907504127,945351
10221,138967907558701,138967908504386,945685
10222,138967908558645,138967909503997,945352
10223,138967909558571,138967910504367,945796
10224,138967910558515,138967911503978,945463
10225,138967911558422,138967912503977,945555
10226,138967912558366,138967913503921,945555
10227,138967913558292,138967914503736,945444
10228,138967914558236,138967915503717,945481
10229,138967915558161,138967916503439,945278
10230,138967916558124,138967917503476,945352
10231,138967917558031,138967918503512,945481
10232,138967918557975,138967919503234,945259
10233,138967919557938,138967920503586,945648
10234,138967920557863,138967921503270,945407
10235,138967921557770,138967922503048,945278
10236,138967922557715,138967923503159,945444
10237,138967923557659,138967924503307,945648
10238,138967924557584,138967925503251,945667
10239,138967925557510,138967926502935,945425
10240,138967926557454,138967927502843,945389
10241,138967927557361,138967928502861,945500
10242,138967928557324,138967929502638,945314
10243,138967929557231,138967930502990,945759
10244,138967930557193,138967931502415,945222
10245,138967931557100,138967932502637,945537
10246,138967932557063,138967933502341,945278
10247,138967933557007,138967934502433,945426
10248,138967934556933,138967935502599,945666
10249,138967935556877,138967936502284,945407
10250,138967936556802,138967937502469,945667
10251,138967937556728,138967938502154,945426
10252,138967938556654,138967939501987,945333
10253,138967939556579,138967940502060,945481
10254,138967940556542,138967941501893,945351
10255,138967941556449,138967942501875,945426
10256,138967942556393,138967943501763,945370
10257,138967943556319,138967944501633,945314
10258,138967944556281,138967945501725,945444
10259,138967945556188,138967946501595,945407
10260,138967946556132,138967947501502,945370
10261,138967947556095,138967948501835,945740
10262,138967948556039,138967949501335,945296
10263,138967949555928,138967950502057,946129
10264,138967950555872,138967951501483,945611
10265,138967951555797,138967952501556,945759
10266,138967952555760,138967953501075,945315
10267,138967953555667,138967954501222,945555
10268,138967954555611,138967955501148,945537
10269,138967955555537,138967956501148,945611
10270,138967956555481,138967957500962,945481
10271,138967957555407,138967958500851,945444
10272,138967958555332,138967959500498,945166
10273,138967959555276,138967960500850,945574
10274,138967960555220,138967961500757,945537
10275,138967961555146,138967962500775,945629
10276,138967962555090,138967963500386,945296
10277,138967963555016,138967964500608,945592
10278,138967964554978,138967965500293,945315
10279,138967965554885,138967966500385,945500
10280,138967966554829,138967967500366,945537
10281,138967967554755,138967968500181,945426
10282,138967968554699,138967969500254,945555
10283,138967969554625,138967970501124,946499
10284,138967970554550,138967971499883,945333
10285,138967971554476,138967972500179,945703
10286,138967972554439,138967973499827,945388
10287,138967973554364,138967974499864,945500
10288,138967974554308,138967975499771,945463
10289,138967975554160,138967976499659,945499
10290,138967976554196,138967977499492,945296
10291,138967977554103,138967978499288,945185
10292,138967978554029,138967979499381,945352
10293,138967979553973,138967980499658,945685
10294,138967980553917,138967981499398,945481
10295,138967981553824,138967982499102,945278
10296,138967982553768,138967983499250,945482
10297,138967983553694,138967984499027,945333
10298,138967984553657,138967985498953,945296
10299,138967985553564,138967986498989,945425
10300,138967986553508,138967987499026,945518
10301,138967987553452,138967988498952,945500
10302,138967988553396,138967989498766,945370
10303,138967989553303,138967990499432,946129
10304,138967990553266,138967991498599,945333
10305,138967991553191,138967992498710,945519
10306,138967992553154,138967993498524,945370
10307,138967993553043,138967994498468,945425
10308,138967994552950,138967995498468,945518
10309,138967995552931,138967996498153,945222
10310,138967996552856,138967997498134,945278
10311,138967997552782,138967998498022,945240
10312,138967998552708,138967999498226,945518
10313,138967999552633,138968000498096,945463
10314,138968000552596,138968001498170,945574
10315,138968001552521,138968002497854,945333
10316,138968002552447,138968003497743,945296
10317,138968003552391,138968004497928,945537
10318,138968004552335,138968005497705,945370
10319,138968005552261,138968006497501,945240
10320,138968006552186,138968007497519,945333
10321,138968007552130,138968008497797,945667
10322,138968008552075,138968009497519,945444
10323,138968009551982,138968010498241,946259
10324,138968010551963,138968011497333,945370
10325,138968011551870,138968012497407,945537
10326,138968012551814,138968013497017,945203
10327,138968013551740,138968014497165,945425
10328,138968014551665,138968015497054,945389
10329,138968015551591,138968016497220,945629
10330,138968016551553,138968017497109,945556
10331,138968017551479,138968018497071,945592
10332,138968018551386,138968019496589,945203
10333,138968019551330,138968020497033,945703
10334,138968020551311,138968021496737,945426
10335,138968021551200,138968022496570,945370
10336,138968022551144,138968023496588,945444
10337,138968023551069,138968024496440,945371
10338,138968024551014,138968025496402,945388
10339,138968025550939,138968026496217,945278
10340,138968026550883,138968027496494,945611
10341,138968027550827,138968028496272,945445
10342,138968028550753,138968029496438,945685
10343,138968029550697,138968030496715,946018
10344,138968030550641,138968031496122,945481
10345,138968031550548,138968032496196,945648
10346,138968032550492,138968033496177,945685
10347,138968033550418,138968034495955,945537
10348,138968034550381,138968035495936,945555
10349,138968035550288,138968036495991,945703
10350,138968036550213,138968037495620,945407
10351,138968037550139,138968038495731,945592
10352,138968038550064,138968039495472,945408
10353,138968039549990,138968040495693,945703
10354,138968040549990,138968041495249,945259
10355,138968041549897,138968042495267,945370
10356,138968042549841,138968043495341,945500
10357,138968043549748,138968044495229,945481
10358,138968044549711,138968045495599,945888
10359,138968045549618,138968046494969,945351
10360,138968046549543,138968047495598,946055
10361,138968047549506,138968048495135,945629
10362,138968048549450,138968049494950,945500
10363,138968049549357,138968050495264,945907
10364,138968050549320,138968051494597,945277
10365,138968051549227,138968052494615,945388
10366,138968052549171,138968053494615,945444
10367,138968053549041,138968054494596,945555
10368,138968054549041,138968055494559,945518
10369,138968055548966,138968056494484,945518
10370,138968056548929,138968057494299,945370
10371,138968057548873,138968058494150,945277
10372,138968058548780,138968059494113,945333
10373,138968059548706,138968060494446,945740
10374,138968060548668,138968061494038,945370
10375,138968061548575,138968062493834,945259
10376,138968062548501,138968063493852,945351
10377,138968063548445,138968064494000,945555
10378,138968064548389,138968065493815,945426
10379,138968065548315,138968066493629,945314
10380,138968066548222,138968067493536,945314
10381,138968067548184,138968068493758,945574
10382,138968068548147,138968069493665,945518
10383,138968069548054,138968070494257,946203
10384,138968070547998,138968071493313,945315
10385,138968071547942,138968072493497,945555
10386,138968072547868,138968073493330,945462
10387,138968073547793,138968074493256,945463
10388,138968074547719,138968075493182,945463
10389,138968075547645,138968076493255,945610
10390,138968076547589,138968077492848,945259
10391,138968077547533,138968078492921,945388
10392,138968078547458,138968079492940,945482
10393,138968079547403,138968080492810,945407
10394,138968080547347,138968081492828,945481
10395,138968081547272,138968082492716,945444
10396,138968082547216,138968083492531,945315
10397,138968083547142,138968084492586,945444
10398,138968084547086,138968085492586,945500
10399,138968085546993,138968086492345,945352
10400,138968086546937,138968087492326,945389
10401,138968087546863,138968088492288,945425
10402,138968088546807,138968089492066,945259
10403,138968089546751,138968090492491,945740
10404,138968090546658,138968091491861,945203
10405,138968091546584,138968092492065,945481
10406,138968092546546,138968093492064,945518
10407,138968093546453,138968094491916,945463
10408,138968094546416,138968095492008,945592
10409,138968095546342,138968096491934,945592
10410,138968096546304,138968097491600,945296
10411,138968097546211,138968098491581,945370
10412,138968098546155,138968099491729,945574
10413,138968099546099,138968100491784,945685
10414,138968100546007,138968101491432,945425
10415,138968101545951,138968102491395,945444
10416,138968102545876,138968103491228,945352
10417,138968103545802,138968104491283,945481
10418,138968104545746,138968105491135,945389
10419,138968105545672,138968106491134,945462
10420,138968106545616,138968107491078,945462
10421,138968107545560,138968108490967,945407
10422,138968108545504,138968109490855,945351
10423,138968109545429,138968110490966,945537
10424,138968110545355,138968111491262,945907
10425,138968111545299,138968112490706,945407
10426,138968112545243,138968113490576,945333
10427,138968113545169,138968114490909,945740
10428,138968114545094,138968115490427,945333
10429,138968115545020,138968116490594,945574
10430,138968116544983,138968117490519,945536
10431,138968117544890,138968118490093,945203
10432,138968118544815,138968119490278,945463
10433,138968119544759,138968120490204,945445
10434,138968120544722,138968121490203,945481
10435,138968121544648,138968122490388,945740
10436,138968122544573,138968123492277,947704
10437,138968123544554,138968124490073,945519
10438,138968124544461,138968125491035,946574
10439,138968125544424,138968126489831,945407
10440,138968126544350,138968127489609,945259
10441,138968127544257,138968128490127,945870
10442,138968128544182,138968129489719,945537
10443,138968129544108,138968130489422,945314
10444,138968130544052,138968131489292,945240
10445,138968131543978,138968132492607,948629
10446,138968132543940,138968133489144,945204
10447,138968133543829,138968134489180,945351
10448,138968134543791,138968135489143,945352
10449,138968135543717,138968136489569,945852
10450,138968136543661,138968137489031,945370
10451,138968137543587,138968138489086,945499
10452,138968138543531,138968139488975,945444
10453,138968139543475,138968140489049,945574
10454,138968140543419,138968141489530,946111
10455,138968141543326,138968142488696,945370
10456,138968142543270,138968143488640,945370
10457,138968143543196,138968144488844,945648
10458,138968144543140,138968145488991,945851
10459,138968145543047,138968146488399,945352
10460,138968146542973,138968147488306,945333
10461,138968147542935,138968148488583,945648
10462,138968148542879,138968149488286,945407
10463,138968149542805,138968150488193,945388
10464,138968150542730,138968151488156,945426
10465,138968151542675,138968152488397,945722
10466,138968152542619,138968153487748,945129
10467,138968153542563,138968154487803,945240
10468,138968154542451,138968155487673,945222
10469,138968155542395,138968156489340,946945
10470,138968156542358,138968157487839,945481
10471,138968157542265,138968158487561,945296
10472,138968158542209,138968159487598,945389
10473,138968159542135,138968160488357,946222
10474,138968160542098,138968161488079,945981
10475,138968161542023,138968162487467,945444
10476,138968162541949,138968163487708,945759
10477,138968163541874,138968164487744,945870
10478,138968164541837,138968165487151,945314
10479,138968165541762,138968166487336,945574
10480,138968166541688,138968167487095,945407
10481,138968167541614,138968168487336,945722
10482,138968168541576,138968169487354,945778
10483,138968169541483,138968170486724,945241
10484,138968170541409,138968171486686,945277
10485,138968171541353,138968172486797,945444
10486,138968172541297,138968173486593,945296
10487,138968173541204,138968174486537,945333
10488,138968174541130,138968175486704,945574
10489,138968175541092,138968176486574,945482
10490,138968176541037,138968177486425,945388
10491,138968177540981,138968178486480,945499
10492,138968178540888,138968179486406,945518
10493,138968179540813,138968180486239,945426
10494,138968180540794,138968181486831,946037
10495,138968181540702,138968182486016,945314
10496,138968182540627,138968183486201,945574
10497,138968183540571,138968184486052,945481
10498,138968184540497,138968185486089,945592
10499,138968185540422,138968186485922,945500
10500,138968186540348,138968187485774,945426
10501,138968187540274,138968188486162,945888
10502,138968188540255,138968189485680,945425
10503,138968189540180,138968190485476,945296
10504,138968190540106,138968191486217,946111
10505,138968191540050,138968192486031,945981
10506,138968192539994,138968193485401,945407
10507,138968193539901,138968194485697,945796
10508,138968194539845,138968195485475,945630
10509,138968195539789,138968196485493,945704
10510,138968196539734,138968197485196,945462
10511,138968197539622,138968198485085,945463
10512,138968198539566,138968199484751,945185
10513,138968199539510,138968200484936,945426
10514,138968200539436,138968201485287,945851
10515,138968201539399,138968202484676,945277
10516,138968202539324,138968203484694,945370
10517,138968203539250,138968204484768,945518
10518,138968204539194,138968205484619,945425
10519,138968205539119,138968206484471,945352
10520,138968206539064,138968207484304,945240
10521,138968207538989,138968208484841,945852
10522,138968208538952,138968209484414,945462
10523,138968209538822,138968210484414,945592
10524,138968210538784,138968211484266,945482
10525,138968211538710,138968212484728,946018
10526,138968212538673,138968213484265,945592
10527,138968213538580,138968214484005,945425
10528,138968214538524,138968215484023,945499
10529,138968215538486,138968216484208,945722
10530,138968216538412,138968217483634,945222
10531,138968217538338,138968218483782,945444
10532,138968218538263,138968219483744,945481
10533,138968219538189,138968220483540,945351
10534,138968220538151,138968221484170,946019
10535,138968221538077,138968222483447,945370
10536,138968222537984,138968223483558,945574
10537,138968223537947,138968224483224,945277
10538,138968224537872,138968225483168,945296
10539,138968225537798,138968226483335,945537
10540,138968226537723,138968227483019,945296
10541,138968227537668,138968228483297,945629
10542,138968228537630,138968229482852,945222
10543,138968229537537,138968230483148,945611
10544,138968230537500,138968231482814,945314
10545,138968231537425,138968232482870,945445
10546,138968232537370,138968233482869,945499
10547,138968233537277,138968234482665,945388
10548,138968234537202,138968235482535,945333
10549,138968235537128,138968236482572,945444
10550,138968236537090,138968237482201,945111
10551,138968237537016,138968238482312,945296
10552,138968238536942,138968239482312,945370
10553,138968239536867,138968240482256,945389
10554,138968240536830,138968241482830,946000
10555,138968241536792,138968242482385,945593
10556,138968242536718,138968243482199,945481
10557,138968243536644,138968244482162,945518
10558,138968244536588,138968245482050,945462
10559,138968245536495,138968246482013,945518
10560,138968246536420,138968247481679,945259
10561,138968247536346,138968248482031,945685
10562,138968248536290,138968249481975,945685
10563,138968249536234,138968250481771,945537
10564,138968250536141,138968251481530,945389
10565,138968251536104,138968252481807,945703
10566,138968252536030,138968253481474,945444
10567,138968253535955,138968254481529,945574
10568,138968254535881,138968255481454,945573
10569,138968255535843,138968256482899,947056
10570,138968256535806,138968257481232,945426
10571,138968257535713,138968258481157,945444
10572,138968258535657,138968259480990,945333
10573,138968259535564,138968260482156,946592
10574,138968260535527,138968261481452,945925
10575,138968261535452,138968262480934,945482
10576,138968262535397,138968263480600,945203
10577,138968263535304,138968264482081,946777
10578,138968264535285,138968265480673,945388
10579,138968265535155,138968266480654,945499
10580,138968266535099,138968267480506,945407
10581,138968267535043,138968268481543,946500
10582,138968268535006,138968269480598,945592
10583,138968269534931,138968270480246,945315
10584,138968270534875,138968271480264,945389
10585,138968271534801,138968272482004,947203
10586,138968272534745,138968273480208,945463
10587,138968273534634,138968274479967,945333
10588,138968274534578,138968275480096,945518
10589,138968275534522,138968276481521,946999
10590,138968276534447,138968277480040,945593
10591,138968277534391,138968278479743,945352
10592,138968278534317,138968279479669,945352
10593,138968279534243,138968280480928,946685
10594,138968280534224,138968281480075,945851
10595,138968281534131,138968282479612,945481
10596,138968282534056,138968283479519,945463
10597,138968283534001,138968284480685,946684
10598,138968284533945,138968285479315,945370
10599,138968285533870,138968286479333,945463
10600,138968286533796,138968287479592,945796
10601,138968287533758,138968288480388,946630
10602,138968288533684,138968289478906,945222
10603,138968289533573,138968290478943,945370
10604,138968290533517,138968291478887,945370
10605,138968291533479,138968292480146,946667
10606,138968292533423,138968293478756,945333
10607,138968293533331,138968294478645,945314
10608,138968294533256,138968295478867,945611
10609,138968295533219,138968296479718,946499
10610,138968296533163,138968297478588,945425
10611,138968297533088,138968298478310,945222
10612,138968298532996,138968299478532,945536
10613,138968299532940,138968300479476,946536
10614,138968300532902,138968301479013,946111
10615,138968301532809,138968302478346,945537
10616,138968302532753,138968303478179,945426
10617,138968303532679,138968304479531,946852
10618,138968304532642,138968305477938,945296
10619,138968305532549,138968306477956,945407
10620,138968306532474,138968307478141,945667
10621,138968307532418,138968308478918,946500
10622,138968308532344,138968309477788,945444
10623,138968309532288,138968310477510,945222
10624,138968310532214,138968311477547,945333
10625,138968311532176,138968312478787,946611
10626,138968312532102,138968313477472,945370
10627,138968313532028,138968314477601,945573
10628,138968314531953,138968315477268,945315
10629,138968315531879,138968316478564,946685
10630,138968316531823,138968317477174,945351
10631,138968317531748,138968318477230,945482
10632,138968318531674,138968319477322,945648
10633,138968319531618,138968320478544,946926
10634,138968320531581,138968321477525,945944
10635,138968321531506,138968322476969,945463
10636,138968322531413,138968323476598,945185
10637,138968323531376,138968324478116,946740
10638,138968324531320,138968325476727,945407
10639,138968325531246,138968326476875,945629
10640,138968326531171,138968327476560,945389
10641,138968327531097,138968328477782,946685
10642,138968328531060,138968329476467,945407
10643,138968329530967,138968330476300,945333
10644,138968330530892,138968331476429,945537
10645,138968331530836,138968332477669,946833
10646,138968332530799,138968333476039,945240
10647,138968333530725,138968334476169,945444
10648,138968334530650,138968335476150,945500
10649,138968335530576,138968336477631,947055
10650,138968336530557,138968337475964,945407
10651,138968337530445,138968338476019,945574
10652,138968338530389,138968339475908,945519
10653,138968339530334,138968340477148,946814
10654,138968340530278,138968341476018,945740
10655,138968341530203,138968342475555,945352
10656,138968342530129,138968343475369,945240
10657,138968343530054,138968344476702,946648
10658,138968344530017,138968345475461,945444
10659,138968345529924,138968346475313,945389
10660,138968346529831,138968347475183,945352
10661,138968347529775,138968348476423,946648
10662,138968348529738,138968349475367,945629
10663,138968349529664,138968350475293,945629
10664,138968350529608,138968351475311,945703
10665,138968351529552,138968352476070,946518
10666,138968352529477,138968353474847,945370
10667,138968353529403,138968354474847,945444
10668,138968354529347,138968355474828,945481
10669,138968355529273,138968356476217,946944
10670,138968356529235,138968357474550,945315
10671,138968357529124,138968358474642,945518
10672,138968358529049,138968359474475,945426
10673,138968359528994,138968360475845,946851
10674,138968360528938,138968361475456,946518
10675,138968361528863,138968362474215,945352
10676,138968362528789,138968363474363,945574
10677,138968363528733,138968364475344,946611
10678,138968364528696,138968365474158,945462
10679,138968365528621,138968366474065,945444
10680,138968366528547,138968367474065,945518
10681,138968367528491,138968368475509,947018
10682,138968368528435,138968369474027,945592
10683,138968369528361,138968370473712,945351
10684,138968370528268,138968371473693,945425
10685,138968371528212,138968372474804,946592
10686,138968372528174,138968373473693,945519
10687,138968373528063,138968374473563,945500
10688,138968374528007,138968375473525,945518
10689,138968375527951,138968376474692,946741
10690,138968376527932,138968377473284,945352
10691,138968377527839,138968378473339,945500
10692,138968378527765,138968379473302,945537
10693,138968379527709,138968380475209,947500
10694,138968380527653,138968381473671,946018
10695,138968381527560,138968382472912,945352
10696,138968382527504,138968383472874,945370
10697,138968383527411,138968384474967,947556
10698,138968384527374,138968385472651,945277
10699,138968385527300,138968386472614,945314
10700,138968386527225,138968387473169,945944
10701,138968387527151,138968388473743,946592
10702,138968388527095,138968389472669,945574
10703,138968389527020,138968390472650,945630
10704,138968390526946,138968391472372,945426
10705,138968391526909,138968392473205,946296
10706,138968392526853,138968393472352,945499
10707,138968393526778,138968394472148,945370
10708,138968394526704,138968395472185,945481
10709,138968395526630,138968396473037,946407
10710,138968396526574,138968397472110,945536
10711,138968397526499,138968398471610,945111
10712,138968398526443,138968399471739,945296
10713,138968399526369,138968400471850,945481
10714,138968400526332,138968401471868,945536
10715,138968401526220,138968402472016,945796
10716,138968402526183,138968403471386,945203
10717,138968403526090,138968404471590,945500
10718,138968404526071,138968405471534,945463
10719,138968405526015,138968406471367,945352
10720,138968406525941,138968407471385,945444
10721,138968407525848,138968408471866,946018
10722,138968408525792,138968409471106,945314
10723,138968409525717,138968410471032,945315
10724,138968410525662,138968411471643,945981
10725,138968411525587,138968412471365,945778
10726,138968412525531,138968413470827,945296
10727,138968413525457,138968414470938,945481
10728,138968414525364,138968415470864,945500
10729,138968415525308,138968416470863,945555
10730,138968416525252,138968417470493,945241
10731,138968417525215,138968418470603,945388
10732,138968418525140,138968419470529,945389
10733,138968419525047,138968420470584,945537
10734,138968420525029,138968421470436,945407
10735,138968421524936,138968422470602,945666
10736,138968422524880,138968423470268,945388
10737,138968423524805,138968424470324,945519
10738,138968424524731,138968425470194,945463
10739,138968425524675,138968426470212,945537
10740,138968426524601,138968427469860,945259
10741,138968427524526,138968428471044,946518
10742,138968428524507,138968429469803,945296
10743,138968429524396,138968430469747,945351
10744,138968430524322,138968431469673,945351
10745,138968431524284,138968432470488,946204
10746,138968432524228,138968433469265,945037
10747,138968433524154,138968434470116,945962
10748,138968434524098,138968435469635,945537
10749,138968435524005,138968436469616,945611
10750,138968436523986,138968437469523,945537
10751,138968437523875,138968438469319,945444
10752,138968438523819,138968439469485,945666
10753,138968439523744,138968440469244,945500
10754,138968440523707,138968441469188,945481
10755,138968441523614,138968442469280,945666
10756,138968442523558,138968443469002,945444
10757,138968443523484,138968444469150,945666
10758,138968444523446,138968445468909,945463
10759,138968445523354,138968446468761,945407
10760,138968446523298,138968447468890,945592
10761,138968447523223,138968448468853,945630
10762,138968448523186,138968449468500,945314
10763,138968449523093,138968450468574,945481
10764,138968450523056,138968451469185,946129
10765,138968451522963,138968452469147,946184
10766,138968452522907,138968453468332,945425
10767,138968453522832,138968454468573,945741
10768,138968454522758,138968455468202,945444
10769,138968455522683,138968456468072,945389
10770,138968456522665,138968457468072,945407
10771,138968457522572,138968458467868,945296
10772,138968458522516,138968459467849,945333
10773,138968459522423,138968460467923,945500
10774,138968460522386,138968461467774,945388
10775,138968461522311,138968462467607,945296
10776,138968462522237,138968463467570,945333
10777,138968463522181,138968464467829,945648
10778,138968464522125,138968465467551,945426
10779,138968465522032,138968466467365,945333
10780,138968466521976,138968467467420,945444
10781,138968467521883,138968468467661,945778
10782,138968468521846,138968469467308,945462
10783,138968469521790,138968470467086,945296
10784,138968470521697,138968471467104,945407
10785,138968471521641,138968472468067,946426
10786,138968472521641,138968473467029,945388
10787,138968473521529,138968474466936,945407
10788,138968474521436,138968475466825,945389
10789,138968475521380,138968476467158,945778
10790,138968476521343,138968477466972,945629
10791,138968477521269,138968478466917,945648
10792,138968478521176,138968479466731,945555
10793,138968479521120,138968480465897,944777
10794,138968480521657,138968481467119,945462
10795,138968481520990,138968482466304,945314
10796,138968482520952,138968483466526,945574
10797,138968483520841,138968484466285,945444
10798,138968484520785,138968485466136,945351
10799,138968485520729,138968486466118,945389
10800,138968486520655,138968487465821,945166
10801,138968487520599,138968488466154,945555
10802,138968488520561,138968489465894,945333
10803,138968489520487,138968490465783,945296
10804,138968490520412,138968491465838,945426
10805,138968491520338,138968492466449,946111
10806,138968492520319,138968493465615,945296
10807,138968493520189,138968494465596,945407
10808,138968494520133,138968495465503,945370
10809,138968495520059,138968496465855,945796
10810,138968496520003,138968497465318,945315
10811,138968497519929,138968498465428,945499
10812,138968498519891,138968499465206,945315
10813,138968499519835,138968500465317,945482
10814,138968500519872,138968501466483,946611
10815,138968501519687,138968502465334,945647
10816,138968502519631,138968503465612,945981
10817,138968503519538,138968504465204,945666
10818,138968504519519,138968505464796,945277
10819,138968505519426,138968506464852,945426
10820,138968506519333,138968507464888,945555
10821,138968507519277,138968508464721,945444
10822,138968508519240,138968509464647,945407
10823,138968509519147,138968510464554,945407
10824,138968510519072,138968511464442,945370
10825,138968511518998,138968512464979,945981
10826,138968512518979,138968513464331,945352
10827,138968513518886,138968514464293,945407
10828,138968514518812,138968515464052,945240
10829,138968515518737,138968516464311,945574
10830,138968516518681,138968517463922,945241
10831,138968517518626,138968518464292,945666
10832,138968518518570,138968519463792,945222
10833,138968519518495,138968520463995,945500
10834,138968520518439,138968521463698,945259
10835,138968521518365,138968522463883,945518
10836,138968522518291,138968523463753,945462
10837,138968523518198,138968524463660,945462
10838,138968524518160,138968525463660,945500
10839,138968525518104,138968526463549,945445
10840,138968526518048,138968527463456,945408
10841,138968527517993,138968528463603,945610
10842,138968528517918,138968529463492,945574
10843,138968529517844,138968530463288,945444
10844,138968530517769,138968531463028,945259
10845,138968531517695,138968532464898,947203
10846,138968532517658,138968533463083,945425
10847,138968533517565,138968534464046,946481
10848,138968534517527,138968535462934,945407
10849,138968535517434,138968536463360,945926
10850,138968536517397,138968537462767,945370
10851,138968537517304,138968538462933,945629
10852,138968538517248,138968539462526,945278
10853,138968539517192,138968540462951,945759
10854,138968540517118,138968541462729,945611
10855,138968541517043,138968542462951,945908
10856,138968542516988,138968543462654,945666
10857,138968543516895,138968544462580,945685
10858,138968544516876,138968545462468,945592
10859,138968545516783,138968546462264,945481
10860,138968546516708,138968547462264,945556
10861,138968547516634,138968548462449,945815
10862,138968548516615,138968549461967,945352
10863,138968549516504,138968550461966,945462
10864,138968550516448,138968551462003,945555
10865,138968551516392,138968552462225,945833
10866,138968552516336,138968553461725,945389
10867,138968553516262,138968554461854,945592
10868,138968554516206,138968555461891,945685
10869,138968555516131,138968556461779,945648
10870,138968556516094,138968557461631,945537
10871,138968557516001,138968558461353,945352
10872,138968558515927,138968559461315,945388
10873,138968559515852,138968560461500,945648
10874,138968560515815,138968561461129,945314
10875,138968561515740,138968562461722,945982
10876,138968562515666,138968563461184,945518
10877,138968563515592,138968564460962,945370
10878,138968564515554,138968565460943,945389
10879,138968565515443,138968566460813,945370
10880,138968566515424,138968567460664,945240
10881,138968567515350,138968568461071,945721
10882,138968568515294,138968569460534,945240
10883,138968569515201,138968570460700,945499
10884,138968570515182,138968571460422,945240
10885,138968571515089,138968572460940,945851
10886,138968572515015,138968573460477,945462
10887,138968573514959,138968574460069,945110
10888,138968574514866,138968575460254,945388
10889,138968575514810,138968576460384,945574
10890,138968576514772,138968577460142,945370
10891,138968577514661,138968578460327,945666
10892,138968578514605,138968579460086,945481
10893,138968579514531,138968580460327,945796
10894,138968580514493,138968581459826,945333
10895,138968581514419,138968582460474,946055
10896,138968582514382,138968583460066,945684
10897,138968583514307,138968584460085,945778
10898,138968584514233,138968585459751,945518
10899,138968585514158,138968586459676,945518
10900,138968586514102,138968587459843,945741
10901,138968587514028,138968588459565,945537
10902,138968588513972,138968589459583,945611
10903,138968589513898,138968590459212,945314
10904,138968590513823,138968591459212,945389
10905,138968591513767,138968592459471,945704
10906,138968592513711,138968593459230,945519
10907,138968593513600,138968594459118,945518
10908,138968594513563,138968595459044,945481
10909,138968595513507,138968596459136,945629
10910,138968596513451,138968597458765,945314
10911,138968597513376,138968598458728,945352
10912,138968598513302,138968599458820,945518
10913,138968599513246,138968600458746,945500
10914,138968600513190,138968601458412,945222
10915,138968601513097,138968602459208,946111
10916,138968602513041,138968603458374,945333
10917,138968603512967,138968604458633,945666
10918,138968604512911,138968605458189,945278
10919,138968605512837,138968606458151,945314
10920,138968606512762,138968607458188,945426
10921,138968607512725,138968608458317,945592
10922,138968608512651,138968609458187,945536
10923,138968609512595,138968610458039,945444
10924,138968610512520,138968611457835,945315
10925,138968611512464,138968612457983,945519
10926,138968612512427,138968613457797,945370
10927,138968613512316,138968614457778,945462
10928,138968614512278,138968615457852,945574
10929,138968615512185,138968616457648,945463
10930,138968616512148,138968617457425,945277
10931,138968617512055,138968618457444,945389
10932,138968618511981,138968619457517,945536
10933,138968619511906,138968620457406,945500
10934,138968620511850,138968621457239,945389
10935,138968621511813,138968622457775,945962
10936,138968622511738,138968623457090,945352
10937,138968623511646,138968624457941,946295
10938,138968624511627,138968625456793,945166
10939,138968625511534,138968626457145,945611
10940,138968626511459,138968627456811,945352
10941,138968627511403,138968628457051,945648
10942,138968628511348,138968629456884,945536
10943,138968629511273,138968630456699,945426
10944,138968630511199,138968631456698,945499
10945,138968631511124,138968632456865,945741
10946,138968632511087,138968633456420,945333
10947,138968633510994,138968634456420,945426
10948,138968634510957,138968635456623,945666
10949,138968635510864,138968636456567,945703
10950,138968636510845,138968637455974,945129
10951,138968637510752,138968638456178,945426
10952,138968638510659,138968639456177,945518
10953,138968639510622,138968640456195,945573
10954,138968640510566,138968641456362,945796
10955,138968641510491,138968642456398,945907
10956,138968642510417,138968643455954,945537
10957,138968643510361,138968644456046,945685
10958,138968644510305,138968645456842,946537
10959,138968645510212,138968646455712,945500
10960,138968646510138,138968647455674,945536
10961,138968647510100,138968648455711,945611
10962,138968648510045,138968649455507,945462
10963,138968649509952,138968650455414,945462
10964,138968650509877,138968651455340,945463
10965,138968651509821,138968652455506,945685
10966,138968652509784,138968653455284,945500
10967,138968653509709,138968654455209,945500
10968,138968654509617,138968655455542,945925
10969,138968655509561,138968656454986,945425
10970,138968656509486,138968657454986,945500
10971,138968657509430,138968658454949,945519
10972,138968658509356,138968659454689,945333
10973,138968659509319,138968660454837,945518
10974,138968660509244,138968661454688,945444
10975,138968661509170,138968662455392,946222
10976,138968662509114,138968663454484,945370
10977,138968663509039,138968664454798,945759
10978,138968664508984,138968665454446,945462
10979,138968665508909,138968666454150,945241
10980,138968666508835,138968667454279,945444
10981,138968667508779,138968668454297,945518
10982,138968668508741,138968669454204,945463
10983,138968669508630,138968670453963,945333
10984,138968670508574,138968671454185,945611
10985,138968671508518,138968672454111,945593
10986,138968672508481,138968673454036,945555
10987,138968673508369,138968674453999,945630
10988,138968674508295,138968675453554,945259
10989,138968675508258,138968676453739,945481
10990,138968676508220,138968677453738,945518
10991,138968677508109,138968678453553,945444
10992,138968678508071,138968679453553,945482
10993,138968679507997,138968680453626,945629
10994,138968680507941,138968681453533,945592
10995,138968681507867,138968682454052,946185
10996,138968682507774,138968683453514,945740
10997,138968683507718,138968684453662,945944
10998,138968684507662,138968685452958,945296
10999,138968685507588,138968686452939,945351
11000,138968686507513,138968687452957,945444
11001,138968687507457,138968688452938,945481
11002,138968688507420,138968689452697,945277
11003,138968689507346,138968690452790,945444
11004,138968690507253,138968691452734,945481
11005,138968691507178,138968692452696,945518
11006,138968692507141,138968693452585,945444
11007,138968693507085,138968694452585,945500
11008,138968694506992,138968695452251,945259
11009,138968695506936,138968696452232,945296
11010,138968696506880,138968697452435,945555
11011,138968697506787,138968698452194,945407
11012,138968698506731,138968699452435,945704
11013,138968699506657,138968700452342,945685
11014,138968700506601,138968701452101,945500
11015,138968701506508,138968702452100,945592
11016,138968702506489,138968703451970,945481
11017,138968703506396,138968704452229,945833
11018,138968704506359,138968705451655,945296
11019,138968705506266,138968706451969,945703
11020,138968706506210,138968707451784,945574
11021,138968707506154,138968708451710,945556
11022,138968708506098,138968709451302,945204
11023,138968709506005,138968710451505,945500
11024,138968710505950,138968711451283,945333
11025,138968711505894,138968712451579,945685
11026,138968712505819,138968713451245,945426
11027,138968713505726,138968714451337,945611
11028,138968714505670,138968715451189,945519
11029,138968715505615,138968716450707,945092
11030,138968716505577,138968717450855,945278
11031,138968717505484,138968718450965,945481
11032,138968718505428,138968719450854,945426
11033,138968719505372,138968720450854,945482
11034,138968720505335,138968721450853,945518
11035,138968721505205,138968722450816,945611
11036,138968722505168,138968723450649,945481
11037,138968723505093,138968724450352,945259
11038,138968724505056,138968725450574,945518
11039,138968725504945,138968726450352,945407
11040,138968726504870,138968727450388,945518
11041,138968727504833,138968728450629,945796
11042,138968728504758,138968729450091,945333
11043,138968729504702,138968730450313,945611
11044,138968730504647,138968731450109,945462
11045,138968731504572,138968732450498,945926
11046,138968732504516,138968733450886,946370
11047,138968733504460,138968734449923,945463
11048,138968734504386,138968735449626,945240
11049,138968735504312,138968736449626,945314
11050,138968736504256,138968737449496,945240
11051,138968737504163,138968738449551,945388
11052,138968738504088,138968739449403,945315
11053,138968739504032,138968740449514,945482
11054,138968740503995,138968741449310,945315
11055,138968741503884,138968742449198,945314
11056,138968742503828,138968743449438,945610
11057,138968743503790,138968744449327,945537
11058,138968744503734,138968745449049,945315
11059,138968745503642,138968746449030,945388
11060,138968746503604,138968747449141,945537
11061,138968747503511,138968748449252,945741
11062,138968748503455,138968749448770,945315
11063,138968749503381,138968750449158,945777
11064,138968750503325,138968751448954,945629
11065,138968751503251,138968752448676,945425
11066,138968752503195,138968753449157,945962
11067,138968753503139,138968754448583,945444
11068,138968754503046,138968755448379,945333
11069,138968755502990,138968756448323,945333
11070,138968756502934,138968757448378,945444
11071,138968757502841,138968758448600,945759
11072,138968758502785,138968759448100,945315
11073,138968759502729,138968760448377,945648
11074,138968760502692,138968761448062,945370
11075,138968761502618,138968762448006,945388
11076,138968762502543,138968763447932,945389
11077,138968763502487,138968764447894,945407
11078,138968764502394,138968765447820,945426
11079,138968765502338,138968766447746,945408
11080,138968766502264,138968767447708,945444
11081,138968767502208,138968768447838,945630
11082,138968768502134,138968769447522,945388
11083,138968769502078,138968770447578,945500
11084,138968770502022,138968771447466,945444
11085,138968771501948,138968772447503,945555
11086,138968772501910,138968773447984,946074
11087,138968773501817,138968774447243,945426
11088,138968774501743,138968775447224,945481
11089,138968775501687,138968776447224,945537
11090,138968776501613,138968777446872,945259
11091,138968777501557,138968778446686,945129
11092,138968778501464,138968779447038,945574
11093,138968779501389,138968780446482,945093
11094,138968780501370,138968781446815,945445
11095,138968781501296,138968782446574,945278
11096,138968782501203,138968783446721,945518
11097,138968783501147,138968784446647,945500
11098,138968784501091,138968785446535,945444
11099,138968785501017,138968786446461,945444
11100,138968786500961,138968787446479,945518
11101,138968787500887,138968788446257,945370
11102,138968788500849,138968789446219,945370
11103,138968789500775,138968790446126,945351
11104,138968790500700,138968791446163,945463
11105,138968791500645,138968792446181,945536
11106,138968792500570,138968793446459,945889
11107,138968793500477,138968794446107,945630
11108,138968794500421,138968795445643,945222
11109,138968795500347,138968796446180,945833
11110,138968796500291,138968797445680,945389
11111,138968797500217,138968798445605,945388
11112,138968798500179,138968799445457,945278
11113,138968799500086,138968800445845,945759
11114,138968800500049,138968801445252,945203
11115,138968801499975,138968802445289,945314
11116,138968802499900,138968803445344,945444
11117,138968803499826,138968804445288,945462
11118,138968804499770,138968805445344,945574
11119,138968805499714,138968806445065,945351
11120,138968806499640,138968807445102,945462
11121,138968807499547,138968808444954,945407
11122,138968808499509,138968809444916,945407
11123,138968809499435,138968810445194,945759
11124,138968810499360,138968811444767,945407
11125,138968811499286,138968812445026,945740
11126,138968812499249,138968813444971,945722
11127,138968813499193,138968814444544,945351
11128,138968814499118,138968815444451,945333
11129,138968815499062,138968816444821,945759
11130,138968816498988,138968817444043,945055
11131,138968817498914,138968818444376,945462
11132,138968818498858,138968819444302,945444
11133,138968819498765,138968820444339,945574
11134,138968820498727,138968821444153,945426
11135,138968821498672,138968822444134,945462
11136,138968822498597,138968823444486,945889
11137,138968823498523,138968824444059,945536
11138,138968824498448,138968825443763,945315
11139,138968825498392,138968826443744,945352
11140,138968826498336,138968827443595,945259
11141,138968827498262,138968828443688,945426
11142,138968828498206,138968829443724,945518
11143,138968829498132,138968830443520,945388
11144,138968830498057,138968831443594,945537
11145,138968831497983,138968832443501,945518
11146,138968832497964,138968833444093,946129
11147,138968833497871,138968834443204,945333
11148,138968834497797,138968835443222,945425
11149,138968835497722,138968836443389,945667
11150,138968836497685,138968837442870,945185
11151,138968837497592,138968838443166,945574
11152,138968838497518,138968839442703,945185
11153,138968839497480,138968840443147,945667
11154,138968840497424,138968841442720,945296
11155,138968841497331,138968842442535,945204
11156,138968842497276,138968843442794,945518
11157,138968843497238,138968844442719,945481
11158,138968844497201,138968845442682,945481
11159,138968845497071,138968846442682,945611
11160,138968846497015,138968847442626,945611
11161,138968847496922,138968848442551,945629
11162,138968848496885,138968849442329,945444
11163,138968849496810,138968850442199,945389
11164,138968850496736,138968851442161,945425
11165,138968851496661,138968852442272,945611
11166,138968852496643,138968853442642,945999
11167,138968853496568,138968854441901,945333
11168,138968854496475,138968855441827,945352
11169,138968855496419,138968856441808,945389
11170,138968856496363,138968857441659,945296
11171,138968857496289,138968858441604,945315
11172,138968858496233,138968859441603,945370
11173,138968859496159,138968860441992,945833
11174,138968860496103,138968861441380,945277
11175,138968861496028,138968862441547,945519
11176,138968862495954,138968863441546,945592
11177,138968863495898,138968864441490,945592
11178,138968864495842,138968865441435,945593
11179,138968865495749,138968866441286,945537
11180,138968866495693,138968867440971,945278
11181,138968867495638,138968868441100,945462
11182,138968868495600,138968869441063,945463
11183,138968869495507,138968870440951,945444
11184,138968870495451,138968871440729,945278
11185,138968871495358,138968872440784,945426
11186,138968872495321,138968873441432,946111
11187,138968873495247,138968874440987,945740
11188,138968874495154,138968875440320,945166
11189,138968875495116,138968876440875,945759
11190,138968876495060,138968877440523,945463
11191,138968877494967,138968878440338,945371
11192,138968878494893,138968879440319,945426
11193,138968879494856,138968880440504,945648
11194,138968880494800,138968881440392,945592
11195,138968881494725,138968882440058,945333
11196,138968882494651,138968883440206,945555
11197,138968883494595,138968884440150,945555
11198,138968884494576,138968885440020,945444
11199,138968885494465,138968886440057,945592
11200,138968886494372,138968887439835,945463
11201,138968887494316,138968888439853,945537
11202,138968888494279,138968889439778,945499
11203,138968889494167,138968890439815,945648
11204,138968890494130,138968891439629,945499
11205,138968891494037,138968892439500,945463
11206,138968892493981,138968893440092,946111
11207,138968893493944,138968894439536,945592
11208,138968894493869,138968895440165,946296
11209,138968895493795,138968896439350,945555
11210,138968896493739,138968897439220,945481
11211,138968897493646,138968898439183,945537
11212,138968898493609,138968899439053,945444
11213,138968899493516,138968900439293,945777
11214,138968900493460,138968901439163,945703
11215,138968901493385,138968902439033,945648
11216,138968902493311,138968903438959,945648
11217,138968903493274,138968904439014,945740
11218,138968904493218,138968905438384,945166
11219,138968905493106,138968906438606,945500
11220,138968906493069,138968907438550,945481
11221,138968907493031,138968908438587,945556
11222,138968908492957,138968909438494,945537
11223,138968909492883,138968910438530,945647
11224,138968910492808,138968911438289,945481
11225,138968911492734,138968912438363,945629
11226,138968912492678,138968913438567,945889
11227,138968913492641,138968914438159,945518
11228,138968914492548,138968915437807,945259
11229,138968915492473,138968916437714,945241
11230,138968916492417,138968917437880,945463
11231,138968917492324,138968918437713,945389
11232,138968918492269,138968919437527,945258
11233,138968919492213,138968920438249,946036
11234,138968920492157,138968921437768,945611
11235,138968921492082,138968922437452,945370
11236,138968922492026,138968923437822,945796
11237,138968923491971,138968924437470,945499
11238,138968924491915,138968925437174,945259
11239,138968925491822,138968926437340,945518
11240,138968926491766,138968927437136,945370
11241,138968927491691,138968928437339,945648
11242,138968928491636,138968929437320,945684
11243,138968929491561,138968930437005,945444
11244,138968930491468,138968931436801,945333
11245,138968931491431,138968932436893,945462
11246,138968932491356,138968933437263,945907
11247,138968933491282,138968934436819,945537
11248,138968934491245,138968935436689,945444
11249,138968935491170,138968936436522,945352
11250,138968936491133,138968937436614,945481
11251,138968937491021,138968938436466,945445
11252,138968938490966,138968939436502,945536
11253,138968939490910,138968940436243,945333
11254,138968940490854,138968941436150,945296
11255,138968941490761,138968942436279,945518
11256,138968942490723,138968943436149,945426
11257,138968943490630,138968944436463,945833
11258,138968944490612,138968945436074,945462
11259,138968945490500,138968946436092,945592
11260,138968946490426,138968947435777,945351
11261,138968947490370,138968948436055,945685
11262,138968948490333,138968949435906,945573
11263,138968949490258,138968950435573,945315
11264,138968950490184,138968951435980,945796
11265,138968951490128,138968952435646,945518
11266,138968952490090,138968953436201,946111
11267,138968953489979,138968954435460,945481
11268,138968954489905,138968955435423,945518
11269,138968955489849,138968956435311,945462
11270,138968956489774,138968957435237,945463
11271,138968957489700,138968958435440,945740
11272,138968958489662,138968959435088,945426
11273,138968959489570,138968960435069,945499
11274,138968960489532,138968961435069,945537
11275,138968961489439,138968962434791,945352
11276,138968962489402,138968963434735,945333
11277,138968963489327,138968964442494,953167
11278,138968964489475,138968965434956,945481
11279,138968965489216,138968966434549,945333
11280,138968966489141,138968967434585,945444
11281,138968967489067,138968968434678,945611
11282,138968968489029,138968969434474,945445
11283,138968969488918,138968970434436,945518
11284,138968970488825,138968971434121,945296
11285,138968971488788,138968972434361,945573
11286,138968972488732,138968973434880,946148
11287,138968973488657,138968974434194,945537
11288,138968974488583,138968975434009,945426
11289,138968975488546,138968976433990,945444
11290,138968976488490,138968977433860,945370
11291,138968977488415,138968978433619,945204
11292,138968978488341,138968979433896,945555
11293,138968979488285,138968980433525,945240
11294,138968980488229,138968981433581,945352
11295,138968981488136,138968982433488,945352
11296,138968982488080,138968983433599,945519
11297,138968983488006,138968984433543,945537
11298,138968984487969,138968985433320,945351
11299,138968985487876,138968986433283,945407
11300,138968986487820,138968987433264,945444
11301,138968987487727,138968988433097,945370
11302,138968988487671,138968989433004,945333
11303,138968989487634,138968990433355,945721
11304,138968990487559,138968991432911,945352
11305,138968991487466,138968992432910,945444
11306,138968992487429,138968993432706,945277
11307,138968993487354,138968994433039,945685
11308,138968994487280,138968995432946,945666
11309,138968995487224,138968996432594,945370
11310,138968996487187,138968997432612,945425
11311,138968997487094,138968998432593,945499
11312,138968998487038,138968999432408,945370
11313,138968999486945,138969000432722,945777
11314,138969000486908,138969001432148,945240
11315,138969001486815,138969002432222,945407
11316,138969002486759,138969003431870,945111
11317,138969003486703,138969004432166,945463
11318,138969004486647,138969005432128,945481
11319,138969005486591,138969006431998,945407
11320,138969006486517,138969007432146,945629
11321,138969007486442,138969008431942,945500
11322,138969008486386,138969009431738,945352
11323,138969009486293,138969010431608,945315
11324,138969010486238,138969011431552,945314
11325,138969011486163,138969012431718,945555
11326,138969012486126,138969013431663,945537
11327,138969013486033,138969014431958,945925
11328,138969014485958,138969015431162,945204
11329,138969015485884,138969016431217,945333
11330,138969016485865,138969017431106,945241
11331,138969017485772,138969018431235,945463
11332,138969018485716,138969019431068,945352
11333,138969019485642,138969020431234,945592
11334,138969020485586,138969021430752,945166
11335,138969021485530,138969022430734,945204
11336,138969022485437,138969023430659,945222
11337,138969023485381,138969024430807,945426
11338,138969024485344,138969025430751,945407
11339,138969025485233,138969026430658,945425
11340,138969026485177,138969027430565,945388
11341,138969027485121,138969028430769,945648
11342,138969028485065,138969029430583,945518
11343,138969029484972,138969030430249,945277
11344,138969030484935,138969031430175,945240
11345,138969031484860,138969032430156,945296
11346,138969032484823,138969033430045,945222
11347,138969033484711,138969034430748,946037
11348,138969034484674,138969035430025,945351
11349,138969035484600,138969036430210,945610
11350,138969036484544,138969037430062,945518
11351,138969037484451,138969038429821,945370
11352,138969038484395,138969039430357,945962
11353,138969039484320,138969040429635,945315
11354,138969040484283,138969041429968,945685
11355,138969041484172,138969042429690,945518
11356,138969042484116,138969043429430,945314
11357,138969043484060,138969044429300,945240
11358,138969044484022,138969045429300,945278
11359,138969045483930,138969046429281,945351
11360,138969046483874,138969047429410,945536
11361,138969047483818,138969048429317,945499
11362,138969048483762,138969049429002,945240
11363,138969049483687,138969050429095,945408
11364,138969050483613,138969051429113,945500
11365,138969051483539,138969052429020,945481
11366,138969052483501,138969053428927,945426
11367,138969053483408,138969054429389,945981
11368,138969054483371,138969055428778,945407
11369,138969055483259,138969056429037,945778
11370,138969056483204,138969057428444,945240
11371,138969057483166,138969058428555,945389
11372,138969058483092,138969059428388,945296
11373,138969059483017,138969060428369,945352
11374,138969060482962,138969061428350,945388
11375,138969061482906,138969062428165,945259
11376,138969062482831,138969063428238,945407
11377,138969063482757,138969064428331,945574
11378,138969064482719,138969065428089,945370
11379,138969065482608,138969066428015,945407
11380,138969066482552,138969067427830,945278
11381,138969067482478,138969068427903,945425
11382,138969068482440,138969069427755,945315
11383,138969069482347,138969070427847,945500
11384,138969070482310,138969071427921,945611
11385,138969071482217,138969072427828,945611
11386,138969072482198,138969073427642,945444
11387,138969073482105,138969074427901,945796
11388,138969074482031,138969075427308,945277
11389,138969075481993,138969076427271,945278
11390,138969076481919,138969077427456,945537
11391,138969077481845,138969078427215,945370
11392,138969078481770,138969079427048,945278
11393,138969079481696,138969080427344,945648
11394,138969080481658,138969081426992,945334
11395,138969081481566,138969082426954,945388
11396,138969082481491,138969083426935,945444
11397,138969083481417,138969084427102,945685
11398,138969084481379,138969085426842,945463
11399,138969085481323,138969086426471,945148
11400,138969086481249,138969087426619,945370
11401,138969087481193,138969088426730,945537
11402,138969088481137,138969089426415,945278
11403,138969089481044,138969090426414,945370
11404,138969090480970,138969091426470,945500
11405,138969091480914,138969092426303,945389
11406,138969092480858,138969093426580,945722
11407,138969093480784,138969094426746,945962
11408,138969094480728,138969095426079,945351
11409,138969095480635,138969096426190,945555
11410,138969096480598,138969097425949,945351
11411,138969097480505,138969098425801,945296
11412,138969098480449,138969099425726,945277
11413,138969099480374,138969100426170,945796
11414,138969100480355,138969101425651,945296
11415,138969101480263,138969102425633,945370
11416,138969102480207,138969103425595,945388
11417,138969103480132,138969104425669,945537
11418,138969104480076,138969105425502,945426
11419,138969105479983,138969106425279,945296
11420,138969106479928,138969107425168,945240
11421,138969107479853,138969108425242,945389
11422,138969108479816,138969109425315,945499
11423,138969109479723,138969110425037,945314
11424,138969110479667,138969111425037,945370
11425,138969111479593,138969112424888,945295
11426,138969112479555,138969113424999,945444
11427,138969113479481,138969114425629,946148
11428,138969114479425,138969115424832,945407
11429,138969115479332,138969116425146,945814
11430,138969116479295,138969117424572,945277
11431,138969117479202,138969118424572,945370
11432,138969118479146,138969119424849,945703
11433,138969119479071,138969120424552,945481
11434,138969120479015,138969121424404,945389
11435,138969121478922,138969122424311,945389
11436,138969122478848,138969123424237,945389
11437,138969123478792,138969124424218,945426
11438,138969124478755,138969125424088,945333
11439,138969125478680,138969126423902,945222
11440,138969126478606,138969127424087,945481
11441,138969127478550,138969128423902,945352
11442,138969128478513,138969129423809,945296
11443,138969129478420,138969130423808,945388
11444,138969130478345,138969131423678,945333
11445,138969131478289,138969132423863,945574
11446,138969132478234,138969133423455,945221
11447,138969133478141,138969134424048,945907
11448,138969134478029,138969135423381,945352
11449,138969135478029,138969136423658,945629
11450,138969136477973,138969137423880,945907
11451,138969137477880,138969138423583,945703
11452,138969138477806,138969139423194,945388
11453,138969139477676,138969140423083,945407
11454,138969140477712,138969141423008,945296
11455,138969141477619,138969142422971,945352
11456,138969142477489,138969143422952,945463
11457,138969143477489,138969144423137,945648
11458,138969144477452,138969145422748,945296
11459,138969145477377,138969146422821,945444
11460,138969146477303,138969147422673,945370
11461,138969147477229,138969148422673,945444
11462,138969148477191,138969149422691,945500
11463,138969149477098,138969150422542,945444
11464,138969150477024,138969151422468,945444
11465,138969151476968,138969152426653,949685
11466,138969152476931,138969153422227,945296
11467,138969153476819,138969154422634,945815
11468,138969154476763,138969155422041,945278
11469,138969155476707,138969156422207,945500
11470,138969156476670,138969157421966,945296
11471,138969157476596,138969158422003,945407
11472,138969158476521,138969159421854,945333
11473,138969159476447,138969160422650,946203
11474,138969160476391,138969161421742,945351
11475,138969161476316,138969162421594,945278
11476,138969162476261,138969163421779,945518
11477,138969163476186,138969164422056,945870
11478,138969164476149,138969165421408,945259
11479,138969165476037,138969166421352,945315
11480,138969166475963,138969167421277,945314
11481,138969167475907,138969168421481,945574
11482,138969168475870,138969169421295,945425
11483,138969169475795,138969170421258,945463
11484,138969170475721,138969171421128,945407
11485,138969171475665,138969172420850,945185
11486,138969172475628,138969173420924,945296
11487,138969173475535,138969174421627,946092
11488,138969174475460,138969175420756,945296
11489,138969175475386,138969176420904,945518
11490,138969176475348,138969177420607,945259
11491,138969177475256,138969178420681,945425
11492,138969178475181,138969179420607,945426
11493,138969179475125,138969180420588,945463
11494,138969180475088,138969181420476,945388
11495,138969181474995,138969182420365,945370
11496,138969182474939,138969183420087,945148
11497,138969183474865,138969184420735,945870
11498,138969184474883,138969185420197,945314
11499,138969185474734,138969186420641,945907
11500,138969186474641,138969187419808,945167
11501,138969187474604,138969188420474,945870
11502,138969188474585,138969189419900,945315
11503,138969189474474,138969190419918,945444
11504,138969190474418,138969191420010,945592
11505,138969191474343,138969192419825,945482
11506,138969192474287,138969193419750,945463
11507,138969193474176,138969194420139,945963
11508,138969194474139,138969195419546,945407
11509,138969195474064,138969196419434,945370
11510,138969196474045,138969197419452,945407
11511,138969197473952,138969198419452,945500
11512,138969198473897,138969199419267,945370
11513,138969199473822,138969200419359,945537
11514,138969200473766,138969201419229,945463
11515,138969201473692,138969202419099,945407
11516,138969202473599,138969203419080,945481
11517,138969203473543,138969204419117,945574
11518,138969204473506,138969205418913,945407
11519,138969205473413,138969206418857,945444
11520,138969206473338,138969207418579,945241
11521,138969207473301,138969208419004,945703
11522,138969208473245,138969209418597,945352
11523,138969209473152,138969210418615,945463
11524,138969210473096,138969211418540,945444
11525,138969211473040,138969212418355,945315
11526,138969212472966,138969213418355,945389
11527,138969213472892,138969214419095,946203
11528,138969214472836,138969215418076,945240
11529,138969215472743,138969216418279,945536
11530,138969216472724,138969217417798,945074
11531,138969217472649,138969218417927,945278
11532,138969218472557,138969219417871,945314
11533,138969219472501,138969220417834,945333
11534,138969220472426,138969221417889,945463
11535,138969221472333,138969222417759,945426
11536,138969222472296,138969223417629,945333
11537,138969223472259,138969224417832,945573
11538,138969224472203,138969225417739,945536
11539,138969225472110,138969226417498,945388
11540,138969226472054,138969227417294,945240
11541,138969227471998,138969228417720,945722
11542,138969228471924,138969229417182,945258
11543,138969229471960,138969230417590,945630
11544,138969230471775,138969231417145,945370
11545,138969231471700,138969232416904,945204
11546,138969232471663,138969233416959,945296
11547,138969233471570,138969234417829,946259
11548,138969234471514,138969235416866,945352
11549,138969235471458,138969236417106,945648
11550,138969236471402,138969237416717,945315
11551,138969237471328,138969238416828,945500
11552,138969238471291,138969239417012,945721
11553,138969239471216,138969240417105,945889
11554,138969240471142,138969241416475,945333
11555,138969241471067,138969242416548,945481
11556,138969242470974,138969243416641,945667
11557,138969243470937,138969244417992,947055
11558,138969244470881,138969245416362,945481
11559,138969245470788,138969246416103,945315
11560,138969246470714,138969247416102,945388
11561,138969247470658,138969248418195,947537
11562,138969248470621,138969249415879,945258
11563,138969249470528,138969250415916,945388
11564,138969250470453,138969251415860,945407
11565,138969251470397,138969252417156,946759
11566,138969252470360,138969253415619,945259
11567,138969253470267,138969254415748,945481
11568,138969254470211,138969255415618,945407
11569,138969255470137,138969256416636,946499
11570,138969256470081,138969257415618,945537
11571,138969257470006,138969258415951,945945
11572,138969258469932,138969259415358,945426
11573,138969259469876,138969260416505,946629
11574,138969260469820,138969261415394,945574
11575,138969261469746,138969262415282,945536
11576,138969262469653,138969263414819,945166
11577,138969263469597,138969264416115,946518
11578,138969264469597,138969265415022,945425
11579,138969265469504,138969266415022,945518
11580,138969266469429,138969267414762,945333
11581,138969267469373,138969268416077,946704
11582,138969268469299,138969269414651,945352
11583,138969269469206,138969270414465,945259
11584,138969270469150,138969271414705,945555
11585,138969271469094,138969272416075,946981
11586,138969272469038,138969273414464,945426
11587,138969273468945,138969274414723,945778
11588,138969274468908,138969275414278,945370
11589,138969275468834,138969276415315,946481
11590,138969276468759,138969277414148,945389
11591,138969277468703,138969278414092,945389
11592,138969278468629,138969279413962,945333
11593,138969279468573,138969280415017,946444
11594,138969280468554,138969281413980,945426
11595,138969281468443,138969282413887,945444
11596,138969282468350,138969283413720,945370
11597,138969283468312,138969284415294,946982
11598,138969284468238,138969285414034,945796
11599,138969285468182,138969286413478,945296
11600,138969286468126,138969287413552,945426
11601,138969287468033,138969288414829,946796
11602,138969288467977,138969289413496,945519
11603,138969289467903,138969290413347,945444
11604,138969290467829,138969291413069,945240
11605,138969291467754,138969292415198,947444
11606,138969292467754,138969293413235,945481
11607,138969293467642,138969294413142,945500
11608,138969294467587,138969295412845,945258
11609,138969295467512,138969296414141,946629
11610,138969296467475,138969297412697,945222
11611,138969297467382,138969298412715,945333
11612,138969298467326,138969299412622,945296
11613,138969299467252,138969300414214,946962
11614,138969300467196,138969301412436,945240
11615,138969301467103,138969302412584,945481
11616,138969302467139,138969303412398,945259
11617,138969303466954,138969304413750,946796
11618,138969304466916,138969305412416,945500
11619,138969305466861,138969306412268,945407
11620,138969306466786,138969307412638,945852
11621,138969307466730,138969308413304,946574
11622,138969308466693,138969309412304,945611
11623,138969309466600,138969310412044,945444
11624,138969310466507,138969311411747,945240
11625,138969311466451,138969312413062,946611
11626,138969312466414,138969313411784,945370
11627,138969313466321,138969314411784,945463
11628,138969314466265,138969315411987,945722
11629,138969315466191,138969316412950,946759
11630,138969316466153,138969317411375,945222
11631,138969317466060,138969318411486,945426
11632,138969318465986,138969319411467,945481
11633,138969319465911,138969320412393,946482
11634,138969320465911,138969321411411,945500
11635,138969321465800,138969322411299,945499
11636,138969322465744,138969323411280,945536
11637,138969323465669,138969324412132,946463
11638,138969324465651,138969325411002,945351
11639,138969325465539,138969326410909,945370
11640,138969326465465,138969327410853,945388
11641,138969327465409,138969328411853,946444
11642,138969328465353,138969329410538,945185
11643,138969329465260,138969330411111,945851
11644,138969330465204,138969331410556,945352
11645,138969331465148,138969332411777,946629
11646,138969332465092,138969333410703,945611
11647,138969333464999,138969334410351,945352
11648,138969334464962,138969335410388,945426
11649,138969335464906,138969336411572,946666
11650,138969336464850,138969337410128,945278
11651,138969337464739,138969338410257,945518
11652,138969338464664,138969339409942,945278
11653,138969339464627,138969340411164,946537
11654,138969340464590,138969341410034,945444
11655,138969341464478,138969342409996,945518
11656,138969342464422,138969343409811,945389
11657,138969343464348,138969344411162,946814
11658,138969344464255,138969345409588,945333
11659,138969345464199,138969346409513,945314
11660,138969346464143,138969347409513,945370
11661,138969347464069,138969348410717,946648
11662,138969348464050,138969349409272,945222
11663,138969349463957,138969350409345,945388
11664,138969350463901,138969351409290,945389
11665,138969351463827,138969352410530,946703
11666,138969352463789,138969353409419,945630
11667,138969353463696,138969354409048,945352
11668,138969354463622,138969355409807,946185
11669,138969355463585,138969356410529,946944
11670,138969356463510,138969357409010,945500
11671,138969357463454,138969358409009,945555
11672,138969358463361,138969359408731,945370
11673,138969359463287,138969360408879,945592
11674,138969360463250,138969361409027,945777
11675,138969361463175,138969362408638,945463
11676,138969362463119,138969363408378,945259
11677,138969363463045,138969364408544,945499
11678,138969364462970,138969365408415,945445
11679,138969365462914,138969366408544,945630
11680,138969366462859,138969367408043,945184
11681,138969367462766,138969368408210,945444
11682,138969368462728,138969369408191,945463
11683,138969369462654,138969370408135,945481
11684,138969370462561,138969371407987,945426
11685,138969371462450,138969372408116,945666
11686,138969372462449,138969373407819,945370
11687,138969373462375,138969374407800,945425
11688,138969374462300,138969375408152,945852
11689,138969375462263,138969376407874,945611
11690,138969376462226,138969377407762,945536
11691,138969377462114,138969378407447,945333
11692,138969378462077,138969379407521,945444
11693,138969379462002,138969380407558,945556
11694,138969380461946,138969381407205,945259
11695,138969381461891,138969382407390,945499
11696,138969382461798,138969383407168,945370
11697,138969383461723,138969384407167,945444
11698,138969384461667,138969385407278,945611
11699,138969385461611,138969386407111,945500
11700,138969386461537,138969387407148,945611
11701,138969387461481,138969388406981,945500
11702,138969388461407,138969389406814,945407
11703,138969389461351,138969390406832,945481
11704,138969390461258,138969391406647,945389
11705,138969391461202,138969392406591,945389
11706,138969392461128,138969393406479,945351
11707,138969393461072,138969394406479,945407
11708,138969394461016,138969395407219,946203
11709,138969395460941,138969396406293,945352
11710,138969396460904,138969397406274,945370
11711,138969397460811,138969398406126,945315
11712,138969398460718,138969399406033,945315
11713,138969399460681,138969400406273,945592
11714,138969400460625,138969401405976,945351
11715,138969401460532,138969402405902,945370
11716,138969402460476,138969403405680,945204
11717,138969403460420,138969404405661,945241
11718,138969404460383,138969405405808,945425
11719,138969405460290,138969406405456,945166
11720,138969406460216,138969407405697,945481
11721,138969407460160,138969408405456,945296
11722,138969408460104,138969409405381,945277
11723,138969409460011,138969410405548,945537
11724,138969410459936,138969411405232,945296
11725,138969411459881,138969412405454,945573
11726,138969412459843,138969413405343,945500
11727,138969413459769,138969414405065,945296
11728,138969414459694,138969415405713,946019
11729,138969415459620,138969416405323,945703
11730,138969416459564,138969417404934,945370
11731,138969417459508,138969418404730,945222
11732,138969418459434,138969419404970,945536
11733,138969419459378,138969420405211,945833
11734,138969420459322,138969421404766,945444
11735,138969421459229,138969422404821,945592
11736,138969422459192,138969423404636,945444
11737,138969423459099,138969424404728,945629
11738,138969424459061,138969425404672,945611
11739,138969425458968,138969426404524,945556
11740,138969426458875,138969427404208,945333
11741,138969427458838,138969428404190,945352
11742,138969428458764,138969429404245,945481
11743,138969429458708,138969430404078,945370
11744,138969430458615,138969431403800,945185
11745,138969431458596,138969432403966,945370
11746,138969432458540,138969433404077,945537
11747,138969433458447,138969434403947,945500
11748,138969434458391,138969435404280,945889
11749,138969435458317,138969436404131,945814
11750,138969436458242,138969437403853,945611
11751,138969437458187,138969438403483,945296
11752,138969438458094,138969439403464,945370
11753,138969439458056,138969440403463,945407
11754,138969440458019,138969441403352,945333
11755,138969441457907,138969442403259,945352
11756,138969442457833,138969443403314,945481
11757,138969443457777,138969444403277,945500
11758,138969444457721,138969445403258,945537
11759,138969445457684,138969446403128,945444
11760,138969446457591,138969447402998,945407
11761,138969447457535,138969448402924,945389
11762,138969448457479,138969449402886,945407
11763,138969449457386,138969450402812,945426
11764,138969450457330,138969451402663,945333
11765,138969451457274,138969452402719,945445
11766,138969452457200,138969453402626,945426
11767,138969453457126,138969454402440,945314
11768,138969454457051,138969455403014,945963
11769,138969455456995,138969456402365,945370
11770,138969456456921,138969457402272,945351
11771,138969457456847,138969458402346,945499
11772,138969458456809,138969459402216,945407
11773,138969459456753,138969460402271,945518
11774,138969460456679,138969461402049,945370
11775,138969461456604,138969462401956,945352
11776,138969462456530,138969463401789,945259
11777,138969463456474,138969464402011,945537
11778,138969464456418,138969465401844,945426
11779,138969465456362,138969466401677,945315
11780,138969466456288,138969467401584,945296
11781,138969467456214,138969468401454,945240
11782,138969468456158,138969469401620,945462
11783,138969469456065,138969470401324,945259
11784,138969470456009,138969471401564,945555
11785,138969471455934,138969472401286,945352
11786,138969472455916,138969473401341,945425
11787,138969473455823,138969474401433,945610
11788,138969474455767,138969475401711,945944
11789,138969475455692,138969476401044,945352
11790,138969476455636,138969477401451,945815
11791,138969477455543,138969478400802,945259
11792,138969478455488,138969479400710,945222
11793,138969479455432,138969480400709,945277
11794,138969480455357,138969481400727,945370
11795,138969481455283,138969482400579,945296
11796,138969482455208,138969483400523,945315
11797,138969483455153,138969484400726,945573
11798,138969484455115,138969485400467,945352
11799,138969485455041,138969486400485,945444
11800,138969486454966,138969487400114,945148
11801,138969487454892,138969488400392,945500
11802,138969488454836,138969489400021,945185
11803,138969489454762,138969490400298,945536
11804,138969490454706,138969491400020,945314
11805,138969491454631,138969492400094,945463
11806,138969492454594,138969493400001,945407
11807,138969493454501,138969494399853,945352
11808,138969494454445,138969495400149,945704
11809,138969495454389,138969496400037,945648
11810,138969496454296,138969497399740,945444
11811,138969497454222,138969498399685,945463
11812,138969498454166,138969499399629,945463
11813,138969499454092,138969500399462,945370
11814,138969500454073,138969501399332,945259
11815,138969501453980,138969502399405,945425
11816,138969502453887,138969503399127,945240
11817,138969503453831,138969504399146,945315
11818,138969504454386,138969505399756,945370
11819,138969505453738,138969506399145,945407
11820,138969506453663,138969507398922,945259
11821,138969507453570,138969508399126,945556
11822,138969508453533,138969509398885,945352
11823,138969509453440,138969510398921,945481
11824,138969510453366,138969511398532,945166
11825,138969511453310,138969512398680,945370
11826,138969512453254,138969513398531,945277
11827,138969513453180,138969514398624,945444
11828,138969514453124,138969515399031,945907
11829,138969515453068,138969516398623,945555
11830,138969516453012,138969517398400,945388
11831,138969517452937,138969518398530,945593
11832,138969518452845,138969519398307,945462
11833,138969519452789,138969520398251,945462
11834,138969520452733,138969521398066,945333
11835,138969521452658,138969522397862,945204
11836,138969522452584,138969523398324,945740
11837,138969523452510,138969524398028,945518
11838,138969524452472,138969525397842,945370
11839,138969525452398,138969526397879,945481
11840,138969526452305,138969527397786,945481
11841,138969527452267,138969528398026,945759
11842,138969528452249,138969529397878,945629
11843,138969529452137,138969530397692,945555
11844,138969530452081,138969531397599,945518
11845,138969531452007,138969532397525,945518
11846,138969532451969,138969533397358,945389
11847,138969533451877,138969534397284,945407
11848,138969534451802,138969535397580,945778
11849,138969535451746,138969536397209,945463
11850,138969536451672,138969537397023,945351
11851,138969537451597,138969538397134,945537
11852,138969538451542,138969539397060,945518
11853,138969539451467,138969540397059,945592
11854,138969540451411,138969541396818,945407
11855,138969541451355,138969542396651,945296
11856,138969542451299,138969543396781,945482
11857,138969543451206,138969544396799,945593
11858,138969544451188,138969545396335,945147
11859,138969545451076,138969546396557,945481
11860,138969546451039,138969547396298,945259
11861,138969547450946,138969548396594,945648
11862,138969548450909,138969549396112,945203
11863,138969549450816,138969550396019,945203
11864,138969550450741,138969551396093,945352
11865,138969551450704,138969552396203,945499
11866,138969552450666,138969553396018,945352
11867,138969553450536,138969554396184,945648
11868,138969554450481,138969555396295,945814
11869,138969555450425,138969556395684,945259
11870,138969556450406,138969557395776,945370
11871,138969557450294,138969558395739,945445
11872,138969558450238,138969559395572,945334
11873,138969559450164,138969560395460,945296
11874,138969560450108,138969561395349,945241
11875,138969561450034,138969562395422,945388
11876,138969562449959,138969563395348,945389
11877,138969563449903,138969564395385,945482
11878,138969564449848,138969565395310,945462
11879,138969565449773,138969566395273,945500
11880,138969566449699,138969567394976,945277
11881,138969567449643,138969568395217,945574
11882,138969568449568,138969569394994,945426
11883,138969569449513,138969570395049,945536
11884,138969570449438,138969571394753,945315
11885,138969571449382,138969572395271,945889
11886,138969572449345,138969573394585,945240
11887,138969573449252,138969574394696,945444
11888,138969574449141,138969575395325,946184
11889,138969575449122,138969576394473,945351
11890,138969576449066,138969577394362,945296
11891,138969577448973,138969578394454,945481
11892,138969578448898,138969579394268,945370
11893,138969579448843,138969580394435,945592
11894,138969580448805,138969581394212,945407
11895,138969581448675,138969582393990,945315
11896,138969582448638,138969583394119,945481
11897,138969583448582,138969584394156,945574
11898,138969584448545,138969585394026,945481
11899,138969585448470,138969586393711,945241
11900,138969586448377,138969587393710,945333
11901,138969587448340,138969588393488,945148
11902,138969588448265,138969589393784,945519
11903,138969589448191,138969590393654,945463
11904,138969590448117,138969591393561,945444
11905,138969591448061,138969592393672,945611
11906,138969592448023,138969593393375,945352
11907,138969593447930,138969594394652,946722
11908,138969594447856,138969595394115,946259
11909,138969595447782,138969596393244,945462
11910,138969596447726,138969597393114,945388
11911,138969597447688,138969598393521,945833
11912,138969598447614,138969599393188,945574
11913,138969599447540,138969600392965,945425
11914,138969600447521,138969601392891,945370
11915,138969601447391,138969602392964,945573
11916,138969602447335,138969603392705,945370
11917,138969603447279,138969604392630,945351
11918,138969604447223,138969605392593,945370
11919,138969605447112,138969606392593,945481
11920,138969606447074,138969607392407,945333
11921,138969607447000,138969608392499,945499
11922,138969608446962,138969609392444,945482
11923,138969609446869,138969610392221,945352
11924,138969610446814,138969611392313,945499
11925,138969611446739,138969612392276,945537
11926,138969612446720,138969613392072,945352
11927,138969613446609,138969614392349,945740
11928,138969614446553,138969615391886,945333
11929,138969615446497,138969616392478,945981
11930,138969616446441,138969617392052,945611
11931,138969617446367,138969618392089,945722
11932,138969618446292,138969619391792,945500
11933,138969619446218,138969620391884,945666
11934,138969620446181,138969621391532,945351
11935,138969621446088,138969622391439,945351
11936,138969622446032,138969623391494,945462
11937,138969623445939,138969624391309,945370
11938,138969624445901,138969625391253,945352
11939,138969625445827,138969626391605,945778
11940,138969626445771,138969627391271,945500
11941,138969627445697,138969628391196,945499
11942,138969628445659,138969629391085,945426
11943,138969629445566,138969630391085,945519
11944,138969630445511,138969631390844,945333
11945,138969631445436,138969632390973,945537
11946,138969632445362,138969633390695,945333
11947,138969633445287,138969634390639,945352
11948,138969634445231,138969635390620,945389
11949,138969635445139,138969636390731,945592
11950,138969636445120,138969637390453,945333
11951,138969637445027,138969638390767,945740
11952,138969638444952,138969639390341,945389
11953,138969639444915,138969640390637,945722
11954,138969640444859,138969641390340,945481
11955,138969641444785,138969642390266,945481
11956,138969642444710,138969643390247,945537
11957,138969643444636,138969644390006,945370
11958,138969644444598,138969645389857,945259
11959,138969645444506,138969646390950,946444
11960,138969646444468,138969647389820,945352
11961,138969647444375,138969648389727,945352
11962,138969648444356,138969649389541,945185
11963,138969649444263,138969650389930,945667
11964,138969650444171,138969651389559,945388
11965,138969651444096,138969652389374,945278
11966,138969652444077,138969653389670,945593
11967,138969653443984,138969654389299,945315
11968,138969654443947,138969655389336,945389
11969,138969655443854,138969656389354,945500
11970,138969656443817,138969657389279,945462
11971,138969657443742,138969658389094,945352
11972,138969658443649,138969659388982,945333
11973,138969659443593,138969660389297,945704
11974,138969660443538,138969661388982,945444
11975,138969661443445,138969662389018,945573
11976,138969662443389,138969663388796,945407
11977,138969663443333,138969664388666,945333
11978,138969664443258,138969665388610,945352
11979,138969665443184,138969666389332,946148
11980,138969666443128,138969667388406,945278
11981,138969667443072,138969668388627,945555
11982,138969668443016,138969669388423,945407
11983,138969669442923,138969670388571,945648
11984,138969670442867,138969671388256,945389
11985,138969671442793,138969672388330,945537
11986,138969672442756,138969673388311,945555
11987,138969673442663,138969674387996,945333
11988,138969674442607,138969675387977,945370
11989,138969675442551,138969676388440,945889
11990,138969676442477,138969677388032,945555
11991,138969677442402,138969678388106,945704
11992,138969678442346,138969679387587,945241
11993,138969679442272,138969680387920,945648
11994,138969680442234,138969681387808,945574
11995,138969681442160,138969682387678,945518
11996,138969682442086,138969683387437,945351
11997,138969683442030,138969684387641,945611
11998,138969684441974,138969685387511,945537
11999,138969685441899,138969686387918,946019
12000,138969686441825,138969687387232,945407
12001,138969687441732,138969688387306,945574
12002,138969688441695,138969689387324,945629
12003,138969689441620,138969690387231,945611
12004,138969690441546,138969691386990,945444
12005,138969691441472,138969692386897,945425
12006,138969692441416,138969693387119,945703
12007,138969693441341,138969694386730,945389
12008,138969694441285,138969695386655,945370
12009,138969695441229,138969696386711,945482
12010,138969696441211,138969697386581,945370
12011,138969697441081,138969698386451,945370
12012,138969698441025,138969699386247,945222
12013,138969699440950,138969700386598,945648
12014,138969700440913,138969701386413,945500
12015,138969701440839,138969702386357,945518
12016,138969702440764,138969703386005,945241
12017,138969703440671,138969704386523,945852
12018,138969704440652,138969705386004,945352
12019,138969705440559,138969706386244,945685
12020,138969706440504,138969707386059,945555
12021,138969707440429,138969708385744,945315
12022,138969708440392,138969709385743,945351
12023,138969709440299,138969710385910,945611
12024,138969710440261,138969711385576,945315
12025,138969711440169,138969712385557,945388
12026,138969712440113,138969713385353,945240
12027,138969713440038,138969714385334,945296
12028,138969714440001,138969715385686,945685
12029,138969715439889,138969716385167,945278
12030,138969716439852,138969717385185,945333
12031,138969717439778,138969718385018,945240
12032,138969718439703,138969719384999,945296
12033,138969719439629,138969720385369,945740
12034,138969720439591,138969721384943,945352
12035,138969721439498,138969722385146,945648
12036,138969722439443,138969723384924,945481
12037,138969723439405,138969724384997,945592
12038,138969724439331,138969725384775,945444
12039,138969725439256,138969726385256,946000
12040,138969726439201,138969727384571,945370
12041,138969727439145,138969728384570,945425
12042,138969728439089,138969729384237,945148
12043,138969729438996,138969730384310,945314
12044,138969730438940,138969731384440,945500
12045,138969731438847,138969732384199,945352
12046,138969732438810,138969733384106,945296
12047,138969733438735,138969734384068,945333
12048,138969734438661,138969735384105,945444
12049,138969735438586,138969736384049,945463
12050,138969736438549,138969737383882,945333
12051,138969737438475,138969738383956,945481
12052,138969738438419,138969739383844,945425
12053,138969739438344,138969740383862,945518
12054,138969740438307,138969741383695,945388
12055,138969741438195,138969742383677,945482
12056,138969742438140,138969743383473,945333
12057,138969743438084,138969744383602,945518
12058,138969744438009,138969745383509,945500
12059,138969745437935,138969746383990,946055
12060,138969746437879,138969747383231,945352
12061,138969747437805,138969748383471,945666
12062,138969748437749,138969749383119,945370
12063,138969749437674,138969750382915,945241
12064,138969750437618,138969751382951,945333
12065,138969751437544,138969752382803,945259
12066,138969752437507,138969753382858,945351
12067,138969753437414,138969754382506,945092
12068,138969754437358,138969755382561,945203
12069,138969755437302,138969756382468,945166
12070,138969756437227,138969757383357,946130
12071,138969757437153,138969758382449,945296
12072,138969758437079,138969759382652,945573
12073,138969759437023,138969760382356,945333
12074,138969760436985,138969761382337,945352
12075,138969761436892,138969762382411,945519
12076,138969762436818,138969763382188,945370
12077,138969763436762,138969764382114,945352
12078,138969764436706,138969765382447,945741
12079,138969765436632,138969766382243,945611
12080,138969766436576,138969767382187,945611
12081,138969767436483,138969768381909,945426
12082,138969768436464,138969769381853,945389
12083,138969769436353,138969770381852,945499
12084,138969770436297,138969771381759,945462
12085,138969771436241,138969772381574,945333
12086,138969772436204,138969773381555,945351
12087,138969773436092,138969774381407,945315
12088,138969774436036,138969775381443,945407
12089,138969775435943,138969776381369,945426
12090,138969776435924,138969777381294,945370
12091,138969777435832,138969778381239,945407
12092,138969778435776,138969779381035,945259
12093,138969779435701,138969780381053,945352
12094,138969780435664,138969781381015,945351
12095,138969781435571,138969782381034,945463
12096,138969782435496,138969783380885,945389
12097,138969783435459,138969784380866,945407
12098,138969784435403,138969785380681,945278
12099,138969785435292,138969786381162,945870
12100,138969786435236,138969787380347,945111
12101,138969787435180,138969788380439,945259
12102,138969788435143,138969789380439,945296
12103,138969789435050,138969790380401,945351
12104,138969790434975,138969791380012,945037
12105,138969791434901,138969792380382,945481
12106,138969792434882,138969793380085,945203
12107,138969793434789,138969794380159,945370
12108,138969794434715,138969795379844,945129
12109,138969795434659,138969796380140,945481
12110,138969796434603,138969797380232,945629
12111,138969797434528,138969798379880,945352
12112,138969798434473,138969799379861,945388
12113,138969799434398,138969800379768,945370
12114,138969800434361,138969801379564,945203
12115,138969801434249,138969802379508,945259
12116,138969802434193,138969803379582,945389
12117,138969803434119,138969804379526,945407
12118,138969804434082,138969805379433,945351
12119,138969805433989,138969806380081,946092
12120,138969806433951,138969807379284,945333
12121,138969807433877,138969808379525,945648
12122,138969808433821,138969809379024,945203
12123,138969809433747,138969810379098,945351
12124,138969810433672,138969811378987,945315
12125,138969811433616,138969812378801,945185
12126,138969812433542,138969813378856,945314
12127,138969813433486,138969814378745,945259
12128,138969814433412,138969815378782,945370
12129,138969815433356,138969816378504,945148
12130,138969816433300,138969817379133,945833
12131,138969817433207,138969818378596,945389
12132,138969818433133,138969819378373,945240
12133,138969819433058,138969820378447,945389
12134,138969820433039,138969821378428,945389
12135,138969821432965,138969822378502,945537
12136,138969822432890,138969823378242,945352
12137,138969823432816,138969824378205,945389
12138,138969824432797,138969825378297,945500
12139,138969825432667,138969826378667,946000
12140,138969826432630,138969827378037,945407
12141,138969827432537,138969828378222,945685
12142,138969828432518,138969829378036,945518
12143,138969829432407,138969830377777,945370
12144,138969830432332,138969831377924,945592
12145,138969831432295,138969832377720,945425
12146,138969832432220,138969833377424,945204
12147,138969833432146,138969834377479,945333
12148,138969834432109,138969835377497,945388
12149,138969835432034,138969836377552,945518
12150,138969836431978,138969837377719,945741
12151,138969837431904,138969838377718,945814
12152,138969838431848,138969839377311,945463
12153,138969839431755,138969840377218,945463
12154,138969840431718,138969841377180,945462
12155,138969841431643,138969842377106,945463
12156,138969842431569,138969843377383,945814
12157,138969843431494,138969844376957,945463
12158,138969844431439,138969845376846,945407
12159,138969845431346,138969846377179,945833
12160,138969846431308,138969847376789,945481
12161,138969847431234,138969848376882,945648
12162,138969848431197,138969849376585,945388
12163,138969849431122,138969850376344,945222
12164,138969850431066,138969851376658,945592
12165,138969851430973,138969852376510,945537
12166,138969852430917,138969853376269,945352
12167,138969853430843,138969854376232,945389
12168,138969854430787,138969855376157,945370
12169,138969855430694,138969856376194,945500
12170,138969856430657,138969857376008,945351
12171,138969857430564,138969858376082,945518
12172,138969858430508,138969859375934,945426
12173,138969859430452,138969860375989,945537
12174,138969860430378,138969861375785,945407
12175,138969861430322,138969862375636,945314
12176,138969862430266,138969863375580,945314
12177,138969863430191,138969864375524,945333
12178,138969864430173,138969865375561,945388
12179,138969865430080,138969866376190,946110
12180,138969866430005,138969867375209,945204
12181,138969867429931,138969868375449,945518
12182,138969868429856,138969869375041,945185
12183,138969869429764,138969870375152,945388
12184,138969870429726,138969871375281,945555
12185,138969871429652,138969872375096,945444
12186,138969872429596,138969873374910,945314
12187,138969873429503,138969874375095,945592
12188,138969874429447,138969875374836,945389
12189,138969875429391,138969876374854,945463
12190,138969876429372,138969877374668,945296
12191,138969877429261,138969878374538,945277
12192,138969878429205,138969879374519,945314
12193,138969879429149,138969880374538,945389
12194,138969880429093,138969881374408,945315
12195,138969881429000,138969882374426,945426
12196,138969882428926,138969883374666,945740
12197,138969883428888,138969884374296,945408
12198,138969884428814,138969885374203,945389
12199,138969885428740,138969886374443,945703
12200,138969886428665,138969887374183,945518
12201,138969887428609,138969888374072,945463
12202,138969888428553,138969889374257,945704
12203,138969889428479,138969890373960,945481
12204,138969890428423,138969891374145,945722
12205,138969891428367,138969892373682,945315
12206,138969892428311,138969893373755,945444
12207,138969893428200,138969894373644,945444
12208,138969894428163,138969895373496,945333
12209,138969895428070,138969896373625,945555
12210,138969896428032,138969897373550,945518
12211,138969897427958,138969898373457,945499
12212,138969898427902,138969899373402,945500
12213,138969899427809,138969900373216,945407
12214,138969900427753,138969901373327,945574
12215,138969901427679,138969902373197,945518
12216,138969902427623,138969903373122,945499
12217,138969903427530,138969904372955,945425
12218,138969904427511,138969905372696,945185
12219,138969905427437,138969906372936,945499
12220,138969906427381,138969907372973,945592
12221,138969907427306,138969908372565,945259
12222,138969908427250,138969909372546,945296
12223,138969909427157,138969910372750,945593
12224,138969910427102,138969911372398,945296
12225,138969911427027,138969912372490,945463
12226,138969912426990,138969913372286,945296
12227,138969913426897,138969914372378,945481
12228,138969914426841,138969915372526,945685
12229,138969915426767,138969916372155,945388
12230,138969916426711,138969917372525,945814
12231,138969917426636,138969918372117,945481
12232,138969918426580,138969919372062,945482
12233,138969919426524,138969920372117,945593
12234,138969920426450,138969921371653,945203
12235,138969921426394,138969922371931,945537
12236,138969922426320,138969923371690,945370
12237,138969923426245,138969924371671,945426
12238,138969924426208,138969925371541,945333
12239,138969925426115,138969926371430,945315
12240,138969926426059,138969927371448,945389
12241,138969927425966,138969928371447,945481
12242,138969928425929,138969929371558,945629
12243,138969929425836,138969930371373,945537
12244,138969930425762,138969931370909,945147
12245,138969931425706,138969932371168,945462
12246,138969932425687,138969933371186,945499
12247,138969933425575,138969934370797,945222
12248,138969934425538,138969935371001,945463
12249,138969935425445,138969936371037,945592
12250,138969936425426,138969937371611,946185
12251,138969937425333,138969938370907,945574
12252,138969938425259,138969939370629,945370
12253,138969939425184,138969940371203,946019
12254,138969940425166,138969941370684,945518
12255,138969941425054,138969942370369,945315
12256,138969942424998,138969943370165,945167
12257,138969943424924,138969944370479,945555
12258,138969944424868,138969945370219,945351
12259,138969945424794,138969946370256,945462
12260,138969946424719,138969947370108,945389
12261,138969947424682,138969948370144,945462
12262,138969948424626,138969949370051,945425
12263,138969949424533,138969950369866,945333
12264,138969950424477,138969951369662,945185
12265,138969951424403,138969952369680,945277
12266,138969952424365,138969953369846,945481
12267,138969953424272,138969954369679,945407
12268,138969954424198,138969955369531,945333
12269,138969955424123,138969956369586,945463
12270,138969956424086,138969957369956,945870
12271,138969957424012,138969958369382,945370
12272,138969958423937,138969959369807,945870
12273,138969959423881,138969960369085,945204
12274,138969960423844,138969961369344,945500
12275,138969961423770,138969962369084,945314
12276,138969962423695,138969963369010,945315
12277,138969963423621,138969964368880,945259
12278,138969964423565,138969965368972,945407
12279,138969965423472,138969966368879,945407
12280,138969966423416,138969967368657,945241
12281,138969967423360,138969968368693,945333
12282,138969968423304,138969969368730,945426
12283,138969969423211,138969970368600,945389
12284,138969970423137,138969971368377,945240
12285,138969971423081,138969972368451,945370
12286,138969972423007,138969973368377,945370
12287,138969973422951,138969974368339,945388
12288,138969974422876,138969975368302,945426
12289,138969975422858,138969976368116,945258
12290,138969976422783,138969977368764,945981
12291,138969977422709,138969978368023,945314
12292,138969978422634,138969979367930,945296
12293,138969979422578,138969980367911,945333
12294,138969980422522,138969981367781,945259
12295,138969981422430,138969982367911,945481
12296,138969982422355,138969983368040,945685
12297,138969983422299,138969984367780,945481
12298,138969984422262,138969985367762,945500
12299,138969985422169,138969986367835,945666
12300,138969986422113,138969987367687,945574
12301,138969987422039,138969988367557,945518
12302,138969988422001,138969989367168,945167
12303,138969989421927,138969990367334,945407
12304,138969990421852,138969991367371,945519
12305,138969991421778,138969992367370,945592
12306,138969992421722,138969993366963,945241
12307,138969993421648,138969994367018,945370
12308,138969994421573,138969995366869,945296
12309,138969995421499,138969996366832,945333
12310,138969996421462,138969997367443,945981
12311,138969997421387,138969998366591,945204
12312,138969998421313,138969999366887,945574
12313,138969999421238,138970000366627,945389
12314,138970000421201,138970001366515,945314
12315,138970001421090,138970002366497,945407
12316,138970002421052,138970003366404,945352
12317,138970003420996,138970004366570,945574
12318,138970004420959,138970005366403,945444
12319,138970005420884,138970006366236,945352
12320,138970006420792,138970007366088,945296
12321,138970007420717,138970008366087,945370
12322,138970008420698,138970009365957,945259
12323,138970009420587,138970010366049,945462
12324,138970010420531,138970011365901,945370
12325,138970011420457,138970012365827,945370
12326,138970012420419,138970013365808,945389
12327,138970013420308,138970014365770,945462
12328,138970014420252,138970015365937,945685
12329,138970015420214,138970016365510,945296
12330,138970016420140,138970017365917,945777
12331,138970017420084,138970018365602,945518
12332,138970018419991,138970019365269,945278
12333,138970019419954,138970020365268,945314
12334,138970020419898,138970021365138,945240
12335,138970021419824,138970022365416,945592
12336,138970022419749,138970023365175,945426
12337,138970023419675,138970024364989,945314
12338,138970024419637,138970025365248,945611
12339,138970025419544,138970026364822,945278
12340,138970026419470,138970027364822,945352
12341,138970027419396,138970028364710,945314
12342,138970028419358,138970029364599,945241
12343,138970029419265,138970030364728,945463
12344,138970030419209,138970031364468,945259
12345,138970031419172,138970032364524,945352
12346,138970032419116,138970033365190,946074
12347,138970033419023,138970034364375,945352
12348,138970034418949,138970035364374,945425
12349,138970035418893,138970036364207,945314
12350,138970036418837,138970037364800,945963
12351,138970037418763,138970038364096,945333
12352,138970038418688,138970039364114,945426
12353,138970039418632,138970040364058,945426
12354,138970040418576,138970041364076,945500
12355,138970041418483,138970042363835,945352
12356,138970042418391,138970043363853,945462
12357,138970043418353,138970044363631,945278
12358,138970044418297,138970045363723,945426
12359,138970045418223,138970046363408,945185
12360,138970046418185,138970047364037,945852
12361,138970047418111,138970048363574,945463
12362,138970048418037,138970049363277,945240
12363,138970049417962,138970050363314,945352
12364,138970050417906,138970051363591,945685
12365,138970051417832,138970052363128,945296
12366,138970052417776,138970053363165,945389
12367,138970053417702,138970054363053,945351
12368,138970054417627,138970055363182,945555
12369,138970055417571,138970056363015,945444
12370,138970056417534,138970057363645,946111
12371,138970057417441,138970058363181,945740
12372,138970058417348,138970059362681,945333
12373,138970059417329,138970060362681,945352
12374,138970060417273,138970061362588,945315
12375,138970061417180,138970062362421,945241
12376,138970062417106,138970063362495,945389
12377,138970063417050,138970064362791,945741
12378,138970064416994,138970065362549,945555
12379,138970065416920,138970066362401,945481
12380,138970066416845,138970067362327,945482
12381,138970067416790,138970068362252,945462
12382,138970068416734,138970069362159,945425
12383,138970069416678,138970070362048,945370
12384,138970070416566,138970071361918,945352
12385,138970071416510,138970072361918,945408
12386,138970072416473,138970073361806,945333
12387,138970073416399,138970074361898,945499
12388,138970074416324,138970075361935,945611
12389,138970075416268,138970076361749,945481
12390,138970076416231,138970077362305,946074
12391,138970077416138,138970078361601,945463
12392,138970078416045,138970079361378,945333
12393,138970079415989,138970080361415,945426
12394,138970080415952,138970081361377,945425
12395,138970081415877,138970082361544,945667
12396,138970082415803,138970083361118,945315
12397,138970083415729,138970084360913,945184
12398,138970084415691,138970085361450,945759
12399,138970085415598,138970086360894,945296
12400,138970086415542,138970087360709,945167
12401,138970087415487,138970088360894,945407
12402,138970088415431,138970089360949,945518
12403,138970089415319,138970090360819,945500
12404,138970090415282,138970091360633,945351
12405,138970091415207,138970092360577,945370
12406,138970092415170,138970093360410,945240
12407,138970093415077,138970094360799,945722
12408,138970094415003,138970095360632,945629
12409,138970095414947,138970096360224,945277
12410,138970096414872,138970097360854,945982
12411,138970097414798,138970098360020,945222
12412,138970098414742,138970099360112,945370
12413,138970099414668,138970100359945,945277
12414,138970100414630,138970101359945,945315
12415,138970101414537,138970102359907,945370
12416,138970102414481,138970103359852,945371
12417,138970103414426,138970104359888,945462
12418,138970104414388,138970105359610,945222
12419,138970105414295,138970106359684,945389
12420,138970106414239,138970107359795,945556
12421,138970107414165,138970108359831,945666
12422,138970108414109,138970109359590,945481
12423,138970109414035,138970110359127,945092
12424,138970110413979,138970111359682,945703
12425,138970111413886,138970112359589,945703
12426,138970112413848,138970113359181,945333
12427,138970113413756,138970114359014,945258
12428,138970114413681,138970115359199,945518
12429,138970115413625,138970116359218,945593
12430,138970116413588,138970117359421,945833
12431,138970117413495,138970118358958,945463
12432,138970118413439,138970119358865,945426
12433,138970119413365,138970120358883,945518
12434,138970120413309,138970121358679,945370
12435,138970121413253,138970122358697,945444
12436,138970122413160,138970123358697,945537
12437,138970123413104,138970124358381,945277
12438,138970124413048,138970125358307,945259
12439,138970125412955,138970126358492,945537
12440,138970126412899,138970127358232,945333
12441,138970127412825,138970128358288,945463
12442,138970128412788,138970129358139,945351
12443,138970129412713,138970130358120,945407
12444,138970130412657,138970131358101,945444
12445,138970131412583,138970132358008,945425
12446,138970132412545,138970133358064,945519
12447,138970133412453,138970134357860,945407
12448,138970134412360,138970135357748,945388
12449,138970135412322,138970136358155,945833
12450,138970136412266,138970137358044,945778
12451,138970137412192,138970138357692,945500
12452,138970138412099,138970139357469,945370
12453,138970139412043,138970140357358,945315
12454,138970140412024,138970141357635,945611
12455,138970141411913,138970142357153,945240
12456,138970142411857,138970143357116,945259
12457,138970143411801,138970144357153,945352
12458,138970144411745,138970145357189,945444
12459,138970145411671,138970146357096,945425
12460,138970146411596,138970147357152,945556
12461,138970147411540,138970148357003,945463
12462,138970148411466,138970149356947,945481
12463,138970149411392,138970150356558,945166
12464,138970150411317,138970151356743,945426
12465,138970151411261,138970152356798,945537
12466,138970152411205,138970153356687,945482
12467,138970153411112,138970154356760,945648
12468,138970154411057,138970155356612,945555
12469,138970155411001,138970156356593,945592
12470,138970156410926,138970157357037,946111
12471,138970157410870,138970158356074,945204
12472,138970158410814,138970159356203,945389
12473,138970159410759,138970160356203,945444
12474,138970160410684,138970161356091,945407
12475,138970161410591,138970162356109,945518
12476,138970162410554,138970163355757,945203
12477,138970163410479,138970164355998,945519
12478,138970164410442,138970165355683,945241
12479,138970165410349,138970166355849,945500
12480,138970166410275,138970167355608,945333
12481,138970167410219,138970168355533,945314
12482,138970168410163,138970169355570,945407
12483,138970169410070,138970170355977,945907
12484,138970170410533,138970171356421,945888
12485,138970171409940,138970172355606,945666
12486,138970172409921,138970173358050,948129
12487,138970173409995,138970174355439,945444
12488,138970174409754,138970175355050,945296
12489,138970175409698,138970176355790,946092
12490,138970176409642,138970177355845,946203
12491,138970177409586,138970178354956,945370
12492,138970178409511,138970179354807,945296
12493,138970179409437,138970180354863,945426
12494,138970180409363,138970181354936,945573
12495,138970181409288,138970182354714,945426
12496,138970182409214,138970183354751,945537
12497,138970183409158,138970184354732,945574
12498,138970184409121,138970185354805,945684
12499,138970185409009,138970186354583,945574
12500,138970186408953,138970187354471,945518
12501,138970187408879,138970188354508,945629
12502,138970188408897,138970189354415,945518
12503,138970189408767,138970190354248,945481
12504,138970190408711,138970191354044,945333
12505,138970191408637,138970192354062,945425
12506,138970192408599,138970193353840,945241
12507,138970193408506,138970194353914,945408
12508,138970194408432,138970195353765,945333
12509,138970195408376,138970196353839,945463
12510,138970196408320,138970197353653,945333
12511,138970197408227,138970198353912,945685
12512,138970198408171,138970199353671,945500
12513,138970199408097,138970200353634,945537
12514,138970200408060,138970201353300,945240
12515,138970201407985,138970202353207,945222
12516,138970202407911,138970203353262,945351
12517,138970203407873,138970204353429,945556
12518,138970204407799,138970205353391,945592
12519,138970205407725,138970206353169,945444
12520,138970206407650,138970207353094,945444
12521,138970207407576,138970208353075,945499
12522,138970208407557,138970209352705,945148
12523,138970209407464,138970210352853,945389
12524,138970210407390,138970211352926,945536
12525,138970211407334,138970212352722,945388
12526,138970212407259,138970213352518,945259
12527,138970213407185,138970214352518,945333
12528,138970214407129,138970215352499,945370
12529,138970215407073,138970216352610,945537
12530,138970216407017,138970217352276,945259
12531,138970217406924,138970218352424,945500
12532,138970218406868,138970219352183,945315
12533,138970219406831,138970220352220,945389
12534,138970220406738,138970221352145,945407
12535,138970221406664,138970222352071,945407
12536,138970222406589,138970223351904,945315
12537,138970223406515,138970224351959,945444
12538,138970224406477,138970225351773,945296
12539,138970225406422,138970226351773,945351
12540,138970226406310,138970227351791,945481
12541,138970227406291,138970228352458,946167
12542,138970228406254,138970229351661,945407
12543,138970229406142,138970230351698,945556
12544,138970230406087,138970231351234,945147
12545,138970231406012,138970232351290,945278
12546,138970232405956,138970233351493,945537
12547,138970233405863,138970234351530,945667
12548,138970234405826,138970235351159,945333
12549,138970235405752,138970236351307,945555
12550,138970236405696,138970237351177,945481
12551,138970237405603,138970238351102,945499
12552,138970238405547,138970239350861,945314
12553,138970239405472,138970240351213,945741
12554,138970240405398,138970241350675,945277
12555,138970241405361,138970242350546,945185
12556,138970242405268,138970243350675,945407
12557,138970243405230,138970244350637,945407
12558,138970244405156,138970245350563,945407
12559,138970245405082,138970246350303,945221
12560,138970246405026,138970247350229,945203
12561,138970247404970,138970248350951,945981
12562,138970248404932,138970249350451,945519
12563,138970249404839,138970250350395,945556
12564,138970250404765,138970251350172,945407
12565,138970251404691,138970252350320,945629
12566,138970252404653,138970253350171,945518
12567,138970253404560,138970254350023,945463
12568,138970254404486,138970255350134,945648
12569,138970255404430,138970256349874,945444
12570,138970256404393,138970257350170,945777
12571,138970257404318,138970258349948,945630
12572,138970258404244,138970259349595,945351
12573,138970259404169,138970260349725,945556
12574,138970260404132,138970261349521,945389
12575,138970261404021,138970262349539,945518
12576,138970262403965,138970263349557,945592
12577,138970263403909,138970264349334,945425
12578,138970264403871,138970265349204,945333
12579,138970265403779,138970266349186,945407
12580,138970266403704,138970267349037,945333
12581,138970267403630,138970268349500,945870
12582,138970268403574,138970269349073,945499
12583,138970269403499,138970270348851,945352
12584,138970270403425,138970271348851,945426
12585,138970271403388,138970272348813,945425
12586,138970272403350,138970273348683,945333
12587,138970273403257,138970274348683,945426
12588,138970274403183,138970275348553,945370
12589,138970275403127,138970276348441,945314
12590,138970276403071,138970277348460,945389
12591,138970277402997,138970278348607,945610
12592,138970278402922,138970279348311,945389
12593,138970279402848,138970280348014,945166
12594,138970280402811,138970281347958,945147
12595,138970281402699,138970282348162,945463
12596,138970282402662,138970283348032,945370
12597,138970283402569,138970284347957,945388
12598,138970284402531,138970285347920,945389
12599,138970285402457,138970286348179,945722
12600,138970286402383,138970287347623,945240
12601,138970287402327,138970288348308,945981
12602,138970288402308,138970289347678,945370
12603,138970289402196,138970290347603,945407
12604,138970290402140,138970291347566,945426
12605,138970291402066,138970292347455,945389
12606,138970292402010,138970293347139,945129
12607,138970293401917,138970294347306,945389
12608,138970294401880,138970295347120,945240
12609,138970295401805,138970296347120,945315
12610,138970296401750,138970297347212,945462
12611,138970297401675,138970298347138,945463
12612,138970298401619,138970299347119,945500
12613,138970299401526,138970300346952,945426
12614,138970300401507,138970301347007,945500
12615,138970301401396,138970302346655,945259
12616,138970302401359,138970303346784,945425
12617,138970303401284,138970304346765,945481
12618,138970304401228,138970305346543,945315
12619,138970305401154,138970306346654,945500
12620,138970306401080,138970307346468,945388
12621,138970307401005,138970308347005,946000
12622,138970308400968,138970309346412,945444
12623,138970309400875,138970310346189,945314
12624,138970310400819,138970311346041,945222
12625,138970311400745,138970312345966,945221
12626,138970312400689,138970313346059,945370
12627,138970313400614,138970314346077,945463
12628,138970314400577,138970315346095,945518
12629,138970315400502,138970316345687,945185
12630,138970316400428,138970317345965,945537
12631,138970317400372,138970318345761,945389
12632,138970318400298,138970319345612,945314
12633,138970319400205,138970320345612,945407
12634,138970320400167,138970321345537,945370
12635,138970321400093,138970322345556,945463
12636,138970322400037,138970323345778,945741
12637,138970323399963,138970324345462,945499
12638,138970324399888,138970325345388,945500
12639,138970325399832,138970326345184,945352
12640,138970326399758,138970327345369,945611
12641,138970327399702,138970328345905,946203
12642,138970328399665,138970329345516,945851
12643,138970329399572,138970330345146,945574
12644,138970330399497,138970331344997,945500
12645,138970331399423,138970332344756,945333
12646,138970332399404,138970333344848,945444
12647,138970333399311,138970334344718,945407
12648,138970334399218,138970335344625,945407
12649,138970335399181,138970336344588,945407
12650,138970336399144,138970337344495,945351
12651,138970337399032,138970338344402,945370
12652,138970338398976,138970339344420,945444
12653,138970339398902,138970340344142,945240
12654,138970340398827,138970341344142,945315
12655,138970341398771,138970342344179,945408
12656,138970342398716,138970343343993,945277
12657,138970343398660,138970344344122,945462
12658,138970344398604,138970345343789,945185
12659,138970345398529,138970346343955,945426
12660,138970346398455,138970347344066,945611
12661,138970347398381,138970348344380,945999
12662,138970348398325,138970349343750,945425
12663,138970349398250,138970350343768,945518
12664,138970350398176,138970351343490,945314
12665,138970351398120,138970352343712,945592
12666,138970352398064,138970353343471,945407
12667,138970353397990,138970354343452,945462
12668,138970354397915,138970355343174,945259
12669,138970355397878,138970356343322,945444
12670,138970356397803,138970357343155,945352
12671,138970357397748,138970358343118,945370
12672,138970358397673,138970359343043,945370
12673,138970359397599,138970360342913,945314
12674,138970360397524,138970361342876,945352
12675,138970361397450,138970362342801,945351
12676,138970362397413,138970363342560,945147
12677,138970363397338,138970364342838,945500
12678,138970364397264,138970365342615,945351
12679,138970365397208,138970366342670,945462
12680,138970366397115,138970367342541,945426
12681,138970367397059,138970368343022,945963
12682,138970368397022,138970369342373,945351
12683,138970369396929,138970370342280,945351
12684,138970370396891,138970371342206,945315
12685,138970371396817,138970372342372,945555
12686,138970372396761,138970373342187,945426
12687,138970373396687,138970374342020,945333
12688,138970374396612,138970375341797,945185
12689,138970375396538,138970376341815,945277
12690,138970376396500,138970377341852,945352
12691,138970377396408,138970378341703,945295
12692,138970378396352,138970379341814,945462
12693,138970379396277,138970380341536,945259
12694,138970380396240,138970381341684,945444
12695,138970381396128,138970382341461,945333
12696,138970382396072,138970383341665,945593
12697,138970383395998,138970384341424,945426
12698,138970384395961,138970385341442,945481
12699,138970385395886,138970386341238,945352
12700,138970386395830,138970387341349,945519
12701,138970387395756,138970388341145,945389
12702,138970388395700,138970389341070,945370
12703,138970389395626,138970390340885,945259
12704,138970390395570,138970391340829,945259
12705,138970391395495,138970392340810,945315
12706,138970392395421,138970393340847,945426
12707,138970393395347,138970394340698,945351
12708,138970394395291,138970395340587,945296
12709,138970395395198,138970396340549,945351
12710,138970396395179,138970397340827,945648
12711,138970397395086,138970398341382,946296
12712,138970398395049,138970399340733,945684
12713,138970399394974,138970400340585,945611
12714,138970400394937,138970401340325,945388
12715,138970401394844,138970402340232,945388
12716,138970402394788,138970403340269,945481
12717,138970403394677,138970404340028,945351
12718,138970404394658,138970405340194,945536
12719,138970405394565,138970406339898,945333
12720,138970406394509,138970407339879,945370
12721,138970407394434,138970408339656,945222
12722,138970408394397,138970409339712,945315
12723,138970409394323,138970410339582,945259
12724,138970410394230,138970411339526,945296
12725,138970411394155,138970412339562,945407
12726,138970412394136,138970413339469,945333
12727,138970413394062,138970414339173,945111
12728,138970414393988,138970415339302,945314
12729,138970415393932,138970416339357,945425
12730,138970416393876,138970417339098,945222
12731,138970417393801,138970418339560,945759
12732,138970418393727,138970419338986,945259
12733,138970419393653,138970420338967,945314
12734,138970420393597,138970421338745,945148
12735,138970421393522,138970422339078,945556
12736,138970422393448,138970423338855,945407
12737,138970423393392,138970424338707,945315
12738,138970424393336,138970425338817,945481
12739,138970425393262,138970426338428,945166
12740,138970426393206,138970427338465,945259
12741,138970427393150,138970428338650,945500
12742,138970428393094,138970429338446,945352
12743,138970429393001,138970430338612,945611
12744,138970430392945,138970431338463,945518
12745,138970431392871,138970432338500,945629
12746,138970432392815,138970433338111,945296
12747,138970433392722,138970434338055,945333
12748,138970434392685,138970435337981,945296
12749,138970435392610,138970436338165,945555
12750,138970436392536,138970437338036,945500
12751,138970437392461,138970438338109,945648
12752,138970438392406,138970439337553,945147
12753,138970439392331,138970440337738,945407
12754,138970440392275,138970441337553,945278
12755,138970441392219,138970442337571,945352
12756,138970442392163,138970443337608,945445
12757,138970443392089,138970444337533,945444
12758,138970444392033,138970445337348,945315
12759,138970445391940,138970446337236,945296
12760,138970446391884,138970447337291,945407
12761,138970447391810,138970448337384,945574
12762,138970448391754,138970449337161,945407
12763,138970449391680,138970450337105,945425
12764,138970450391624,138970451337068,945444
12765,138970451391531,138970452337216,945685
12766,138970452391493,138970453337104,945611
12767,138970453391419,138970454336808,945389
12768,138970454391326,138970455336659,945333
12769,138970455391289,138970456336881,945592
12770,138970456391233,138970457336492,945259
12771,138970457391158,138970458337195,946037
12772,138970458391084,138970459336473,945389
12773,138970459391010,138970460336454,945444
12774,138970460390972,138970461336416,945444
12775,138970461390879,138970462336360,945481
12776,138970462390823,138970463336230,945407
12777,138970463390749,138970464336212,945463
12778,138970464390693,138970465336100,945407
12779,138970465390637,138970466335896,945259
12780,138970466390563,138970467335692,945129
12781,138970467390507,138970468335914,945407
12782,138970468390451,138970469335710,945259
12783,138970469390377,138970470335839,945462
12784,138970470390321,138970471335839,945518
12785,138970471390246,138970472335524,945278
12786,138970472390190,138970473335616,945426
12787,138970473390079,138970474335542,945463
12788,138970474390042,138970475335319,945277
12789,138970475389967,138970476335708,945741
12790,138970476389911,138970477335300,945389
12791,138970477389855,138970478335874,946019
12792,138970478389762,138970479335373,945611
12793,138970479389688,138970480335151,945463
12794,138970480389669,138970481334984,945315
12795,138970481389576,138970482335020,945444
12796,138970482389502,138970483334909,945407
12797,138970483389464,138970484334760,945296
12798,138970484389409,138970485334834,945425
12799,138970485389316,138970486334630,945314
12800,138970486389260,138970487334574,945314
12801,138970487389204,138970488334852,945648
12802,138970488389111,138970489334574,945463
12803,138970489389055,138970490334314,945259
12804,138970490388999,138970491334443,945444
12805,138970491388925,138970492334517,945592
12806,138970492388869,138970493334202,945333
12807,138970493388794,138970494334257,945463
12808,138970494388720,138970495334090,945370
12809,138970495388646,138970496333849,945203
12810,138970496388590,138970497334108,945518
12811,138970497388552,138970498333793,945241
12812,138970498388478,138970499333867,945389
12813,138970499388404,138970500333848,945444
12814,138970500388348,138970501333607,945259
12815,138970501388255,138970502333773,945518
12816,138970502388199,138970503333384,945185
12817,138970503388143,138970504333624,945481
12818,138970504388087,138970505333494,945407
12819,138970505387994,138970506333401,945407
12820,138970506387957,138970507333308,945351
12821,138970507387864,138970508333271,945407
12822,138970508387808,138970509333234,945426
12823,138970509387733,138970510333048,945315
12824,138970510387659,138970511332992,945333
12825,138970511387603,138970512332807,945204
12826,138970512387547,138970513332917,945370
12827,138970513387491,138970514333047,945556
12828,138970514387398,138970515332769,945371
12829,138970515387343,138970516332731,945388
12830,138970516387287,138970517332490,945203
12831,138970517387212,138970518332675,945463
12832,138970518387138,138970519332378,945240
12833,138970519387063,138970520332415,945352
12834,138970520387026,138970521332359,945333
12835,138970521386952,138970522332211,945259
12836,138970522386877,138970523332266,945389
12837,138970523386821,138970524332099,945278
12838,138970524386765,138970525332339,945574
12839,138970525386673,138970526332098,945425
12840,138970526386635,138970527331987,945352
12841,138970527386579,138970528318949,932370
12842,138970528386542,138970529323542,937000
12843,138970529386430,138970530331986,945556
12844,138970530386356,138970531331782,945426
12845,138970531386300,138970532331763,945463
12846,138970532386244,138970533331596,945352
12847,138970533386170,138970534331503,945333
12848,138970534386095,138970535331391,945296
12849,138970535386003,138970536331484,945481
12850,138970536385947,138970537331335,945388
12851,138970537385891,138970538331187,945296
12852,138970538385835,138970539331223,945388
12853,138970539385760,138970540331779,946019
12854,138970540385723,138970541331167,945444
12855,138970541385649,138970542331000,945351
12856,138970542385574,138970543331018,945444
12857,138970543385518,138970544331037,945519
12858,138970544385444,138970545330907,945463
12859,138970545385370,138970546330647,945277
12860,138970546385295,138970547330573,945278
12861,138970547385239,138970548330757,945518
12862,138970548385183,138970549331220,946037
12863,138970549385127,138970550330646,945519
12864,138970550385053,138970551330590,945537
12865,138970551384960,138970552330312,945352
12866,138970552384923,138970553330089,945166
12867,138970553384830,138970554330237,945407
12868,138970554384774,138970555330088,945314
12869,138970555384718,138970556330033,945315
12870,138970556384662,138970557330328,945666
12871,138970557384588,138970558330161,945573
12872,138970558384513,138970559330235,945722
12873,138970559384476,138970560329957,945481
12874,138970560384402,138970561329679,945277
12875,138970561384327,138970562329512,945185
12876,138970562384253,138970563329586,945333
12877,138970563384178,138970564329585,945407
12878,138970564384122,138970565329418,945296
12879,138970565384029,138970566329344,945315
12880,138970566383992,138970567329399,945407
12881,138970567383918,138970568329325,945407
12882,138970568383862,138970569329991,946129
12883,138970569383824,138970570329287,945463
12884,138970570383732,138970571329102,945370
12885,138970571383676,138970572329249,945573
12886,138970572383620,138970573329101,945481
12887,138970573383545,138970574329175,945630
12888,138970574383452,138970575328859,945407
12889,138970575383396,138970576328785,945389
12890,138970576383341,138970577328748,945407
12891,138970577383248,138970578328451,945203
12892,138970578383210,138970579328691,945481
12893,138970579383154,138970580328358,945204
12894,138970580383080,138970581328746,945666
12895,138970581382987,138970582328616,945629
12896,138970582382931,138970583328283,945352
12897,138970583382894,138970584328449,945555
12898,138970584382819,138970585328245,945426
12899,138970585382745,138970586328319,945574
12900,138970586382689,138970587328207,945518
12901,138970587382615,138970588328207,945592
12902,138970588382559,138970589328725,946166
12903,138970589382521,138970590327910,945389
12904,138970590382410,138970591327836,945426
12905,138970591382354,138970592327650,945296
12906,138970592382280,138970593327761,945481
12907,138970593382205,138970594327723,945518
12908,138970594382149,138970595327723,945574
12909,138970595382093,138970596327667,945574
12910,138970596382038,138970597327500,945462
12911,138970597381945,138970598327518,945573
12912,138970598381907,138970599327203,945296
12913,138970599381833,138970600327370,945537
12914,138970600381777,138970601327128,945351
12915,138970601381684,138970602327147,945463
12916,138970602381628,138970603327072,945444
12917,138970603381535,138970604327183,945648
12918,138970604381516,138970605326701,945185
12919,138970605381442,138970606326590,945148
12920,138970606381349,138970607326701,945352
12921,138970607381293,138970608326534,945241
12922,138970608381219,138970609327255,946036
12923,138970609381163,138970610326366,945203
12924,138970610381088,138970611326421,945333
12925,138970611381033,138970612327032,945999
12926,138970612380977,138970613326402,945425
12927,138970613380921,138970614326272,945351
12928,138970614380828,138970615326605,945777
12929,138970615380772,138970616326123,945351
12930,138970616380716,138970617325938,945222
12931,138970617380623,138970618325993,945370
12932,138970618380567,138970619325678,945111
12933,138970619380493,138970620325826,945333
12934,138970620380455,138970621325992,945537
12935,138970621380362,138970622325788,945426
12936,138970622380325,138970623325899,945574
12937,138970623380232,138970624325491,945259
12938,138970624380195,138970625325676,945481
12939,138970625380102,138970626325342,945240
12940,138970626380046,138970627325323,945277
12941,138970627379990,138970628325656,945666
12942,138970628379916,138970629326008,946092
12943,138970629379860,138970630325026,945166
12944,138970630379785,138970631325100,945315
12945,138970631379730,138970632325359,945629
12946,138970632379674,138970633325062,945388
12947,138970633379599,138970634325043,945444
12948,138970634379525,138970635324950,945425
12949,138970635379450,138970636324932,945482
12950,138970636379413,138970637324950,945537
12951,138970637379320,138970638324783,945463
12952,138970638379246,138970639324745,945499
12953,138970639379208,138970640324560,945352
12954,138970640379115,138970641324559,945444
12955,138970641379059,138970642324467,945408
12956,138970642379022,138970643324485,945463
12957,138970643378948,138970644324447,945499
12958,138970644378892,138970645324429,945537
12959,138970645378799,138970646324262,945463
12960,138970646378743,138970647323946,945203
12961,138970647378669,138970648324409,945740
12962,138970648378613,138970649324335,945722
12963,138970649378557,138970650323964,945407
12964,138970650378464,138970651323760,945296
12965,138970651378408,138970652323797,945389
12966,138970652378352,138970653323704,945352
12967,138970653378259,138970654323796,945537
12968,138970654378222,138970655323758,945536
12969,138970655378147,138970656323425,945278
12970,138970656378091,138970657323406,945315
12971,138970657378017,138970658323480,945463
12972,138970658377943,138970659323442,945499
12973,138970659377905,138970660323461,945556
12974,138970660377812,138970661323071,945259
12975,138970661377756,138970662323089,945333
12976,138970662377664,138970663323015,945351
12977,138970663377608,138970664323200,945592
12978,138970664377570,138970665322922,945352
12979,138970665377496,138970666322884,945388
12980,138970666377403,138970667323217,945814
12981,138970667377347,138970668323050,945703
12982,138970668377310,138970669323254,945944
12983,138970669377235,138970670322439,945204
12984,138970670377161,138970671322438,945277
12985,138970671377086,138970672322642,945556
12986,138970672377049,138970673322215,945166
12987,138970673376956,138970674322363,945407
12988,138970674376900,138970675322289,945389
12989,138970675376844,138970676322288,945444
12990,138970676376770,138970677322158,945388
12991,138970677376677,138970678322195,945518
12992,138970678376640,138970679322195,945555
12993,138970679376584,138970680321972,945388
12994,138970680376509,138970681321731,945222
12995,138970681376435,138970682321694,945259
12996,138970682376360,138970683321582,945222
12997,138970683376323,138970684321508,945185
12998,138970684376267,138970685322008,945741
12999,138970685376193,138970686321618,945425
13000,138970686376118,138970687321822,945704
13001,138970687376063,138970688321544,945481
13002,138970688375988,138970689322414,946426
13003,138970689375914,138970690321765,945851
13004,138970690375839,138970691321376,945537
13005,138970691375783,138970692321302,945519
13006,138970692375728,138970693320968,945240
13007,138970693375653,138970694321060,945407
13008,138970694375560,138970695321152,945592
13009,138970695375504,138970696321171,945667
13010,138970696375467,138970697320967,945500
13011,138970697375392,138970698320800,945408
13012,138970698375337,138970699320707,945370
13013,138970699375281,138970700320836,945555
13014,138970700375206,138970701320613,945407
13015,138970701375132,138970702320558,945426
13016,138970702375057,138970703320687,945630
13017,138970703375002,138970704320372,945370
13018,138970704374927,138970705320242,945315
13019,138970705374853,138970706320315,945462
13020,138970706374778,138970707320241,945463
13021,138970707374722,138970708320185,945463
13022,138970708374667,138970709320629,945962
13023,138970709374592,138970710320092,945500
13024,138970710374518,138970711319795,945277
13025,138970711374480,138970712320165,945685
13026,138970712374424,138970713319869,945445
13027,138970713374350,138970714319831,945481
13028,138970714374257,138970715319720,945463
13029,138970715374201,138970716319794,945593
13030,138970716374182,138970717319756,945574
13031,138970717374071,138970718319348,945277
13032,138970718373997,138970719319496,945499
13033,138970719373941,138970720319533,945592
13034,138970720373885,138970721319421,945536
13035,138970721373792,138970722319329,945537
13036,138970722373736,138970723319291,945555
13037,138970723373680,138970724319235,945555
13038,138970724373624,138970725318957,945333
13039,138970725373550,138970726319031,945481
13040,138970726373494,138970727319494,946000
13041,138970727373419,138970728318678,945259
13042,138970728373364,138970729319345,945981
13043,138970729373326,138970730318807,945481
13044,138970730373215,138970731318751,945536
13045,138970731373159,138970732318714,945555
13046,138970732373103,138970733318492,945389
13047,138970733373010,138970734318380,945370
13048,138970734372936,138970735318250,945314
13049,138970735372880,138970736318379,945499
13050,138970736372805,138970737318379,945574
13051,138970737372749,138970738318305,945556
13052,138970738372694,138970739318286,945592
13053,138970739372619,138970740318045,945426
13054,138970740372582,138970741318285,945703
13055,138970741372489,138970742317840,945351
13056,138970742372451,138970743317877,945426
13057,138970743372359,138970744318006,945647
13058,138970744372303,138970745317543,945240
13059,138970745372210,138970746317858,945648
13060,138970746372154,138970747317598,945444
13061,138970747372116,138970748317579,945463
13062,138970748372061,138970749317949,945888
13063,138970749371949,138970750317708,945759
13064,138970750371893,138970751317078,945185
13065,138970751371819,138970752317337,945518
13066,138970752371781,138970753317040,945259
13067,138970753371707,138970754317151,945444
13068,138970754371651,138970755317095,945444
13069,138970755371595,138970756317373,945778
13070,138970756371539,138970757316928,945389
13071,138970757371446,138970758316668,945222
13072,138970758371409,138970759316816,945407
13073,138970759371316,138970760316908,945592
13074,138970760371242,138970761316667,945425
13075,138970761371167,138970762316445,945278
13076,138970762371111,138970763316481,945370
13077,138970763371055,138970764316518,945463
13078,138970764371000,138970765316814,945814
13079,138970765370925,138970766316295,945370
13080,138970766370851,138970767316184,945333
13081,138970767370795,138970768316443,945648
13082,138970768370720,138970769316498,945778
13083,138970769370646,138970770316127,945481
13084,138970770370590,138970771316201,945611
13085,138970771370534,138970772315904,945370
13086,138970772370460,138970773316108,945648
13087,138970773370385,138970774315756,945371
13088,138970774370330,138970775315626,945296
13089,138970775370255,138970776316144,945889
13090,138970776370162,138970777315495,945333
13091,138970777370125,138970778315532,945407
13092,138970778370050,138970779315420,945370
13093,138970779369976,138970780315550,945574
13094,138970780369939,138970781315383,945444
13095,138970781369864,138970782315253,945389
13096,138970782369790,138970783315104,945314
13097,138970783369752,138970784315160,945408
13098,138970784369697,138970785315289,945592
13099,138970785369604,138970786314844,945240
13100,138970786369548,138970787314881,945333
13101,138970787369455,138970788314899,945444
13102,138970788369417,138970789314899,945482
13103,138970789369325,138970790315232,945907
13104,138970790369287,138970791314583,945296
13105,138970791369213,138970792314657,945444
13106,138970792369138,138970793314694,945556
13107,138970793369064,138970794314267,945203
13108,138970794368990,138970795314267,945277
13109,138970795368934,138970796314341,945407
13110,138970796368878,138970797314414,945536
13111,138970797368803,138970798314303,945500
13112,138970798368747,138970799314136,945389
13113,138970799368710,138970800314210,945500
13114,138970800368636,138970801314080,945444
13115,138970801368543,138970802313728,945185
13116,138970802368487,138970803313838,945351
13117,138970803368412,138970804314208,945796
13118,138970804368357,138970805313930,945573
13119,138970805368282,138970806313634,945352
13120,138970806368226,138970807313485,945259
13121,138970807368133,138970808313726,945593
13122,138970808368096,138970809313614,945518
13123,138970809368021,138970810313466,945445
13124,138970810367947,138970811313169,945222
13125,138970811367873,138970812313391,945518
13126,138970812367835,138970813313242,945407
13127,138970813367742,138970814313075,945333
13128,138970814367705,138970815313057,945352
13129,138970815367649,138970816313297,945648
13130,138970816367575,138970817312871,945296
13131,138970817367500,138970818312944,945444
13132,138970818367426,138970819312907,945481
13133,138970819367370,138970820314018,946648
13134,138970820367314,138970821312610,945296
13135,138970821367221,138970822312499,945278
13136,138970822367147,138970823312406,945259
13137,138970823367091,138970824313035,945944
13138,138970824367053,138970825312498,945445
13139,138970825366961,138970826312516,945555
13140,138970826366923,138970827312312,945389
13141,138970827366849,138970828312293,945444
13142,138970828366793,138970829312107,945314
13143,138970829366718,138970830312144,945426
13144,138970830366663,138970831312033,945370
13145,138970831366570,138970832311884,945314
13146,138970832366514,138970833311810,945296
13147,138970833366439,138970834312032,945593
13148,138970834366365,138970835311846,945481
13149,138970835366309,138970836311920,945611
13150,138970836366253,138970837311790,945537
13151,138970837366179,138970838311641,945462
13152,138970838366123,138970839312067,945944
13153,138970839366030,138970840311993,945963
13154,138970840365993,138970841311585,945592
13155,138970841365918,138970842311344,945426
13156,138970842365844,138970843311195,945351
13157,138970843365788,138970844311084,945296
13158,138970844365732,138970845311250,945518
13159,138970845365658,138970846311065,945407
13160,138970846365602,138970847311083,945481
13161,138970847365527,138970848311305,945778
13162,138970848365508,138970849310804,945296
13163,138970849365378,138970850311063,945685
13164,138970850365323,138970851310600,945277
13165,138970851365248,138970852311081,945833
13166,138970852365211,138970853311266,946055
13167,138970853365155,138970854310506,945351
13168,138970854365062,138970855310543,945481
13169,138970855365025,138970856311172,946147
13170,138970856364969,138970857310302,945333
13171,138970857364876,138970858310357,945481
13172,138970858364820,138970859310171,945351
13173,138970859364745,138970860311449,946704
13174,138970860364708,138970861310189,945481
13175,138970861364597,138970862309967,945370
13176,138970862364559,138970863310077,945518
13177,138970863364485,138970864310355,945870
13178,138970864364429,138970865310077,945648
13179,138970865364336,138970866309780,945444
13180,138970866364280,138970867309483,945203
13181,138970867364206,138970868309909,945703
13182,138970868364131,138970869309557,945426
13183,138970869364094,138970870309575,945481
13184,138970870364038,138970871309408,945370
13185,138970871363964,138970872309704,945740
13186,138970872363908,138970873309296,945388
13187,138970873363852,138970874309222,945370
13188,138970874363759,138970875309259,945500
13189,138970875363684,138970876309462,945778
13190,138970876363647,138970877309054,945407
13191,138970877363573,138970878308961,945388
13192,138970878363498,138970879308961,945463
13193,138970879363424,138970880309775,946351
13194,138970880363387,138970881308905,945518
13195,138970881363312,138970882308793,945481
13196,138970882363238,138970883308756,945518
13197,138970883363163,138970884309774,946611
13198,138970884363126,138970885308514,945388
13199,138970885363014,138970886308755,945741
13200,138970886362996,138970887308643,945647
13201,138970887362903,138970888309606,946703
13202,138970888362865,138970889308513,945648
13203,138970889362772,138970890308235,945463
13204,138970890362716,138970891308161,945445
13205,138970891362642,138970892309457,946815
13206,138970892362586,138970893308215,945629
13207,138970893362493,138970894307845,945352
13208,138970894362437,138970895307807,945370
13209,138970895362363,138970896309122,946759
13210,138970896362307,138970897307918,945611
13211,138970897362251,138970898307918,945667
13212,138970898362177,138970899307732,945555
13213,138970899362121,138970900309287,947166
13214,138970900362065,138970901307768,945703
13215,138970901362009,138970902307361,945352
13216,138970902361916,138970903307305,945389
13217,138970903361879,138970904308638,946759
13218,138970904361786,138970905307323,945537
13219,138970905361730,138970906307378,945648
13220,138970906361637,138970907307081,945444
13221,138970907361581,138970908308173,946592
13222,138970908361544,138970909306895,945351
13223,138970909361451,138970910306895,945444
13224,138970910361395,138970911307006,945611
13225,138970911361321,138970912308154,946833
13226,138970912361302,138970913306672,945370
13227,138970913361190,138970914306745,945555
13228,138970914361153,138970915306449,945296
13229,138970915361060,138970916307819,946759
13230,138970916361004,138970917306281,945277
13231,138970917360948,138970918306503,945555
13232,138970918360874,138970919306336,945462
13233,138970919360781,138970920308003,947222
13234,138970920360762,138970921306151,945389
13235,138970921360669,138970922306243,945574
13236,138970922360595,138970923305872,945277
13237,138970923360539,138970924307057,946518
13238,138970924360464,138970925305871,945407
13239,138970925360390,138970926305890,945500
13240,138970926360353,138970927305723,945370
13241,138970927360278,138970928307019,946741
13242,138970928360241,138970929305481,945240
13243,138970929360129,138970930305629,945500
13244,138970930360092,138970931305406,945314
13245,138970931359999,138970932306610,946611
13246,138970932359943,138970933305406,945463
13247,138970933359906,138970934305350,945444
13248,138970934359831,138970935305350,945519
13249,138970935359738,138970936306405,946667
13250,138970936359701,138970937305460,945759
13251,138970937359608,138970938304997,945389
13252,138970938359552,138970939304848,945296
13253,138970939359478,138970940306792,947314
13254,138970940359440,138970941304885,945445
13255,138970941359366,138970942304792,945426
13256,138970942359292,138970943304699,945407
13257,138970943359217,138970944305791,946574
13258,138970944359161,138970945304550,945389
13259,138970945359105,138970946304327,945222
13260,138970946359031,138970947304383,945352
13261,138970947358957,138970948305716,946759
13262,138970948358919,138970949304234,945315
13263,138970949358826,138970950304011,945185
13264,138970950358752,138970951304029,945277
13265,138970951358677,138970952306399,947722
13266,138970952358640,138970953304177,945537
13267,138970953358547,138970954303954,945407
13268,138970954358473,138970955303824,945351
13269,138970955358454,138970956305083,946629
13270,138970956358398,138970957303861,945463
13271,138970957358305,138970958303897,945592
13272,138970958358249,138970959303804,945555
13273,138970959358175,138970960305378,947203
13274,138970960358119,138970961303470,945351
13275,138970961358063,138970962303840,945777
13276,138970962357970,138970963303470,945500
13277,138970963357896,138970964304673,946777
13278,138970964357840,138970965303284,945444
13279,138970965357784,138970966303487,945703
13280,138970966357709,138970967303154,945445
13281,138970967357635,138970968304875,947240
13282,138970968357598,138970969302894,945296
13283,138970969357486,138970970302986,945500
13284,138970970357486,138970971303041,945555
13285,138970971357393,138970972303911,946518
13286,138970972357356,138970973302744,945388
13287,138970973357263,138970974302688,945425
13288,138970974357188,138970975302762,945574
13289,138970975357132,138970976303891,946759
13290,138970976357039,138970977302354,945315
13291,138970977356984,138970978302576,945592
13292,138970978356909,138970979302687,945778
13293,138970979356853,138970980304205,947352
13294,138970980356816,138970981302556,945740
13295,138970981356704,138970982302352,945648
13296,138970982356649,138970983302111,945462
13297,138970983356574,138970984304259,947685
13298,138970984356555,138970985301962,945407
13299,138970985356462,138970986302147,945685
13300,138970986356388,138970987301906,945518
13301,138970987356332,138970988301887,945555
13302,138970988356295,138970989301554,945259
13303,138970989356202,138970990301683,945481
13304,138970990356164,138970991301608,945444
13305,138970991356071,138970992301812,945741
13306,138970992356016,138970993301497,945481
13307,138970993355923,138970994301385,945462
13308,138970994355867,138970995301366,945499
13309,138970995355792,138970996301199,945407
13310,138970996355755,138970997301199,945444
13311,138970997355662,138970998301236,945574
13312,138970998355588,138970999301032,945444
13313,138970999355550,138971000301142,945592
13314,138971000355531,138971001300957,945426
13315,138971001355420,138971002301012,945592
13316,138971002355364,138971003300919,945555
13317,138971003355271,138971004300937,945666
13318,138971004355252,138971005300659,945407
13319,138971005355141,138971006300696,945555
13320,138971006355085,138971007300529,945444
13321,138971007355029,138971008300788,945759
13322,138971008354936,138971009300417,945481
13323,138971009354899,138971010300861,945962
13324,138971010354806,138971011300250,945444
13325,138971011354750,138971012301379,946629
13326,138971012354675,138971013299860,945185
13327,138971013354638,138971014300304,945666
13328,138971014354564,138971015299878,945314
13329,138971015354508,138971016299989,945481
13330,138971016354452,138971017300063,945611
13331,138971017354359,138971018299803,945444
13332,138971018354303,138971019299766,945463
13333,138971019354229,138971020301043,946814
13334,138971020354173,138971021299506,945333
13335,138971021354098,138971022299672,945574
13336,138971022354024,138971023299542,945518
13337,138971023353968,138971024300431,946463
13338,138971024353912,138971025299245,945333
13339,138971025353838,138971026299374,945536
13340,138971026353763,138971027299411,945648
13341,138971027353707,138971028299207,945500
13342,138971028353652,138971029299225,945573
13343,138971029353577,138971030299169,945592
13344,138971030353521,138971031298762,945241
13345,138971031353447,138971032298909,945462
13346,138971032353391,138971033298928,945537
13347,138971033353317,138971034298853,945536
13348,138971034353242,138971035298612,945370
13349,138971035353168,138971036298630,945462
13350,138971036353130,138971037298371,945241
13351,138971037353019,138971038298389,945370
13352,138971038352963,138971039298352,945389
13353,138971039352907,138971040298870,945963
13354,138971040352870,138971041298610,945740
13355,138971041352795,138971042298258,945463
13356,138971042352721,138971043298239,945518
13357,138971043352665,138971044297998,945333
13358,138971044352591,138971045298146,945555
13359,138971045352479,138971046297942,945463
13360,138971046352479,138971047297979,945500
13361,138971047352386,138971048297719,945333
13362,138971048352330,138971049297719,945389
13363,138971049352256,138971050297681,945425
13364,138971050352200,138971051297644,945444
13365,138971051352125,138971052298162,946037
13366,138971052352088,138971053297514,945426
13367,138971053351995,138971054297421,945426
13368,138971054351921,138971055297217,945296
13369,138971055351846,138971056297346,945500
13370,138971056351809,138971057297253,945444
13371,138971057351753,138971058297456,945703
13372,138971058351660,138971059296956,945296
13373,138971059351604,138971060297993,946389
13374,138971060351567,138971061296992,945425
13375,138971061351474,138971062296751,945277
13376,138971062351418,138971063296992,945574
13377,138971063351325,138971064296991,945666
13378,138971064351288,138971065296639,945351
13379,138971065351213,138971066296657,945444
13380,138971066351139,138971067296842,945703
13381,138971067351064,138971068296620,945556
13382,138971068350990,138971069296379,945389
13383,138971069350953,138971070296563,945610
13384,138971070350878,138971071296322,945444
13385,138971071350822,138971072296285,945463
13386,138971072350748,138971073296581,945833
13387,138971073350692,138971074296284,945592
13388,138971074350599,138971075295988,945389
13389,138971075350562,138971076296024,945462
13390,138971076350487,138971077296043,945556
13391,138971077350413,138971078295857,945444
13392,138971078350357,138971079295912,945555
13393,138971079350264,138971080296208,945944
13394,138971080350227,138971081295634,945407
13395,138971081350134,138971082295707,945573
13396,138971082350096,138971083295596,945500
13397,138971083350022,138971084295855,945833
13398,138971084349948,138971085295429,945481
13399,138971085349892,138971086295373,945481
13400,138971086349836,138971087295280,945444
13401,138971087349780,138971088295354,945574
13402,138971088349724,138971089294909,945185
13403,138971089349631,138971090295205,945574
13404,138971090349557,138971091295001,945444
13405,138971091349482,138971092294982,945500
13406,138971092349426,138971093294741,945315
13407,138971093349370,138971094294759,945389
13408,138971094349278,138971095294685,945407
13409,138971095349222,138971096294758,945536
13410,138971096349184,138971097294499,945315
13411,138971097349073,138971098294739,945666
13412,138971098349017,138971099294498,945481
13413,138971099348998,138971100294683,945685
13414,138971100348924,138971101294534,945610
13415,138971101348849,138971102294127,945278
13416,138971102348775,138971103294200,945425
13417,138971103348719,138971104294422,945703
13418,138971104348645,138971105294366,945721
13419,138971105348570,138971106294162,945592
13420,138971106348496,138971107294218,945722
13421,138971107348440,138971108294051,945611
13422,138971108348402,138971109294384,945982
13423,138971109348291,138971110293735,945444
13424,138971110348235,138971111293938,945703
13425,138971111348179,138971112293827,945648
13426,138971112348142,138971113293512,945370
13427,138971113348049,138971114293641,945592
13428,138971114347993,138971115293419,945426
13429,138971115347919,138971116293492,945573
13430,138971116347844,138971117293214,945370
13431,138971117347788,138971118292955,945167
13432,138971118347732,138971119293121,945389
13433,138971119347658,138971120293121,945463
13434,138971120347602,138971121293028,945426
13435,138971121347528,138971122292916,945388
13436,138971122347453,138971123292971,945518
13437,138971123347379,138971124293175,945796
13438,138971124347323,138971125292804,945481
13439,138971125347249,138971126292545,945296
13440,138971126347193,138971127292581,945388
13441,138971127347118,138971128292840,945722
13442,138971128347081,138971129292432,945351
13443,138971129347006,138971130292414,945408
13444,138971130346932,138971131293098,946166
13445,138971131346895,138971132292320,945425
13446,138971132346820,138971133292376,945556
13447,138971133346709,138971134292320,945611
13448,138971134346653,138971135292042,945389
13449,138971135346597,138971136292060,945463
13450,138971136346541,138971137292004,945463
13451,138971137346485,138971138291911,945426
13452,138971138346392,138971139291855,945463
13453,138971139346336,138971140291688,945352
13454,138971140346281,138971141291854,945573
13455,138971141346225,138971142291669,945444
13456,138971142346150,138971143291520,945370
13457,138971143346076,138971144291779,945703
13458,138971144346020,138971145291371,945351
13459,138971145345946,138971146291390,945444
13460,138971146345871,138971147291204,945333
13461,138971147345815,138971148291259,945444
13462,138971148345778,138971149291166,945388
13463,138971149345685,138971150290999,945314
13464,138971150345611,138971151291444,945833
13465,138971151345573,138971152290980,945407
13466,138971152345480,138971153290943,945463
13467,138971153345406,138971154290720,945314
13468,138971154345368,138971155290924,945556
13469,138971155345276,138971156290997,945721
13470,138971156345220,138971157290775,945555
13471,138971157345164,138971158290608,945444
13472,138971158345108,138971159290811,945703
13473,138971159345015,138971160290515,945500
13474,138971160344978,138971161290496,945518
13475,138971161344885,138971162290403,945518
13476,138971162344810,138971163290273,945463
13477,138971163344754,138971164290439,945685
13478,138971164344698,138971165290124,945426
13479,138971165344624,138971166290068,945444
13480,138971166344587,138971167290031,945444
13481,138971167344512,138971168290234,945722
13482,138971168344438,138971169289937,945499
13483,138971169344363,138971170289585,945222
13484,138971170344308,138971171290418,946110
13485,138971171344270,138971172289714,945444
13486,138971172344196,138971173289862,945666
13487,138971173344121,138971174289769,945648
13488,138971174344047,138971175289306,945259
13489,138971175343972,138971176289509,945537
13490,138971176343954,138971177289453,945499
13491,138971177343842,138971178288897,945055
13492,138971178343786,138971179289434,945648
13493,138971179343712,138971180289304,945592
13494,138971180343656,138971181289137,945481
13495,138971181343582,138971182289118,945536
13496,138971182343526,138971183289044,945518
13497,138971183343433,138971184288988,945555
13498,138971184343395,138971185288821,945426
13499,138971185343321,138971186288728,945407
13500,138971186343265,138971187288654,945389
13501,138971187343191,138971188288413,945222
13502,138971188343135,138971189288653,945518
13503,138971189343060,138971190288505,945445
13504,138971190343004,138971191288930,945926
13505,138971191342930,138971192288652,945722
13506,138971192342893,138971193288522,945629
13507,138971193342800,138971194288374,945574
13508,138971194342725,138971195288503,945778
13509,138971195342651,138971196288058,945407
13510,138971196342595,138971197288113,945518
13511,138971197342521,138971198287946,945425
13512,138971198342446,138971199287761,945315
13513,138971199342409,138971200288372,945963
13514,138971200342353,138971201287649,945296
13515,138971201342279,138971202287982,945703
13516,138971202342223,138971203287630,945407
13517,138971203342130,138971204287815,945685
13518,138971204342074,138971205287722,945648
13519,138971205342018,138971206287369,945351
13520,138971206341925,138971207287369,945444
13521,138971207341869,138971208287332,945463
13522,138971208341813,138971209287276,945463
13523,138971209341757,138971210287053,945296
13524,138971210341664,138971211287738,946074
13525,138971211341609,138971212286905,945296
13526,138971212341534,138971213287052,945518
13527,138971213341460,138971214286941,945481
13528,138971214341404,138971215286811,945407
13529,138971215341348,138971216286959,945611
13530,138971216341311,138971217286718,945407
13531,138971217341218,138971218286643,945425
13532,138971218341143,138971219286532,945389
13533,138971219341069,138971220286365,945296
13534,138971220341031,138971221286568,945537
13535,138971221340957,138971222286290,945333
13536,138971222340883,138971223286475,945592
13537,138971223340808,138971224286252,945444
13538,138971224340771,138971225286548,945777
13539,138971225340678,138971226286122,945444
13540,138971226340603,138971227285992,945389
13541,138971227340529,138971228286344,945815
13542,138971228340492,138971229285899,945407
13543,138971229340436,138971230285843,945407
13544,138971230340361,138971231286454,946093
13545,138971231340324,138971232285935,945611
13546,138971232340287,138971233285823,945536
13547,138971233340175,138971234286045,945870
13548,138971234340101,138971235285638,945537
13549,138971235340026,138971236285878,945852
13550,138971236339989,138971237285304,945315
13551,138971237339896,138971238285099,945203
13552,138971238339822,138971239285655,945833
13553,138971239339766,138971240285506,945740
13554,138971240339710,138971241285302,945592
13555,138971241339654,138971242284820,945166
13556,138971242339561,138971243285190,945629
13557,138971243339524,138971244285283,945759
13558,138971244339468,138971245284671,945203
13559,138971245339375,138971246284875,945500
13560,138971246339319,138971247284745,945426
13561,138971247339245,138971248284966,945721
13562,138971248339207,138971249284651,945444
13563,138971249339114,138971250284707,945593
13564,138971250339040,138971251285410,946370
13565,138971251338984,138971252284502,945518
13566,138971252338928,138971253284539,945611
13567,138971253338854,138971254284372,945518
13568,138971254338779,138971255284520,945741
13569,138971255338723,138971256284390,945667
13570,138971256338667,138971257284186,945519
13571,138971257338575,138971258284019,945444
13572,138971258338537,138971259284018,945481
13573,138971259338463,138971260284259,945796
13574,138971260338425,138971261284036,945611
13575,138971261338332,138971262283888,945556
13576,138971262338277,138971263283832,945555
13577,138971263338184,138971264283831,945647
13578,138971264338294,138971265283776,945482
13579,138971265338053,138971266283479,945426
13580,138971266337997,138971267283201,945204
13581,138971267337905,138971268283534,945629
13582,138971268337867,138971269283422,945555
13583,138971269337793,138971270283181,945388
13584,138971270337737,138971271283811,946074
13585,138971271337662,138971272283218,945556
13586,138971272337644,138971273283254,945610
13587,138971273337551,138971274283087,945536
13588,138971274337476,138971275282994,945518
13589,138971275337402,138971276283068,945666
13590,138971276337346,138971277283105,945759
13591,138971277337272,138971278282734,945462
13592,138971278337216,138971279282697,945481
13593,138971279337141,138971280282826,945685
13594,138971280337104,138971281282529,945425
13595,138971281337011,138971282282696,945685
13596,138971282336955,138971283282455,945500
13597,138971283336881,138971284282343,945462
13598,138971284336825,138971285282565,945740
13599,138971285336732,138971286282231,945499
13600,138971286336676,138971287282176,945500
13601,138971287336620,138971288282249,945629
13602,138971288336564,138971289282323,945759
13603,138971289336490,138971290282138,945648
13604,138971290336434,138971291282285,945851
13605,138971291336378,138971292282192,945814
13606,138971292336304,138971293281914,945610
13607,138971293336211,138971294281544,945333
13608,138971294336136,138971295281377,945241
13609,138971295336099,138971296281524,945425
13610,138971296336043,138971297281302,945259
13611,138971297335950,138971298281542,945592
13612,138971298335894,138971299281172,945278
13613,138971299335820,138971300281190,945370
13614,138971300335782,138971301281541,945759
13615,138971301335708,138971302281134,945426
13616,138971302335633,138971303281226,945593
13617,138971303335559,138971304281077,945518
13618,138971304335522,138971305281132,945610
13619,138971305335429,138971306280873,945444
13620,138971306335373,138971307280984,945611
13621,138971307335298,138971308280891,945593
13622,138971308335261,138971309280946,945685
13623,138971309335168,138971310280779,945611
13624,138971310335094,138971311280834,945740
13625,138971311335056,138971312280501,945445
13626,138971312334982,138971313280519,945537
13627,138971313334908,138971314280481,945573
13628,138971314334852,138971315280629,945777
13629,138971315334759,138971316280610,945851
13630,138971316334721,138971317280240,945519
13631,138971317334647,138971318280536,945889
13632,138971318334573,138971319280109,945536
13633,138971319334517,138971320280220,945703
13634,138971320334479,138971321280423,945944
13635,138971321334386,138971322279830,945444
13636,138971322334312,138971323279775,945463
13637,138971323334256,138971324279663,945407
13638,138971324334200,138971325279329,945129
13639,138971325334107,138971326279662,945555
13640,138971326334051,138971327279588,945537
13641,138971327333995,138971328279551,945556
13642,138971328333940,138971329279365,945425
13643,138971329333847,138971330279254,945407
13644,138971330333809,138971331279753,945944
13645,138971331333753,138971332279197,945444
13646,138971332333679,138971333279160,945481
13647,138971333333586,138971334279030,945444
13648,138971334333530,138971335278789,945259
13649,138971335333474,138971336278992,945518
13650,138971336333418,138971337278992,945574
13651,138971337333325,138971338278973,945648
13652,138971338333270,138971339278547,945277
13653,138971339333195,138971340279028,945833
13654,138971340333139,138971341278583,945444
13655,138971341333065,138971342278676,945611
13656,138971342332990,138971343278286,945296
13657,138971343332935,138971344278268,945333
13658,138971344332879,138971345278286,945407
13659,138971345332786,138971346278211,945425
13660,138971346332730,138971347278322,945592
13661,138971347332692,138971348278303,945611
13662,138971348332637,138971349278433,945796
13663,138971349332544,138971350278154,945610
13664,138971350332469,138971351278506,946037
13665,138971351332413,138971352278320,945907
13666,138971352332357,138971353277894,945537
13667,138971353332283,138971354277783,945500
13668,138971354332209,138971355277708,945499
13669,138971355332134,138971356277819,945685
13670,138971356332097,138971357277485,945388
13671,138971357332004,138971358277411,945407
13672,138971358331929,138971359277374,945445
13673,138971359331874,138971360277744,945870
13674,138971360331836,138971361277373,945537
13675,138971361331743,138971362277150,945407
13676,138971362331687,138971363277206,945519
13677,138971363331613,138971364277094,945481
13678,138971364331557,138971365276853,945296
13679,138971365331501,138971366276871,945370
13680,138971366331427,138971367277130,945703
13681,138971367331334,138971368276871,945537
13682,138971368331296,138971369276796,945500
13683,138971369331204,138971370276814,945610
13684,138971370331166,138971371276962,945796
13685,138971371331073,138971372276943,945870
13686,138971372331017,138971373276387,945370
13687,138971373330943,138971374276461,945518
13688,138971374330887,138971375276387,945500
13689,138971375330831,138971376276146,945315
13690,138971376330812,138971377276312,945500
13691,138971377330682,138971378276275,945593
13692,138971378330626,138971379275867,945241
13693,138971379330571,138971380276126,945555
13694,138971380330515,138971381275977,945462
13695,138971381330422,138971382275866,945444
13696,138971382330366,138971383275921,945555
13697,138971383330310,138971384275810,945500
13698,138971384330254,138971385275643,945389
13699,138971385330161,138971386275605,945444
13700,138971386330105,138971387275642,945537
13701,138971387330031,138971388275456,945425
13702,138971388329975,138971389275215,945240
13703,138971389329938,138971390275345,945407
13704,138971390329845,138971391275289,945444
13705,138971391329789,138971392275474,945685
13706,138971392329751,138971393275455,945704
13707,138971393329640,138971394275399,945759
13708,138971394329603,138971395275232,945629
13709,138971395329528,138971396274991,945463
13710,138971396329454,138971397274842,945388
13711,138971397329379,138971398274898,945519
13712,138971398329305,138971399274638,945333
13713,138971399329230,138971400274712,945482
13714,138971400329193,138971401274619,945426
13715,138971401329137,138971402274711,945574
13716,138971402329044,138971403274563,945519
13717,138971403328988,138971404274488,945500
13718,138971404328951,138971405274062,945111
13719,138971405328877,138971406274395,945518
13720,138971406328802,138971407274209,945407
13721,138971407328746,138971408274209,945463
13722,138971408328690,138971409274005,945315
13723,138971409328597,138971410273801,945204
13724,138971410328542,138971411273838,945296
13725,138971411328467,138971412274115,945648
13726,138971412328393,138971413273837,945444
13727,138971413328318,138971414273800,945482
13728,138971414328262,138971415273633,945371
13729,138971415328188,138971416273762,945574
13730,138971416328151,138971417273947,945796
13731,138971417328058,138971418273613,945555
13732,138971418328020,138971419273613,945593
13733,138971419327946,138971420273427,945481
13734,138971420327890,138971421273390,945500
13735,138971421327797,138971422274186,946389
13736,138971422327741,138971423273204,945463
13737,138971423327667,138971424273278,945611
13738,138971424327629,138971425272925,945296
13739,138971425327555,138971426273018,945463
13740,138971426327481,138971427272795,945314
13741,138971427327406,138971428273202,945796
13742,138971428327369,138971429272739,945370
13743,138971429327276,138971430272794,945518
13744,138971430327220,138971431272553,945333
13745,138971431327146,138971432272608,945462
13746,138971432327108,138971433272645,945537
13747,138971433327015,138971434272515,945500
13748,138971434326978,138971435272385,945407
13749,138971435326904,138971436272403,945499
13750,138971436326848,138971437272181,945333
13751,138971437326755,138971438272180,945425
13752,138971438326680,138971439272162,945482
13753,138971439326624,138971440272291,945667
13754,138971440326569,138971441272124,945555
13755,138971441326476,138971442272531,946055
13756,138971442326438,138971443271845,945407
13757,138971443326364,138971444272178,945814
13758,138971444326289,138971445271697,945408
13759,138971445326215,138971446271826,945611
13760,138971446326159,138971447271585,945426
13761,138971447326103,138971448271973,945870
13762,138971448326047,138971449271436,945389
13763,138971449325973,138971450271399,945426
13764,138971450325917,138971451271232,945315
13765,138971451325843,138971452271639,945796
13766,138971452325805,138971453271175,945370
13767,138971453325712,138971454271231,945519
13768,138971454325638,138971455270897,945259
13769,138971455325601,138971456271100,945499
13770,138971456325508,138971457270970,945462
13771,138971457325433,138971458270896,945463
13772,138971458325377,138971459270784,945407
13773,138971459325284,138971460270877,945593
13774,138971460325229,138971461270802,945573
13775,138971461325191,138971462271728,946537
13776,138971462325135,138971463270653,945518
13777,138971463325061,138971464270672,945611
13778,138971464325023,138971465270468,945445
13779,138971465324931,138971466270393,945462
13780,138971466324856,138971467270134,945278
13781,138971467324782,138971468270411,945629
13782,138971468324744,138971469270151,945407
13783,138971469324651,138971470270299,945648
13784,138971470324577,138971471270021,945444
13785,138971471324521,138971472269984,945463
13786,138971472324447,138971473269835,945388
13787,138971473324391,138971474269761,945370
13788,138971474324316,138971475269835,945519
13789,138971475324242,138971476269779,945537
13790,138971476324223,138971477269612,945389
13791,138971477324130,138971478269630,945500
13792,138971478324056,138971479269426,945370
13793,138971479324000,138971480269259,945259
13794,138971480323944,138971481269462,945518
13795,138971481323851,138971482269888,946037
13796,138971482323814,138971483268999,945185
13797,138971483323721,138971484268980,945259
13798,138971484323683,138971485269220,945537
13799,138971485323590,138971486268979,945389
13800,138971486323535,138971487269071,945536
13801,138971487323460,138971488269071,945611
13802,138971488323404,138971489268830,945426
13803,138971489323330,138971490268607,945277
13804,138971490323255,138971491268774,945519
13805,138971491323218,138971492268792,945574
13806,138971492323162,138971493268662,945500
13807,138971493323069,138971494268291,945222
13808,138971494323013,138971495268513,945500
13809,138971495322939,138971496268605,945666
13810,138971496322902,138971497268161,945259
13811,138971497322809,138971498268364,945555
13812,138971498322716,138971499268160,945444
13813,138971499322678,138971500268104,945426
13814,138971500322622,138971501268159,945537
13815,138971501322548,138971502268437,945889
13816,138971502322492,138971503267992,945500
13817,138971503322399,138971504267954,945555
13818,138971504322362,138971505267528,945166
13819,138971505322287,138971506267695,945408
13820,138971506322232,138971507267713,945481
13821,138971507322176,138971508267694,945518
13822,138971508322101,138971509267694,945593
13823,138971509322008,138971510267804,945796
13824,138971510321952,138971511267619,945667
13825,138971511321897,138971512267600,945703
13826,138971512321841,138971513267192,945351
13827,138971513321766,138971514267396,945630
13828,138971514321692,138971515266932,945240
13829,138971515321617,138971516267358,945741
13830,138971516321543,138971517267080,945537
13831,138971517321487,138971518266746,945259
13832,138971518321431,138971519266857,945426
13833,138971519321357,138971520266875,945518
13834,138971520321319,138971521266652,945333
13835,138971521321227,138971522267411,946184
13836,138971522321189,138971523266670,945481
13837,138971523321133,138971524266485,945352
13838,138971524321059,138971525266744,945685
13839,138971525320966,138971526266243,945277
13840,138971526320910,138971527266243,945333
13841,138971527320836,138971528266187,945351
13842,138971528320780,138971529266316,945536
13843,138971529320724,138971530266020,945296
13844,138971530320631,138971531266149,945518
13845,138971531320594,138971532266149,945555
13846,138971532320538,138971533265704,945166
13847,138971533320426,138971534265889,945463
13848,138971534320389,138971535265722,945333
13849,138971535320314,138971536265888,945574
13850,138971536320258,138971537266277,946019
13851,138971537320184,138971538265943,945759
13852,138971538320110,138971539265443,945333
13853,138971539320054,138971540265405,945351
13854,138971540319998,138971541265442,945444
13855,138971541319905,138971542265645,945740
13856,138971542319868,138971543265386,945518
13857,138971543319775,138971544265330,945555
13858,138971544319737,138971545265237,945500
13859,138971545319644,138971546265051,945407
13860,138971546319588,138971547265162,945574
13861,138971547319514,138971548265143,945629
13862,138971548319477,138971549264921,945444
13863,138971549319402,138971550264828,945426
13864,138971550319328,138971551264605,945277
13865,138971551319272,138971552260198,940926
13866,138971552316235,138971553262086,945851
13867,138971553319123,138971554264623,945500
13868,138971554319067,138971555264400,945333
13869,138971555318993,138971556264770,945777
13870,138971556318937,138971557264418,945481
13871,138971557318863,138971558264640,945777
13872,138971558318807,138971559264288,945481
13873,138971559318732,138971560264195,945463
13874,138971560318658,138971561264361,945703
13875,138971561318620,138971562264657,946037
13876,138971562318546,138971563264898,946352
13877,138971563318472,138971564264212,945740
13878,138971564318434,138971565264101,945667
13879,138971565318341,138971566263785,945444
13880,138971566318267,138971567263618,945351
13881,138971567318211,138971568263859,945648
13882,138971568318174,138971569263710,945536
13883,138971569318099,138971570263654,945555
13884,138971570318025,138971571263395,945370
13885,138971571317950,138971572264098,946148
13886,138971572317895,138971573263524,945629
13887,138971573317783,138971574263320,945537
13888,138971574317746,138971575263079,945333
13889,138971575317671,138971576263393,945722
13890,138971576317634,138971577263078,945444
13891,138971577317615,138971578263041,945426
13892,138971578317504,138971579263133,945629
13893,138971579317429,138971580263114,945685
13894,138971580317373,138971581263114,945741
13895,138971581317299,138971582263391,946092
13896,138971582317243,138971583262650,945407
13897,138971583317150,138971584262613,945463
13898,138971584317113,138971585262575,945462
13899,138971585317020,138971586262834,945814
13900,138971586316945,138971587262371,945426
13901,138971587316889,138971588262815,945926
13902,138971588316834,138971589262370,945536
13903,138971589316741,138971590262074,945333
13904,138971590316703,138971591262240,945537
13905,138971591316629,138971592262221,945592
13906,138971592316592,138971593262036,945444
13907,138971593316499,138971594262017,945518
13908,138971594316443,138971595261942,945499
13909,138971595316368,138971596261683,945315
13910,138971596316312,138971597261497,945185
13911,138971597316238,138971598261608,945370
13912,138971598316164,138971599261941,945777
13913,138971599316089,138971600261867,945778
13914,138971600316052,138971601261477,945425
13915,138971601315977,138971602261922,945945
13916,138971602315921,138971603261514,945593
13917,138971603315866,138971604261717,945851
13918,138971604315773,138971605261235,945462
13919,138971605315717,138971606261068,945351
13920,138971606315624,138971607261216,945592
13921,138971607315586,138971608261031,945445
13922,138971608315549,138971609261178,945629
13923,138971609315456,138971610261011,945555
13924,138971610315363,138971611260659,945296
13925,138971611315307,138971612260992,945685
13926,138971612315288,138971613260807,945519
13927,138971613315177,138971614260473,945296
13928,138971614315103,138971615260639,945536
13929,138971615315047,138971616260713,945666
13930,138971616315009,138971617260268,945259
13931,138971617314935,138971618260398,945463
13932,138971618314861,138971619260342,945481
13933,138971619314786,138971620260138,945352
13934,138971620314730,138971621260045,945315
13935,138971621314656,138971622260452,945796
13936,138971622314600,138971623260063,945463
13937,138971623314544,138971624260322,945778
13938,138971624314470,138971625259803,945333
13939,138971625314414,138971626259784,945370
13940,138971626314321,138971627259839,945518
13941,138971627314265,138971628259765,945500
13942,138971628314228,138971629259579,945351
13943,138971629314135,138971630259634,945499
13944,138971630314079,138971631259375,945296
13945,138971631313986,138971632259800,945814
13946,138971632313967,138971633259263,945296
13947,138971633313874,138971634259577,945703
13948,138971634313781,138971635259188,945407
13949,138971635313744,138971636259299,945555
13950,138971636313706,138971637259391,945685
13951,138971637313613,138971638259335,945722
13952,138971638313558,138971639259039,945481
13953,138971639313483,138971640258946,945463
13954,138971640313446,138971641258945,945499
13955,138971641313353,138971642259501,946148
13956,138971642313297,138971643258834,945537
13957,138971643313223,138971644259018,945795
13958,138971644313148,138971645258648,945500
13959,138971645313092,138971646258666,945574
13960,138971646313018,138971647258425,945407
13961,138971647312943,138971648258573,945630
13962,138971648312887,138971649258461,945574
13963,138971649312813,138971650258405,945592
13964,138971650312739,138971651258349,945610
13965,138971651312701,138971652258145,945444
13966,138971652312664,138971653258256,945592
13967,138971653312552,138971654258015,945463
13968,138971654312478,138971655258033,945555
13969,138971655312441,138971656257848,945407
13970,138971656312385,138971657257792,945407
13971,138971657312292,138971658258236,945944
13972,138971658312236,138971659257791,945555
13973,138971659312162,138971660257532,945370
13974,138971660312124,138971661258254,946130
13975,138971661312031,138971662258161,946130
13976,138971662311975,138971663257697,945722
13977,138971663311901,138971664257419,945518
13978,138971664311845,138971665257086,945241
13979,138971665311771,138971666257363,945592
13980,138971666311733,138971667257177,945444
13981,138971667311640,138971668257270,945630
13982,138971668311603,138971669257029,945426
13983,138971669311492,138971670257010,945518
13984,138971670311417,138971671256861,945444
13985,138971671311380,138971672256676,945296
13986,138971672311305,138971673256805,945500
13987,138971673311249,138971674256620,945371
13988,138971674311175,138971675256619,945444
13989,138971675311101,138971676256563,945462
13990,138971676311063,138971677256563,945500
13991,138971677310970,138971678256377,945407
13992,138971678310914,138971679256266,945352
13993,138971679310859,138971680256377,945518
13994,138971680310803,138971681256339,945536
13995,138971681310728,138971682256228,945500
13996,138971682310635,138971683256265,945630
13997,138971683310579,138971684256190,945611
13998,138971684310542,138971685256208,945666
13999,138971685310449,138971686255967,945518
14000,138971686310375,138971687256115,945740
14001,138971687310319,138971688255800,945481
14002,138971688310263,138971689255985,945722
14003,138971689310189,138971690255725,945536
14004,138971690310114,138971691255595,945481
14005,138971691310058,138971692255447,945389
14006,138971692310002,138971693255558,945556
14007,138971693309909,138971694255520,945611
14008,138971694309854,138971695255427,945573
14009,138971695309816,138971696255260,945444
14010,138971696309742,138971697255093,945351
14011,138971697309667,138971698255000,945333
14012,138971698309611,138971699254907,945296
14013,138971699309556,138971700255018,945462
14014,138971700309481,138971701255036,945555
14015,138971701309407,138971702254666,945259
14016,138971702309332,138971703254684,945352
14017,138971703309276,138971704254906,945630
14018,138971704309202,138971705254961,945759
14019,138971705309128,138971706254572,945444
14020,138971706309072,138971707254571,945499
14021,138971707308997,138971708254478,945481
14022,138971708308960,138971709254367,945407
14023,138971709308904,138971710254348,945444
14024,138971710308811,138971711254200,945389
14025,138971711308755,138971712254070,945315
14026,138971712308699,138971713255032,946333
14027,138971713308625,138971714254162,945537
14028,138971714308550,138971715254143,945593
14029,138971715308476,138971716253772,945296
14030,138971716308420,138971717253679,945259
14031,138971717308346,138971718253808,945462
14032,138971718308271,138971719253697,945426
14033,138971719308215,138971720253789,945574
14034,138971720308160,138971721253511,945351
14035,138971721308085,138971722253566,945481
14036,138971722308011,138971723253473,945462
14037,138971723307955,138971724253566,945611
14038,138971724307899,138971725253306,945407
14039,138971725307825,138971726253343,945518
14040,138971726307750,138971727253176,945426
14041,138971727307694,138971728253546,945852
14042,138971728307657,138971729253138,945481
14043,138971729307564,138971730253008,945444
14044,138971730307508,138971731252915,945407
14045,138971731307434,138971732253433,945999
14046,138971732307359,138971733253118,945759
14047,138971733307322,138971734252673,945351
14048,138971734307247,138971735252599,945352
14049,138971735307155,138971736252821,945666
14050,138971736307117,138971737252469,945352
14051,138971737307024,138971738252524,945500
14052,138971738306950,138971739252357,945407
14053,138971739306912,138971740252375,945463
14054,138971740306838,138971741252264,945426
14055,138971741306782,138971742252411,945629
14056,138971742306708,138971743252337,945629
14057,138971743306652,138971744252152,945500
14058,138971744306596,138971745251966,945370
14059,138971745306522,138971746251873,945351
14060,138971746306447,138971747251910,945463
14061,138971747306373,138971748252095,945722
14062,138971748306317,138971749251613,945296
14063,138971749306261,138971750251650,945389
14064,138971750306168,138971751251464,945296
14065,138971751306094,138971752251723,945629
14066,138971752306075,138971753252148,946073
14067,138971753306019,138971754251259,945240
14068,138971754305926,138971755251407,945481
14069,138971755305870,138971756251166,945296
14070,138971756305814,138971757251147,945333
14071,138971757305721,138971758251202,945481
14072,138971758305665,138971759251146,945481
14073,138971759305591,138971760251202,945611
14074,138971760305535,138971761251442,945907
14075,138971761305461,138971762250868,945407
14076,138971762305386,138971763250941,945555
14077,138971763305349,138971764250552,945203
14078,138971764305256,138971765250811,945555
14079,138971765305181,138971766250737,945556
14080,138971766305126,138971767250588,945462
14081,138971767305033,138971768250514,945481
14082,138971768304995,138971769250199,945204
14083,138971769304939,138971770250309,945370
14084,138971770304884,138971771250402,945518
14085,138971771304809,138971772250364,945555
14086,138971772304753,138971773250679,945926
14087,138971773304679,138971774250308,945629
14088,138971774304604,138971775250178,945574
14089,138971775304548,138971776250233,945685
14090,138971776304474,138971777249974,945500
14091,138971777304400,138971778250048,945648
14092,138971778304325,138971779249992,945667
14093,138971779304269,138971780249676,945407
14094,138971780304213,138971781249806,945593
14095,138971781304139,138971782249639,945500
14096,138971782304083,138971783249583,945500
14097,138971783304027,138971784249545,945518
14098,138971784303971,138971785249693,945722
14099,138971785303897,138971786249211,945314
14100,138971786303823,138971787249304,945481
14101,138971787303748,138971788249063,945315
14102,138971788303711,138971789249007,945296
14103,138971789303618,138971790249173,945555
14104,138971790303562,138971791248821,945259
14105,138971791303488,138971792249191,945703
14106,138971792303432,138971793249376,945944
14107,138971793303357,138971794248764,945407
14108,138971794303264,138971795248560,945296
14109,138971795303208,138971796248949,945741
14110,138971796303153,138971797248911,945758
14111,138971797303060,138971798248689,945629
14112,138971798303022,138971799248429,945407
14113,138971799302966,138971800248540,945574
14114,138971800302929,138971801248558,945629
14115,138971801302836,138971802248280,945444
14116,138971802302762,138971803248354,945592
14117,138971803302724,138971804248428,945704
14118,138971804302631,138971805248205,945574
14119,138971805302575,138971806248075,945500
14120,138971806302501,138971807247908,945407
14121,138971807302427,138971808247834,945407
14122,138971808302371,138971809247704,945333
14123,138971809302296,138971810247944,945648
14124,138971810302222,138971811247666,945444
14125,138971811302166,138971812247981,945815
14126,138971812302147,138971813248073,945926
14127,138971813302054,138971814247665,945611
14128,138971814301980,138971815247572,945592
14129,138971815301905,138971816247701,945796
14130,138971816301850,138971817247275,945425
14131,138971817301775,138971818247127,945352
14132,138971818301738,138971819247126,945388
14133,138971819301645,138971820246996,945351
14134,138971820301589,138971821246996,945407
14135,138971821301515,138971822247125,945610
14136,138971822301440,138971823246866,945426
14137,138971823301384,138971824247069,945685
14138,138971824301328,138971825246865,945537
14139,138971825301254,138971826246828,945574
14140,138971826301179,138971827246587,945408
14141,138971827301124,138971828246660,945536
14142,138971828301086,138971829246530,945444
14143,138971829300993,138971830246289,945296
14144,138971830300937,138971831246326,945389
14145,138971831300863,138971832246807,945944
14146,138971832300807,138971833246825,946018
14147,138971833300751,138971834246269,945518
14148,138971834300640,138971835246232,945592
14149,138971835300584,138971836246880,946296
14150,138971836300546,138971837245861,945315
14151,138971837300435,138971838245972,945537
14152,138971838300379,138971839245675,945296
14153,138971839300305,138971840247675,947370
14154,138971840300286,138971841245341,945055
14155,138971841300193,138971842245878,945685
14156,138971842300137,138971843245600,945463
14157,138971843300081,138971844246636,946555
14158,138971844300025,138971845245321,945296
14159,138971845299932,138971846245191,945259
14160,138971846299876,138971847245154,945278
14161,138971847299802,138971848246542,946740
14162,138971848299746,138971849245227,945481
14163,138971849299653,138971850245060,945407
14164,138971850299597,138971851244893,945296
14165,138971851299523,138971852247115,947592
14166,138971852299486,138971853245430,945944
14167,138971853299411,138971854244855,945444
14168,138971854299337,138971855244725,945388
14169,138971855299281,138971856246040,946759
14170,138971856299225,138971857244891,945666
14171,138971857299132,138971858244521,945389
14172,138971858299095,138971859244854,945759
14173,138971859299039,138971860245724,946685
14174,138971860298964,138971861244279,945315
14175,138971861298890,138971862244316,945426
14176,138971862298816,138971863244315,945499
14177,138971863298778,138971864245333,946555
14178,138971864298704,138971865244111,945407
14179,138971865298611,138971866244111,945500
14180,138971866298555,138971867244055,945500
14181,138971867298481,138971868244925,946444
14182,138971868298443,138971869243776,945333
14183,138971869298350,138971870243831,945481
14184,138971870298294,138971871243701,945407
14185,138971871298238,138971872244997,946759
14186,138971872298201,138971873244738,946537
14187,138971873298108,138971874243534,945426
14188,138971874298052,138971875243293,945241
14189,138971875297978,138971876244589,946611
14190,138971876297903,138971877243144,945241
14191,138971877297829,138971878242995,945166
14192,138971878297755,138971879244532,946777
14193,138971879297699,138971880244254,946555
14194,138971880297643,138971881243050,945407
14195,138971881297568,138971882242827,945259
14196,138971882297513,138971883243012,945499
14197,138971883297438,138971884243864,946426
14198,138971884297364,138971885242956,945592
14199,138971885297289,138971886242622,945333
14200,138971886297252,138971887242585,945333
14201,138971887297196,138971888243714,946518
14202,138971888297122,138971889242510,945388
14203,138971889297066,138971890242491,945425
14204,138971890296973,138971891242676,945703
14205,138971891296917,138971892243472,946555
14206,138971892296861,138971893242509,945648
14207,138971893296787,138971894242212,945425
14208,138971894296731,138971895241971,945240
14209,138971895296656,138971896243267,946611
14210,138971896296582,138971897242100,945518
14211,138971897296507,138971898241970,945463
14212,138971898296433,138971899241951,945518
14213,138971899296377,138971900243081,946704
14214,138971900296321,138971901241765,945444
14215,138971901296265,138971902241728,945463
14216,138971902296191,138971903241691,945500
14217,138971903296135,138971904243116,946981
14218,138971904296061,138971905241505,945444
14219,138971905295986,138971906241393,945407
14220,138971906295912,138971907241263,945351
14221,138971907295874,138971908242522,946648
14222,138971908295800,138971909241226,945426
14223,138971909295726,138971910241003,945277
14224,138971910295651,138971911241095,945444
14225,138971911295595,138971912242280,946685
14226,138971912295539,138971913241484,945945
14227,138971913295465,138971914240817,945352
14228,138971914295391,138971915240853,945462
14229,138971915295335,138971916241742,946407
14230,138971916295297,138971917240593,945296
14231,138971917295204,138971918240649,945445
14232,138971918295149,138971919240574,945425
14233,138971919295074,138971920242148,947074
14234,138971920295018,138971921240277,945259
14235,138971921294944,138971922240499,945555
14236,138971922294869,138971923240277,945408
14237,138971923294814,138971924241424,946610
14238,138971924294776,138971925239998,945222
14239,138971925294683,138971926240090,945407
14240,138971926294609,138971927239942,945333
14241,138971927294534,138971928241256,946722
14242,138971928294479,138971929240015,945536
14243,138971929294404,138971930239663,945259
14244,138971930294367,138971931239774,945407
14245,138971931294274,138971932240922,946648
14246,138971932294236,138971933240310,946074
14247,138971933294181,138971934239717,945536
14248,138971934294088,138971935239606,945518
14249,138971935294032,138971936240902,946870
14250,138971936293957,138971937239142,945185
14251,138971937293920,138971938239290,945370
14252,138971938293808,138971939239345,945537
14253,138971939293753,138971940240771,947018
14254,138971940293697,138971941239159,945462
14255,138971941293604,138971942239048,945444
14256,138971942293548,138971943239122,945574
14257,138971943293492,138971944240288,946796
14258,138971944293436,138971945238917,945481
14259,138971945293343,138971946238843,945500
14260,138971946293287,138971947238805,945518
14261,138971947293250,138971948239990,946740
14262,138971948293176,138971949238564,945388
14263,138971949293101,138971950238860,945759
14264,138971950293027,138971951238452,945425
14265,138971951292971,138971952239582,946611
14266,138971952292896,138971953238674,945778
14267,138971953292840,138971954238359,945519
14268,138971954292766,138971955238229,945463
14269,138971955292692,138971956239562,946870
14270,138971956292636,138971957238228,945592
14271,138971957292561,138971958237876,945315
14272,138971958292505,138971959238246,945741
14273,138971959292431,138971960238783,946352
14274,138971960292394,138971961237671,945277
14275,138971961292319,138971962237689,945370
14276,138971962292245,138971963237726,945481
14277,138971963292189,138971964238892,946703
14278,138971964292152,138971965237559,945407
14279,138971965292040,138971966237632,945592
14280,138971966291984,138971967237521,945537
14281,138971967291910,138971968238317,946407
14282,138971968291872,138971969237280,945408
14283,138971969291780,138971970237372,945592
14284,138971970291724,138971971236964,945240
14285,138971971291649,138971972238056,946407
14286,138971972291593,138971973236945,945352
14287,138971973291500,138971974237630,946130
14288,138971974291445,138971975237055,945610
14289,138971975291389,138971976236703,945314
14290,138971976291370,138971977236555,945185
14291,138971977291277,138971978236906,945629
14292,138971978291184,138971979236721,945537
14293,138971979291128,138971980236572,945444
14294,138971980291054,138971981236387,945333
14295,138971981290998,138971982236294,945296
14296,138971982290942,138971983236330,945388
14297,138971983290867,138971984236256,945389
14298,138971984290812,138971985236108,945296
14299,138971985290737,138971986236292,945555
14300,138971986290663,138971987235959,945296
14301,138971987290588,138971988236088,945500
14302,138971988290532,138971989235977,945445
14303,138971989290477,138971990235958,945481
14304,138971990290421,138971991235680,945259
14305,138971991290346,138971992235716,945370
14306,138971992290290,138971993235623,945333
14307,138971993290216,138971994235771,945555
14308,138971994290160,138971995235549,945389
14309,138971995290067,138971996235567,945500
14310,138971996290030,138971997235455,945425
14311,138971997289937,138971998235233,945296
14312,138971998289899,138971999235288,945389
14313,138971999289807,138972000236195,946388
14314,138972000289769,138972001235084,945315
14315,138972001289676,138972002235435,945759
14316,138972002289620,138972003235157,945537
14317,138972003289527,138972004235712,946185
14318,138972004289509,138972005234916,945407
14319,138972005289434,138972006234915,945481
14320,138972006289378,138972007234637,945259
14321,138972007289304,138972008235655,946351
14322,138972008289229,138972009234618,945389
14323,138972009289155,138972010234451,945296
14324,138972010289081,138972011234247,945166
14325,138972011289025,138972012234580,945555
14326,138972012288969,138972013234450,945481
14327,138972013288894,138972014234653,945759
14328,138972014288857,138972015234227,945370
14329,138972015288746,138972016234708,945962
14330,138972016288727,138972017234134,945407
14331,138972017288634,138972018233985,945351
14332,138972018288541,138972019234003,945462
14333,138972019288522,138972020234225,945703
14334,138972020288448,138972021233873,945425
14335,138972021288373,138972022233762,945389
14336,138972022288317,138972023233780,945463
14337,138972023288243,138972024234243,946000
14338,138972024288187,138972025233798,945611
14339,138972025288113,138972026233686,945573
14340,138972026288020,138972027233649,945629
14341,138972027287964,138972028233723,945759
14342,138972028287889,138972029233574,945685
14343,138972029287833,138972030233407,945574
14344,138972030287778,138972031233222,945444
14345,138972031287703,138972032233332,945629
14346,138972032287647,138972033233110,945463
14347,138972033287573,138972034233054,945481
14348,138972034287535,138972035233220,945685
14349,138972035287461,138972036232961,945500
14350,138972036287405,138972037232849,945444
14351,138972037287312,138972038232793,945481
14352,138972038287256,138972039232645,945389
14353,138972039287200,138972040232867,945667
14354,138972040287126,138972041232607,945481
14355,138972041287052,138972042232440,945388
14356,138972042286977,138972043232569,945592
14357,138972043286903,138972044232754,945851
14358,138972044286865,138972045232476,945611
14359,138972045286791,138972046232309,945518
14360,138972046286717,138972047232457,945740
14361,138972047286661,138972048232420,945759
14362,138972048286605,138972049232086,945481
14363,138972049286549,138972050231975,945426
14364,138972050286456,138972051231919,945463
14365,138972051286400,138972052232492,946092
14366,138972052286363,138972053231770,945407
14367,138972053286270,138972054231788,945518
14368,138972054286214,138972055231362,945148
14369,138972055286121,138972056231639,945518
14370,138972056286084,138972057231509,945425
14371,138972057285991,138972058231361,945370
14372,138972058285935,138972059231323,945388
14373,138972059285860,138972060231453,945593
14374,138972060285786,138972061231212,945426
14375,138972061285712,138972062231082,945370
14376,138972062285656,138972063231229,945573
14377,138972063285618,138972064231433,945815
14378,138972064285581,138972065231155,945574
14379,138972065285488,138972066230728,945240
14380,138972066285414,138972067230784,945370
14381,138972067285358,138972068230783,945425
14382,138972068285302,138972069230709,945407
14383,138972069285227,138972070230672,945445
14384,138972070285153,138972071230819,945666
14385,138972071285079,138972072230597,945518
14386,138972072285023,138972073230633,945610
14387,138972073284948,138972074230392,945444
14388,138972074284892,138972075230225,945333
14389,138972075284818,138972076230521,945703
14390,138972076284744,138972077230299,945555
14391,138972077284669,138972078230391,945722
14392,138972078284632,138972079229983,945351
14393,138972079284557,138972080229779,945222
14394,138972080284501,138972081230186,945685
14395,138972081284427,138972082229742,945315
14396,138972082284334,138972083229797,945463
14397,138972083284278,138972084230241,945963
14398,138972084284241,138972085229796,945555
14399,138972085284166,138972086229685,945519
14400,138972086284074,138972087229481,945407
14401,138972087284036,138972088229517,945481
14402,138972088283980,138972089229350,945370
14403,138972089283887,138972090229239,945352
14404,138972090283813,138972091229516,945703
14405,138972091283757,138972092229331,945574
14406,138972092283701,138972093229182,945481
14407,138972093283645,138972094228997,945352
14408,138972094283571,138972095228996,945425
14409,138972095283496,138972096229218,945722
14410,138972096283459,138972097228718,945259
14411,138972097283366,138972098229403,946037
14412,138972098283310,138972099228606,945296
14413,138972099283236,138972100228754,945518
14414,138972100283180,138972101228569,945389
14415,138972101283106,138972102228457,945351
14416,138972102283031,138972103228383,945352
14417,138972103282975,138972104229012,946037
14418,138972104282919,138972105228289,945370
14419,138972105282826,138972106228159,945333
14420,138972106282771,138972107228289,945518
14421,138972107282733,138972108228066,945333
14422,138972108282677,138972109227955,945278
14423,138972109282584,138972110227880,945296
14424,138972110282528,138972111227806,945278
14425,138972111282454,138972112228102,945648
14426,138972112282398,138972113227990,945592
14427,138972113282305,138972114227694,945389
14428,138972114282268,138972115227545,945277
14429,138972115282175,138972116227489,945314
14430,138972116282138,138972117227415,945277
14431,138972117282045,138972118227507,945462
14432,138972118281970,138972119227674,945704
14433,138972119281933,138972120227340,945407
14434,138972120281877,138972121227247,945370
14435,138972121281765,138972122227080,945315
14436,138972122281747,138972123227043,945296
14437,138972123281635,138972124227635,946000
14438,138972124281616,138972125226931,945315
14439,138972125281542,138972126226690,945148
14440,138972126281486,138972127226986,945500
14441,138972127281412,138972128226893,945481
14442,138972128281374,138972129226837,945463
14443,138972129281281,138972130226892,945611
14444,138972130281207,138972131226688,945481
14445,138972131281114,138972132226595,945481
14446,138972132281058,138972133226373,945315
14447,138972133281002,138972134226520,945518
14448,138972134280928,138972135226298,945370
14449,138972135280853,138972136226409,945556
14450,138972136280816,138972137226038,945222
14451,138972137280742,138972138226112,945370
14452,138972138280686,138972139226000,945314
14453,138972139280630,138972140226129,945499
14454,138972140280574,138972141226092,945518
14455,138972141280481,138972142225870,945389
14456,138972142280425,138972143225851,945426
14457,138972143280351,138972144226313,945962
14458,138972144280313,138972145225924,945611
14459,138972145280220,138972146225850,945630
14460,138972146280164,138972147225683,945519
14461,138972147280090,138972148225830,945740
14462,138972148280034,138972149225478,945444
14463,138972149279941,138972150225256,945315
14464,138972150279885,138972151225274,945389
14465,138972151279811,138972152225070,945259
14466,138972152279792,138972153225366,945574
14467,138972153279699,138972154225162,945463
14468,138972154279643,138972155224958,945315
14469,138972155279587,138972156225032,945445
14470,138972156279513,138972157225050,945537
14471,138972157279439,138972158224809,945370
14472,138972158279364,138972159224827,945463
14473,138972159279290,138972160224586,945296
14474,138972160279234,138972161224585,945351
14475,138972161279159,138972162224400,945241
14476,138972162279104,138972163224492,945388
14477,138972163279029,138972164225195,946166
14478,138972164278992,138972165224362,945370
14479,138972165278899,138972166224250,945351
14480,138972166278806,138972167224324,945518
14481,138972167278787,138972168224379,945592
14482,138972168278713,138972169224231,945518
14483,138972169278638,138972170224471,945833
14484,138972170278582,138972171224489,945907
14485,138972171278508,138972172223915,945407
14486,138972172278452,138972173223785,945333
14487,138972173278378,138972174223951,945573
14488,138972174278285,138972175223451,945166
14489,138972175278247,138972176223877,945630
14490,138972176278173,138972177223506,945333
14491,138972177278117,138972178223487,945370
14492,138972178278043,138972179223357,945314
14493,138972179277968,138972180223542,945574
14494,138972180277931,138972181223319,945388
14495,138972181277856,138972182223263,945407
14496,138972182277801,138972183223152,945351
14497,138972183277745,138972184223837,946092
14498,138972184277689,138972185223096,945407
14499,138972185277596,138972186222855,945259
14500,138972186277540,138972187222762,945222
14501,138972187277466,138972188222743,945277
14502,138972188277391,138972189222817,945426
14503,138972189277317,138972190222927,945610
14504,138972190277261,138972191222686,945425
14505,138972191277186,138972192223612,946426
14506,138972192277149,138972193222686,945537
14507,138972193277038,138972194222908,945870
14508,138972194277000,138972195222500,945500
14509,138972195276926,138972196222277,945351
14510,138972196276870,138972197222610,945740
14511,138972197276795,138972198222388,945593
14512,138972198276740,138972199222350,945610
14513,138972199276684,138972200222239,945555
14514,138972200276628,138972201222072,945444
14515,138972201276553,138972202221998,945445
14516,138972202276479,138972203221886,945407
14517,138972203276405,138972204222256,945851
14518,138972204276349,138972205221830,945481
14519,138972205276274,138972206221774,945500
14520,138972206276200,138972207221644,945444
14521,138972207276144,138972208221551,945407
14522,138972208276070,138972209221680,945610
14523,138972209275995,138972210221476,945481
14524,138972210275921,138972211221346,945425
14525,138972211275865,138972212221068,945203
14526,138972212275827,138972213221309,945482
14527,138972213275753,138972214221697,945944
14528,138972214275697,138972215221252,945555
14529,138972215275623,138972216221048,945425
14530,138972216275567,138972217221085,945518
14531,138972217275474,138972218220844,945370
14532,138972218275437,138972219221047,945610
14533,138972219275344,138972220220843,945499
14534,138972220275288,138972221220639,945351
14535,138972221275213,138972222220991,945778
14536,138972222275157,138972223220620,945463
14537,138972223275083,138972224221083,946000
14538,138972224275027,138972225220490,945463
14539,138972225274953,138972226220267,945314
14540,138972226274915,138972227220211,945296
14541,138972227274841,138972228220415,945574
14542,138972228274896,138972229220433,945537
14543,138972229274711,138972230220099,945388
14544,138972230274636,138972231220117,945481
14545,138972231274580,138972232220006,945426
14546,138972232274506,138972233219932,945426
14547,138972233274450,138972234220876,946426
14548,138972234274357,138972235219857,945500
14549,138972235274301,138972236219819,945518
14550,138972236274245,138972237219726,945481
14551,138972237274171,138972238219559,945388
14552,138972238274097,138972239219541,945444
14553,138972239274041,138972240219429,945388
14554,138972240273966,138972241219577,945611
14555,138972241273929,138972242219410,945481
14556,138972242273854,138972243219169,945315
14557,138972243273780,138972244219724,945944
14558,138972244273761,138972245219446,945685
14559,138972245273650,138972246219112,945462
14560,138972246273575,138972247219223,945648
14561,138972247273519,138972248219315,945796
14562,138972248273445,138972249218722,945277
14563,138972249273371,138972250218907,945536
14564,138972250273315,138972251218722,945407
14565,138972251273240,138972252218666,945426
14566,138972252273203,138972253218980,945777
14567,138972253273128,138972254219221,946093
14568,138972254273036,138972255218554,945518
14569,138972255272961,138972256218276,945315
14570,138972256272942,138972257218442,945500
14571,138972257272868,138972258218534,945666
14572,138972258272775,138972259217978,945203
14573,138972259272719,138972260218274,945555
14574,138972260272663,138972261218126,945463
14575,138972261272589,138972262218014,945425
14576,138972262272533,138972263218014,945481
14577,138972263272458,138972264218014,945556
14578,138972264272403,138972265217902,945499
14579,138972265272310,138972266218013,945703
14580,138972266272254,138972267217753,945499
14581,138972267272198,138972268218309,946111
14582,138972268272142,138972269217494,945352
14583,138972269272068,138972270217660,945592
14584,138972270271993,138972271217845,945852
14585,138972271271919,138972272217455,945536
14586,138972272271881,138972273217511,945630
14587,138972273271825,138972274217251,945426
14588,138972274271751,138972275217510,945759
14589,138972275271677,138972276217121,945444
14590,138972276271621,138972277217083,945462
14591,138972277271528,138972278216916,945388
14592,138972278271490,138972279216879,945389
14593,138972279271416,138972280216934,945518
14594,138972280271360,138972281216712,945352
14595,138972281271249,138972282216748,945499
14596,138972282271193,138972283216785,945592
14597,138972283271118,138972284216470,945352
14598,138972284271100,138972285216581,945481
14599,138972285270988,138972286216562,945574
14600,138972286270951,138972287216654,945703
14601,138972287270876,138972288216506,945630
14602,138972288270839,138972289216413,945574
14603,138972289270765,138972290215986,945221
14604,138972290270690,138972291216023,945333
14605,138972291270616,138972292216264,945648
14606,138972292270578,138972293216097,945519
14607,138972293270485,138972294216133,945648
14608,138972294270411,138972295215985,945574
14609,138972295270337,138972296216151,945814
14610,138972296270299,138972297215688,945389
14611,138972297270225,138972298215836,945611
14612,138972298270132,138972299215669,945537
14613,138972299270057,138972300215502,945445
14614,138972300270057,138972301215427,945370
14615,138972301269983,138972302215408,945425
14616,138972302269890,138972303215464,945574
14617,138972303269815,138972304215315,945500
14618,138972304269778,138972305215889,946111
14619,138972305269722,138972306215055,945333
14620,138972306269629,138972307215110,945481
14621,138972307269573,138972308215073,945500
14622,138972308269517,138972309214832,945315
14623,138972309269424,138972310214998,945574
14624,138972310269369,138972311214776,945407
14625,138972311269313,138972312214998,945685
14626,138972312269257,138972313214553,945296
14627,138972313269182,138972314214589,945407
14628,138972314269108,138972315215089,945981
14629,138972315269089,138972316214626,945537
14630,138972316268978,138972317214403,945425
14631,138972317268922,138972318214533,945611
14632,138972318268847,138972319214421,945574
14633,138972319268810,138972320214476,945666
14634,138972320268717,138972321214291,945574
14635,138972321268661,138972322214124,945463
14636,138972322268587,138972323214068,945481
14637,138972323268512,138972324213956,945444
14638,138972324268456,138972325214215,945759
14639,138972325268401,138972326213937,945536
14640,138972326268308,138972327213807,945499
14641,138972327268270,138972328213566,945296
14642,138972328268177,138972329213547,945370
14643,138972329268103,138972330213566,945463
14644,138972330268066,138972331213306,945240
14645,138972331268010,138972332213472,945462
14646,138972332267954,138972333213342,945388
14647,138972333267861,138972334213268,945407
14648,138972334267805,138972335213138,945333
14649,138972335267731,138972336213193,945462
14650,138972336267675,138972337213471,945796
14651,138972337267582,138972338213507,945925
14652,138972338267507,138972339213137,945630
14653,138972339267470,138972340212951,945481
14654,138972340267414,138972341212988,945574
14655,138972341267340,138972342212599,945259
14656,138972342267247,138972343212783,945536
14657,138972343267209,138972344212746,945537
14658,138972344267135,138972345213486,946351
14659,138972345267079,138972346212616,945537
14660,138972346267005,138972347212541,945536
14661,138972347266949,138972348212597,945648
14662,138972348266874,138972349212244,945370
14663,138972349266800,138972350212374,945574
14664,138972350266763,138972351212244,945481
14665,138972351266670,138972352211966,945296
14666,138972352266632,138972353212150,945518
14667,138972353266558,138972354212113,945555
14668,138972354266465,138972355211816,945351
14669,138972355266428,138972356212205,945777
14670,138972356266353,138972357211594,945241
14671,138972357266260,138972358211723,945463
14672,138972358266204,138972359211685,945481
14673,138972359266148,138972360211593,945445
14674,138972360266111,138972361211888,945777
14675,138972361266018,138972362211425,945407
14676,138972362265944,138972363211499,945555
14677,138972363265888,138972364211369,945481
14678,138972364265813,138972365211795,945982
14679,138972365265757,138972366211350,945593
14680,138972366265683,138972367211609,945926
14681,138972367265609,138972368211034,945425
14682,138972368265571,138972369211127,945556
14683,138972369265497,138972370210941,945444
14684,138972370265422,138972371210941,945519
14685,138972371265348,138972372210885,945537
14686,138972372265311,138972373210736,945425
14687,138972373265218,138972374210680,945462
14688,138972374265125,138972375210717,945592
14689,138972375265106,138972376210865,945759
14690,138972376265050,138972377210605,945555
14691,138972377264976,138972378210346,945370
14692,138972378264901,138972379210382,945481
14693,138972379264845,138972380210345,945500
14694,138972380264789,138972381210289,945500
14695,138972381264715,138972382210418,945703
14696,138972382264641,138972383210122,945481
14697,138972383264548,138972384209770,945222
14698,138972384264510,138972385210862,946352
14699,138972385264454,138972386209991,945537
14700,138972386264362,138972387209750,945388
14701,138972387264324,138972388209879,945555
14702,138972388264250,138972389209749,945499
14703,138972389264175,138972390209805,945630
14704,138972390264138,138972391209397,945259
14705,138972391264064,138972392209656,945592
14706,138972392263989,138972393209433,945444
14707,138972393263915,138972394209414,945499
14708,138972394263859,138972395209488,945629
14709,138972395263803,138972396209414,945611
14710,138972396263729,138972397209432,945703
14711,138972397263654,138972398209469,945815
14712,138972398263598,138972399209098,945500
14713,138972399263524,138972400209098,945574
14714,138972400263449,138972401208931,945482
14715,138972401263394,138972402208930,945536
14716,138972402263319,138972403208671,945352
14717,138972403263245,138972404208707,945462
14718,138972404263189,138972405209448,946259
14719,138972405263133,138972406208503,945370
14720,138972406263059,138972407208354,945295
14721,138972407263003,138972408208317,945314
14722,138972408262947,138972409208335,945388
14723,138972409262854,138972410208242,945388
14724,138972410262779,138972411208316,945537
14725,138972411262724,138972412208112,945388
14726,138972412262686,138972413208556,945870
14727,138972413262593,138972414208223,945630
14728,138972414262537,138972415208481,945944
14729,138972415262463,138972416208018,945555
14730,138972416262407,138972417207814,945407
14731,138972417262333,138972418207517,945184
14732,138972418262258,138972419207721,945463
14733,138972419262184,138972420207628,945444
14734,138972420262165,138972421207628,945463
14735,138972421262072,138972422207405,945333
14736,138972422262016,138972423207534,945518
14737,138972423261960,138972424207478,945518
14738,138972424261904,138972425207608,945704
14739,138972425261830,138972426207070,945240
14740,138972426261755,138972427207163,945408
14741,138972427261700,138972428207088,945388
14742,138972428261625,138972429206995,945370
14743,138972429261551,138972430206902,945351
14744,138972430261513,138972431207087,945574
14745,138972431261420,138972432206976,945556
14746,138972432261346,138972433206809,945463
14747,138972433261290,138972434206605,945315
14748,138972434261234,138972435206660,945426
14749,138972435261178,138972436206474,945296
14750,138972436261104,138972437206493,945389
14751,138972437261030,138972438206418,945388
14752,138972438260955,138972439206399,945444
14753,138972439260899,138972440206455,945556
14754,138972440260843,138972441206269,945426
14755,138972441260769,138972442206213,945444
14756,138972442260695,138972443206287,945592
14757,138972443260639,138972444206286,945647
14758,138972444260564,138972445206675,946111
14759,138972445260490,138972446205990,945500
14760,138972446260434,138972447205804,945370
14761,138972447260360,138972448205970,945610
14762,138972448260285,138972449205581,945296
14763,138972449260248,138972450205562,945314
14764,138972450260173,138972451205432,945259
14765,138972451260117,138972452205488,945371
14766,138972452260062,138972453205321,945259
14767,138972453259987,138972454205561,945574
14768,138972454259913,138972455205227,945314
14769,138972455259857,138972456205319,945462
14770,138972456259782,138972457205264,945482
14771,138972457259708,138972458205023,945315
14772,138972458259652,138972459205133,945481
14773,138972459259578,138972460204892,945314
14774,138972460259503,138972461204818,945315
14775,138972461259447,138972462204836,945389
14776,138972462259373,138972463204743,945370
14777,138972463259299,138972464204946,945647
14778,138972464259280,138972465205465,946185
14779,138972465259205,138972466204538,945333
14780,138972466259131,138972467204668,945537
14781,138972467259075,138972468204464,945389
14782,138972468259001,138972469204352,945351
14783,138972469258926,138972470204315,945389
14784,138972470258870,138972471204222,945352
14785,138972471258796,138972472204314,945518
14786,138972472258722,138972473204184,945462
14787,138972473258666,138972474204110,945444
14788,138972474258591,138972475203795,945204
14789,138972475258535,138972476204035,945500
14790,138972476258461,138972477203868,945407
14791,138972477258387,138972478203942,945555
14792,138972478258294,138972479203849,945555
14793,138972479258275,138972480203608,945333
14794,138972480258219,138972481203607,945388
14795,138972481258126,138972482203459,945333
14796,138972482258070,138972483203366,945296
14797,138972483257996,138972484203588,945592
14798,138972484257940,138972485203810,945870
14799,138972485257884,138972486203328,945444
14800,138972486257791,138972487203346,945555
14801,138972487257716,138972488202901,945185
14802,138972488257679,138972489203105,945426
14803,138972489257605,138972490203327,945722
14804,138972490257530,138972491203086,945556
14805,138972491257474,138972492202956,945482
14806,138972492257400,138972493202714,945314
14807,138972493257344,138972494202918,945574
14808,138972494257288,138972495202899,945611
14809,138972495257232,138972496202732,945500
14810,138972496257176,138972497202528,945352
14811,138972497257065,138972498202528,945463
14812,138972498257028,138972499202379,945351
14813,138972499256953,138972500202286,945333
14814,138972500256897,138972501202471,945574
14815,138972501256823,138972502202119,945296
14816,138972502256748,138972503202100,945352
14817,138972503256693,138972504202526,945833
14818,138972504256637,138972505202803,946166
14819,138972505256562,138972506202006,945444
14820,138972506256488,138972507201747,945259
14821,138972507256413,138972508201876,945463
14822,138972508256358,138972509201635,945277
14823,138972509256302,138972510201875,945573
14824,138972510256246,138972511201634,945388
14825,138972511256171,138972512201782,945611
14826,138972512256115,138972513201523,945408
14827,138972513256060,138972514201504,945444
14828,138972514255967,138972515201392,945425
14829,138972515255911,138972516201540,945629
14830,138972516255836,138972517201225,945389
14831,138972517255762,138972518201336,945574
14832,138972518255725,138972519201150,945425
14833,138972519255613,138972520200928,945315
14834,138972520255576,138972521201131,945555
14835,138972521255501,138972522200945,945444
14836,138972522255427,138972523200834,945407
14837,138972523255371,138972524200741,945370
14838,138972524255334,138972525200963,945629
14839,138972525255259,138972526200759,945500
14840,138972526255185,138972527200740,945555
14841,138972527255129,138972528201351,946222
14842,138972528255055,138972529200443,945388
14843,138972529254980,138972530200609,945629
14844,138972530254906,138972531200572,945666
14845,138972531254850,138972532200164,945314
14846,138972532254794,138972533200423,945629
14847,138972533254701,138972534200219,945518
14848,138972534254664,138972535200182,945518
14849,138972535254589,138972536200163,945574
14850,138972536254552,138972537200014,945462
14851,138972537254440,138972538199903,945463
14852,138972538254385,138972539199903,945518
14853,138972539254329,138972540199717,945388
14854,138972540254273,138972541199587,945314
14855,138972541254180,138972542199679,945499
14856,138972542254124,138972543199568,945444
14857,138972543254049,138972544199586,945537
14858,138972544253938,138972545199790,945852
14859,138972545253938,138972546199419,945481
14860,138972546253863,138972547199344,945481
14861,138972547253789,138972548199270,945481
14862,138972548253733,138972549199159,945426
14863,138972549253659,138972550198973,945314
14864,138972550253584,138972551199047,945463
14865,138972551253510,138972552199084,945574
14866,138972552253454,138972553198731,945277
14867,138972553253379,138972554198916,945537
14868,138972554253342,138972555199027,945685
14869,138972555253268,138972556198767,945499
14870,138972556253249,138972557198656,945407
14871,138972557253137,138972558198693,945556
14872,138972558253063,138972559198377,945314
14873,138972559252989,138972560198507,945518
14874,138972560252951,138972561198395,945444
14875,138972561252877,138972562198339,945462
14876,138972562252821,138972563198209,945388
14877,138972563252746,138972564198061,945315
14878,138972564252672,138972565198264,945592
14879,138972565252616,138972566198468,945852
14880,138972566252542,138972567197764,945222
14881,138972567252467,138972568198041,945574
14882,138972568252393,138972569197596,945203
14883,138972569252356,138972570197763,945407
14884,138972570252281,138972571197429,945148
14885,138972571252207,138972572197706,945499
14886,138972572252151,138972573197410,945259
14887,138972573252095,138972574197743,945648
14888,138972574252021,138972575197428,945407
14889,138972575251946,138972576193261,941315
14890,138972576249261,138972577193427,944166
14891,138972577251816,138972578197260,945444
14892,138972578251741,138972579197204,945463
14893,138972579251686,138972580197111,945425
14894,138972580251611,138972581197000,945389
14895,138972581251537,138972582197036,945499
14896,138972582251481,138972583196925,945444
14897,138972583251406,138972584196888,945482
14898,138972584251369,138972585196832,945463
14899,138972585251295,138972586196887,945592
14900,138972586251239,138972587196646,945407
14901,138972587251164,138972588196849,945685
14902,138972588251108,138972589196590,945482
14903,138972589251034,138972590196534,945500
14904,138972590250960,138972591196570,945610
14905,138972591250885,138972592196403,945518
14906,138972592250866,138972593196348,945482
14907,138972593250755,138972594196125,945370
14908,138972594250699,138972595195995,945296
14909,138972595250643,138972596197032,946389
14910,138972596250587,138972597196142,945555
14911,138972597250513,138972598195883,945370
14912,138972598250420,138972599195938,945518
14913,138972599250383,138972600195771,945388
14914,138972600250308,138972601195697,945389
14915,138972601250252,138972602195770,945518
14916,138972602250178,138972603195566,945388
14917,138972603250103,138972604195603,945500
14918,138972604250066,138972605195473,945407
14919,138972605249973,138972606195658,945685
14920,138972606249899,138972607195361,945462
14921,138972607249861,138972608195417,945556
14922,138972608249787,138972609195305,945518
14923,138972609249712,138972610195101,945389
14924,138972610249638,138972611194786,945148
14925,138972611249582,138972612195211,945629
14926,138972612249526,138972613195007,945481
14927,138972613249433,138972614194896,945463
14928,138972614249396,138972615194840,945444
14929,138972615249322,138972616195303,945981
14930,138972616249284,138972617194747,945463
14931,138972617249191,138972618194672,945481
14932,138972618249154,138972619194431,945277
14933,138972619249042,138972620194598,945556
14934,138972620248987,138972621194431,945444
14935,138972621248931,138972622194282,945351
14936,138972622248856,138972623194337,945481
14937,138972623248782,138972624194356,945574
14938,138972624248744,138972625194263,945519
14939,138972625248633,138972626194059,945426
14940,138972626248596,138972627193910,945314
14941,138972627248521,138972628193910,945389
14942,138972628248465,138972629194076,945611
14943,138972629248428,138972630193872,945444
14944,138972630248335,138972631193650,945315
14945,138972631248261,138972632193668,945407
14946,138972632248242,138972633193649,945407
14947,138972633248130,138972634193463,945333
14948,138972634248074,138972635193389,945315
14949,138972635248000,138972636194055,946055
14950,138972636247963,138972637193499,945536
14951,138972637247888,138972638193221,945333
14952,138972638247795,138972639193221,945426
14953,138972639247739,138972640193332,945593
14954,138972640247665,138972641193035,945370
14955,138972641247609,138972642193238,945629
14956,138972642247535,138972643192960,945425
14957,138972643247479,138972644192904,945425
14958,138972644247460,138972645193034,945574
14959,138972645247349,138972646192959,945610
14960,138972646247293,138972647192866,945573
14961,138972647247218,138972648192662,945444
14962,138972648247181,138972649192532,945351
14963,138972649247088,138972650192384,945296
14964,138972650247014,138972651192384,945370
14965,138972651246939,138972652192457,945518
14966,138972652246902,138972653192531,945629
14967,138972653246827,138972654192086,945259
14968,138972654246753,138972655192716,945963
14969,138972655246678,138972656192734,946056
14970,138972656246641,138972657191993,945352
14971,138972657246548,138972658192048,945500
14972,138972658246492,138972659191918,945426
14973,138972659246436,138972660192177,945741
14974,138972660246399,138972661191751,945352
14975,138972661246306,138972662191695,945389
14976,138972662246232,138972663191750,945518
14977,138972663246176,138972664191620,945444
14978,138972664246138,138972665191601,945463
14979,138972665246045,138972666191508,945463
14980,138972666245971,138972667191360,945389
14981,138972667245915,138972668191563,945648
14982,138972668245841,138972669191359,945518
14983,138972669245766,138972670191340,945574
14984,138972670245710,138972671191062,945352
14985,138972671245618,138972672190951,945333
14986,138972672245580,138972673191117,945537
14987,138972673245506,138972674190987,945481
14988,138972674245468,138972675190653,945185
14989,138972675245375,138972676191505,946130
14990,138972676245338,138972677190838,945500
14991,138972677245264,138972678190819,945555
14992,138972678245189,138972679190467,945278
14993,138972679245115,138972680190540,945425
14994,138972680245059,138972681190614,945555
14995,138972681244985,138972682190355,945370
14996,138972682244892,138972683190502,945610
14997,138972683244854,138972684190261,945407
14998,138972684244780,138972685190150,945370
14999,138972685244705,138972686190150,945445
15000,138972686244668,138972687190094,945426
15001,138972687244575,138972688190241,945666
15002,138972688244538,138972689190074,945536
15003,138972689244482,138972690190056,945574
15004,138972690244407,138972691191037,946630
15005,138972691244315,138972692190444,946129
15006,138972692244296,138972693189906,945610
15007,138972693244203,138972694189628,945425
15008,138972694244147,138972695189739,945592
15009,138972695244054,138972696190554,946500
15010,138972696244035,138972697189387,945352
15011,138972697243924,138972698189479,945555
15012,138972698243868,138972699189441,945573
15013,138972699243812,138972700189941,946129
15014,138972700243756,138972701189737,945981
15015,138972701243663,138972702189089,945426
15016,138972702243589,138972703189125,945536
15017,138972703243496,138972704189106,945610
15018,138972704243477,138972705188865,945388
15019,138972705243402,138972706188958,945556
15020,138972706243365,138972707188865,945500
15021,138972707243272,138972708188901,945629
15022,138972708243216,138972709188753,945537
15023,138972709243142,138972710188549,945407
15024,138972710243086,138972711188567,945481
15025,138972711243012,138972712188567,945555
15026,138972712242956,138972713188455,945499
15027,138972713242863,138972714188492,945629
15028,138972714242733,138972715188177,945444
15029,138972715242732,138972716188991,946259
15030,138972716242695,138972717188028,945333
15031,138972717242621,138972718188194,945573
15032,138972718242546,138972719187898,945352
15033,138972719242509,138972720188453,945944
15034,138972720242434,138972721187971,945537
15035,138972721242360,138972722188212,945852
15036,138972722242304,138972723187896,945592
15037,138972723242211,138972724187803,945592
15038,138972724242174,138972725187673,945499
15039,138972725242081,138972726187544,945463
15040,138972726242044,138972727187765,945721
15041,138972727241969,138972728187561,945592
15042,138972728241895,138972729187246,945351
15043,138972729241820,138972730187246,945426
15044,138972730241764,138972731187301,945537
15045,138972731241671,138972732187449,945778
15046,138972732241634,138972733187171,945537
15047,138972733241560,138972734187096,945536
15048,138972734241504,138972735186966,945462
15049,138972735241429,138972736187429,946000
15050,138972736241392,138972737186818,945426
15051,138972737241299,138972738186780,945481
15052,138972738241243,138972739186576,945333
15053,138972739241169,138972740186594,945425
15054,138972740241113,138972741186427,945314
15055,138972741241057,138972742186723,945666
15056,138972742240964,138972743186408,945444
15057,138972743240908,138972744186741,945833
15058,138972744240852,138972745186463,945611
15059,138972745240759,138972746186370,945611
15060,138972746240703,138972747186185,945482
15061,138972747240648,138972748186295,945647
15062,138972748240555,138972749186073,945518
15063,138972749240517,138972750186110,945593
15064,138972750240461,138972751185831,945370
15065,138972751240387,138972752185813,945426
15066,138972752240313,138972753186201,945888
15067,138972753240238,138972754185645,945407
15068,138972754240182,138972755185534,945352
15069,138972755240108,138972756186200,946092
15070,138972756240089,138972757185552,945463
15071,138972757239978,138972758185311,945333
15072,138972758239903,138972759185514,945611
15073,138972759239847,138972760185495,945648
15074,138972760239810,138972761185291,945481
15075,138972761239717,138972762185198,945481
15076,138972762239661,138972763185013,945352
15077,138972763239568,138972764184734,945166
15078,138972764239531,138972765184938,945407
15079,138972765239456,138972766184623,945167
15080,138972766239400,138972767184826,945426
15081,138972767239326,138972768185048,945722
15082,138972768239289,138972769184751,945462
15083,138972769239196,138972770184603,945407
15084,138972770239140,138972771184547,945407
15085,138972771239047,138972772184565,945518
15086,138972772239028,138972773184417,945389
15087,138972773238935,138972774184268,945333
15088,138972774238861,138972775184416,945555
15089,138972775238805,138972776184638,945833
15090,138972776238749,138972777184137,945388
15091,138972777238656,138972778184193,945537
15092,138972778238600,138972779183933,945333
15093,138972779238544,138972780184174,945630
15094,138972780238488,138972781184266,945778
15095,138972781238414,138972782183932,945518
15096,138972782238358,138972783183598,945240
15097,138972783238284,138972784184006,945722
15098,138972784238209,138972785183709,945500
15099,138972785238135,138972786183616,945481
15100,138972786238079,138972787183412,945333
15101,138972787238004,138972788183782,945778
15102,138972788237949,138972789183430,945481
15103,138972789237874,138972790183244,945370
15104,138972790237818,138972791183096,945278
15105,138972791237744,138972792183336,945592
15106,138972792237688,138972793183021,945333
15107,138972793237614,138972794183076,945462
15108,138972794237539,138972795182891,945352
15109,138972795237502,138972796183187,945685
15110,138972796237446,138972797183038,945592
15111,138972797237353,138972798182945,945592
15112,138972798237297,138972799182741,945444
15113,138972799237223,138972800182982,945759
15114,138972800237167,138972801182592,945425
15115,138972801237074,138972802182370,945296
15116,138972802237036,138972803182499,945463
15117,138972803236944,138972804182480,945536
15118,138972804236906,138972805182313,945407
15119,138972805236832,138972806182924,946092
15120,138972806236757,138972807182257,945500
15121,138972807236683,138972808182479,945796
15122,138972808236627,138972809182034,945407
15123,138972809236534,138972810181941,945407
15124,138972810236515,138972811182108,945593
15125,138972811236441,138972812182033,945592
15126,138972812236403,138972813181848,945445
15127,138972813236311,138972814181644,945333
15128,138972814236236,138972815181551,945315
15129,138972815236180,138972816182013,945833
15130,138972816236143,138972817181531,945388
15131,138972817236013,138972818181568,945555
15132,138972818235976,138972819181253,945277
15133,138972819235901,138972820181790,945889
15134,138972820235845,138972821181382,945537
15135,138972821235771,138972822181141,945370
15136,138972822235715,138972823181029,945314
15137,138972823235641,138972824182029,946388
15138,138972824235566,138972825181010,945444
15139,138972825235510,138972826181732,946222
15140,138972826235473,138972827180880,945407
15141,138972827235380,138972828181861,946481
15142,138972828235324,138972829180676,945352
15143,138972829235250,138972830180638,945388
15144,138972830235194,138972831180527,945333
15145,138972831235119,138972832182489,947370
15146,138972832235082,138972833180563,945481
15147,138972833234989,138972834180341,945352
15148,138972834234915,138972835180359,945444
15149,138972835234840,138972836181969,947129
15150,138972836234803,138972837180432,945629
15151,138972837234728,138972838179876,945148
15152,138972838234673,138972839180154,945481
15153,138972839234580,138972840181598,947018
15154,138972840234542,138972841180005,945463
15155,138972841234468,138972842179986,945518
15156,138972842234393,138972843179745,945352
15157,138972843234356,138972844181800,947444
15158,138972844234282,138972845179781,945499
15159,138972845234207,138972846179522,945315
15160,138972846234133,138972847179447,945314
15161,138972847234058,138972848180743,946685
15162,138972848234021,138972849179484,945463
15163,138972849233928,138972850179280,945352
15164,138972850233872,138972851179372,945500
15165,138972851233816,138972852180557,946741
15166,138972852233742,138972853179205,945463
15167,138972853233667,138972854179019,945352
15168,138972854233593,138972855179037,945444
15169,138972855233537,138972856180259,946722
15170,138972856233481,138972857179018,945537
15171,138972857233407,138972858178981,945574
15172,138972858233369,138972859178740,945371
15173,138972859233295,138972860180091,946796
15174,138972860233221,138972861178702,945481
15175,138972861233146,138972862178627,945481
15176,138972862233072,138972863178720,945648
15177,138972863233016,138972864179590,946574
15178,138972864232960,138972865178626,945666
15179,138972865232867,138972866178885,946018
15180,138972866232811,138972867178255,945444
15181,138972867232755,138972868179644,946889
15182,138972868232699,138972869178144,945445
15183,138972869232607,138972870177810,945203
15184,138972870232569,138972871178198,945629
15185,138972871232495,138972872179087,946592
15186,138972872232439,138972873177790,945351
15187,138972873232364,138972874177642,945278
15188,138972874232290,138972875178938,946648
15189,138972875232234,138972876179567,947333
15190,138972876232178,138972877177678,945500
15191,138972877232104,138972878177659,945555
15192,138972878232029,138972879177622,945593
15193,138972879231955,138972880178529,946574
15194,138972880231899,138972881177380,945481
15195,138972881231825,138972882177250,945425
15196,138972882231750,138972883177324,945574
15197,138972883231694,138972884178342,946648
15198,138972884231639,138972885177083,945444
15199,138972885231583,138972886176990,945407
15200,138972886231490,138972887176952,945462
15201,138972887231452,138972888178267,946815
15202,138972888231378,138972889177100,945722
15203,138972889231304,138972890176877,945573
15204,138972890231248,138972891176692,945444
15205,138972891231173,138972892177858,946685
15206,138972892231099,138972893176450,945351
15207,138972893231043,138972894176561,945518
15208,138972894230987,138972895176394,945407
15209,138972895230913,138972896177616,946703
15210,138972896230838,138972897176690,945852
15211,138972897230764,138972898176300,945536
15212,138972898230689,138972899175911,945222
15213,138972899230652,138972900177374,946722
15214,138972900230596,138972901176114,945518
15215,138972901230540,138972902176207,945667
15216,138972902230447,138972903176077,945630
15217,138972903230373,138972904176891,946518
15218,138972904230336,138972905175835,945499
15219,138972905230261,138972906175631,945370
15220,138972906230187,138972907176075,945888
15221,138972907230131,138972908176871,946740
15222,138972908230075,138972909175519,945444
15223,138972909229982,138972910175519,945537
15224,138972910229908,138972911175352,945444
15225,138972911229852,138972912176722,946870
15226,138972912229833,138972913175092,945259
15227,138972913229703,138972914175240,945537
15228,138972914229647,138972915175165,945518
15229,138972915229573,138972916176480,946907
15230,138972916229535,138972917174850,945315
15231,138972917229479,138972918174997,945518
15232,138972918229386,138972919174923,945537
15233,138972919229330,138972920175941,946611
15234,138972920229275,138972921174830,945555
15235,138972921229219,138972922174681,945462
15236,138972922229144,138972923174588,945444
15237,138972923229070,138972924176107,947037
15238,138972924228995,138972925174421,945426
15239,138972925228940,138972926174569,945629
15240,138972926228865,138972927174291,945426
15241,138972927228791,138972928175439,946648
15242,138972928228753,138972929174179,945426
15243,138972929228660,138972930174012,945352
15244,138972930228605,138972931173919,945314
15245,138972931228549,138972932175567,947018
15246,138972932228511,138972933173752,945241
15247,138972933228418,138972934173825,945407
15248,138972934228362,138972935174232,945870
15249,138972935228288,138972936175362,947074
15250,138972936228251,138972937173732,945481
15251,138972937228158,138972938173398,945240
15252,138972938228083,138972939173361,945278
15253,138972939228027,138972940173305,945278
15254,138972940227972,138972941173379,945407
15255,138972941227879,138972942173415,945536
15256,138972942227823,138972943173378,945555
15257,138972943227748,138972944173155,945407
15258,138972944227692,138972945173155,945463
15259,138972945227599,138972946173173,945574
15260,138972946227562,138972947173821,946259
15261,138972947227506,138972948173154,945648
15262,138972948227450,138972949173098,945648
15263,138972949227376,138972950172802,945426
15264,138972950227302,138972951172616,945314
15265,138972951227246,138972952172782,945536
15266,138972952227190,138972953172412,945222
15267,138972953227097,138972954172504,945407
15268,138972954227022,138972955172559,945537
15269,138972955226966,138972956172096,945130
15270,138972956226911,138972957172225,945314
15271,138972957226836,138972958172114,945278
15272,138972958226762,138972959172354,945592
15273,138972959226687,138972960172298,945611
15274,138972960226631,138972961172242,945611
15275,138972961226576,138972962171835,945259
15276,138972962226501,138972963171742,945241
15277,138972963226445,138972964171760,945315
15278,138972964226408,138972965171908,945500
15279,138972965226315,138972966171574,945259
15280,138972966226241,138972967172037,945796
15281,138972967226203,138972968171795,945592
15282,138972968226129,138972969171795,945666
15283,138972969226036,138972970171443,945407
15284,138972970225980,138972971171461,945481
15285,138972971225924,138972972171294,945370
15286,138972972225868,138972973171312,945444
15287,138972973225775,138972974171330,945555
15288,138972974225719,138972975171330,945611
15289,138972975225626,138972976171145,945519
15290,138972976225608,138972977171089,945481
15291,138972977225533,138972978170737,945204
15292,138972978225459,138972979170921,945462
15293,138972979225384,138972980171088,945704
15294,138972980225328,138972981170550,945222
15295,138972981225254,138972982170550,945296
15296,138972982225180,138972983170439,945259
15297,138972983225124,138972984170346,945222
15298,138972984225086,138972985170475,945389
15299,138972985224993,138972986170419,945426
15300,138972986224938,138972987171085,946147
15301,138972987224863,138972988170029,945166
15302,138972988224807,138972989170085,945278
15303,138972989224733,138972990170270,945537
15304,138972990224658,138972991170121,945463
15305,138972991224584,138972992170065,945481
15306,138972992224565,138972993169787,945222
15307,138972993224472,138972994169768,945296
15308,138972994224435,138972995169823,945388
15309,138972995224342,138972996169842,945500
15310,138972996224286,138972997169693,945407
15311,138972997224249,138972998169859,945610
15312,138972998224137,138972999169618,945481
15313,138972999224063,138973000169655,945592
15314,138973000224025,138973001169433,945408
15315,138973001223933,138973002169191,945258
15316,138973002223877,138973003169284,945407
15317,138973003223821,138973004169302,945481
15318,138973004223746,138973005168931,945185
15319,138973005223653,138973006168986,945333
15320,138973006223635,138973007169412,945777
15321,138973007223560,138973008168819,945259
15322,138973008223504,138973009168819,945315
15323,138973009223411,138973010168948,945537
15324,138973010223355,138973011168818,945463
15325,138973011223281,138973012168558,945277
15326,138973012223244,138973013168762,945518
15327,138973013223151,138973014168224,945073
15328,138973014223076,138973015168335,945259
15329,138973015223020,138973016168409,945389
15330,138973016222964,138973017168520,945556
15331,138973017222890,138973018168723,945833
15332,138973018222834,138973019168112,945278
15333,138973019222778,138973020168222,945444
15334,138973020222685,138973021168148,945463
15335,138973021222611,138973022168111,945500
15336,138973022222574,138973023168388,945814
15337,138973023222499,138973024167980,945481
15338,138973024222462,138973025167517,945055
15339,138973025222387,138973026167869,945482
15340,138973026222294,138973027168276,945982
15341,138973027222239,138973028167794,945555
15342,138973028222183,138973029167719,945536
15343,138973029222108,138973030167423,945315
15344,138973030222052,138973031167422,945370
15345,138973031221941,138973032167552,945611
15346,138973032221922,138973033167385,945463
15347,138973033221829,138973034167292,945463
15348,138973034221773,138973035167032,945259
15349,138973035221680,138973036167050,945370
15350,138973036221643,138973037167161,945518
15351,138973037221606,138973038167124,945518
15352,138973038221513,138973039166827,945314
15353,138973039221457,138973040166882,945425
15354,138973040221401,138973041166771,945370
15355,138973041221308,138973042166641,945333
15356,138973042221252,138973043166474,945222
15357,138973043221178,138973044166696,945518
15358,138973044221140,138973045166455,945315
15359,138973045221047,138973046166380,945333
15360,138973046220991,138973047167010,946019
15361,138973047220917,138973048166361,945444
15362,138973048220898,138973049166565,945667
15363,138973049220787,138973050166249,945462
15364,138973050220712,138973051166156,945444
15365,138973051220638,138973052166045,945407
15366,138973052220619,138973053166211,945592
15367,138973053220526,138973054165859,945333
15368,138973054220470,138973055165840,945370
15369,138973055220396,138973056165673,945277
15370,138973056220377,138973057166303,945926
15371,138973057220284,138973058165802,945518
15372,138973058220191,138973059165506,945315
15373,138973059220135,138973060165561,945426
15374,138973060220079,138973061165431,945352
15375,138973061220005,138973062165338,945333
15376,138973062219931,138973063165097,945166
15377,138973063219875,138973064165171,945296
15378,138973064219819,138973065165244,945425
15379,138973065219726,138973066164911,945185
15380,138973066219670,138973067165633,945963
15381,138973067219614,138973068165077,945463
15382,138973068219558,138973069164854,945296
15383,138973069219465,138973070165002,945537
15384,138973070219409,138973071164761,945352
15385,138973071219335,138973072164742,945407
15386,138973072219298,138973073164705,945407
15387,138973073219223,138973074164556,945333
15388,138973074219130,138973075164648,945518
15389,138973075219093,138973076164333,945240
15390,138973076219018,138973077164425,945407
15391,138973077218944,138973078164314,945370
15392,138973078218870,138973079164221,945351
15393,138973079218814,138973080164184,945370
15394,138973080218758,138973081164091,945333
15395,138973081218665,138973082164239,945574
15396,138973082218590,138973083164016,945426
15397,138973083218572,138973084164571,945999
15398,138973084218516,138973085163830,945314
15399,138973085218423,138973086163904,945481
15400,138973086218348,138973087164144,945796
15401,138973087218292,138973088164088,945796
15402,138973088218237,138973089163551,945314
15403,138973089218162,138973090163551,945389
15404,138973090218106,138973091163347,945241
15405,138973091218013,138973092163476,945463
15406,138973092217976,138973093163494,945518
15407,138973093217883,138973094163420,945537
15408,138973094217827,138973095163382,945555
15409,138973095217753,138973096162975,945222
15410,138973096217715,138973097163252,945537
15411,138973097217641,138973098163178,945537
15412,138973098217567,138973099162807,945240
15413,138973099217492,138973100163121,945629
15414,138973100217455,138973101162806,945351
15415,138973101217399,138973102162899,945500
15416,138973102217306,138973103162713,945407
15417,138973103217232,138973104162713,945481
15418,138973104217194,138973105162564,945370
15419,138973105217120,138973106162619,945499
15420,138973106217045,138973107163304,946259
15421,138973107216989,138973108162471,945482
15422,138973108216915,138973109162322,945407
15423,138973109216841,138973110162322,945481
15424,138973110216766,138973111162044,945278
15425,138973111216692,138973112162080,945388
15426,138973112216654,138973113162024,945370
15427,138973113216580,138973114162024,945444
15428,138973114216524,138973115162153,945629
15429,138973115216450,138973116162023,945573
15430,138973116216394,138973117161727,945333
15431,138973117216338,138973118161801,945463
15432,138973118216245,138973119161615,945370
15433,138973119216189,138973120161615,945426
15434,138973120216152,138973121161503,945351
15435,138973121216040,138973122161336,945296
15436,138973122215966,138973123161373,945407
15437,138973123215910,138973124161428,945518
15438,138973124215873,138973125161391,945518
15439,138973125215780,138973126161353,945573
15440,138973126215724,138973127162186,946462
15441,138973127215649,138973128160982,945333
15442,138973128215631,138973129161001,945370
15443,138973129215538,138973130160778,945240
15444,138973130215482,138973131160870,945388
15445,138973131215389,138973132160703,945314
15446,138973132215351,138973133160833,945482
15447,138973133215258,138973134160629,945371
15448,138973134215203,138973135160573,945370
15449,138973135215128,138973136160350,945222
15450,138973136215091,138973137160479,945388
15451,138973137214998,138973138160386,945388
15452,138973138214942,138973139160423,945481
15453,138973139214849,138973140160052,945203
15454,138973140214812,138973141160126,945314
15455,138973141214737,138973142160441,945704
15456,138973142214681,138973143160144,945463
15457,138973143214570,138973144159921,945351
15458,138973144214570,138973145160106,945536
15459,138973145214477,138973146160087,945610
15460,138973146214421,138973147160328,945907
15461,138973147214383,138973148160050,945667
15462,138973148214309,138973149159679,945370
15463,138973149214216,138973150159808,945592
15464,138973150214142,138973151159678,945536
15465,138973151214086,138973152159363,945277
15466,138973152214030,138973153159455,945425
15467,138973153213974,138973154159418,945444
15468,138973154213881,138973155159214,945333
15469,138973155213825,138973156159399,945574
15470,138973156213769,138973157158973,945204
15471,138973157213695,138973158159083,945388
15472,138973158213620,138973159158953,945333
15473,138973159213583,138973160158861,945278
15474,138973160213509,138973161158953,945444
15475,138973161213434,138973162158878,945444
15476,138973162213378,138973163158748,945370
15477,138973163213304,138973164158563,945259
15478,138973164213248,138973165158729,945481
15479,138973165213155,138973166158673,945518
15480,138973166213118,138973167159099,945981
15481,138973167213043,138973168158413,945370
15482,138973168212987,138973169158469,945482
15483,138973169212876,138973170158653,945777
15484,138973170212839,138973171158412,945573
15485,138973171212764,138973172158153,945389
15486,138973172212708,138973173158208,945500
15487,138973173212634,138973174157874,945240
15488,138973174212578,138973175157893,945315
15489,138973175212504,138973176157966,945462
15490,138973176212466,138973177157836,945370
15491,138973177212373,138973178157651,945278
15492,138973178212317,138973179157743,945426
15493,138973179212243,138973180157520,945277
15494,138973180212187,138973181157465,945278
15495,138973181212113,138973182157446,945333
15496,138973182212038,138973183157371,945333
15497,138973183211964,138973184157427,945463
15498,138973184211945,138973185157260,945315
15499,138973185211834,138973186157389,945555
15500,138973186211759,138973187157759,946000
15501,138973187211722,138973188156999,945277
15502,138973188211647,138973189157017,945370
15503,138973189211610,138973190157036,945426
15504,138973190211517,138973191157461,945944
15505,138973191211461,138973192156961,945500
15506,138973192211424,138973193156812,945388
15507,138973193211312,138973194156701,945389
15508,138973194211256,138973195156682,945426
15509,138973195211182,138973196156923,945741
15510,138973196211145,138973197156626,945481
15511,138973197211052,138973198156570,945518
15512,138973198211014,138973199156459,945445
15513,138973199210903,138973200156366,945463
15514,138973200210884,138973201156569,945685
15515,138973201210773,138973202156180,945407
15516,138973202210717,138973203156142,945425
15517,138973203210642,138973204156124,945482
15518,138973204210624,138973205156160,945536
15519,138973205210531,138973206155827,945296
15520,138973206210475,138973207155826,945351
15521,138973207210437,138973208156030,945593
15522,138973208210363,138973209155826,945463
15523,138973209210270,138973210155733,945463
15524,138973210210196,138973211155880,945684
15525,138973211210140,138973212155676,945536
15526,138973212210084,138973213155509,945425
15527,138973213210009,138973214155842,945833
15528,138973214209935,138973215155490,945555
15529,138973215209879,138973216155508,945629
15530,138973216209823,138973217155378,945555
15531,138973217209730,138973218155304,945574
15532,138973218209674,138973219155415,945741
15533,138973219209600,138973220155026,945426
15534,138973220209563,138973221154914,945351
15535,138973221209488,138973222154766,945278
15536,138973222209432,138973223154876,945444
15537,138973223209358,138973224154746,945388
15538,138973224209302,138973225154653,945351
15539,138973225209228,138973226154727,945499
15540,138973226209172,138973227154634,945462
15541,138973227209079,138973228154690,945611
15542,138973228209023,138973229154282,945259
15543,138973229208967,138973230154356,945389
15544,138973230208874,138973231154170,945296
15545,138973231208818,138973232154262,945444
15546,138973232208781,138973233154299,945518
15547,138973233208669,138973234153891,945222
15548,138973234208613,138973235154113,945500
15549,138973235208576,138973236153946,945370
15550,138973236208520,138973237154483,945963
15551,138973237208446,138973238154445,945999
15552,138973238208353,138973239154186,945833
15553,138973239208297,138973240153852,945555
15554,138973240208260,138973241153593,945333
15555,138973241208167,138973242153426,945259
15556,138973242208092,138973243153536,945444
15557,138973243208036,138973244153592,945556
15558,138973244207999,138973245153573,945574
15559,138973245207906,138973246153406,945500
15560,138973246207832,138973247153387,945555
15561,138973247207757,138973248153220,945463
15562,138973248207701,138973249153034,945333
15563,138973249207627,138973250152941,945314
15564,138973250207571,138973251152978,945407
15565,138973251207534,138973252153015,945481
15566,138973252207459,138973253152866,945407
15567,138973253207385,138973254152736,945351
15568,138973254207310,138973255152847,945537
15569,138973255207254,138973256152606,945352
15570,138973256207199,138973257152476,945277
15571,138973257207124,138973258152939,945815
15572,138973258206976,138973259152253,945277
15573,138973259206975,138973260152697,945722
15574,138973260206938,138973261152067,945129
15575,138973261206845,138973262152363,945518
15576,138973262206771,138973263152104,945333
15577,138973263206696,138973264152196,945500
15578,138973264206677,138973265152047,945370
15579,138973265206584,138973266151955,945371
15580,138973266206529,138973267152010,945481
15581,138973267206454,138973268152195,945741
15582,138973268206435,138973269151842,945407
15583,138973269206324,138973270152009,945685
15584,138973270206268,138973271151657,945389
15585,138973271206194,138973272151564,945370
15586,138973272206156,138973273151415,945259
15587,138973273206063,138973274151489,945426
15588,138973274205989,138973275151377,945388
15589,138973275205933,138973276151414,945481
15590,138973276205896,138973277151710,945814
15591,138973277205766,138973278151654,945888
15592,138973278205747,138973279151209,945462
15593,138973279205672,138973280151191,945519
15594,138973280205616,138973281151246,945630
15595,138973281205542,138973282151301,945759
15596,138973282205468,138973283150986,945518
15597,138973283205412,138973284151078,945666
15598,138973284205356,138973285150689,945333
15599,138973285205281,138973286150966,945685
15600,138973286205226,138973287150781,945555
15601,138973287205151,138973288150929,945778
15602,138973288205095,138973289150613,945518
15603,138973289205002,138973290150446,945444
15604,138973290204928,138973291150539,945611
15605,138973291204872,138973292150131,945259
15606,138973292204835,138973293150131,945296
15607,138973293204723,138973294150093,945370
15608,138973294204686,138973295150223,945537
15609,138973295204611,138973296149926,945315
15610,138973296204593,138973297150166,945573
15611,138973297204463,138973298150518,946055
15612,138973298204425,138973299149851,945426
15613,138973299204351,138973300149832,945481
15614,138973300204313,138973301149628,945315
15615,138973301204221,138973302149665,945444
15616,138973302204146,138973303149627,945481
15617,138973303204072,138973304149553,945481
15618,138973304204034,138973305149682,945648
15619,138973305203960,138973306149534,945574
15620,138973306203867,138973307149459,945592
15621,138973307203811,138973308149329,945518
15622,138973308203774,138973309149329,945555
15623,138973309203681,138973310149014,945333
15624,138973310203625,138973311149069,945444
15625,138973311203569,138973312149143,945574
15626,138973312203513,138973313149142,945629
15627,138973313203439,138973314149031,945592
15628,138973314203364,138973315148864,945500
15629,138973315203308,138973316148827,945519
15630,138973316203252,138973317148789,945537
15631,138973317203160,138973318148844,945684
15632,138973318203122,138973319148548,945426
15633,138973319203048,138973320148529,945481
15634,138973320202992,138973321148492,945500
15635,138973321202899,138973322148325,945426
15636,138973322202825,138973323148213,945388
15637,138973323202769,138973324148491,945722
15638,138973324202713,138973325148231,945518
15639,138973325202638,138973326148082,945444
15640,138973326202564,138973327147953,945389
15641,138973327202508,138973328148082,945574
15642,138973328202452,138973329148396,945944
15643,138973329202378,138973330147952,945574
15644,138973330202322,138973331147951,945629
15645,138973331202247,138973332147747,945500
15646,138973332202210,138973333148099,945889
15647,138973333202117,138973334147635,945518
15648,138973334202043,138973335147654,945611
15649,138973335201987,138973336147505,945518
15650,138973336201931,138973337147560,945629
15651,138973337201857,138973338148319,946462
15652,138973338201782,138973339147078,945296
15653,138973339201726,138973340147170,945444
15654,138973340201652,138973341146726,945074
15655,138973341201559,138973342146966,945407
15656,138973342201522,138973343147280,945758
15657,138973343201447,138973344146762,945315
15658,138973344201410,138973345146891,945481
15659,138973345201335,138973346146742,945407
15660,138973346201261,138973347146612,945351
15661,138973347201205,138973348146612,945407
15662,138973348201168,138973349146667,945499
15663,138973349201038,138973350146519,945481
15664,138973350201019,138973351146315,945296
15665,138973351200907,138973352146333,945426
15666,138973352200889,138973353146333,945444
15667,138973353200814,138973354146184,945370
15668,138973354200740,138973355146351,945611
15669,138973355200647,138973356145795,945148
15670,138973356200609,138973357146257,945648
15671,138973357200554,138973358146683,946129
15672,138973358200479,138973359145960,945481
15673,138973359200405,138973360145812,945407
15674,138973360200367,138973361145867,945500
15675,138973361200274,138973362145719,945445
15676,138973362200200,138973363145681,945481
15677,138973363200126,138973364145477,945351
15678,138973364200088,138973365145532,945444
15679,138973365199995,138973366145384,945389
15680,138973366199958,138973367145346,945388
15681,138973367199884,138973368145531,945647
15682,138973368199809,138973369145216,945407
15683,138973369199716,138973370145160,945444
15684,138973370199679,138973371145012,945333
15685,138973371199604,138973372145011,945407
15686,138973372199567,138973373144937,945370
15687,138973373199493,138973374144770,945277
15688,138973374199418,138973375144844,945426
15689,138973375199362,138973376144640,945278
15690,138973376199306,138973377144769,945463
15691,138973377199232,138973378145528,946296
15692,138973378199176,138973379144417,945241
15693,138973379199102,138973380144583,945481
15694,138973380199027,138973381144768,945741
15695,138973381198934,138973382144378,945444
15696,138973382198897,138973383144804,945907
15697,138973383198823,138973384144230,945407
15698,138973384198748,138973385144174,945426
15699,138973385198692,138973386144303,945611
15700,138973386198636,138973387144118,945482
15701,138973387198543,138973388144117,945574
15702,138973388198525,138973389144098,945573
15703,138973389198432,138973390143876,945444
15704,138973390198376,138973391143672,945296
15705,138973391198301,138973392143783,945482
15706,138973392198245,138973393143671,945426
15707,138973393198171,138973394143578,945407
15708,138973394198115,138973395143559,945444
15709,138973395198004,138973396143448,945444
15710,138973396197985,138973397143559,945574
15711,138973397197892,138973398144132,946240
15712,138973398197836,138973399143336,945500
15713,138973399197762,138973400143280,945518
15714,138973400197706,138973401143242,945536
15715,138973401197650,138973402142946,945296
15716,138973402197557,138973403142890,945333
15717,138973403197538,138973404142612,945074
15718,138973404197482,138973405142945,945463
15719,138973405197389,138973406142815,945426
15720,138973406197315,138973407142703,945388
15721,138973407197259,138973408142555,945296
15722,138973408197240,138973409142555,945315
15723,138973409197129,138973410142517,945388
15724,138973410197054,138973411142480,945426
15725,138973411196980,138973412142757,945777
15726,138973412196961,138973413142201,945240
15727,138973413196868,138973414142090,945222
15728,138973414196794,138973415142053,945259
15729,138973415196738,138973416142256,945518
15730,138973416196663,138973417141959,945296
15731,138973417196589,138973418142292,945703
15732,138973418196552,138973419141829,945277
15733,138973419196459,138973420141773,945314
15734,138973420196421,138973421141717,945296
15735,138973421196347,138973422141958,945611
15736,138973422196291,138973423141735,945444
15737,138973423196198,138973424141661,945463
15738,138973424196142,138973425141531,945389
15739,138973425196049,138973426141512,945463
15740,138973426195993,138973427141178,945185
15741,138973427195937,138973428141363,945426
15742,138973428195900,138973429141252,945352
15743,138973429195807,138973430141122,945315
15744,138973430195733,138973431141269,945536
15745,138973431195677,138973432140991,945314
15746,138973432195621,138973433141287,945666
15747,138973433195528,138973434140991,945463
15748,138973434195472,138973435140731,945259
15749,138973435195416,138973436140934,945518
15750,138973436195360,138973437140841,945481
15751,138973437195286,138973438140971,945685
15752,138973438195211,138973439140785,945574
15753,138973439195137,138973440140600,945463
15754,138973440195118,138973441140766,945648
15755,138973441195007,138973442140377,945370
15756,138973442194932,138973443140802,945870
15757,138973443194876,138973444140413,945537
15758,138973444194839,138973445140265,945426
15759,138973445194746,138973446140375,945629
15760,138973446194672,138973447139857,945185
15761,138973447194634,138973448140060,945426
15762,138973448194578,138973449139967,945389
15763,138973449194486,138973450139726,945240
15764,138973450194430,138973451139985,945555
15765,138973451194355,138973452139725,945370
15766,138973452194336,138973453140058,945722
15767,138973453194225,138973454139651,945426
15768,138973454194151,138973455139428,945277
15769,138973455194076,138973456139817,945741
15770,138973456194039,138973457139557,945518
15771,138973457193964,138973458140427,946463
15772,138973458193908,138973459139353,945445
15773,138973459193816,138973460139297,945481
15774,138973460193778,138973461139519,945741
15775,138973461193685,138973462139092,945407
15776,138973462193629,138973463138907,945278
15777,138973463193555,138973464139110,945555
15778,138973464193518,138973465138851,945333
15779,138973465193462,138973466138850,945388
15780,138973466193387,138973467138720,945333
15781,138973467193313,138973468138813,945500
15782,138973468193294,138973469138683,945389
15783,138973469193201,138973470138479,945278
15784,138973470193108,138973471138423,945315
15785,138973471193034,138973472138589,945555
15786,138973472192996,138973473138422,945426
15787,138973473192903,138973474138292,945389
15788,138973474192866,138973475138218,945352
15789,138973475192755,138973476138328,945573
15790,138973476192717,138973477138124,945407
15791,138973477192624,138973478138587,945963
15792,138973478192568,138973479138327,945759
15793,138973479192494,138973480137808,945314
15794,138973480192475,138973481138141,945666
15795,138973481192382,138973482137808,945426
15796,138973482192326,138973483137919,945593
15797,138973483192252,138973484137937,945685
15798,138973484192215,138973485137659,945444
15799,138973485192140,138973486137695,945555
15800,138973486192047,138973487137806,945759
15801,138973487191991,138973488137306,945315
15802,138973488191935,138973489137380,945445
15803,138973489191861,138973490137213,945352
15804,138973490191787,138973491137064,945277
15805,138973491191712,138973492137101,945389
15806,138973492191675,138973493137174,945499
15807,138973493191582,138973494136915,945333
15808,138973494191526,138973495136915,945389
15809,138973495191470,138973496136859,945389
15810,138973496191433,138973497136821,945388
15811,138973497191321,138973498136599,945278
15812,138973498191284,138973499137284,946000
15813,138973499191209,138973500136635,945426
15814,138973500191172,138973501136875,945703
15815,138973501191079,138973502136394,945315
15816,138973502191005,138973503136504,945499
15817,138973503190930,138973504136337,945407
15818,138973504190911,138973505136393,945482
15819,138973505190819,138973506136096,945277
15820,138973506190763,138973507136096,945333
15821,138973507190670,138973508135966,945296
15822,138973508190614,138973509136206,945592
15823,138973509190539,138973510136224,945685
15824,138973510190484,138973511135965,945481
15825,138973511190446,138973512135798,945352
15826,138973512190372,138973513135797,945425
15827,138973513190279,138973514135853,945574
15828,138973514190223,138973515135834,945611
15829,138973515190149,138973516135537,945388
15830,138973516190111,138973517135500,945389
15831,138973517190037,138973518135444,945407
15832,138973518189925,138973519135444,945519
15833,138973519189888,138973520135165,945277
15834,138973520189851,138973521135184,945333
15835,138973521189758,138973522135128,945370
15836,138973522189683,138973523135164,945481
15837,138973523189609,138973524134942,945333
15838,138973524189571,138973525135053,945482
15839,138973525189497,138973526135089,945592
15840,138973526189423,138973527134756,945333
15841,138973527189385,138973528134626,945241
15842,138973528189329,138973529135440,946111
15843,138973529189199,138973530134903,945704
15844,138973530189162,138973531134717,945555
15845,138973531189088,138973532134235,945147
15846,138973532189050,138973533134291,945241
15847,138973533188957,138973534134327,945370
15848,138973534188901,138973535134253,945352
15849,138973535188827,138973536133993,945166
15850,138973536188790,138973537134234,945444
15851,138973537188697,138973538134196,945499
15852,138973538188622,138973539134085,945463
15853,138973539188566,138973540134270,945704
15854,138973540188511,138973541134010,945499
15855,138973541188455,138973542133825,945370
15856,138973542188399,138973543133898,945499
15857,138973543188306,138973544133620,945314
15858,138973544188287,138973545133657,945370
15859,138973545188175,138973546133527,945352
15860,138973546188120,138973547133545,945425
15861,138973547188045,138973548133489,945444
15862,138973548187989,138973549133841,945852
15863,138973549187933,138973550133433,945500
15864,138973550187840,138973551133266,945426
15865,138973551187785,138973552133321,945536
15866,138973552187729,138973553133136,945407
15867,138973553187636,138973554133061,945425
15868,138973554187543,138973555132987,945444
15869,138973555187524,138973556132894,945370
15870,138973556187450,138973557132764,945314
15871,138973557187412,138973558132690,945278
15872,138973558187319,138973559132875,945556
15873,138973559187263,138973560132430,945167
15874,138973560187226,138973561132559,945333
15875,138973561187133,138973562132670,945537
15876,138973562187059,138973563132244,945185
15877,138973563187003,138973564132317,945314
15878,138973564186947,138973565132428,945481
15879,138973565186854,138973566132298,945444
15880,138973566186780,138973567132094,945314
15881,138973567186724,138973568131927,945203
15882,138973568186668,138973569132723,946055
15883,138973569186593,138973570132037,945444
15884,138973570186537,138973571131741,945204
15885,138973571186463,138973572131963,945500
15886,138973572186444,138973573131925,945481
15887,138973573186351,138973574131721,945370
15888,138973574186258,138973575131610,945352
15889,138973575186202,138973576131702,945500
15890,138973576186165,138973577132257,946092
15891,138973577186109,138973578131590,945481
15892,138973578186035,138973579131442,945407
15893,138973579185960,138973580131201,945241
15894,138973580185886,138973581131145,945259
15895,138973581185830,138973582131515,945685
15896,138973582185756,138973583131200,945444
15897,138973583185700,138973584130996,945296
15898,138973584185625,138973585131051,945426
15899,138973585185551,138973586131199,945648
15900,138973586185495,138973587130884,945389
15901,138973587185421,138973588130828,945407
15902,138973588185383,138973589131309,945926
15903,138973589185309,138973590130605,945296
15904,138973590185216,138973591130660,945444
15905,138973591185160,138973592130530,945370
15906,138973592185123,138973593130437,945314
15907,138973593185011,138973594130622,945611
15908,138973594184955,138973595130140,945185
15909,138973595184881,138973596130362,945481
15910,138973596184844,138973597130140,945296
15911,138973597184751,138973598130158,945407
15912,138973598184713,138973599130250,945537
15913,138973599184620,138973600130601,945981
15914,138973600185176,138973601129360,944184
15915,138973601184490,138973602129860,945370
15916,138973602184416,138973603129989,945573
15917,138973603184360,138973604130082,945722
15918,138973604184322,138973605129766,945444
15919,138973605184229,138973606129692,945463
15920,138973606184155,138973607129599,945444
15921,138973607184099,138973608129247,945148
15922,138973608184062,138973609129858,945796
15923,138973609183987,138973610129450,945463
15924,138973610183913,138973611129246,945333
15925,138973611183838,138973612129301,945463
15926,138973612183783,138973613129264,945481
15927,138973613183708,138973614129115,945407
15928,138973614183634,138973615129356,945722
15929,138973615183559,138973616128855,945296
15930,138973616183522,138973617128948,945426
15931,138973617183429,138973618128707,945278
15932,138973618183392,138973619128725,945333
15933,138973619183336,138973620128354,945018
15934,138973620183261,138973621128798,945537
15935,138973621183205,138973622128872,945667
15936,138973622183113,138973623128520,945407
15937,138973623183057,138973624128279,945222
15938,138973624183001,138973625128297,945296
15939,138973625182926,138973626128500,945574
15940,138973626182852,138973627128055,945203
15941,138973627182889,138973628128259,945370
15942,138973628182740,138973629128851,946111
15943,138973629182666,138973630128073,945407
15944,138973630182591,138973631128276,945685
15945,138973631182517,138973632127998,945481
15946,138973632182480,138973633127998,945518
15947,138973633182387,138973634127757,945370
15948,138973634182349,138973635127590,945241
15949,138973635182275,138973636127626,945351
15950,138973636182219,138973637127589,945370
15951,138973637182126,138973638127941,945815
15952,138973638182052,138973639127866,945814
15953,138973639182014,138973640127273,945259
15954,138973640181958,138973641127440,945482
15955,138973641181865,138973642127273,945408
15956,138973642181791,138973643127124,945333
15957,138973643181735,138973644126939,945204
15958,138973644181698,138973645127049,945351
15959,138973645181586,138973646126901,945315
15960,138973646181512,138973647126882,945370
15961,138973647181475,138973648127159,945684
15962,138973648181419,138973649127233,945814
15963,138973649181344,138973650126492,945148
15964,138973650181270,138973651126621,945351
15965,138973651181214,138973652126658,945444
15966,138973652181158,138973653126602,945444
15967,138973653181084,138973654126750,945666
15968,138973654181009,138973655126490,945481
15969,138973655180953,138973656126434,945481
15970,138973656180897,138973657126453,945556
15971,138973657180842,138973658126249,945407
15972,138973658180749,138973659126211,945462
15973,138973659180674,138973660125822,945148
15974,138973660180637,138973661125988,945351
15975,138973661180525,138973662125895,945370
15976,138973662180469,138973663125877,945408
15977,138973663180395,138973664125728,945333
15978,138973664180358,138973665125894,945536
15979,138973665180283,138973666125672,945389
15980,138973666180209,138973667125616,945407
15981,138973667180153,138973668125616,945463
15982,138973668180116,138973669125912,945796
15983,138973669180041,138973670125374,945333
15984,138973670179967,138973671125263,945296
15985,138973671179874,138973672125837,945963
15986,138973672179836,138973673125318,945482
15987,138973673179762,138973674124836,945074
15988,138973674179688,138973675125484,945796
15989,138973675179613,138973676125039,945426
15990,138973676179594,138973677125298,945704
15991,138973677179483,138973678125038,945555
15992,138973678179409,138973679124945,945536
15993,138973679179371,138973680124667,945296
15994,138973680179297,138973681124611,945314
15995,138973681179241,138973682124648,945407
15996,138973682179166,138973683124629,945463
15997,138973683179111,138973684124388,945277
15998,138973684179055,138973685125517,946462
15999,138973685178980,138973686124406,945426
16000,138973686178924,138973687124350,945426
16001,138973687178850,138973688124183,945333
16002,138973688178794,138973689124701,945907
16003,138973689178720,138973690124071,945351
16004,138973690178627,138973691124163,945536
16005,138973691178571,138973692124163,945592
16006,138973692178515,138973693123866,945351
16007,138973693178441,138973694123922,945481
16008,138973694178366,138973695123699,945333
16009,138973695178292,138973696123514,945222
16010,138973696178273,138973697123624,945351
16011,138973697178198,138973698123661,945463
16012,138973698178124,138973699123383,945259
16013,138973699178068,138973700123531,945463
16014,138973700178031,138973701123493,945462
16015,138973701177938,138973702123234,945296
16016,138973702177845,138973703123585,945740
16017,138973703177789,138973704123381,945592
16018,138973704177752,138973705123140,945388
16019,138973705177677,138973706123066,945389
16020,138973706177584,138973707122880,945296
16021,138973707177528,138973708122880,945352
16022,138973708177473,138973709123528,946055
16023,138973709177398,138973710122916,945518
16024,138973710177305,138973711122583,945278
16025,138973711177249,138973712122971,945722
16026,138973712177212,138973713122638,945426
16027,138973713177138,138973714122841,945703
16028,138973714177063,138973715122785,945722
16029,138973715177007,138973716122377,945370
16030,138973716176951,138973717122266,945315
16031,138973717176858,138973718122247,945389
16032,138973718176802,138973719122154,945352
16033,138973719176747,138973720122265,945518
16034,138973720176691,138973721121968,945277
16035,138973721176598,138973722122097,945499
16036,138973722176542,138973723121912,945370
16037,138973723176467,138973724121838,945371
16038,138973724176430,138973725121874,945444
16039,138973725176337,138973726121744,945407
16040,138973726176281,138973727121633,945352
16041,138973727176207,138973728121466,945259
16042,138973728176170,138973729122225,946055
16043,138973729176114,138973730121521,945407
16044,138973730176021,138973731121539,945518
16045,138973731175946,138973732121298,945352
16046,138973732175890,138973733121316,945426
16047,138973733175816,138973734121353,945537
16048,138973734175742,138973735121112,945370
16049,138973735175667,138973736121148,945481
16050,138973736175611,138973737121074,945463
16051,138973737175537,138973738120851,945314
16052,138973738175499,138973739120795,945296
16053,138973739175444,138973740120906,945462
16054,138973740175369,138973741120776,945407
16055,138973741175276,138973742120702,945426
16056,138973742175202,138973743120498,945296
16057,138973743175164,138973744120757,945593
16058,138973744175109,138973745120571,945462
16059,138973745175034,138973746120275,945241
16060,138973746174960,138973747120404,945444
16061,138973747174885,138973748120274,945389
16062,138973748174848,138973749120848,946000
16063,138973749174792,138973750120644,945852
16064,138973750174681,138973751120217,945536
16065,138973751174625,138973752120254,945629
16066,138973752174569,138973753119846,945277
16067,138973753174476,138973754119661,945185
16068,138973754174420,138973755119883,945463
16069,138973755174346,138973756120012,945666
16070,138973756174327,138973757119734,945407
16071,138973757174234,138973758119567,945333
16072,138973758174178,138973759119622,945444
16073,138973759174141,138973760119566,945425
16074,138973760174066,138973761119492,945426
16075,138973761173973,138973762119528,945555
16076,138973762173917,138973763119343,945426
16077,138973763173843,138973764119454,945611
16078,138973764173806,138973765119139,945333
16079,138973765173731,138973766118897,945166
16080,138973766173638,138973767119156,945518
16081,138973767173582,138973768118971,945389
16082,138973768173545,138973769119415,945870
16083,138973769173452,138973770119063,945611
16084,138973770173359,138973771118729,945370
16085,138973771173303,138973772118692,945389
16086,138973772173247,138973773118821,945574
16087,138973773173191,138973774118728,945537
16088,138973774173117,138973775118839,945722
16089,138973775173061,138973776118394,945333
16090,138973776173024,138973777118431,945407
16091,138973777172931,138973778118393,945462
16092,138973778172875,138973779118171,945296
16093,138973779172782,138973780118337,945555
16094,138973780172745,138973781118022,945277
16095,138973781172670,138973782118207,945537
16096,138973782172577,138973783117984,945407
16097,138973783172521,138973784118021,945500
16098,138973784172484,138973785117817,945333
16099,138973785172391,138973786118094,945703
16100,138973786172335,138973787117816,945481
16101,138973787172279,138973788117723,945444
16102,138973788172242,138973789117908,945666
16103,138973789172130,138973790117778,945648
16104,138973790172075,138973791117815,945740
16105,138973791172019,138973792117333,945314
16106,138973792171963,138973793117111,945148
16107,138973793171870,138973794117240,945370
16108,138973794171814,138973795117110,945296
16109,138973795171758,138973796117295,945537
16110,138973796171721,138973797116924,945203
16111,138973797171609,138973798117220,945611
16112,138973798171535,138973799116886,945351
16113,138973799171497,138973800116960,945463
16114,138973800171442,138973801116663,945221
16115,138973801171349,138973802116571,945222
16116,138973802171311,138973803116718,945407
16117,138973803171218,138973804116662,945444
16118,138973804171162,138973805116625,945463
16119,138973805171107,138973806116643,945536
16120,138973806171051,138973807116421,945370
16121,138973807170958,138973808116309,945351
16122,138973808170920,138973809116420,945500
16123,138973809170846,138973810116994,946148
16124,138973810170772,138973811116401,945629
16125,138973811170697,138973812116234,945537
16126,138973812170697,138973813116196,945499
16127,138973813170585,138973814115937,945352
16128,138973814170511,138973815115659,945148
16129,138973815170418,138973816115733,945315
16130,138973816170399,138973817115880,945481
16131,138973817170306,138973818115806,945500
16132,138973818170250,138973819115583,945333
16133,138973819170194,138973820115620,945426
16134,138973820170157,138973821115416,945259
16135,138973821170046,138973822115416,945370
16136,138973822169990,138973823115452,945462
16137,138973823169934,138973824115434,945500
16138,138973824169878,138973825115285,945407
16139,138973825169785,138973826115470,945685
16140,138973826169729,138973827115284,945555
16141,138973827169673,138973828115284,945611
16142,138973828169617,138973829115099,945482
16143,138973829169524,138973830115450,945926
16144,138973830169487,138973831114968,945481
16145,138973831169394,138973832114783,945389
16146,138973832169357,138973833114801,945444
16147,138973833169301,138973834114912,945611
16148,138973834169208,138973835114615,945407
16149,138973835169152,138973836114559,945407
16150,138973836169096,138973837114429,945333
16151,138973837169022,138973838114484,945462
16152,138973838168947,138973839114391,945444
16153,138973839168891,138973840114391,945500
16154,138973840168873,138973841114354,945481
16155,138973841168743,138973842114261,945518
16156,138973842168687,138973843114279,945592
16157,138973843168631,138973844114038,945407
16158,138973844168593,138973845113945,945352
16159,138973845168519,138973846114037,945518
16160,138973846168426,138973847113907,945481
16161,138973847168352,138973848113963,945611
16162,138973848168333,138973849113795,945462
16163,138973849168240,138973850114314,946074
16164,138973850168184,138973851113665,945481
16165,138973851168110,138973852113554,945444
16166,138973852168072,138973853113516,945444
16167,138973853167979,138973854113460,945481
16168,138973854167905,138973855113201,945296
16169,138973855167849,138973856113219,945370
16170,138973856167793,138973857113052,945259
16171,138973857167700,138973858113144,945444
16172,138973858167663,138973859113070,945407
16173,138973859167588,138973860112958,945370
16174,138973860167551,138973861112995,945444
16175,138973861167477,138973862112902,945425
16176,138973862167402,138973863112957,945555
16177,138973863167328,138973864112865,945537
16178,138973864167272,138973865112698,945426
16179,138973865167179,138973866112642,945463
16180,138973866167123,138973867112715,945592
16181,138973867167067,138973868112456,945389
16182,138973868167011,138973869112474,945463
16183,138973869166937,138973870113048,946111
16184,138973870166881,138973871112251,945370
16185,138973871166788,138973872112417,945629
16186,138973872166769,138973873112213,945444
16187,138973873166676,138973874112083,945407
16188,138973874166620,138973875112009,945389
16189,138973875166527,138973876112064,945537
16190,138973876166472,138973877111749,945277
16191,138973877166397,138973878111860,945463
16192,138973878166341,138973879111822,945481
16193,138973879166285,138973880111785,945500
16194,138973880166248,138973881111618,945370
16195,138973881166155,138973882111544,945389
16196,138973882166099,138973883111562,945463
16197,138973883166043,138973884111302,945259
16198,138973884165987,138973885111450,945463
16199,138973885165876,138973886111413,945537
16200,138973886165820,138973887111338,945518
16201,138973887165746,138973888111227,945481
16202,138973888165708,138973889111004,945296
16203,138973889165615,138973890111393,945778
16204,138973890165559,138973891111392,945833
16205,138973891165504,138973892111003,945499
16206,138973892165448,138973893110818,945370
16207,138973893165373,138973894110854,945481
16208,138973894165299,138973895110762,945463
16209,138973895165243,138973896110576,945333
16210,138973896165187,138973897110742,945555
16211,138973897165113,138973898110557,945444
16212,138973898165038,138973899110575,945537
16213,138973899164964,138973900110371,945407
16214,138973900164908,138973901110352,945444
16215,138973901164852,138973902110444,945592
16216,138973902164778,138973903110222,945444
16217,138973903164722,138973904110221,945499
16218,138973904164666,138973905110129,945463
16219,138973905164591,138973906110128,945537
16220,138973906164536,138973907110054,945518
16221,138973907164443,138973908110183,945740
16222,138973908164405,138973909109868,945463
16223,138973909164312,138973910110553,946241
16224,138973910164275,138973911109627,945352
16225,138973911164201,138973912109682,945481
16226,138973912164163,138973913109515,945352
16227,138973913164070,138973914109477,945407
16228,138973914164033,138973915109347,945314
16229,138973915163958,138973916109180,945222
16230,138973916163884,138973917109143,945259
16231,138973917163791,138973918109161,945370
16232,138973918163754,138973919109253,945499
16233,138973919163661,138973920109198,945537
16234,138973920163642,138973921109049,945407
16235,138973921163531,138973922109160,945629
16236,138973922163475,138973923108845,945370
16237,138973923163400,138973924108937,945537
16238,138973924163363,138973925108918,945555
16239,138973925163270,138973926108881,945611
16240,138973926163214,138973927108658,945444
16241,138973927163158,138973928108991,945833
16242,138973928163121,138973929108343,945222
16243,138973929163009,138973930108879,945870
16244,138973930162972,138973931108286,945314
16245,138973931162879,138973932108305,945426
16246,138973932162842,138973933108286,945444
16247,138973933162786,138973934108082,945296
16248,138973934162693,138973935108063,945370
16249,138973935162655,138973936107951,945296
16250,138973936162581,138973937108303,945722
16251,138973937162507,138973938107951,945444
16252,138973938162451,138973939107784,945333
16253,138973939162376,138973940107672,945296
16254,138973940162320,138973941107728,945408
16255,138973941162246,138973942107672,945426
16256,138973942162190,138973943107634,945444
16257,138973943162097,138973944107356,945259
16258,138973944162078,138973945107708,945630
16259,138973945161985,138973946107541,945556
16260,138973946161911,138973947107151,945240
16261,138973947161855,138973948107225,945370
16262,138973948161799,138973949107243,945444
16263,138973949161706,138973950107428,945722
16264,138973950161669,138973951107261,945592
16265,138973951161576,138973952107002,945426
16266,138973952161539,138973953107446,945907
16267,138973953161427,138973954106742,945315
16268,138973954161390,138973955106760,945370
16269,138973955161334,138973956106667,945333
16270,138973956161278,138973957106685,945407
16271,138973957161204,138973958106555,945351
16272,138973958161129,138973959106629,945500
16273,138973959161073,138973960106517,945444
16274,138973960161054,138973961106591,945537
16275,138973961160906,138973962106350,945444
16276,138973962160887,138973963106146,945259
16277,138973963160813,138973964106109,945296
16278,138973964160738,138973965105868,945130
16279,138973965160664,138973966106682,946018
16280,138973966160608,138973967106182,945574
16281,138973967160552,138973968106181,945629
16282,138973968160515,138973969105811,945296
16283,138973969160403,138973970106421,946018
16284,138973970160366,138973971105940,945574
16285,138973971160273,138973972105958,945685
16286,138973972160254,138973973105643,945389
16287,138973973160124,138973974105587,945463
16288,138973974160087,138973975105383,945296
16289,138973975160031,138973976105475,945444
16290,138973976159956,138973977105438,945482
16291,138973977159901,138973978105326,945425
16292,138973978159826,138973979105252,945426
16293,138973979159770,138973980105251,945481
16294,138973980159733,138973981105233,945500
16295,138973981159640,138973982105158,945518
16296,138973982159566,138973983104917,945351
16297,138973983159491,138973984104843,945352
16298,138973984159454,138973985104787,945333
16299,138973985159361,138973986104749,945388
16300,138973986159305,138973987104619,945314
16301,138973987159212,138973988104397,945185
16302,138973988159212,138973989104489,945277
16303,138973989159119,138973990104915,945796
16304,138973990159063,138973991104340,945277
16305,138973991158988,138973992104396,945408
16306,138973992158933,138973993104377,945444
16307,138973993158840,138973994104339,945499
16308,138973994158765,138973995104209,945444
16309,138973995158709,138973996104172,945463
16310,138973996158672,138973997104394,945722
16311,138973997158579,138973998104153,945574
16312,138973998158523,138973999103986,945463
16313,138973999158486,138974000103837,945351
16314,138974000158430,138974001103763,945333
16315,138974001158337,138974002103726,945389
16316,138974002158244,138974003103725,945481
16317,138974003158188,138974004103706,945518
16318,138974004158132,138974005103428,945296
16319,138974005158058,138974006103335,945277
16320,138974006157983,138974007103242,945259
16321,138974007157928,138974008103335,945407
16322,138974008157872,138974009103353,945481
16323,138974009157816,138974010103741,945925
16324,138974010157778,138974011103130,945352
16325,138974011157685,138974012103111,945426
16326,138974012157630,138974013102944,945314
16327,138974013157537,138974014102962,945425
16328,138974014157462,138974015102777,945315
16329,138974015157406,138974016102999,945593
16330,138974016157387,138974017102702,945315
16331,138974017157276,138974018102831,945555
16332,138974018157202,138974019102738,945536
16333,138974019157146,138974020102664,945518
16334,138974020157108,138974021102423,945315
16335,138974021157034,138974022102478,945444
16336,138974022156960,138974023102459,945499
16337,138974023156904,138974024102292,945388
16338,138974024156848,138974025102329,945481
16339,138974025156773,138974026102199,945426
16340,138974026156699,138974027102217,945518
16341,138974027156625,138974028102180,945555
16342,138974028156587,138974029101957,945370
16343,138974029156476,138974030102586,946110
16344,138974030156438,138974031101790,945352
16345,138974031156364,138974032101752,945388
16346,138974032156327,138974033101678,945351
16347,138974033156234,138974034101585,945351
16348,138974034156178,138974035101640,945462
16349,138974035156103,138974036101825,945722
16350,138974036156047,138974037101529,945482
16351,138974037155973,138974038101602,945629
16352,138974038155899,138974039101343,945444
16353,138974039155824,138974040101287,945463
16354,138974040155787,138974041101212,945425
16355,138974041155712,138974042101194,945482
16356,138974042155657,138974043101267,945610
16357,138974043155601,138974044100989,945388
16358,138974044155545,138974045101081,945536
16359,138974045155470,138974046100970,945500
16360,138974046155377,138974047100951,945574
16361,138974047155321,138974048100747,945426
16362,138974048155284,138974049100747,945463
16363,138974049155191,138974050101043,945852
16364,138974050155117,138974051100820,945703
16365,138974051155042,138974052100412,945370
16366,138974052155005,138974053100468,945463
16367,138974053154949,138974054100375,945426
16368,138974054154856,138974055100300,945444
16369,138974055154800,138974056100244,945444
16370,138974056154763,138974057100151,945388
16371,138974057154689,138974058100003,945314
16372,138974058154614,138974059100169,945555
16373,138974059154540,138974060099984,945444
16374,138974060154465,138974061100169,945704
16375,138974061154409,138974062100428,946019
16376,138974062154353,138974063099927,945574
16377,138974063154279,138974064101205,946926
16378,138974064154408,138974065100260,945852
16379,138974065154149,138974066099445,945296
16380,138974066154093,138974067099741,945648
16381,138974067154018,138974068099629,945611
16382,138974068153981,138974069099462,945481
16383,138974069154296,138974070099703,945407
16384,138974070153832,138974071099536,945704
16385,138974071153776,138974072099239,945463
16386,138974072153683,138974073099109,945426
16387,138974073153609,138974074099016,945407
16388,138974074153553,138974075099442,945889
16389,138974075153497,138974076098812,945315
16390,138974076153460,138974077098867,945407
16391,138974077153367,138974078098589,945222
16392,138974078153311,138974079098681,945370
16393,138974079153255,138974080098847,945592
16394,138974080153181,138974081098680,945499
16395,138974081153125,138974082098680,945555
16396,138974082153050,138974083098458,945408
16397,138974083152958,138974084098457,945499
16398,138974084152920,138974085098346,945426
16399,138974085152846,138974086098290,945444
16400,138974086152790,138974087098493,945703
16401,138974087152734,138974088098197,945463
16402,138974088152697,138974089097844,945147
16403,138974089152604,138974090098251,945647
16404,138974090152529,138974091097881,945352
16405,138974091152436,138974092098214,945778
16406,138974092152399,138974093097750,945351
16407,138974093152325,138974094097732,945407
16408,138974094152269,138974095097657,945388
16409,138974095152194,138974096097638,945444
16410,138974096152157,138974097097620,945463
16411,138974097152082,138974098097434,945352
16412,138974098152008,138974099097323,945315
16413,138974099151952,138974100097415,945463
16414,138974100151896,138974101098563,946667
16415,138974101151822,138974102097322,945500
16416,138974102151729,138974103096988,945259
16417,138974103151673,138974104097173,945500
16418,138974104151636,138974105096932,945296
16419,138974105151543,138974106096876,945333
16420,138974106151468,138974107096912,945444
16421,138974107151394,138974108096968,945574
16422,138974108151375,138974109096708,945333
16423,138974109151282,138974110097097,945815
16424,138974110151208,138974111096744,945536
16425,138974111151170,138974112096911,945741
16426,138974112151114,138974113096818,945704
16427,138974113151003,138974114096447,945444
16428,138974114150947,138974115096188,945241
16429,138974115150891,138974116096354,945463
16430,138974116150835,138974117096335,945500
16431,138974117150742,138974118096131,945389
16432,138974118150687,138974119096168,945481
16433,138974119150649,138974120095853,945204
16434,138974120150575,138974121096741,946166
16435,138974121150519,138974122095981,945462
16436,138974122150463,138974123096055,945592
16437,138974123150370,138974124095962,945592
16438,138974124150351,138974125095721,945370
16439,138974125150258,138974126095665,945407
16440,138974126150184,138974127095535,945351
16441,138974127150091,138974128095442,945351
16442,138974128150054,138974129095387,945333
16443,138974129149961,138974130095386,945425
16444,138974130149905,138974131095312,945407
16445,138974131149849,138974132095311,945462
16446,138974132149830,138974133095237,945407
16447,138974133149719,138974134095052,945333
16448,138974134149644,138974135094959,945315
16449,138974135149588,138974136094995,945407
16450,138974136149551,138974137094921,945370
16451,138974137149458,138974138095309,945851
16452,138974138149365,138974139094791,945426
16453,138974139149309,138974140094679,945370
16454,138974140149290,138974141095179,945889
16455,138974141149216,138974142094456,945240
16456,138974142149123,138974143094567,945444
16457,138974143149067,138974144094863,945796
16458,138974144149030,138974145094289,945259
16459,138974145148937,138974146094270,945333
16460,138974146148881,138974147094103,945222
16461,138974147148788,138974148094232,945444
16462,138974148148769,138974149094009,945240
16463,138974149148658,138974150094139,945481
16464,138974150148731,138974151094527,945796
16465,138974151148527,138974152093897,945370
16466,138974152148508,138974153094175,945667
16467,138974153148415,138974154093897,945482
16468,138974154148360,138974155093970,945610
16469,138974155148304,138974156093637,945333
16470,138974156148229,138974157093581,945352
16471,138974157148155,138974158093543,945388
16472,138974158148080,138974159093413,945333
16473,138974159148025,138974160093246,945221
16474,138974160147969,138974161093913,945944
16475,138974161147894,138974162093394,945500
16476,138974162147820,138974163093394,945574
16477,138974163147764,138974164093375,945611
16478,138974164147708,138974165092837,945129
16479,138974165147634,138974166092967,945333
16480,138974166147559,138974167092911,945352
16481,138974167147503,138974168093188,945685
16482,138974168147447,138974169092780,945333
16483,138974169147355,138974170092873,945518
16484,138974170147317,138974171092706,945389
16485,138974171147243,138974172093002,945759
16486,138974172147187,138974173093020,945833
16487,138974173147094,138974174092520,945426
16488,138974174147038,138974175092667,945629
16489,138974175147001,138974176092371,945370
16490,138974176146945,138974177092352,945407
16491,138974177146852,138974178092444,945592
16492,138974178146796,138974179092666,945870
16493,138974179146740,138974180091999,945259
16494,138974180146666,138974181092554,945888
16495,138974181146591,138974182091906,945315
16496,138974182146517,138974183091998,945481
16497,138974183146442,138974184091831,945389
16498,138974184146405,138974185091831,945426
16499,138974185146331,138974186091793,945462
16500,138974186146275,138974187091626,945351
16501,138974187146200,138974188091607,945407
16502,138974188146144,138974189091440,945296
16503,138974189146052,138974190091459,945407
16504,138974190145996,138974191095884,949888
16505,138974191145940,138974192091532,945592
16506,138974192145884,138974193091384,945500
16507,138974193145791,138974194091235,945444
16508,138974194145717,138974195091364,945647
16509,138974195145661,138974196090864,945203
16510,138974196145605,138974197090993,945388
16511,138974197145549,138974198090863,945314
16512,138974198145474,138974199090900,945426
16513,138974199145400,138974200090733,945333
16514,138974200145363,138974201091603,946240
16515,138974201145307,138974202090788,945481
16516,138974202145232,138974203090658,945426
16517,138974203145139,138974204090343,945204
16518,138974204145121,138974205090583,945462
16519,138974205144991,138974206090287,945296
16520,138974206144935,138974207090490,945555
16521,138974207144879,138974208090823,945944
16522,138974208144860,138974209090397,945537
16523,138974209144767,138974210090267,945500
16524,138974210144693,138974211090211,945518
16525,138974211144655,138974212089951,945296
16526,138974212144599,138974213090210,945611
16527,138974213144506,138974214089876,945370
16528,138974214144432,138974215089987,945555
16529,138974215144376,138974216089839,945463
16530,138974216144320,138974217089968,945648
16531,138974217144227,138974218089820,945593
16532,138974218144171,138974219089430,945259
16533,138974219144078,138974220089523,945445
16534,138974220144060,138974221090041,945981
16535,138974221143985,138974222089485,945500
16536,138974222143911,138974223089503,945592
16537,138974223143855,138974224089243,945388
16538,138974224143780,138974225089465,945685
16539,138974225143688,138974226089150,945462
16540,138974226143632,138974227089094,945462
16541,138974227143576,138974228088742,945166
16542,138974228143520,138974229088964,945444
16543,138974229143464,138974230089019,945555
16544,138974230143390,138974231089149,945759
16545,138974231143334,138974232089000,945666
16546,138974232143278,138974233088740,945462
16547,138974233143203,138974234088592,945389
16548,138974234143110,138974235088721,945611
16549,138974235143055,138974236088610,945555
16550,138974236143017,138974237088406,945389
16551,138974237142924,138974238088239,945315
16552,138974238142868,138974239088387,945519
16553,138974239142812,138974240088145,945333
16554,138974240142738,138974241088701,945963
16555,138974241142682,138974242087978,945296
16556,138974242142608,138974243088163,945555
16557,138974243142533,138974244087885,945352
16558,138974244142477,138974245087829,945352
16559,138974245142422,138974246087884,945462
16560,138974246142329,138974247087976,945647
16561,138974247142273,138974248087921,945648
16562,138974248142235,138974249087624,945389
16563,138974249142161,138974250087661,945500
16564,138974250142087,138974251087957,945870
16565,138974251141994,138974252087716,945722
16566,138974252141956,138974253087326,945370
16567,138974253141900,138974254087252,945352
16568,138974254141844,138974255087326,945482
16569,138974255141770,138974256087233,945463
16570,138974256141714,138974257087381,945667
16571,138974257141621,138974258087065,945444
16572,138974258141547,138974259087195,945648
16573,138974259141472,138974260087009,945537
16574,138974260141472,138974261087657,946185
16575,138974261141361,138974262086860,945499
16576,138974262141268,138974263086971,945703
16577,138974263141249,138974264086600,945351
16578,138974264141193,138974265086859,945666
16579,138974265141100,138974266086433,945333
16580,138974266141044,138974267086433,945389
16581,138974267140988,138974268086451,945463
16582,138974268140932,138974269086525,945593
16583,138974269140839,138974270086172,945333
16584,138974270140784,138974271086265,945481
16585,138974271140709,138974272086468,945759
16586,138974272140690,138974273086116,945426
16587,138974273140560,138974274086079,945519
16588,138974274140504,138974275086004,945500
16589,138974275140430,138974276086004,945574
16590,138974276140411,138974277086003,945592
16591,138974277140337,138974278085799,945462
16592,138974278140262,138974279085818,945556
16593,138974279140188,138974280085484,945296
16594,138974280140151,138974281085891,945740
16595,138974281140095,138974282085761,945666
16596,138974282140002,138974283085538,945536
16597,138974283139927,138974284085186,945259
16598,138974284139853,138974285085501,945648
16599,138974285139797,138974286085074,945277
16600,138974286139741,138974287085037,945296
16601,138974287139667,138974288085111,945444
16602,138974288139629,138974289085018,945389
16603,138974289139536,138974290084981,945445
16604,138974290139499,138974291085036,945537
16605,138974291139406,138974292084961,945555
16606,138974292139369,138974293084554,945185
16607,138974293139276,138974294084794,945518
16608,138974294139220,138974295084590,945370
16609,138974295139146,138974296084441,945295
16610,138974296139090,138974297084497,945407
16611,138974297139015,138974298084478,945463
16612,138974298138959,138974299084478,945519
16613,138974299138903,138974300084273,945370
16614,138974300138848,138974301084866,946018
16615,138974301138773,138974302084421,945648
16616,138974302138680,138974303084476,945796
16617,138974303138624,138974304084087,945463
16618,138974304138587,138974305084531,945944
16619,138974305138494,138974306084086,945592
16620,138974306138438,138974307084327,945889
16621,138974307138382,138974308083771,945389
16622,138974308138308,138974309083807,945499
16623,138974309138233,138974310083659,945426
16624,138974310138177,138974311083714,945537
16625,138974311138122,138974312083492,945370
16626,138974312138084,138974313083454,945370
16627,138974313137991,138974314083454,945463
16628,138974314137917,138974315083546,945629
16629,138974315137861,138974316083694,945833
16630,138974316137787,138974317083342,945555
16631,138974317137712,138974318083193,945481
16632,138974318137656,138974319083082,945426
16633,138974319137582,138974320082730,945148
16634,138974320137545,138974321083803,946258
16635,138974321137489,138974322082933,945444
16636,138974322137396,138974323082932,945536
16637,138974323137321,138974324082580,945259
16638,138974324137265,138974325082672,945407
16639,138974325137209,138974326083191,945982
16640,138974326137117,138974327082727,945610
16641,138974327137061,138974328082394,945333
16642,138974328137005,138974329082893,945888
16643,138974329136912,138974330082449,945537
16644,138974330136837,138974331082207,945370
16645,138974331136800,138974332082207,945407
16646,138974332136744,138974333082485,945741
16647,138974333136688,138974334082132,945444
16648,138974334136614,138974335081928,945314
16649,138974335136539,138974336082076,945537
16650,138974336136650,138974337082094,945444
16651,138974337136409,138974338081872,945463
16652,138974338136335,138974339081668,945333
16653,138974339136279,138974340081871,945592
16654,138974340136223,138974341082167,945944
16655,138974341136167,138974342081556,945389
16656,138974342136093,138974343081574,945481
16657,138974343136018,138974344081351,945333
16658,138974344135981,138974345081499,945518
16659,138974345135888,138974346081221,945333
16660,138974346135832,138974347081295,945463
16661,138974347135758,138974348081257,945499
16662,138974348135702,138974349081109,945407
16663,138974349135627,138974350081220,945593
16664,138974350135553,138974351080979,945426
16665,138974351135460,138974352081404,945944
16666,138974352135441,138974353081033,945592
16667,138974353135330,138974354080718,945388
16668,138974354135292,138974355080903,945611
16669,138974355135255,138974356080681,945426
16670,138974356135199,138974357080828,945629
16671,138974357135106,138974358080643,945537
16672,138974358135032,138974359080217,945185
16673,138974359134976,138974360080679,945703
16674,138974360134901,138974361080568,945667
16675,138974361134846,138974362080623,945777
16676,138974362134771,138974363080067,945296
16677,138974363134715,138974364079882,945167
16678,138974364134641,138974365080029,945388
16679,138974365134566,138974366080288,945722
16680,138974366134492,138974367079899,945407
16681,138974367134436,138974368079862,945426
16682,138974368134399,138974369079750,945351
16683,138974369134306,138974370079954,945648
16684,138974370134268,138974371079824,945556
16685,138974371134194,138974372079768,945574
16686,138974372134138,138974373079434,945296
16687,138974373134045,138974374079600,945555
16688,138974374133989,138974375079563,945574
16689,138974375133933,138974376079378,945445
16690,138974376133859,138974377079136,945277
16691,138974377133785,138974378079377,945592
16692,138974378133729,138974379078951,945222
16693,138974379133673,138974380078932,945259
16694,138974380133617,138974381079043,945426
16695,138974381133543,138974382078913,945370
16696,138974382133468,138974383078727,945259
16697,138974383133412,138974384078653,945241
16698,138974384133356,138974385079097,945741
16699,138974385133282,138974386078856,945574
16700,138974386133207,138974387078781,945574
16701,138974387133133,138974388078596,945463
16702,138974388133096,138974389078318,945222
16703,138974389133021,138974390078539,945518
16704,138974390132965,138974391078298,945333
16705,138974391132891,138974392078668,945777
16706,138974392132835,138974393078409,945574
16707,138974393132761,138974394078260,945499
16708,138974394132686,138974395078167,945481
16709,138974395132630,138974396078260,945630
16710,138974396132574,138974397077945,945371
16711,138974397132463,138974398077907,945444
16712,138974398132426,138974399077833,945407
16713,138974399132351,138974400077721,945370
16714,138974400132314,138974401077777,945463
16715,138974401132239,138974402077832,945593
16716,138974402132184,138974403077628,945444
16717,138974403132109,138974404077609,945500
16718,138974404132053,138974405077460,945407
16719,138974405131960,138974406077553,945593
16720,138974406131904,138974407077589,945685
16721,138974407131849,138974408077274,945425
16722,138974408131793,138974409077329,945536
16723,138974409131700,138974410077144,945444
16724,138974410131625,138974411077088,945463
16725,138974411131569,138974412077588,946019
16726,138974412131532,138974413076958,945426
16727,138974413131458,138974414077068,945610
16728,138974414131402,138974415076846,945444
16729,138974415131309,138974416076697,945388
16730,138974416131253,138974417076827,945574
16731,138974417131179,138974418076623,945444
16732,138974418131104,138974419076770,945666
16733,138974419131048,138974420076418,945370
16734,138974420130992,138974421076196,945204
16735,138974421130918,138974422076381,945463
16736,138974422130862,138974423076380,945518
16737,138974423130788,138974424076491,945703
16738,138974424130750,138974425076380,945630
16739,138974425130676,138974426076620,945944
16740,138974426130601,138974427076120,945519
16741,138974427130546,138974428075897,945351
16742,138974428130471,138974429076082,945611
16743,138974429130397,138974430075822,945425
16744,138974430130341,138974431075711,945370
16745,138974431130248,138974432076192,945944
16746,138974432130229,138974433075729,945500
16747,138974433130118,138974434075580,945462
16748,138974434130062,138974435075358,945296
16749,138974435130024,138974436075765,945741
16750,138974436129950,138974437075431,945481
16751,138974437129876,138974438075301,945425
16752,138974438129820,138974439075245,945425
16753,138974439129745,138974440075838,946093
16754,138974440129708,138974441075485,945777
16755,138974441129615,138974442075041,945426
16756,138974442129541,138974443074725,945184
16757,138974443129466,138974444075707,946241
16758,138974444129429,138974445074725,945296
16759,138974445129336,138974446074780,945444
16760,138974446129280,138974447075002,945722
16761,138974447129243,138974448074835,945592
16762,138974448129187,138974449074705,945518
16763,138974449129094,138974450074408,945314
16764,138974450129038,138974451074575,945537
16765,138974451128982,138974452075722,946740
16766,138974452128926,138974453074444,945518
16767,138974453128852,138974454074222,945370
16768,138974454128759,138974455074369,945610
16769,138974455128684,138974456075277,946593
16770,138974456128647,138974457074165,945518
16771,138974457128572,138974458074035,945463
16772,138974458128517,138974459074109,945592
16773,138974459128461,138974460074312,945851
16774,138974460128405,138974461073867,945462
16775,138974461128330,138974462073756,945426
16776,138974462128256,138974463073645,945389
16777,138974463128182,138974464074681,946499
16778,138974464128126,138974465073274,945148
16779,138974465128033,138974466073514,945481
16780,138974466127995,138974467073514,945519
16781,138974467127902,138974468074532,946630
16782,138974468127865,138974469073217,945352
16783,138974469127809,138974470073087,945278
16784,138974470127716,138974471073160,945444
16785,138974471127660,138974472074438,946778
16786,138974472127642,138974473073012,945370
16787,138974473127512,138974474073215,945703
16788,138974474127456,138974475072696,945240
16789,138974475127400,138974476073640,946240
16790,138974476127344,138974477072807,945463
16791,138974477127269,138974478073103,945834
16792,138974478127195,138974479072676,945481
16793,138974479127121,138974480073991,946870
16794,138974480127083,138974481072435,945352
16795,138974481127009,138974482072527,945518
16796,138974482126990,138974483072416,945426
16797,138974483126879,138974484073545,946666
16798,138974484126823,138974485072100,945277
16799,138974485126730,138974486072192,945462
16800,138974486126692,138974487071914,945222
16801,138974487126599,138974488073247,946648
16802,138974488126581,138974489071932,945351
16803,138974489126488,138974490071950,945462
16804,138974490126413,138974491071857,945444
16805,138974491126376,138974492073801,947425
16806,138974492126320,138974493072097,945777
16807,138974493126246,138974494071523,945277
16808,138974494126171,138974495071597,945426
16809,138974495126078,138974496072541,946463
16810,138974496126041,138974497071541,945500
16811,138974497125966,138974498071355,945389
16812,138974498125892,138974499071299,945407
16813,138974499125818,138974500072595,946777
16814,138974500125780,138974501071021,945241
16815,138974501125687,138974502071187,945500
16816,138974502125650,138974503070964,945314
16817,138974503125576,138974504072390,946814
16818,138974504125538,138974505070871,945333
16819,138974505125445,138974506070945,945500
16820,138974506125371,138974507070759,945388
16821,138974507125315,138974508071815,946500
16822,138974508125259,138974509070481,945222
16823,138974509125185,138974510070647,945462
16824,138974510125110,138974511070517,945407
16825,138974511125054,138974512072258,947204
16826,138974512124998,138974513070294,945296
16827,138974513124906,138974514070313,945407
16828,138974514124850,138974515070423,945573
16829,138974515124775,138974516071164,946389
16830,138974516124738,138974517070200,945462
16831,138974517124663,138974518070182,945519
16832,138974518124589,138974519070459,945870
16833,138974519124515,138974520071311,946796
16834,138974520124477,138974521069977,945500
16835,138974521124384,138974522069903,945519
16836,138974522124328,138974523069865,945537
16837,138974523124273,138974524070772,946499
16838,138974524124217,138974525069790,945573
16839,138974525124142,138974526069457,945315
16840,138974526124068,138974527069475,945407
16841,138974527124012,138974528071160,947148
16842,138974528123975,138974529069493,945518
16843,138974529123882,138974530069270,945388
16844,138974530123807,138974531069214,945407
16845,138974531123751,138974532071195,947444
16846,138974532123714,138974533069195,945481
16847,138974533123621,138974534069176,945555
16848,138974534123547,138974535069120,945573
16849,138974535123472,138974536070009,946537
16850,138974536123435,138974537068879,945444
16851,138974537123342,138974538068786,945444
16852,138974538123267,138974539068638,945371
16853,138974539123249,138974540069841,946592
16854,138974540123174,138974541068433,945259
16855,138974541123081,138974542068433,945352
16856,138974542123007,138974543068581,945574
16857,138974543122970,138974544069840,946870
16858,138974544122914,138974545068376,945462
16859,138974545122821,138974546068283,945462
16860,138974546122746,138974547068209,945463
16861,138974547122672,138974548069209,946537
16862,138974548122635,138974549068319,945684
16863,138974549122560,138974550068152,945592
16864,138974550122504,138974551067782,945278
16865,138974551122448,138974552069726,947278
16866,138974552122392,138974553067948,945556
16867,138974553122318,138974554067595,945277
16868,138974554122262,138974555067688,945426
16869,138974555122169,138974556069058,946889
16870,138974556122132,138974557067613,945481
16871,138974557122020,138974558067390,945370
16872,138974558121983,138974559067501,945518
16873,138974559121890,138974560068334,946444
16874,138974560121871,138974561067260,945389
16875,138974561121797,138974562067056,945259
16876,138974562121741,138974563067129,945388
16877,138974563121648,138974564068370,946722
16878,138974564121611,138974565067147,945536
16879,138974565121518,138974566067036,945518
16880,138974566121462,138974567067017,945555
16881,138974567121387,138974568067739,946352
16882,138974568121331,138974569066813,945482
16883,138974569121257,138974570066572,945315
16884,138974570121183,138974571066997,945814
16885,138974571121108,138974572067886,946778
16886,138974572121089,138974573066385,945296
16887,138974573120996,138974574066459,945463
16888,138974574120941,138974575066440,945499
16889,138974575120885,138974576066736,945851
16890,138974576120847,138974577066143,945296
16891,138974577120736,138974578066180,945444
16892,138974578120680,138974579066069,945389
16893,138974579120587,138974580065809,945222
16894,138974580120550,138974581066086,945536
16895,138974581120457,138974582065938,945481
16896,138974582120401,138974583065789,945388
16897,138974583120345,138974584065845,945500
16898,138974584120326,138974585065881,945555
16899,138974585120233,138974586065640,945407
16900,138974586120177,138974587065547,945370
16901,138974587120084,138974588065695,945611
16902,138974588120047,138974589065436,945389
16903,138974589119973,138974590065250,945277
16904,138974590119880,138974591065713,945833
16905,138974591119824,138974592065675,945851
16906,138974592119786,138974593065582,945796
16907,138974593119693,138974594065026,945333
16908,138974594119638,138974595065082,945444
16909,138974595119545,138974596065174,945629
16910,138974596119544,138974597064803,945259
16911,138974597119433,138974598064970,945537
16912,138974598119358,138974599064617,945259
16913,138974599119284,138974600064987,945703
16914,138974600119247,138974601064691,945444
16915,138974601119172,138974602064616,945444
16916,138974602119116,138974603064597,945481
16917,138974603119023,138974604064523,945500
16918,138974604118986,138974605064393,945407
16919,138974605118875,138974606064504,945629
16920,138974606118819,138974607064078,945259
16921,138974607118800,138974608065244,946444
16922,138974608118762,138974609064188,945426
16923,138974609118670,138974610064077,945407
16924,138974610118577,138974611064021,945444
16925,138974611118521,138974612065483,946962
16926,138974612118502,138974613064057,945555
16927,138974613118372,138974614063816,945444
16928,138974614118316,138974615063871,945555
16929,138974615118279,138974616063612,945333
16930,138974616118204,138974617063852,945648
16931,138974617118130,138974618063555,945425
16932,138974618118055,138974619063351,945296
16933,138974619118018,138974620063425,945407
16934,138974620117944,138974621063536,945592
16935,138974621117869,138974622063406,945537
16936,138974622117813,138974623063276,945463
16937,138974623117739,138974624063146,945407
16938,138974624118313,138974625062757,944444
16939,138974625117609,138974626063053,945444
16940,138974626117534,138974627063015,945481
16941,138974627117460,138974628062922,945462
16942,138974628117404,138974629062792,945388
16943,138974629117329,138974630062848,945519
16944,138974630117274,138974631062773,945499
16945,138974631117236,138974632062773,945537
16946,138974632117180,138974633062754,945574
16947,138974633117087,138974634062532,945445
16948,138974634117013,138974635062253,945240
16949,138974635116957,138974636062235,945278
16950,138974636116901,138974637062123,945222
16951,138974637116808,138974638062252,945444
16952,138974638116752,138974639062234,945482
16953,138974639116678,138974640062863,946185
16954,138974640116641,138974641062251,945610
16955,138974641116548,138974642062492,945944
16956,138974642116529,138974643062028,945499
16957,138974643116436,138974644061824,945388
16958,138974644116399,138974645061787,945388
16959,138974645116306,138974646062046,945740
16960,138974646116250,138974647061731,945481
16961,138974647116175,138974648061731,945556
16962,138974648116119,138974649061323,945204
16963,138974649116045,138974650061508,945463
16964,138974650115952,138974651061155,945203
16965,138974651115915,138974652061433,945518
16966,138974652115896,138974653061581,945685
16967,138974653115784,138974654061562,945778
16968,138974654115710,138974655061395,945685
16969,138974655115654,138974656061135,945481
16970,138974656115635,138974657061024,945389
16971,138974657115505,138974658060931,945426
16972,138974658115468,138974659060708,945240
16973,138974659115375,138974660060838,945463
16974,138974660115338,138974661060745,945407
16975,138974661115245,138974662060837,945592
16976,138974662115189,138974663061003,945814
16977,138974663115114,138974664060633,945519
16978,138974664115058,138974665060595,945537
16979,138974665114984,138974666060613,945629
16980,138974666114928,138974667060335,945407
16981,138974667114854,138974668060316,945462
16982,138974668114816,138974669060186,945370
16983,138974669114742,138974670060316,945574
16984,138974670114686,138974671060426,945740
16985,138974671114612,138974672060130,945518
16986,138974672114556,138974673060148,945592
16987,138974673114463,138974674059722,945259
16988,138974674114388,138974675059981,945593
16989,138974675114333,138974676059758,945425
16990,138974676114277,138974677059813,945536
16991,138974677114202,138974678059646,945444
16992,138974678114146,138974679059702,945556
16993,138974679114090,138974680059423,945333
16994,138974680114035,138974681059405,945370
16995,138974681113942,138974682059312,945370
16996,138974682113867,138974683059219,945352
16997,138974683113793,138974684059459,945666
16998,138974684113755,138974685060922,947167
16999,138974685113681,138974686059199,945518
17000,138974686113607,138974687059125,945518
17001,138974687113551,138974688058884,945333
17002,138974688113513,138974689059235,945722
17003,138974689113420,138974690059031,945611
17004,138974690113365,138974691058735,945370
17005,138974691113309,138974692058660,945351
17006,138974692113253,138974693059234,945981
17007,138974693113178,138974694058567,945389
17008,138974694113085,138974695058604,945519
17009,138974695113030,138974696058529,945499
17010,138974696112974,138974697058696,945722
17011,138974697112899,138974698058158,945259
17012,138974698112806,138974699058343,945537
17013,138974699112787,138974700058361,945574
17014,138974700112750,138974701058157,945407
17015,138974701112639,138974702058083,945444
17016,138974702112583,138974703057934,945351
17017,138974703112527,138974704058249,945722
17018,138974704112471,138974705058082,945611
17019,138974705112378,138974706057692,945314
17020,138974706112322,138974707057729,945407
17021,138974707112229,138974708057803,945574
17022,138974708112192,138974709057599,945407
17023,138974709112117,138974710057487,945370
17024,138974710112024,138974711057395,945371
17025,138974711112024,138974712057450,945426
17026,138974712111950,138974713057875,945925
17027,138974713111857,138974714057338,945481
17028,138974714111782,138974715057227,945445
17029,138974715111726,138974716057337,945611
17030,138974716111689,138974717057059,945370
17031,138974717111596,138974718057133,945537
17032,138974718111522,138974719057040,945518
17033,138974719111410,138974720057151,945741
17034,138974720111429,138974721056873,945444
17035,138974721111336,138974722056743,945407
17036,138974722111261,138974723056853,945592
17037,138974723111224,138974724056612,945388
17038,138974724111168,138974725056686,945518
17039,138974725111112,138974726056575,945463
17040,138974726111019,138974727056500,945481
17041,138974727110963,138974728056574,945611
17042,138974728110907,138974729056296,945389
17043,138974729110814,138974730056184,945370
17044,138974730110721,138974731056332,945611
17045,138974731110684,138974732056258,945574
17046,138974732110647,138974733056702,946055
17047,138974733110554,138974734056053,945499
17048,138974734110498,138974735056312,945814
17049,138974735110405,138974736055868,945463
17050,138974736110386,138974737055867,945481
17051,138974737110293,138974738055793,945500
17052,138974738110237,138974739055718,945481
17053,138974739110163,138974740055663,945500
17054,138974740110107,138974741055588,945481
17055,138974741110033,138974742055588,945555
17056,138974742109958,138974743055662,945704
17057,138974743109902,138974744055420,945518
17058,138974744109846,138974745055272,945426
17059,138974745109772,138974746055346,945574
17060,138974746109698,138974747055105,945407
17061,138974747109623,138974748055197,945574
17062,138974748109604,138974749055178,945574
17063,138974749109511,138974750054863,945352
17064,138974750109437,138974751054955,945518
17065,138974751109381,138974752054751,945370
17066,138974752109325,138974753055010,945685
17067,138974753109251,138974754054621,945370
17068,138974754109158,138974755054769,945611
17069,138974755109102,138974756054453,945351
17070,138974756109083,138974757054361,945278
17071,138974757108990,138974758054360,945370
17072,138974758108934,138974759054397,945463
17073,138974759108878,138974760054248,945370
17074,138974760108804,138974761054563,945759
17075,138974761108730,138974762054211,945481
17076,138974762108674,138974763054229,945555
17077,138974763108599,138974764053914,945315
17078,138974764108543,138974765053858,945315
17079,138974765108469,138974766054098,945629
17080,138974766108376,138974767053728,945352
17081,138974767108320,138974768053875,945555
17082,138974768108283,138974769053875,945592
17083,138974769108227,138974770053727,945500
17084,138974770108134,138974771053504,945370
17085,138974771108078,138974772053374,945296
17086,138974772108022,138974773053948,945926
17087,138974773107966,138974774053429,945463
17088,138974774107873,138974775053225,945352
17089,138974775107817,138974776053317,945500
17090,138974776107780,138974777053558,945778
17091,138974777107669,138974778053187,945518
17092,138974778107594,138974779052909,945315
17093,138974779107538,138974780052816,945278
17094,138974780107519,138974781052908,945389
17095,138974781107445,138974782052741,945296
17096,138974782107371,138974783052648,945277
17097,138974783107315,138974784052926,945611
17098,138974784107259,138974785052796,945537
17099,138974785107166,138974786052684,945518
17100,138974786107091,138974787052369,945278
17101,138974787107017,138974788052350,945333
17102,138974788106961,138974789052405,945444
17103,138974789106887,138974790052331,945444
17104,138974790106831,138974791052219,945388
17105,138974791106756,138974792052275,945519
17106,138974792106738,138974793054330,947592
17107,138974793106663,138974794052200,945537
17108,138974794106570,138974795051903,945333
17109,138974795106514,138974796051977,945463
17110,138974796106459,138974797052014,945555
17111,138974797106366,138974798051902,945536
17112,138974798106291,138974799051606,945315
17113,138974799106254,138974800051791,945537
17114,138974800106216,138974801051809,945593
17115,138974801106123,138974802051642,945519
17116,138974802106049,138974803051549,945500
17117,138974803106012,138974804051400,945388
17118,138974804105956,138974805051437,945481
17119,138974805105863,138974806051288,945425
17120,138974806105788,138974807051307,945519
17121,138974807105714,138974808051343,945629
17122,138974808105677,138974809051028,945351
17123,138974809105602,138974810051046,945444
17124,138974810105528,138974811050935,945407
17125,138974811105453,138974812050805,945352
17126,138974812105416,138974813051342,945926
17127,138974813105323,138974814050786,945463
17128,138974814105267,138974815050619,945352
17129,138974815105211,138974816050507,945296
17130,138974816105174,138974817050785,945611
17131,138974817105100,138974818050525,945425
17132,138974818105007,138974819050432,945425
17133,138974819104951,138974820050302,945351
17134,138974820104895,138974821050339,945444
17135,138974821104820,138974822050246,945426
17136,138974822104746,138974823050172,945426
17137,138974823104709,138974824050153,945444
17138,138974824104616,138974825050041,945425
17139,138974825104541,138974826050023,945482
17140,138974826104504,138974827049967,945463
17141,138974827104430,138974828049985,945555
17142,138974828104392,138974829050003,945611
17143,138974829104299,138974830049929,945630
17144,138974830104243,138974831049576,945333
17145,138974831104169,138974832049761,945592
17146,138974832104132,138974833050076,945944
17147,138974833104039,138974834049872,945833
17148,138974834103946,138974835049334,945388
17149,138974835103890,138974836049464,945574
17150,138974836103852,138974837049408,945556
17151,138974837103760,138974838049130,945370
17152,138974838103722,138974839049111,945389
17153,138974839103648,138974840049425,945777
17154,138974840103592,138974841049036,945444
17155,138974841103517,138974842048739,945222
17156,138974842103443,138974843048869,945426
17157,138974843103387,138974844048794,945407
17158,138974844103331,138974845048738,945407
17159,138974845103238,138974846048775,945537
17160,138974846103164,138974847048423,945259
17161,138974847103108,138974848048737,945629
17162,138974848103071,138974849048848,945777
17163,138974849102978,138974850048385,945407
17164,138974850102922,138974851048384,945462
17165,138974851102829,138974852048403,945574
17166,138974852102810,138974853049125,946315
17167,138974853102754,138974854048124,945370
17168,138974854102680,138974855048253,945573
17169,138974855102587,138974856048531,945944
17170,138974856102531,138974857048012,945481
17171,138974857102457,138974858047882,945425
17172,138974858102382,138974859047956,945574
17173,138974859102326,138974860047752,945426
17174,138974860102289,138974861047992,945703
17175,138974861102214,138974862047640,945426
17176,138974862102140,138974863047529,945389
17177,138974863102103,138974864047750,945647
17178,138974864102028,138974865047306,945278
17179,138974865101954,138974866047361,945407
17180,138974866101879,138974867047138,945259
17181,138974867101805,138974868047360,945555
17182,138974868101749,138974869047027,945278
17183,138974869101656,138974870047063,945407
17184,138974870101600,138974871046952,945352
17185,138974871101544,138974872047007,945463
17186,138974872101507,138974873047340,945833
17187,138974873101451,138974874046969,945518
17188,138974874101377,138974875046395,945018
17189,138974875101321,138974876046839,945518
17190,138974876101246,138974877046876,945630
17191,138974877101135,138974878046746,945611
17192,138974878101079,138974879046523,945444
17193,138974879101023,138974880046430,945407
17194,138974880100986,138974881046171,945185
17195,138974881100893,138974882046893,946000
17196,138974882100818,138974883046318,945500
17197,138974883100763,138974884046207,945444
17198,138974884100725,138974885046188,945463
17199,138974885100632,138974886046058,945426
17200,138974886100576,138974887045909,945333
17201,138974887100502,138974888046057,945555
17202,138974888100446,138974889045835,945389
17203,138974889100372,138974890046001,945629
17204,138974890100316,138974891045778,945462
17205,138974891100223,138974892045815,945592
17206,138974892100167,138974893046056,945889
17207,138974893100093,138974894045481,945388
17208,138974894100018,138974895045536,945518
17209,138974895099962,138974896045332,945370
17210,138974896099962,138974897045369,945407
17211,138974897099832,138974898045387,945555
17212,138974898099776,138974899045294,945518
17213,138974899099702,138974900045238,945536
17214,138974900099664,138974901044979,945315
17215,138974901099590,138974902045053,945463
17216,138974902099515,138974903044867,945352
17217,138974903099460,138974904044885,945425
17218,138974904099404,138974905045126,945722
17219,138974905099329,138974906044681,945352
17220,138974906099236,138974907044662,945426
17221,138974907099199,138974908044717,945518
17222,138974908099162,138974909044772,945610
17223,138974909099069,138974910044328,945259
17224,138974910098994,138974911044364,945370
17225,138974911098938,138974912044253,945315
17226,138974912098901,138974913044956,946055
17227,138974913098808,138974914044048,945240
17228,138974914098734,138974915044326,945592
17229,138974915098678,138974916044066,945388
17230,138974916098622,138974917044214,945592
17231,138974917098547,138974918044010,945463
17232,138974918098492,138974919044065,945573
17233,138974919098436,138974920044102,945666
17234,138974920098361,138974921043805,945444
17235,138974921098287,138974922043638,945351
17236,138974922098231,138974923043601,945370
17237,138974923098194,138974924043582,945388
17238,138974924098101,138974925043619,945518
17239,138974925098008,138974926043656,945648
17240,138974926097952,138974927043414,945462
17241,138974927097896,138974928043377,945481
17242,138974928097840,138974929043192,945352
17243,138974929097747,138974930043228,945481
17244,138974930097710,138974931043154,945444
17245,138974931097635,138974932043116,945481
17246,138974932097579,138974933043449,945870
17247,138974933097524,138974934042949,945425
17248,138974934097431,138974935042930,945499
17249,138974935097356,138974936043097,945741
17250,138974936097319,138974937042707,945388
17251,138974937097244,138974938042559,945315
17252,138974938097189,138974939042614,945425
17253,138974939097096,138974940042632,945536
17254,138974940097058,138974941042576,945518
17255,138974941096947,138974942042521,945574
17256,138974942096928,138974943042335,945407
17257,138974943096854,138974944042483,945629
17258,138974944096816,138974945042168,945352
17259,138974945096723,138974946042093,945370
17260,138974946096649,138974947041982,945333
17261,138974947096593,138974948042056,945463
17262,138974948096537,138974949041666,945129
17263,138974949096426,138974950041981,945555
17264,138974950096370,138974951041758,945388
17265,138974951096332,138974952042017,945685
17266,138974952096258,138974953041906,945648
17267,138974953096202,138974954041813,945611
17268,138974954096146,138974955041664,945518
17269,138974955096072,138974956041849,945777
17270,138974956096034,138974957041701,945667
17271,138974957095941,138974958041330,945389
17272,138974958095886,138974959041033,945147
17273,138974959095811,138974960041163,945352
17274,138974960095755,138974961041088,945333
17275,138974961095681,138974962041292,945611
17276,138974962095588,138974963041013,945425
17277,138974963095532,138974964041161,945629
17278,138974964095476,138974965041031,945555
17279,138974965095420,138974966040809,945389
17280,138974966095346,138974967040697,945351
17281,138974967095290,138974968040808,945518
17282,138974968095234,138974969040604,945370
17283,138974969095141,138974970040641,945500
17284,138974970095085,138974971040511,945426
17285,138974971095011,138974972040566,945555
17286,138974972094992,138974973040547,945555
17287,138974973094880,138974974040399,945519
17288,138974974094806,138974975040509,945703
17289,138974975094732,138974976040417,945685
17290,138974976094731,138974977040064,945333
17291,138974977094638,138974978040157,945519
17292,138974978094582,138974979039934,945352
17293,138974979094490,138974980040008,945518
17294,138974980094452,138974981039878,945426
17295,138974981094378,138974982039544,945166
17296,138974982094303,138974983039747,945444
17297,138974983094229,138974984040395,946166
17298,138974984094192,138974985039765,945573
17299,138974985094099,138974986039413,945314
17300,138974986094024,138974987039302,945278
17301,138974987093968,138974988039301,945333
17302,138974988093949,138974989039412,945463
17303,138974989093838,138974990039301,945463
17304,138974990093782,138974991039374,945592
17305,138974991093726,138974992039115,945389
17306,138974992093670,138974993039059,945389
17307,138974993093596,138974994039225,945629
17308,138974994093522,138974995038984,945462
17309,138974995093447,138974996038984,945537
17310,138974996093410,138974997039058,945648
17311,138974997093317,138974998038705,945388
17312,138974998093242,138974999038687,945445
17313,138974999093168,138975000038742,945574
17314,138975000093131,138975001038686,945555
17315,138975001093056,138975002038556,945500
17316,138975002093000,138975003038407,945407
17317,138975003092926,138975004038907,945981
17318,138975004092907,138975005038481,945574
17319,138975005092814,138975006038425,945611
17320,138975006092721,138975007038165,945444
17321,138975007092647,138975008038054,945407
17322,138975008092628,138975009037979,945351
17323,138975009092554,138975010038072,945518
17324,138975010092461,138975011037997,945536
17325,138975011092386,138975012037849,945463
17326,138975012092386,138975013037849,945463
17327,138975013092293,138975014037737,945444
17328,138975014092200,138975015037792,945592
17329,138975015092144,138975016037551,945407
17330,138975016092088,138975017037736,945648
17331,138975017092032,138975018037439,945407
17332,138975018091958,138975019037180,945222
17333,138975019091865,138975020037383,945518
17334,138975020091828,138975021037327,945499
17335,138975021091735,138975022037160,945425
17336,138975022091679,138975023037160,945481
17337,138975023091623,138975024037697,946074
17338,138975024091604,138975025037196,945592
17339,138975025091493,138975026036863,945370
17340,138975026091437,138975027036844,945407
17341,138975027091362,138975028036992,945630
17342,138975028091306,138975029036899,945593
17343,138975029091232,138975030036509,945277
17344,138975030091158,138975031036528,945370
17345,138975031091083,138975032036546,945463
17346,138975032091046,138975033036379,945333
17347,138975033090953,138975034036545,945592
17348,138975034090934,138975035036378,945444
17349,138975035090841,138975036036341,945500
17350,138975036090822,138975037036322,945500
17351,138975037090711,138975038036025,945314
17352,138975038090636,138975039036062,945426
17353,138975039090580,138975040035951,945371
17354,138975040090525,138975041036080,945555
17355,138975041090432,138975042035968,945536
17356,138975042090376,138975043035635,945259
17357,138975043090338,138975044036190,945852
17358,138975044090283,138975045035764,945481
17359,138975045090190,138975046035615,945425
17360,138975046090152,138975047035633,945481
17361,138975047090059,138975048035726,945667
17362,138975048090022,138975049035688,945666
17363,138975049089929,138975050035151,945222
17364,138975050089855,138975051035373,945518
17365,138975051089799,138975052035317,945518
17366,138975052089780,138975053035187,945407
17367,138975053089631,138975054035205,945574
17368,138975054089594,138975055034964,945370
17369,138975055089538,138975056035186,945648
17370,138975056089464,138975057035167,945703
17371,138975057089408,138975058034870,945462
17372,138975058089333,138975059034777,945444
17373,138975059089259,138975060034777,945518
17374,138975060089240,138975061034684,945444
17375,138975061089129,138975062035184,946055
17376,138975062089073,138975063034702,945629
17377,138975063089017,138975064034942,945925
17378,138975064088979,138975065034275,945296
17379,138975065088868,138975066034553,945685
17380,138975066088812,138975067034219,945407
17381,138975067088756,138975068034367,945611
17382,138975068088682,138975069034182,945500
17383,138975069088626,138975070034181,945555
17384,138975070088552,138975071033996,945444
17385,138975071088496,138975072034106,945610
17386,138975072088458,138975073033902,945444
17387,138975073088384,138975074034013,945629
17388,138975074088309,138975075033680,945371
17389,138975075088217,138975076033809,945592
17390,138975076088198,138975077034049,945851
17391,138975077088086,138975078033845,945759
17392,138975078088030,138975079033400,945370
17393,138975079087974,138975080033437,945463
17394,138975080087900,138975081033511,945611
17395,138975081087863,138975082033344,945481
17396,138975082087788,138975083033381,945593
17397,138975083087714,138975084033788,946074
17398,138975084087676,138975085033195,945519
17399,138975085087565,138975086033102,945537
17400,138975086087491,138975087032750,945259
17401,138975087087453,138975088032546,945093
17402,138975088087397,138975089032712,945315
17403,138975089087304,138975090032656,945352
17404,138975090087249,138975091032730,945481
17405,138975091087193,138975092032989,945796
17406,138975092087137,138975093032377,945240
17407,138975093087044,138975094032395,945351
17408,138975094087025,138975095032451,945426
17409,138975095086932,138975096032524,945592
17410,138975096086895,138975097032468,945573
17411,138975097086802,138975098032690,945888
17412,138975098086709,138975099032375,945666
17413,138975099086597,138975100032079,945482
17414,138975100086616,138975101032134,945518
17415,138975101086523,138975102031800,945277
17416,138975102086448,138975103031818,945370
17417,138975103086411,138975104032411,946000
17418,138975104086373,138975105031855,945482
17419,138975105086262,138975106032002,945740
17420,138975106086225,138975107031502,945277
17421,138975107086150,138975108031594,945444
17422,138975108086113,138975109031594,945481
17423,138975109086020,138975110031427,945407
17424,138975110085927,138975111031241,945314
17425,138975111085890,138975112031334,945444
17426,138975112085834,138975113031278,945444
17427,138975113085722,138975114031148,945426
17428,138975114085666,138975115031129,945463
17429,138975115085610,138975116031092,945482
17430,138975116085573,138975117030814,945241
17431,138975117085499,138975118031091,945592
17432,138975118085424,138975119030887,945463
17433,138975119085350,138975120030905,945555
17434,138975120085331,138975121030849,945518
17435,138975121085238,138975122030479,945241
17436,138975122085145,138975123030441,945296
17437,138975123085089,138975124030830,945741
17438,138975124085070,138975125030829,945759
17439,138975125084940,138975126030459,945519
17440,138975126084885,138975127030181,945296
17441,138975127084829,138975128030106,945277
17442,138975128084828,138975129030550,945722
17443,138975129084717,138975130030161,945444
17444,138975130084642,138975131030142,945500
17445,138975131084605,138975132030049,945444
17446,138975132084549,138975133030049,945500
17447,138975133084456,138975134029900,945444
17448,138975134084382,138975135029919,945537
17449,138975135084307,138975136029807,945500
17450,138975136084270,138975137029622,945352
17451,138975137084177,138975138029732,945555
17452,138975138084103,138975139029621,945518
17453,138975139084084,138975140029510,945426
17454,138975140084028,138975141029380,945352
17455,138975141083898,138975142029213,945315
17456,138975142083861,138975143029249,945388
17457,138975143083786,138975144029804,946018
17458,138975144083749,138975145029212,945463
17459,138975145083674,138975146029211,945537
17460,138975146083600,138975147029044,945444
17461,138975147083526,138975148029192,945666
17462,138975148083470,138975149029044,945574
17463,138975149083377,138975150029247,945870
17464,138975150083339,138975151028858,945519
17465,138975151083284,138975152028931,945647
17466,138975152083228,138975153028487,945259
17467,138975153083135,138975154028542,945407
17468,138975154083079,138975155028597,945518
17469,138975155083004,138975156028412,945408
17470,138975156082986,138975157028485,945499
17471,138975157082856,138975158028355,945499
17472,138975158082818,138975159028262,945444
17473,138975159082725,138975160028040,945315
17474,138975160082688,138975161028280,945592
17475,138975161082614,138975162027928,945314
17476,138975162082576,138975163028076,945500
17477,138975163082483,138975164028668,946185
17478,138975164082446,138975165028001,945555
17479,138975165082353,138975166027816,945463
17480,138975166082297,138975167027778,945481
17481,138975167082204,138975168027593,945389
17482,138975168082185,138975169027685,945500
17483,138975169082111,138975170027462,945351
17484,138975170082018,138975171027518,945500
17485,138975171081962,138975172027406,945444
17486,138975172081906,138975173027517,945611
17487,138975173081832,138975174027257,945425
17488,138975174081776,138975175027109,945333
17489,138975175081701,138975176027238,945537
17490,138975176081646,138975177027053,945407
17491,138975177081571,138975178027145,945574
17492,138975178081515,138975179026811,945296
17493,138975179081441,138975180027052,945611
17494,138975180081385,138975181026644,945259
17495,138975181081311,138975182026829,945518
17496,138975182081236,138975183026717,945481
17497,138975183081162,138975184026995,945833
17498,138975184081143,138975185026643,945500
17499,138975185081050,138975186026605,945555
17500,138975186080976,138975187026309,945333
17501,138975187080920,138975188026401,945481
17502,138975188080901,138975189026234,945333
17503,138975189080789,138975190026159,945370
17504,138975190080733,138975191026289,945556
17505,138975191080640,138975192026122,945482
17506,138975192080603,138975193026177,945574
17507,138975193080529,138975194026047,945518
17508,138975194080436,138975195025769,945333
17509,138975195080380,138975196025861,945481
17510,138975196080324,138975197025824,945500
17511,138975197080268,138975198025601,945333
17512,138975198080212,138975199025527,945315
17513,138975199080138,138975200025656,945518
17514,138975200080100,138975201025526,945426
17515,138975201079989,138975202025581,945592
17516,138975202079933,138975203025322,945389
17517,138975203079859,138975204026025,946166
17518,138975204079840,138975205025265,945425
17519,138975205079728,138975206025284,945556
17520,138975206079672,138975207025098,945426
17521,138975207079598,138975208024894,945296
17522,138975208079579,138975209024968,945389
17523,138975209079486,138975210025153,945667
17524,138975210079430,138975211024837,945407
17525,138975211079374,138975212024782,945408
17526,138975212079300,138975213024763,945463
17527,138975213079226,138975214024688,945462
17528,138975214079170,138975215024540,945370
17529,138975215079095,138975216024743,945648
17530,138975216079039,138975217024539,945500
17531,138975217078965,138975218024391,945426
17532,138975218078891,138975219024261,945370
17533,138975219078816,138975220024205,945389
17534,138975220078779,138975221024316,945537
17535,138975221078704,138975222024482,945778
17536,138975222078612,138975223023889,945277
17537,138975223078556,138975224023907,945351
17538,138975224078537,138975225023962,945425
17539,138975225078425,138975226023925,945500
17540,138975226078388,138975227024017,945629
17541,138975227078332,138975228023998,945666
17542,138975228078239,138975229023609,945370
17543,138975229078165,138975230023479,945314
17544,138975230078109,138975231023368,945259
17545,138975231078053,138975232023460,945407
17546,138975232078034,138975233023700,945666
17547,138975233077904,138975234023756,945852
17548,138975234077867,138975235023107,945240
17549,138975235077811,138975236023033,945222
17550,138975236077736,138975237023681,945945
17551,138975237077662,138975238023236,945574
17552,138975238077606,138975239023032,945426
17553,138975239077513,138975240022939,945426
17554,138975240077476,138975241022939,945463
17555,138975241077383,138975242022697,945314
17556,138975242077309,138975243022642,945333
17557,138975243077253,138975244022660,945407
17558,138975244077215,138975245023289,946074
17559,138975245077141,138975246022603,945462
17560,138975246077085,138975247022492,945407
17561,138975247077011,138975248022825,945814
17562,138975248076973,138975249022269,945296
17563,138975249076862,138975250022639,945777
17564,138975250076806,138975251022343,945537
17565,138975251076731,138975252021990,945259
17566,138975252076713,138975253022101,945388
17567,138975253076601,138975254022045,945444
17568,138975254076527,138975255022415,945888
17569,138975255076489,138975256021970,945481
17570,138975256076433,138975257022118,945685
17571,138975257076359,138975258021970,945611
17572,138975258076266,138975259021821,945555
17573,138975259076229,138975260021673,945444
17574,138975260076154,138975261021617,945463
17575,138975261076098,138975262021413,945315
17576,138975262076005,138975263021413,945408
17577,138975263075950,138975264021357,945407
17578,138975264075894,138975265021393,945499
17579,138975265075801,138975266021430,945629
17580,138975266075726,138975267021152,945426
17581,138975267075708,138975268021281,945573
17582,138975268075633,138975269021077,945444
17583,138975269075596,138975270021021,945425
17584,138975270075484,138975271020984,945500
17585,138975271075428,138975272020724,945296
17586,138975272075373,138975273020798,945425
17587,138975273075298,138975274020816,945518
17588,138975274075205,138975275020612,945407
17589,138975275075168,138975276020593,945425
17590,138975276075130,138975277020575,945445
17591,138975277075037,138975278020611,945574
17592,138975278074982,138975279020241,945259
17593,138975279074926,138975280020296,945370
17594,138975280074851,138975281020110,945259
17595,138975281074795,138975282020332,945537
17596,138975282074721,138975283020110,945389
17597,138975283074647,138975284019998,945351
17598,138975284074609,138975285020813,946204
17599,138975285074535,138975286019905,945370
17600,138975286074423,138975287019590,945167
17601,138975287074386,138975288019997,945611
17602,138975288074330,138975289019663,945333
17603,138975289074256,138975290019700,945444
17604,138975290074181,138975291019533,945352
17605,138975291074125,138975292019384,945259
17606,138975292074088,138975293019588,945500
17607,138975293073995,138975294019680,945685
17608,138975294073958,138975295019365,945407
17609,138975295073883,138975296022439,948556
17610,138975296073846,138975297019568,945722
17611,138975297073716,138975298019179,945463
17612,138975298073660,138975299019012,945352
17613,138975299073604,138975300019363,945759
17614,138975300073567,138975301018992,945425
17615,138975301073455,138975302018992,945537
17616,138975302073436,138975303018825,945389
17617,138975303073362,138975304018658,945296
17618,138975304073325,138975305019343,946018
17619,138975305073232,138975306018806,945574
17620,138975306073157,138975307018694,945537
17621,138975307073046,138975308018638,945592
17622,138975308073046,138975309018656,945610
17623,138975309072953,138975310018508,945555
17624,138975310072878,138975311018137,945259
17625,138975311072822,138975312018489,945667
17626,138975312072785,138975313018211,945426
17627,138975313072729,138975314018266,945537
17628,138975314072636,138975315018062,945426
17629,138975315072562,138975316017876,945314
17630,138975316072524,138975317018006,945482
17631,138975317072450,138975318017857,945407
17632,138975318072357,138975319017838,945481
17633,138975319072283,138975320017653,945370
17634,138975320072245,138975321017800,945555
17635,138975321072152,138975322017726,945574
17636,138975322072096,138975323017392,945296
17637,138975323072041,138975324017559,945518
17638,138975324071985,138975325017910,945925
17639,138975325071929,138975326017373,945444
17640,138975326071836,138975327017280,945444
17641,138975327071761,138975328017335,945574
17642,138975328071743,138975329017187,945444
17643,138975329071650,138975330017094,945444
17644,138975330071575,138975331016853,945278
17645,138975331071519,138975332017000,945481
17646,138975332071482,138975333017000,945518
17647,138975333071389,138975334016963,945574
17648,138975334071315,138975335016814,945499
17649,138975335071259,138975336016684,945425
17650,138975336071221,138975337016591,945370
17651,138975337071128,138975338016517,945389
17652,138975338071073,138975339016294,945221
17653,138975339070980,138975340016276,945296
17654,138975340070961,138975341016349,945388
17655,138975341070868,138975342016312,945444
17656,138975342070793,138975343016589,945796
17657,138975343070719,138975344016256,945537
17658,138975344070663,138975345016570,945907
17659,138975345070607,138975346016014,945407
17660,138975346070514,138975347015866,945352
17661,138975347070477,138975348016106,945629
17662,138975348070440,138975349015847,945407
17663,138975349070365,138975350015846,945481
17664,138975350070272,138975351015568,945296
17665,138975351070216,138975352015772,945556
17666,138975352070160,138975353015623,945463
17667,138975353070086,138975354015567,945481
17668,138975354070030,138975355015363,945333
17669,138975355069937,138975356015252,945315
17670,138975356069881,138975357015362,945481
17671,138975357069788,138975358015121,945333
17672,138975358069732,138975359015010,945278
17673,138975359069695,138975360015195,945500
17674,138975360069639,138975361014750,945111
17675,138975361069583,138975362015064,945481
17676,138975362069509,138975363014768,945259
17677,138975363069434,138975364014768,945334
17678,138975364069379,138975365015434,946055
17679,138975365069304,138975366014896,945592
17680,138975366069230,138975367014526,945296
17681,138975367069155,138975368014544,945389
17682,138975368069099,138975369014655,945556
17683,138975369069025,138975370014210,945185
17684,138975370068969,138975371014728,945759
17685,138975371068913,138975372014506,945593
17686,138975372068876,138975373014357,945481
17687,138975373068764,138975374014283,945519
17688,138975374068709,138975375014245,945536
17689,138975375068653,138975376014189,945536
17690,138975376068578,138975377014022,945444
17691,138975377068504,138975378014022,945518
17692,138975378068448,138975379013966,945518
17693,138975379068374,138975380013762,945388
17694,138975380068318,138975381013836,945518
17695,138975381068225,138975382013743,945518
17696,138975382068169,138975383013631,945462
17697,138975383068113,138975384013779,945666
17698,138975384068094,138975385014260,946166
17699,138975385068020,138975386013260,945240
17700,138975386067945,138975387013297,945352
17701,138975387067852,138975388013204,945352
17702,138975388067796,138975389013500,945704
17703,138975389067704,138975390013240,945536
17704,138975390067685,138975391013221,945536
17705,138975391067592,138975392012962,945370
17706,138975392067536,138975393013054,945518
17707,138975393067443,138975394013091,945648
17708,138975394067387,138975395012794,945407
17709,138975395067368,138975396012923,945555
17710,138975396067294,138975397012756,945462
17711,138975397067201,138975398012719,945518
17712,138975398067145,138975399012719,945574
17713,138975399067071,138975400012755,945684
17714,138975400067015,138975401012477,945462
17715,138975401066940,138975402012440,945500
17716,138975402066884,138975403012291,945407
17717,138975403066791,138975404012254,945463
17718,138975404066754,138975405012680,945926
17719,138975405066698,138975406012087,945389
17720,138975406066624,138975407012198,945574
17721,138975407066568,138975408011956,945388
17722,138975408066512,138975409012104,945592
17723,138975409066438,138975410011771,945333
17724,138975410066363,138975411011937,945574
17725,138975411066289,138975412011844,945555
17726,138975412066251,138975413011603,945352
17727,138975413066177,138975414011528,945351
17728,138975414066121,138975415011695,945574
17729,138975415066028,138975416011565,945537
17730,138975416065972,138975417011379,945407
17731,138975417065898,138975418011472,945574
17732,138975418065842,138975419011397,945555
17733,138975419065768,138975420011619,945851
17734,138975420065749,138975421011045,945296
17735,138975421065619,138975422010896,945277
17736,138975422065563,138975423011025,945462
17737,138975423065507,138975424011618,946111
17738,138975424065470,138975425011636,946166
17739,138975425065377,138975426011247,945870
17740,138975426065321,138975427010543,945222
17741,138975427065228,138975428011487,946259
17742,138975428065209,138975429010523,945314
17743,138975429065097,138975430010412,945315
17744,138975430065042,138975431010578,945536
17745,138975431065004,138975432011467,946463
17746,138975432064967,138975433010467,945500
17747,138975433064874,138975434010429,945555
17748,138975434064800,138975435010355,945555
17749,138975435064725,138975436011280,946555
17750,138975436064706,138975437010354,945648
17751,138975437064595,138975438010187,945592
17752,138975438064520,138975439009965,945445
17753,138975439064483,138975440011298,946815
17754,138975440064464,138975441010149,945685
17755,138975441064334,138975442009741,945407
17756,138975442064260,138975443009778,945518
17757,138975443064204,138975444010833,946629
17758,138975444064185,138975445010314,946129
17759,138975445064092,138975446009573,945481
17760,138975446063999,138975447009388,945389
17761,138975447063962,138975448011406,947444
17762,138975448063924,138975449009294,945370
17763,138975449063776,138975450009405,945629
17764,138975450063720,138975451009201,945481
17765,138975451063664,138975452010590,946926
17766,138975452063645,138975453009089,945444
17767,138975453063552,138975454009052,945500
17768,138975454063496,138975455009089,945593
17769,138975455063422,138975456009811,946389
17770,138975456063385,138975457008718,945333
17771,138975457063292,138975458008847,945555
17772,138975458063217,138975459008587,945370
17773,138975459063143,138975460009791,946648
17774,138975460063143,138975461008568,945425
17775,138975461063013,138975462008457,945444
17776,138975462062957,138975463008234,945277
17777,138975463062901,138975464009586,946685
17778,138975464062882,138975465008956,946074
17779,138975465062808,138975466008233,945425
17780,138975466062696,138975467008363,945667
17781,138975467062622,138975468009325,946703
17782,138975468062640,138975469008214,945574
17783,138975469062510,138975470007973,945463
17784,138975470062436,138975471007824,945388
17785,138975471062361,138975472008972,946611
17786,138975472062361,138975473007786,945425
17787,138975473062231,138975474007619,945388
17788,138975474062175,138975475007582,945407
17789,138975475062101,138975476008656,946555
17790,138975476062100,138975477007396,945296
17791,138975477061989,138975478007340,945351
17792,138975478061914,138975479007414,945500
17793,138975479061840,138975480008432,946592
17794,138975480061840,138975481007117,945277
17795,138975481061710,138975482007080,945370
17796,138975482061654,138975483007135,945481
17797,138975483061598,138975484008172,946574
17798,138975484061560,138975485007542,945982
17799,138975485061468,138975486006912,945444
17800,138975486061393,138975487006967,945574
17801,138975487061319,138975488008207,946888
17802,138975488061318,138975489006707,945389
17803,138975489061225,138975490006558,945333
17804,138975490061114,138975491006429,945315
17805,138975491061058,138975492007724,946666
17806,138975492061058,138975493006669,945611
17807,138975493060928,138975494006687,945759
17808,138975494060872,138975495006427,945555
17809,138975495060798,138975496007353,946555
17810,138975496060779,138975497006260,945481
17811,138975497060667,138975498006000,945333
17812,138975498060611,138975499006130,945519
17813,138975499060537,138975500007166,946629
17814,138975500060537,138975501006184,945647
17815,138975501060407,138975502006036,945629
17816,138975502060351,138975503005813,945462
17817,138975503060295,138975504007146,946851
17818,138975504060276,138975505006239,945963
17819,138975505060146,138975506005535,945389
17820,138975506060090,138975507005553,945463
17821,138975507059997,138975508006478,946481
17822,138975508059997,138975509005571,945574
17823,138975509059885,138975510005478,945593
17824,138975510059811,138975511005181,945370
17825,138975511059774,138975512006440,946666
17826,138975512059736,138975513005310,945574
17827,138975513059643,138975514005180,945537
17828,138975514059569,138975515005420,945851
17829,138975515059513,138975516006050,946537
17830,138975516059476,138975517005068,945592
17831,138975517059364,138975518004901,945537
17832,138975518059290,138975519004660,945370
17833,138975519059234,138975520005808,946574
17834,138975520059197,138975521004548,945351
17835,138975521059104,138975522004751,945647
17836,138975522059029,138975523004307,945278
17837,138975523058992,138975524005714,946722
17838,138975524058991,138975525004880,945889
17839,138975525058862,138975526004324,945462
17840,138975526058769,138975527004287,945518
17841,138975527058713,138975528005564,946851
17842,138975528058694,138975529004305,945611
17843,138975529058582,138975530003878,945296
17844,138975530058526,138975531004045,945519
17845,138975531058452,138975532005100,946648
17846,138975532058433,138975533004063,945630
17847,138975533058322,138975534003673,945351
17848,138975534058266,138975535004136,945870
17849,138975535058191,138975536005099,946908
17850,138975536058173,138975537003543,945370
17851,138975537058061,138975538004061,946000
17852,138975538057987,138975539003653,945666
17853,138975539057931,138975540004579,946648
17854,138975540057931,138975541003560,945629
17855,138975541057801,138975542003522,945721
17856,138975542057726,138975543003207,945481
17857,138975543057670,138975544004837,947167
17858,138975544057651,138975545003410,945759
17859,138975545057540,138975546003391,945851
17860,138975546057466,138975547003373,945907
17861,138975547057428,138975548004206,946778
17862,138975548057391,138975549003020,945629
17863,138975549057261,138975550003038,945777
17864,138975550057223,138975551002668,945445
17865,138975551057149,138975552004297,947148
17866,138975552057112,138975553002908,945796
17867,138975553057019,138975554002574,945555
17868,138975554056944,138975555002333,945389
17869,138975555056888,138975556003721,946833
17870,138975556056851,138975557002499,945648
17871,138975557056758,138975558002276,945518
17872,138975558056702,138975559002295,945593
17873,138975559056628,138975560003313,946685
17874,138975560056609,138975561002257,945648
17875,138975561056498,138975562002016,945518
17876,138975562056442,138975563001589,945147
17877,138975563056367,138975564004793,948426
17878,138975564056348,138975565002089,945741
17879,138975565056218,138975566001829,945611
17880,138975566056163,138975567001551,945388
17881,138975567056088,138975568003347,947259
17882,138975568056069,138975569001791,945722
17883,138975569055958,138975570001309,945351
17884,138975570055920,138975571001809,945889
17885,138975571055865,138975572002586,946721
17886,138975572055809,138975573001456,945647
17887,138975573055734,138975574001178,945444
17888,138975574055660,138975575001122,945462
17889,138975575055585,138975576003881,948296
17890,138975576055548,138975577001066,945518
17891,138975577055455,138975578001029,945574
17892,138975578055381,138975579000880,945499
17893,138975579055325,138975580002639,947314
17894,138975580055269,138975581000935,945666
17895,138975581055213,138975582000528,945315
17896,138975582055120,138975583000638,945518
17897,138975583055046,138975584004082,949036
17898,138975584055008,138975585000915,945907
17899,138975585054952,138975586000397,945445
17900,138975586054878,138975587000433,945555
17901,138975587054785,138975588001674,946889
17902,138975588054766,138975589000451,945685
17903,138975589054655,138975590000210,945555
17904,138975590054580,138975591000080,945500
17905,138975591054524,138975592001395,946871
17906,138975592054487,138975593000635,946148
17907,138975593054413,138975593999875,945462
17908,138975594054357,138975594999986,945629
17909,138975595054301,138975596001560,947259
17910,138975596054227,138975596999985,945758
17911,138975597054152,138975597999689,945537
17912,138975598054096,138975598999577,945481
17913,138975599054003,138975599999466,945463
17914,138975600053966,138975600999632,945666
17915,138975601053873,138975601999465,945592
17916,138975602053817,138975602999465,945648
17917,138975603053743,138975603999094,945351
17918,138975604053705,138975604999594,945889
17919,138975605053631,138975605999186,945555
17920,138975606053556,138975606999019,945463
17921,138975607053501,138975607998797,945296
17922,138975608053463,138975608999222,945759
17923,138975609053370,138975609998777,945407
17924,138975610053296,138975610998814,945518
17925,138975611053221,138975611998758,945537
17926,138975612053203,138975612998906,945703
17927,138975613053091,138975613998758,945667
17928,138975614053035,138975614998720,945685
17929,138975615052979,138975615999053,946074
17930,138975616052961,138975616998886,945925
17931,138975617052849,138975617998386,945537
17932,138975618052775,138975618998182,945407
17933,138975619052719,138975619998441,945722
17934,138975620052681,138975620998533,945852
17935,138975621052570,138975621998162,945592
17936,138975622052496,138975622998125,945629
17937,138975623052440,138975623998125,945685
17938,138975624052402,138975624998124,945722
17939,138975625052328,138975625997865,945537
17940,138975626052253,138975626997716,945463
17941,138975627052161,138975627998105,945944
17942,138975628052142,138975628997734,945592
17943,138975629052067,138975629997530,945463
17944,138975630051993,138975630997678,945685
17945,138975631051937,138975631997400,945463
17946,138975632051881,138975632998010,946129
17947,138975633051807,138975633997343,945536
17948,138975634051732,138975634997158,945426
17949,138975635051676,138975635997843,946167
17950,138975636051639,138975636997361,945722
17951,138975637051509,138975637997083,945574
17952,138975638051453,138975638997064,945611
17953,138975639051379,138975639997027,945648
17954,138975640051378,138975640997267,945889
17955,138975641051267,138975641996767,945500
17956,138975642051211,138975642996748,945537
17957,138975643051155,138975643996599,945444
17958,138975644051099,138975644996932,945833
17959,138975645051025,138975645996839,945814
17960,138975646050969,138975646996450,945481
17961,138975647050895,138975647996561,945666
17962,138975648050876,138975648994801,943925
17963,138975649050727,138975649996319,945592
17964,138975650050690,138975650996264,945574
17965,138975651050615,138975651995911,945296
17966,138975652050560,138975652996356,945796
17967,138975653050504,138975653996281,945777
17968,138975654050448,138975654995725,945277
17969,138975655050355,138975655996317,945962
17970,138975656050317,138975656996354,946037
17971,138975657050225,138975657995909,945684
17972,138975658050169,138975658995631,945462
17973,138975659050094,138975659995520,945426
17974,138975660050057,138975660995964,945907
17975,138975661049945,138975661995575,945630
17976,138975662049890,138975662995352,945462
17977,138975663049834,138975663995204,945370
17978,138975664049796,138975664995518,945722
17979,138975665049722,138975665995259,945537
17980,138975666049629,138975666994777,945148
17981,138975667049573,138975667994962,945389
17982,138975668049536,138975668995146,945610
17983,138975669049461,138975669994998,945537
17984,138975670049368,138975670994886,945518
17985,138975671049312,138975671994775,945463
17986,138975672049257,138975672994923,945666
17987,138975673049182,138975673994478,945296
17988,138975674049108,138975674994515,945407
17989,138975675049089,138975675995051,945962
17990,138975676049014,138975676994755,945741
17991,138975677048921,138975677994421,945500
17992,138975678048866,138975678994384,945518
17993,138975679048791,138975679994272,945481
17994,138975680048754,138975680994550,945796
17995,138975681048661,138975681994272,945611
17996,138975682048605,138975682993957,945352
17997,138975683048512,138975683994049,945537
17998,138975684048493,138975684995085,946592
17999,138975685048382,138975685993993,945611
18000,138975686048326,138975686993603,945277
18001,138975687048288,138975687993788,945500
18002,138975688048233,138975688993973,945740
18003,138975689048158,138975689993491,945333
18004,138975690048065,138975690993417,945352
18005,138975691048009,138975691993509,945500
18006,138975692047953,138975692993601,945648
18007,138975693047879,138975693993342,945463
18008,138975694047805,138975694993230,945425
18009,138975695047767,138975695993582,945815
18010,138975696047711,138975696993489,945778
18011,138975697047600,138975697993063,945463
18012,138975698047526,138975698992896,945370
18013,138975699047507,138975699992969,945462
18014,138975700047451,138975700992969,945518
18015,138975701047376,138975701992802,945426
18016,138975702047302,138975702992839,945537
18017,138975703047228,138975703992709,945481
18018,138975704047172,138975704993560,946388
18019,138975705047079,138975705992634,945555
18020,138975706047023,138975706992393,945370
18021,138975707046930,138975707992281,945351
18022,138975708046930,138975708992503,945573
18023,138975709046818,138975709992188,945370
18024,138975710046762,138975710991984,945222
18025,138975711046706,138975711992150,945444
18026,138975712046669,138975712992039,945370
18027,138975713046576,138975713992168,945592
18028,138975714046502,138975714991816,945314
18029,138975715046446,138975715992520,946074
18030,138975716046427,138975716992149,945722
18031,138975717046297,138975717991667,945370
18032,138975718046223,138975718991574,945351
18033,138975719046167,138975719992074,945907
18034,138975720046148,138975720991814,945666
18035,138975721046036,138975721991610,945574
18036,138975722045999,138975722991295,945296
18037,138975723045925,138975723991387,945462
18038,138975724045850,138975724991313,945463
18039,138975725045813,138975725991442,945629
18040,138975726045738,138975726991201,945463
18041,138975727045664,138975727991108,945444
18042,138975728045627,138975728991330,945703
18043,138975729045552,138975729990959,945407
18044,138975730045459,138975730990959,945500
18045,138975731045403,138975731990866,945463
18046,138975732045329,138975732991143,945814
18047,138975733045255,138975733990939,945684
18048,138975734045217,138975734990513,945296
18049,138975735045161,138975735991420,946259
18050,138975736045105,138975736990661,945556
18051,138975737045031,138975737990605,945574
18052,138975738044938,138975738990549,945611
18053,138975739044882,138975739990234,945352
18054,138975740044826,138975740990548,945722
18055,138975741044733,138975741990289,945556
18056,138975742044677,138975742990085,945408
18057,138975743044584,138975743989917,945333
18058,138975744044566,138975744990362,945796
18059,138975745044473,138975745990046,945573
18060,138975746044435,138975746989657,945222
18061,138975747044361,138975747989787,945426
18062,138975748044305,138975748990008,945703
18063,138975749044231,138975749989564,945333
18064,138975750044156,138975750989748,945592
18065,138975751044100,138975751989693,945593
18066,138975752044026,138975752989637,945611
18067,138975753043970,138975753989322,945352
18068,138975754043896,138975754989414,945518
18069,138975755043803,138975755989784,945981
18070,138975756043765,138975756989635,945870
18071,138975757043728,138975757989191,945463
18072,138975758043672,138975758988894,945222
18073,138975759043598,138975759989282,945684
18074,138975760043523,138975760989301,945778
18075,138975761043449,138975761988800,945351
18076,138975762043374,138975762988726,945352
18077,138975763043300,138975763988689,945389
18078,138975764043263,138975764988873,945610
18079,138975765043151,138975765988577,945426
18080,138975766043132,138975766988502,945370
18081,138975767043039,138975767988298,945259
18082,138975768043002,138975768988483,945481
18083,138975769042928,138975769988390,945462
18084,138975770042853,138975770988242,945389
18085,138975771042779,138975771988297,945518
18086,138975772042741,138975772988463,945722
18087,138975773042648,138975773988000,945352
18088,138975774042574,138975774988333,945759
18089,138975775042518,138975775988462,945944
18090,138975776042499,138975776988184,945685
18091,138975777042388,138975777987906,945518
18092,138975778042332,138975778987943,945611
18093,138975779042258,138975779987628,945370
18094,138975780042220,138975780987775,945555
18095,138975781042127,138975781987701,945574
18096,138975782042090,138975782987571,945481
18097,138975783041997,138975783987274,945277
18098,138975784041960,138975784987793,945833
18099,138975785041867,138975785987292,945425
18100,138975786041811,138975786987125,945314
18101,138975787041755,138975787987532,945777
18102,138975788041699,138975788987310,945611
18103,138975789041606,138975789987106,945500
18104,138975790041532,138975790987383,945851
18105,138975791041476,138975791986957,945481
18106,138975792041420,138975792987012,945592
18107,138975793041364,138975793986808,945444
18108,138975794041290,138975794986678,945388
18109,138975795041234,138975795987641,946407
18110,138975796041159,138975796986752,945593
18111,138975797041103,138975797987010,945907
18112,138975798041029,138975798986492,945463
18113,138975799040955,138975799986362,945407
18114,138975800040917,138975800986732,945815
18115,138975801040824,138975801986379,945555
18116,138975802040731,138975802986231,945500
18117,138975803040694,138975803986249,945555
18118,138975804040638,138975804986249,945611
18119,138975805040582,138975805986174,945592
18120,138975806040508,138975806985933,945425
18121,138975807040433,138975807985859,945426
18122,138975808040377,138975808986266,945889
18123,138975809040322,138975809985692,945370
18124,138975810040229,138975810985673,945444
18125,138975811040173,138975811985450,945277
18126,138975812040117,138975812985783,945666
18127,138975813040024,138975813985561,945537
18128,138975814039968,138975814985486,945518
18129,138975815039912,138975815985801,945889
18130,138975816039893,138975816985652,945759
18131,138975817039800,138975817985448,945648
18132,138975818039726,138975818985263,945537
18133,138975819039652,138975819985207,945555
18134,138975820039614,138975820985169,945555
18135,138975821039521,138975821984873,945352
18136,138975822039465,138975822984909,945444
18137,138975823039409,138975823985187,945778
18138,138975824039335,138975824984853,945518
18139,138975825039261,138975825984612,945351
18140,138975826039186,138975826984278,945092
18141,138975827039130,138975827984463,945333
18142,138975828039093,138975828984833,945740
18143,138975829039019,138975829984685,945666
18144,138975830038963,138975830984333,945370
18145,138975831038888,138975831984462,945574
18146,138975832038832,138975832984702,945870
18147,138975833038758,138975833984091,945333
18148,138975834038665,138975834984146,945481
18149,138975835038609,138975835983998,945389
18150,138975836038535,138975836984312,945777
18151,138975837038460,138975837983756,945296
18152,138975838038386,138975838983867,945481
18153,138975839038367,138975839983700,945333
18154,138975840038367,138975840983922,945555
18155,138975841038237,138975841983810,945573
18156,138975842038144,138975842983495,945351
18157,138975843038088,138975843983532,945444
18158,138975844038032,138975844983791,945759
18159,138975845037958,138975845983383,945425
18160,138975846037883,138975846983383,945500
18161,138975847037809,138975847983308,945499
18162,138975848037753,138975848983493,945740
18163,138975849037678,138975849982937,945259
18164,138975850037623,138975850982956,945333
18165,138975851037567,138975851982937,945370
18166,138975852037529,138975852982992,945463
18167,138975853037455,138975853982918,945463
18168,138975854037362,138975854983065,945703
18169,138975855037325,138975855982806,945481
18170,138975856037250,138975856982917,945667
18171,138975857037176,138975857982675,945499
18172,138975858037101,138975858982508,945407
18173,138975859037027,138975859982471,945444
18174,138975860037008,138975860982545,945537
18175,138975861036897,138975861982248,945351
18176,138975862036841,138975862982155,945314
18177,138975863036785,138975863982562,945777
18178,138975864036710,138975864982247,945537
18179,138975865036655,138975865982228,945573
18180,138975866036599,138975866982839,946240
18181,138975867036543,138975867981728,945185
18182,138975868036468,138975868982413,945945
18183,138975869036394,138975869981579,945185
18184,138975870036320,138975870981560,945240
18185,138975871036245,138975871981634,945389
18186,138975872036208,138975872982189,945981
18187,138975873036133,138975873981411,945278
18188,138975874036059,138975874981522,945463
18189,138975875036003,138975875981503,945500
18190,138975876035947,138975876981428,945481
18191,138975877035891,138975877981428,945537
18192,138975878035780,138975878981150,945370
18193,138975879035724,138975879981501,945777
18194,138975880035687,138975880981408,945721
18195,138975881035594,138975881980890,945296
18196,138975882035519,138975882980908,945389
18197,138975883035463,138975883980963,945500
18198,138975884035426,138975884981277,945851
18199,138975885035352,138975885980851,945499
18200,138975886035296,138975886981443,946147
18201,138975887035240,138975887980425,945185
18202,138975888035165,138975888980795,945630
18203,138975889035091,138975889980757,945666
18204,138975890035017,138975890980535,945518
18205,138975891034942,138975891980423,945481
18206,138975892034905,138975892981034,946129
18207,138975893034830,138975893980404,945574
18208,138975894034756,138975894980163,945407
18209,138975895034682,138975895980292,945610
18210,138975896034626,138975896980255,945629
18211,138975897034551,138975897980403,945852
18212,138975898034495,138975898979976,945481
18213,138975899034439,138975899979902,945463
18214,138975900034402,138975900980309,945907
18215,138975901034328,138975901979790,945462
18216,138975902034235,138975902979975,945740
18217,138975903034160,138975903979790,945630
18218,138975904034123,138975904979845,945722
18219,138975905034030,138975905979567,945537
18220,138975906033956,138975906980215,946259
18221,138975907033900,138975907979455,945555
18222,138975908033844,138975908979455,945611
18223,138975909033751,138975909979325,945574
18224,138975910033732,138975910979195,945463
18225,138975911033639,138975911979176,945537
18226,138975912033602,138975912979342,945740
18227,138975913033527,138975913978879,945352
18228,138975914033453,138975914978953,945500
18229,138975915033397,138975915978712,945315
18230,138975916033341,138975916979211,945870
18231,138975917033267,138975917978915,945648
18232,138975918033192,138975918978803,945611
18233,138975919033136,138975919978544,945408
18234,138975920033062,138975920978914,945852
18235,138975921032988,138975921978469,945481
18236,138975922032932,138975922978431,945499
18237,138975923032876,138975923978301,945425
18238,138975924032820,138975924978486,945666
18239,138975925032727,138975925978153,945426
18240,138975926032671,138975926978486,945815
18241,138975927032615,138975927977967,945352
18242,138975928032559,138975928978244,945685
18243,138975929032485,138975929978225,945740
18244,138975930032410,138975930977762,945352
18245,138975931032318,138975931977854,945536
18246,138975932032262,138975932978076,945814
18247,138975933032206,138975933977594,945388
18248,138975934032168,138975934977575,945407
18249,138975935032094,138975935977557,945463
18250,138975936032038,138975936977704,945666
18251,138975937031964,138975937977574,945610
18252,138975938031889,138975938977445,945556
18253,138975939031833,138975939977463,945630
18254,138975940031759,138975940977333,945574
18255,138975941031685,138975941977240,945555
18256,138975942031629,138975942977258,945629
18257,138975943031554,138975943977072,945518
18258,138975944031498,138975944977387,945889
18259,138975945031424,138975945976905,945481
18260,138975946031368,138975946977534,946166
18261,138975947031294,138975947976867,945573
18262,138975948031238,138975948976849,945611
18263,138975949031163,138975949976682,945519
18264,138975950031107,138975950976663,945556
18265,138975951031033,138975951976496,945463
18266,138975952030977,138975952976514,945537
18267,138975953030884,138975953976439,945555
18268,138975954030828,138975954976458,945630
18269,138975955030772,138975955976568,945796
18270,138975956030717,138975956976587,945870
18271,138975957030661,138975957976197,945536
18272,138975958030586,138975958976234,945648
18273,138975959030512,138975959975974,945462
18274,138975960030474,138975960976159,945685
18275,138975961030400,138975961975937,945537
18276,138975962030307,138975962975770,945463
18277,138975963030270,138975963975362,945092
18278,138975964030195,138975964975880,945685
18279,138975965030121,138975965975584,945463
18280,138975966030028,138975966976120,946092
18281,138975967029991,138975967975564,945573
18282,138975968029916,138975968975490,945574
18283,138975969029879,138975969975267,945388
18284,138975970029804,138975970975304,945500
18285,138975971029730,138975971975193,945463
18286,138975972029674,138975972975470,945796
18287,138975973029600,138975973975248,945648
18288,138975974029525,138975974974895,945370
18289,138975975029451,138975975975154,945703
18290,138975976029414,138975976975061,945647
18291,138975977029339,138975977974728,945389
18292,138975978029265,138975978974653,945388
18293,138975979029190,138975979974579,945389
18294,138975980029190,138975980974856,945666
18295,138975981029097,138975981974652,945555
18296,138975982029023,138975982974522,945499
18297,138975983028930,138975983974281,945351
18298,138975984028911,138975984974929,946018
18299,138975985028818,138975985974318,945500
18300,138975986028669,138975986974632,945963
18301,138975987028688,138975987974002,945314
18302,138975988028632,138975988974335,945703
18303,138975989028557,138975989973872,945315
18304,138975990028483,138975990973797,945314
18305,138975991028408,138975991973927,945519
18306,138975992028371,138975992974130,945759
18307,138975993028297,138975993974019,945722
18308,138975994028204,138975994973537,945333
18309,138975995028148,138975995973351,945203
18310,138975996028111,138975996973869,945758
18311,138975997028055,138975997973610,945555
18312,138975998027962,138975998973091,945129
18313,138975999027906,138975999973220,945314
18314,138976000027868,138976000973572,945704
18315,138976001027776,138976001973201,945425
18316,138976002027683,138976002973164,945481
18317,138976003027608,138976003973071,945463
18318,138976004027589,138976004973219,945630
18319,138976005027515,138976005973070,945555
18320,138976006027440,138976006973329,945889
18321,138976007027385,138976007972792,945407
18322,138976008027329,138976008973106,945777
18323,138976009027254,138976009972680,945426
18324,138976010027180,138976010972698,945518
18325,138976011027124,138976011972587,945463
18326,138976012027068,138976012972771,945703
18327,138976013026957,138976013972419,945462
18328,138976014026901,138976014972252,945351
18329,138976015026845,138976015972270,945425
18330,138976016026826,138976016972678,945852
18331,138976017026752,138976017972159,945407
18332,138976018026659,138976018972047,945388
18333,138976019026603,138976019971991,945388
18334,138976020026547,138976020972047,945500
18335,138976021026454,138976021972009,945555
18336,138976022026398,138976022971638,945240
18337,138976023026324,138976023971731,945407
18338,138976024026268,138976024972082,945814
18339,138976025026212,138976025971786,945574
18340,138976026026137,138976026972193,946056
18341,138976027026082,138976027971563,945481
18342,138976028026044,138976028971674,945630
18343,138976029025933,138976029971099,945166
18344,138976030025858,138976030971525,945667
18345,138976031025802,138976031970913,945111
18346,138976032025747,138976032971746,945999
18347,138976033025691,138976033971394,945703
18348,138976034025598,138976034971153,945555
18349,138976035025542,138976035971116,945574
18350,138976036025504,138976036971356,945852
18351,138976037025412,138976037970837,945425
18352,138976038025337,138976038970707,945370
18353,138976039025281,138976039970744,945463
18354,138976040025262,138976040971281,946019
18355,138976041025169,138976041970577,945408
18356,138976042025095,138976042970613,945518
18357,138976043025021,138976043970280,945259
18358,138976044024983,138976044970927,945944
18359,138976045024909,138976045970390,945481
18360,138976046024834,138976046970742,945908
18361,138976047024779,138976047970408,945629
18362,138976048024686,138976048970445,945759
18363,138976049024630,138976049970407,945777
18364,138976050024574,138976050970018,945444
18365,138976051024499,138976051969944,945445
18366,138976052024425,138976052970017,945592
18367,138976053024406,138976053969739,945333
18368,138976054024313,138976054969665,945352
18369,138976055024239,138976055969794,945555
18370,138976056024201,138976056970016,945815
18371,138976057024127,138976057969830,945703
18372,138976058024034,138976058969515,945481
18373,138976059023978,138976059969182,945204
18374,138976060023941,138976060969552,945611
18375,138976061023866,138976061969144,945278
18376,138976062023792,138976062969236,945444
18377,138976063023736,138976063969291,945555
18378,138976064023699,138976064969384,945685
18379,138976065023587,138976065969198,945611
18380,138976066023531,138976066969642,946111
18381,138976067023476,138976067968883,945407
18382,138976068023420,138976068969290,945870
18383,138976069023327,138976069968882,945555
18384,138976070023271,138976070968919,945648
18385,138976071023196,138976071968715,945519
18386,138976072023141,138976072969048,945907
18387,138976073023085,138976073968677,945592
18388,138976074023010,138976074968751,945741
18389,138976075022936,138976075968565,945629
18390,138976076022898,138976076968713,945815
18391,138976077022805,138976077968472,945667
18392,138976078022768,138976078968212,945444
18393,138976079022694,138976079968101,945407
18394,138976080022638,138976080968323,945685
18395,138976081022563,138976081968063,945500
18396,138976082022489,138976082967822,945333
18397,138976083022415,138976083967896,945481
18398,138976084022359,138976084967877,945518
18399,138976085022284,138976085967747,945463
18400,138976086022210,138976086968358,946148
18401,138976087022173,138976087967672,945499
18402,138976088022098,138976088967931,945833
18403,138976089022042,138976089967505,945463
18404,138976090021986,138976090967523,945537
18405,138976091021893,138976091967338,945445
18406,138976092021837,138976092967726,945889
18407,138976093021763,138976093967059,945296
18408,138976094021689,138976094967207,945518
18409,138976095021633,138976095967299,945666
18410,138976096021577,138976096967465,945888
18411,138976097021521,138976097967002,945481
18412,138976098021428,138976098966965,945537
18413,138976099021372,138976099966761,945389
18414,138976100021335,138976100967131,945796
18415,138976101021242,138976101966575,945333
18416,138976102021167,138976102966630,945463
18417,138976103021112,138976103966611,945499
18418,138976104021056,138976104966815,945759
18419,138976105020981,138976105966425,945444
18420,138976106020907,138976106966740,945833
18421,138976107020851,138976107966591,945740
18422,138976108020795,138976108966535,945740
18423,138976109020721,138976109966906,946185
18424,138976110020665,138976110966035,945370
18425,138976111020590,138976111967034,946444
18426,138976112020720,138976112968034,947314
18427,138976113020608,138976113965923,945315
18428,138976114020404,138976114965959,945555
18429,138976115020330,138976115966107,945777
18430,138976116020292,138976116966403,946111
18431,138976117020218,138976117965736,945518
18432,138976118020144,138976118965625,945481
18433,138976119020088,138976119965587,945499
18434,138976120020013,138976120965976,945963
18435,138976121019920,138976121965364,945444
18436,138976122019864,138976122965401,945537
18437,138976123019809,138976123965586,945777
18438,138976124019790,138976124965530,945740
18439,138976125019678,138976125965289,945611
18440,138976126019604,138976126964881,945277
18441,138976127019548,138976127965270,945722
18442,138976128019492,138976128965807,946315
18443,138976129019399,138976129964973,945574
18444,138976130019343,138976130964936,945593
18445,138976131019287,138976131964843,945556
18446,138976132019213,138976132964842,945629
18447,138976133019139,138976133964694,945555
18448,138976134019083,138976134964527,945444
18449,138976135019027,138976135964545,945518
18450,138976136018952,138976136964656,945704
18451,138976137018896,138976137964748,945852
18452,138976138018822,138976138964433,945611
18453,138976139018766,138976139964340,945574
18454,138976140018710,138976140964303,945593
18455,138976141018617,138976141964247,945630
18456,138976142018580,138976142963894,945314
18457,138976143018506,138976143963931,945425
18458,138976144018413,138976144965172,946759
18459,138976145018357,138976145963986,945629
18460,138976146018319,138976146963560,945241
18461,138976147018226,138976147963948,945722
18462,138976148018189,138976148964189,946000
18463,138976149018115,138976149963466,945351
18464,138976150018040,138976150963577,945537
18465,138976151017984,138976151963558,945574
18466,138976152017910,138976152963558,945648
18467,138976153017854,138976153963261,945407
18468,138976154017761,138976154963390,945629
18469,138976155017705,138976155963223,945518
18470,138976156017668,138976156963556,945888
18471,138976157017575,138976157963038,945463
18472,138976158017519,138976158962963,945444
18473,138976159017445,138976159962944,945499
18474,138976160017407,138976160963074,945667
18475,138976161017314,138976161962703,945389
18476,138976162017258,138976162962647,945389
18477,138976163017184,138976163962573,945389
18478,138976164017128,138976164962702,945574
18479,138976165017054,138976165962424,945370
18480,138976166016979,138976166962349,945370
18481,138976167016942,138976167963145,946203
18482,138976168016886,138976168962626,945740
18483,138976169016775,138976169962145,945370
18484,138976170016737,138976170962144,945407
18485,138976171016681,138976171961922,945241
18486,138976172016625,138976172962032,945407
18487,138976173016532,138976173962180,945648
18488,138976174016477,138976174962032,945555
18489,138976175016402,138976175961883,945481
18490,138976176016365,138976176962013,945648
18491,138976177016272,138976177961586,945314
18492,138976178016234,138976178961679,945445
18493,138976179016142,138976179961863,945721
18494,138976180016104,138976180961734,945630
18495,138976181016011,138976181961604,945593
18496,138976182015955,138976182961177,945222
18497,138976183015899,138976183961547,945648
18498,138976184015844,138976184961547,945703
18499,138976185015769,138976185961361,945592
18500,138976186015695,138976186961065,945370
18501,138976187015639,138976187961490,945851
18502,138976188015583,138976188961138,945555
18503,138976189015509,138976189960823,945314
18504,138976190015434,138976190961082,945648
18505,138976191015360,138976191960804,945444
18506,138976192015322,138976192960841,945519
18507,138976193015248,138976193960674,945426
18508,138976194015174,138976194960655,945481
18509,138976195015099,138976195960562,945463
18510,138976196015043,138976196960710,945667
18511,138976197014969,138976197960469,945500
18512,138976198014913,138976198960468,945555
18513,138976199014839,138976199960172,945333
18514,138976200014801,138976200960468,945667
18515,138976201014708,138976201960078,945370
18516,138976202014634,138976202959837,945203
18517,138976203014578,138976203960189,945611
18518,138976204014522,138976204960114,945592
18519,138976205014466,138976205959947,945481
18520,138976206014410,138976206959966,945556
18521,138976207014336,138976207960724,946388
18522,138976208014280,138976208959780,945500
18523,138976209014206,138976209959742,945536
18524,138976210014131,138976210959483,945352
18525,138976211013983,138976211959297,945314
18526,138976212013982,138976212959778,945796
18527,138976213013926,138976213959352,945426
18528,138976214013871,138976214959092,945221
18529,138976215013796,138976215959407,945611
18530,138976216013740,138976216959277,945537
18531,138976217013666,138976217959221,945555
18532,138976218013610,138976218959110,945500
18533,138976219013536,138976219959035,945499
18534,138976220013498,138976220959202,945704
18535,138976221013405,138976221958886,945481
18536,138976222013331,138976222958812,945481
18537,138976223013275,138976223958701,945426
18538,138976224015793,138976224980145,964352
18539,138976225008996,138976225955404,946408
18540,138976226013107,138976226958440,945333
18541,138976227013033,138976227959273,946240
18542,138976228013236,138976228971828,958592
18543,138976229013384,138976229977661,964277
18544,138976230014569,138976230961532,946963
18545,138976231012772,138976231958235,945463
18546,138976232012827,138976232960253,947426
18547,138976233012623,138976233957882,945259
18548,138976234012568,138976234958030,945462
18549,138976235012512,138976235958104,945592
18550,138976236012548,138976236958252,945704
18551,138976237012363,138976237957659,945296
18552,138976238012307,138976238957918,945611
18553,138976239012251,138976239957566,945315
18554,138976240012158,138976240957787,945629
18555,138976241012121,138976241957472,945351
18556,138976242012046,138976242957361,945315
18557,138976243011972,138976243957286,945314
18558,138976244012101,138976244958138,946037
18559,138976245011860,138976245957212,945352
18560,138976246011767,138976246957359,945592
18561,138976247011730,138976247957878,946148
18562,138976248011822,138976248957211,945389
18563,138976249011600,138976249956858,945258
18564,138976250011488,138976250956710,945222
18565,138976251011451,138976251956728,945277
18566,138976252011339,138976252960283,948944
18567,138976253011357,138976253956561,945204
18568,138976254011246,138976254956690,945444
18569,138976255011227,138976255956727,945500
18570,138976256011153,138976256956838,945685
18571,138976257011060,138976257956541,945481
18572,138976258011004,138976258956392,945388
18573,138976259010911,138976259956281,945370
18574,138976260010874,138976260957392,946518
18575,138976261010799,138976261956169,945370
18576,138976262010966,138976262956373,945407
18577,138976263010669,138976263956280,945611
18578,138976264010632,138976264956113,945481
18579,138976265010557,138976265955964,945407
18580,138976266010501,138976266956019,945518
18581,138976267010408,138976267956871,946463
18582,138976268010389,138976268955797,945408
18583,138976269010296,138976269955574,945278
18584,138976270010204,138976270955407,945203
18585,138976271010148,138976271955481,945333
18586,138976272010110,138976272955943,945833
18587,138976273009999,138976273955573,945574
18588,138976274009943,138976274955183,945240
18589,138976275009887,138976275955090,945203
18590,138976276009868,138976276955368,945500
18591,138976277009775,138976277955275,945500
18592,138976278009701,138976278955108,945407
18593,138976279009645,138976279955071,945426
18594,138976280009515,138976280954811,945296
18595,138976281009496,138976281954663,945167
18596,138976282009422,138976282954940,945518
18597,138976283009366,138976283954699,945333
18598,138976284009328,138976284954902,945574
18599,138976285009236,138976285954698,945462
18600,138976286009143,138976286954365,945222
18601,138976287009087,138976287954957,945870
18602,138976288009049,138976288954845,945796
18603,138976289008993,138976289954252,945259
18604,138976290008919,138976290954122,945203
18605,138976291008845,138976291954141,945296
18606,138976292008789,138976292954548,945759
18607,138976293008733,138976293954177,945444
18608,138976294008640,138976294954084,945444
18609,138976295008603,138976295953787,945184
18610,138976296008528,138976296953972,945444
18611,138976297008435,138976297953879,945444
18612,138976298008379,138976298953749,945370
18613,138976299008323,138976299953805,945482
18614,138976300008268,138976300953730,945462
18615,138976301008212,138976301953248,945036
18616,138976302008137,138976302953507,945370
18617,138976303008081,138976303953266,945185
18618,138976304008007,138976304953562,945555
18619,138976305007933,138976305953266,945333
18620,138976306007877,138976306953562,945685
18621,138976307007765,138976307953987,946222
18622,138976308007746,138976308953209,945463
18623,138976309007653,138976309953190,945537
18624,138976310007579,138976310953153,945574
18625,138976311007523,138976311952838,945315
18626,138976312007504,138976312953208,945704
18627,138976313007411,138976313952652,945241
18628,138976314007355,138976314952725,945370
18629,138976315007281,138976315953244,945963
18630,138976316007336,138976316953447,946111
18631,138976317007188,138976317952595,945407
18632,138976318007095,138976318952317,945222
18633,138976319007020,138976319952279,945259
18634,138976320006965,138976320952668,945703
18635,138976321006890,138976321952093,945203
18636,138976322006816,138976322952001,945185
18637,138976323006778,138976323952019,945241
18638,138976324006704,138976324952259,945555
18639,138976325006667,138976325951907,945240
18640,138976326006574,138976326952055,945481
18641,138976327006499,138976327952425,945926
18642,138976328006425,138976328951962,945537
18643,138976329006350,138976329951702,945352
18644,138976330006294,138976330951628,945334
18645,138976331006239,138976331951775,945536
18646,138976332006164,138976332951923,945759
18647,138976333006108,138976333951849,945741
18648,138976334006015,138976334951608,945593
18649,138976335005959,138976335951404,945445
18650,138976336005922,138976336951422,945500
18651,138976337005848,138976337951477,945629
18652,138976338005792,138976338951291,945499
18653,138976339005717,138976339951032,945315
18654,138976340005643,138976340951032,945389
18655,138976341005587,138976341951198,945611
18656,138976342005531,138976342950809,945278
18657,138976343005438,138976343950790,945352
18658,138976344005382,138976344950530,945148
18659,138976345005345,138976345950919,945574
18660,138976346005215,138976346950530,945315
18661,138976347005159,138976347950955,945796
18662,138976348005159,138976348950492,945333
18663,138976349005084,138976349950343,945259
18664,138976350004991,138976350950436,945445
18665,138976351004936,138976351950120,945184
18666,138976352004935,138976352950620,945685
18667,138976353004805,138976353950083,945278
18668,138976354004712,138976354950082,945370
18669,138976355004656,138976355950101,945445
18670,138976356004601,138976356950452,945851
18671,138976357004545,138976357949952,945407
18672,138976358004470,138976358949859,945389
18673,138976359004451,138976359949933,945482
18674,138976360004340,138976360949766,945426
18675,138976361004284,138976361949524,945240
18676,138976362004228,138976362949598,945370
18677,138976363004135,138976363949394,945259
18678,138976364004079,138976364949598,945519
18679,138976365004023,138976365949338,945315
18680,138976366003949,138976366949430,945481
18681,138976367003875,138976367949671,945796
18682,138976368003837,138976368949337,945500
18683,138976369003763,138976369949263,945500
18684,138976370003670,138976370949114,945444
18685,138976371003614,138976371948910,945296
18686,138976372003595,138976372949039,945444
18687,138976373003521,138976373949076,945555
18688,138976374003428,138976374948853,945425
18689,138976375003353,138976375948798,945445
18690,138976376003538,138976376949390,945852
18691,138976377003223,138976377948315,945092
18692,138976378003149,138976378948463,945314
18693,138976379003093,138976379948333,945240
18694,138976380003555,138976380949222,945667
18695,138976381002944,138976381948129,945185
18696,138976382002888,138976382948425,945537
18697,138976383002832,138976383947925,945093
18698,138976384003628,138976384949183,945555
18699,138976385002702,138976385948239,945537
18700,138976386002646,138976386948220,945574
18701,138976387002572,138976387948516,945944
18702,138976388003608,138976388949145,945537
18703,138976389002460,138976389947793,945333
18704,138976390002385,138976390947681,945296
18705,138976391002311,138976391947681,945370
18706,138976392003422,138976392948681,945259
18707,138976393002181,138976393947403,945222
18708,138976394002106,138976394947273,945167
18709,138976395002050,138976395947458,945408
18710,138976396001995,138976396948476,946481
18711,138976397001939,138976397947272,945333
18712,138976398001864,138976398947160,945296
18713,138976399001790,138976399947419,945629
18714,138976400001734,138976400948622,946888
18715,138976401001660,138976401947048,945388
18716,138976402001567,138976402946992,945425
18717,138976403001511,138976403946936,945425
18718,138976404001455,138976404947769,946314
18719,138976405001399,138976405947028,945629
18720,138976406001324,138976406946546,945222
18721,138976407001269,138976407947176,945907
18722,138976408001231,138976408947972,946741
18723,138976409001138,138976409946490,945352
18724,138976410001119,138976410946638,945519
18725,138976411001064,138976411946322,945258
18726,138976412000952,138976412947674,946722
18727,138976413000878,138976413946322,945444
18728,138976414000822,138976414946025,945203
18729,138976415000747,138976415946025,945278
18730,138976416000673,138976416947673,947000
18731,138976417000636,138976417945950,945314
18732,138976418000543,138976418945913,945370
18733,138976419000487,138976419945635,945148
18734,138976420000431,138976420947153,946722
18735,138976421000375,138976421945801,945426
18736,138976422000301,138976422945745,945444
18737,138976423000245,138976423945578,945333
18738,138976424000152,138976424946985,946833
18739,138976425000096,138976425945281,945185
18740,138976426000021,138976426945429,945408
18741,138976426999966,138976427945465,945499
18742,138976427999891,138976428946872,946981
18743,138976428999854,138976429945187,945333
18744,138976429999779,138976430944872,945093
18745,138976430999705,138976431945057,945352
18746,138976431999668,138976432946297,946629
18747,138976432999593,138976433944963,945370
18748,138976433999519,138976434944870,945351
18749,138976434999444,138976435944722,945278
18750,138976435999370,138976436945944,946574
18751,138976436999314,138976437944814,945500
18752,138976437999277,138976438944610,945333
18753,138976438999165,138976439944480,945315
18754,138976439999091,138976440947516,948425
18755,138976440999072,138976441944386,945314
18756,138976441998961,138976442944368,945407
18757,138976442998905,138976443944238,945333
18758,138976443998867,138976444947200,948333
18759,138976444998811,138976445944218,945407
18760,138976445998718,138976446944274,945556
18761,138976446998663,138976447944181,945518
18762,138976447998588,138976448945273,946685
18763,138976448998514,138976449943939,945425
18764,138976449998458,138976450943680,945222
18765,138976450998383,138976451943939,945556
18766,138976451998328,138976452945124,946796
18767,138976452998272,138976453943642,945370
18768,138976453998197,138976454943567,945370
18769,138976454998160,138976455943474,945314
18770,138976455998104,138976456944585,946481
18771,138976456998030,138976457943696,945666
18772,138976457997937,138976458944196,946259
18773,138976458997881,138976459943454,945573
18774,138976459997806,138976460944436,946630
18775,138976460997750,138976461943102,945352
18776,138976461997676,138976462943102,945426
18777,138976462997602,138976463943083,945481
18778,138976463997564,138976464943990,946426
18779,138976464997490,138976465942897,945407
18780,138976465997415,138976466942711,945296
18781,138976466997378,138976467942656,945278
18782,138976467997304,138976468944100,946796
18783,138976468997248,138976469942673,945425
18784,138976469997155,138976470942229,945074
18785,138976470997099,138976471942487,945388
18786,138976471997025,138976472943506,946481
18787,138976472996969,138976473942098,945129
18788,138976473996894,138976474942375,945481
18789,138976474996838,138976475942134,945296
18790,138976475996782,138976476942597,945815
18791,138976476996690,138976477942060,945370
18792,138976477996615,138976478941967,945352
18793,138976478996578,138976479941929,945351
18794,138976479996522,138976480942133,945611
18795,138976480996466,138976481941892,945426
18796,138976481996373,138976482941725,945352
18797,138976482996317,138976483941724,945407
18798,138976483996224,138976484941742,945518
18799,138976484996187,138976485941631,945444
18800,138976485996112,138976486941464,945352
18801,138976486996038,138976487941260,945222
18802,138976487995964,138976488941723,945759
18803,138976488995926,138976489941296,945370
18804,138976489995852,138976490941074,945222
18805,138976490995796,138976491941222,945426
18806,138976491995721,138976492941277,945556
18807,138976492995666,138976493940999,945333
18808,138976493995573,138976494941035,945462
18809,138976494995535,138976495940702,945167
18810,138976495995461,138976496940831,945370
18811,138976496995405,138976497940571,945166
18812,138976497995312,138976498941404,946092
18813,138976498995256,138976499940719,945463
18814,138976499995200,138976500941811,946611
18815,138976500995126,138976501940311,945185
18816,138976501995051,138976502940347,945296
18817,138976502995014,138976503940273,945259
18818,138976503994921,138976504941736,946815
18819,138976504994884,138976505940421,945537
18820,138976505994809,138976506940124,945315
18821,138976506994772,138976507939920,945148
18822,138976507994661,138976508940234,945573
18823,138976508994623,138976509940030,945407
18824,138976509994549,138976510940067,945518
18825,138976510994474,138976511939807,945333
18826,138976511994400,138976512939900,945500
18827,138976512994344,138976513939770,945426
18828,138976513994270,138976514939566,945296
18829,138976514994214,138976515939695,945481
18830,138976515994176,138976516939750,945574
18831,138976516994120,138976517939379,945259
18832,138976517994009,138976518940157,946148
18833,138976518993972,138976519939638,945666
18834,138976519993897,138976520939286,945389
18835,138976520993823,138976521939082,945259
18836,138976521993767,138976522939007,945240
18837,138976522993693,138976523938877,945184
18838,138976523993637,138976524939099,945462
18839,138976524993544,138976525938969,945425
18840,138976525993525,138976526938839,945314
18841,138976526993450,138976527938672,945222
18842,138976527993376,138976528938931,945555
18843,138976528993320,138976529938746,945426
18844,138976529993246,138976530938579,945333
18845,138976530993171,138976531938727,945556
18846,138976531993115,138976532938782,945667
18847,138976532993041,138976533938615,945574
18848,138976533992985,138976534938207,945222
18849,138976534992911,138976535938429,945518
18850,138976535992836,138976536938206,945370
18851,138976536992780,138976537938095,945315
18852,138976537992725,138976538938539,945814
18853,138976538992669,138976539938039,945370
18854,138976539992594,138976540937853,945259
18855,138976540992538,138976541938075,945537
18856,138976541992445,138976542937797,945352
18857,138976542992390,138976543937852,945462
18858,138976543992315,138976544937593,945278
18859,138976544992296,138976545937537,945241
18860,138976545992185,138976546937499,945314
18861,138976546992110,138976547937388,945278
18862,138976547992055,138976548937610,945555
18863,138976548992017,138976549937221,945204
18864,138976549991924,138976550937350,945426
18865,138976550991868,138976551937035,945167
18866,138976551991812,138976552937349,945537
18867,138976552991757,138976553936904,945147
18868,138976553991664,138976554937071,945407
18869,138976554991589,138976555936830,945241
18870,138976555991552,138976556937070,945518
18871,138976556991477,138976557936903,945426
18872,138976557991403,138976558937236,945833
18873,138976558991347,138976559936551,945204
18874,138976559991291,138976560936587,945296
18875,138976560991217,138976561936716,945499
18876,138976561991142,138976562936531,945389
18877,138976562991087,138976563936457,945370
18878,138976563991031,138976564936753,945722
18879,138976564990956,138976565936308,945352
18880,138976565990882,138976566936085,945203
18881,138976566990826,138976567936029,945203
18882,138976567990733,138976568936140,945407
18883,138976568990714,138976569936010,945296
18884,138976569990621,138976570935880,945259
18885,138976570990528,138976571935676,945148
18886,138976571990472,138976572936342,945870
18887,138976572990454,138976573935601,945147
18888,138976573990379,138976574935749,945370
18889,138976574990286,138976575935712,945426
18890,138976575990230,138976576935804,945574
18891,138976576990174,138976577935748,945574
18892,138976577990100,138976578936063,945963
18893,138976578990044,138976579935359,945315
18894,138976579989970,138976580935340,945370
18895,138976580989914,138976581935247,945333
18896,138976581989839,138976582935228,945389
18897,138976582989765,138976583935339,945574
18898,138976583989691,138976584935394,945703
18899,138976584989672,138976585934783,945111
18900,138976585989579,138976586934856,945277
18901,138976586989504,138976587934930,945426
18902,138976587989448,138976588935133,945685
18903,138976588989411,138976589934763,945352
18904,138976589989337,138976590934410,945073
18905,138976590989281,138976591934503,945222
18906,138976591989206,138976592934632,945426
18907,138976592989150,138976593934558,945408
18908,138976593989039,138976594934539,945500
18909,138976594988965,138976595934131,945166
18910,138976595988927,138976596934705,945778
18911,138976596988871,138976597934223,945352
18912,138976597988815,138976598934482,945667
18913,138976598988741,138976599934130,945389
18914,138976599988667,138976600933889,945222
18915,138976600988629,138976601933925,945296
18916,138976601988536,138976602933851,945315
18917,138976602988480,138976603934165,945685
18918,138976603988406,138976604933721,945315
18919,138976604988350,138976605933776,945426
18920,138976605988276,138976606933757,945481
18921,138976606988220,138976607933534,945314
18922,138976607988127,138976608933367,945240
18923,138976608988108,138976609933534,945426
18924,138976609988015,138976610933348,945333
18925,138976610987959,138976611933348,945389
18926,138976611987885,138976612933533,945648
18927,138976612987829,138976613933162,945333
18928,138976613987755,138976614932939,945184
18929,138976614987699,138976615933087,945388
18930,138976615987624,138976616933031,945407
18931,138976616987587,138976617933050,945463
18932,138976617987475,138976618933197,945722
18933,138976618987420,138976619932808,945388
18934,138976619987364,138976620932586,945222
18935,138976620987308,138976621932844,945536
18936,138976621987252,138976622932844,945592
18937,138976622987177,138976623932566,945389
18938,138976623987122,138976624932510,945388
18939,138976624987066,138976625932325,945259
18940,138976625986991,138976626932676,945685
18941,138976626986954,138976627932231,945277
18942,138976627986842,138976628932250,945408
18943,138976628986787,138976629932286,945499
18944,138976629986694,138976630931971,945277
18945,138976630986675,138976631932119,945444
18946,138976631986582,138976632932119,945537
18947,138976632986544,138976633931877,945333
18948,138976633986452,138976634931766,945314
18949,138976634986396,138976635931543,945147
18950,138976635986321,138976636931839,945518
18951,138976636986265,138976637931413,945148
18952,138976637986191,138976638932117,945926
18953,138976638986135,138976639931431,945296
18954,138976639986042,138976640931394,945352
18955,138976640985986,138976641931190,945204
18956,138976641985912,138976642931337,945425
18957,138976642985856,138976643931430,945574
18958,138976643985781,138976644931503,945722
18959,138976644985744,138976645930948,945204
18960,138976645985670,138976646931058,945388
18961,138976646985632,138976647931095,945463
18962,138976647985595,138976648931187,945592
18963,138976648985502,138976649930817,945315
18964,138976649985409,138976650930835,945426
18965,138976650985316,138976651930668,945352
18966,138976651985260,138976652930797,945537
18967,138976652985223,138976653930500,945277
18968,138976653985148,138976654930667,945519
18969,138976654985093,138976655930518,945425
18970,138976655985018,138976656930499,945481
18971,138976656984981,138976657930203,945222
18972,138976657984888,138976658930776,945888
18973,138976658984851,138976659930109,945258
18974,138976659984758,138976660930405,945647
18975,138976660984683,138976661929998,945315
18976,138976661984609,138976662929905,945296
18977,138976662984553,138976663929793,945240
18978,138976663984460,138976664929867,945407
18979,138976664984423,138976665929607,945184
18980,138976665984367,138976666929607,945240
18981,138976666984292,138976667929607,945315
18982,138976667984199,138976668929551,945352
18983,138976668984180,138976669929569,945389
18984,138976669984106,138976670929254,945148
18985,138976670984050,138976671929494,945444
18986,138976671983957,138976672919068,935111
18987,138976672983938,138976673929197,945259
18988,138976673983864,138976674929382,945518
18989,138976674983771,138976675929289,945518
18990,138976675983715,138976676929196,945481
18991,138976676983659,138976677928863,945204
18992,138976677983585,138976678929418,945833
18993,138976678983510,138976679928695,945185
18994,138976679983436,138976680929047,945611
18995,138976680983399,138976681928713,945314
18996,138976681983324,138976682928676,945352
18997,138976682983250,138976683928490,945240
18998,138976683983175,138976684929397,946222
18999,138976684983138,138976685928582,945444
19000,138976685983064,138976686928415,945351
19001,138976686982989,138976687928359,945370
19002,138976687982970,138976688928470,945500
19003,138976688982915,138976689928025,945110
19004,138976689982785,138976690928081,945296
19005,138976690982710,138976691928099,945389
19006,138976691982654,138976692928154,945500
19007,138976692982617,138976693927950,945333
19008,138976693982542,138976694927709,945167
19009,138976694982468,138976695927820,945352
19010,138976695982394,138976696928023,945629
19011,138976696982338,138976697927615,945277
19012,138976697982282,138976698928078,945796
19013,138976698982207,138976699927503,945296
19014,138976699982133,138976700927651,945518
19015,138976700982096,138976701927429,945333
19016,138976701982003,138976702927280,945277
19017,138976702981947,138976703927391,945444
19018,138976703981891,138976704927391,945500
19019,138976704981817,138976705927057,945240
19020,138976705981761,138976706927057,945296
19021,138976706981649,138976707926871,945222
19022,138976707981612,138976708928426,946814
19023,138976708981556,138976709926833,945277
19024,138976709981482,138976710926629,945147
19025,138976710981407,138976711926740,945333
19026,138976711981351,138976712926758,945407
19027,138976712981295,138976713926573,945278
19028,138976713981221,138976714926591,945370
19029,138976714981147,138976715926535,945388
19030,138976715981072,138976716926424,945352
19031,138976716981053,138976717926405,945352
19032,138976717980979,138976718926719,945740
19033,138976718980923,138976719926386,945463
19034,138976719980830,138976720926441,945611
19035,138976720980774,138976721925940,945166
19036,138976721980700,138976722925810,945110
19037,138976722980625,138976723925903,945278
19038,138976723980569,138976724926199,945630
19039,138976724980514,138976725925958,945444
19040,138976725980439,138976726925976,945537
19041,138976726980346,138976727925550,945204
19042,138976727980290,138976728926179,945889
19043,138976728980271,138976729925623,945352
19044,138976729980178,138976730925715,945537
19045,138976730980123,138976731925511,945388
19046,138976731980030,138976732925474,945444
19047,138976732979992,138976733925862,945870
19048,138976733979918,138976734925343,945425
19049,138976734979843,138976735925158,945315
19050,138976735979806,138976736925158,945352
19051,138976736979713,138976737925213,945500
19052,138976737979657,138976738925138,945481
19053,138976738979583,138976739925027,945444
19054,138976739979508,138976740925082,945574
19055,138976740979471,138976741924804,945333
19056,138976741979378,138976742924970,945592
19057,138976742979322,138976743924600,945278
19058,138976743979285,138976744924933,945648
19059,138976744979210,138976745925006,945796
19060,138976745979136,138976746924451,945315
19061,138976746979062,138976747924691,945629
19062,138976747978987,138976748924524,945537
19063,138976748978931,138976749924764,945833
19064,138976749978875,138976750924375,945500
19065,138976750978801,138976751924079,945278
19066,138976751978727,138976752924115,945388
19067,138976752978708,138976753923985,945277
19068,138976753978615,138976754924003,945388
19069,138976754978559,138976755923762,945203
19070,138976755978503,138976756924058,945555
19071,138976756978410,138976757923743,945333
19072,138976757978336,138976758923595,945259
19073,138976758978280,138976759923780,945500
19074,138976759978224,138976760923853,945629
19075,138976760978150,138976761923483,945333
19076,138976761978075,138976762923390,945315
19077,138976762978001,138976763923315,945314
19078,138976763977945,138976764923648,945703
19079,138976764977926,138976765923203,945277
19080,138976765977833,138976766923129,945296
19081,138976766977759,138976767923110,945351
19082,138976767977703,138976768923406,945703
19083,138976768977647,138976769923072,945425
19084,138976769977572,138976770922813,945241
19085,138976770977517,138976771922757,945240
19086,138976771977442,138976772923090,945648
19087,138976772977368,138976773922553,945185
19088,138976773977293,138976774922700,945407
19089,138976774977219,138976775922385,945166
19090,138976775977163,138976776922681,945518
19091,138976776977107,138976777922551,945444
19092,138976777977051,138976778922384,945333
19093,138976778976977,138976779923069,946092
19094,138976779976921,138976780922550,945629
19095,138976780976865,138976781922272,945407
19096,138976781976809,138976782922272,945463
19097,138976782976698,138976783922179,945481
19098,138976783976642,138976784922401,945759
19099,138976784976604,138976785921826,945222
19100,138976785976512,138976786921678,945166
19101,138976786976456,138976787921844,945388
19102,138976787976400,138976788921807,945407
19103,138976788976362,138976789921510,945148
19104,138976789976269,138976790921880,945611
19105,138976790976214,138976791921676,945462
19106,138976791976139,138976792921472,945333
19107,138976792976046,138976793921250,945204
19108,138976793975990,138976794920971,944981
19109,138976794975934,138976795921286,945352
19110,138976795975879,138976796921489,945610
19111,138976796975823,138976797921156,945333
19112,138976797975730,138976798921192,945462
19113,138976798975655,138976799921525,945870
19114,138976799975581,138976800921192,945611
19115,138976800975544,138976801920914,945370
19116,138976801975469,138976802920913,945444
19117,138976802975413,138976803920691,945278
19118,138976803975357,138976804920783,945426
19119,138976804975301,138976805920746,945445
19120,138976805975208,138976806920597,945389
19121,138976806975134,138976807920449,945315
19122,138976807975078,138976808920652,945574
19123,138976808975041,138976809920503,945462
19124,138976809974948,138976810920262,945314
19125,138976810974873,138976811920281,945408
19126,138976811974744,138976812920206,945462
19127,138976812974780,138976813920095,945315
19128,138976813974687,138976814920020,945333
19129,138976814974631,138976815920038,945407
19130,138976815974557,138976816920057,945500
19131,138976816974520,138976817919871,945351
19132,138976817974427,138976818919852,945425
19133,138976818974371,138976819920222,945851
19134,138976819974315,138976820919703,945388
19135,138976820974240,138976821919536,945296
19136,138976821974166,138976822919758,945592
19137,138976822974092,138976823919536,945444
19138,138976823974017,138976824919572,945555
19139,138976824973998,138976825919387,945389
19140,138976825973905,138976826919146,945241
19141,138976826973831,138976827919090,945259
19142,138976827973775,138976828919553,945778
19143,138976828973738,138976829919163,945425
19144,138976829973663,138976830918848,945185
19145,138976830973570,138976831919200,945630
19146,138976831973515,138976832919218,945703
19147,138976832973477,138976833918884,945407
19148,138976833973384,138976834918754,945370
19149,138976834973328,138976835918643,945315
19150,138976835973254,138976836918587,945333
19151,138976836973217,138976837918827,945610
19152,138976837973124,138976838918457,945333
19153,138976838973068,138976839919290,946222
19154,138976839973012,138976840918363,945351
19155,138976840972956,138976841918400,945444
19156,138976841972863,138976842918159,945296
19157,138976842972826,138976843918214,945388
19158,138976843972733,138976844918529,945796
19159,138976844972677,138976845918714,946037
19160,138976845972621,138976846917861,945240
19161,138976846972547,138976847917843,945296
19162,138976847972491,138976848918064,945573
19163,138976848972416,138976849917509,945093
19164,138976849972342,138976850917767,945425
19165,138976850972304,138976851917675,945371
19166,138976851972212,138976852917637,945425
19167,138976852972137,138976853917415,945278
19168,138976853972081,138976854917414,945333
19169,138976854972025,138976855917081,945056
19170,138976855971969,138976856917562,945593
19171,138976856971914,138976857917191,945277
19172,138976857971839,138976858917228,945389
19173,138976858971746,138976859917468,945722
19174,138976859971690,138976860917209,945519
19175,138976860971653,138976861916967,945314
19176,138976861971579,138976862917023,945444
19177,138976862971504,138976863916874,945370
19178,138976863971430,138976864916855,945425
19179,138976864971374,138976865916892,945518
19180,138976865971281,138976866917095,945814
19181,138976866971225,138976867916688,945463
19182,138976867971151,138976868916669,945518
19183,138976868971113,138976869916354,945241
19184,138976869971039,138976870916427,945388
19185,138976870970946,138976871916520,945574
19186,138976871970890,138976872916519,945629
19187,138976872970853,138976873916186,945333
19188,138976873970760,138976874915945,945185
19189,138976874970722,138976875916111,945389
19190,138976875970648,138976876916074,945426
19191,138976876970592,138976877915925,945333
19192,138976877970499,138976878915758,945259
19193,138976878970462,138976879916535,946073
19194,138976879970369,138976880915683,945314
19195,138976880970331,138976881915664,945333
19196,138976881970238,138976882915553,945315
19197,138976882970164,138976883915645,945481
19198,138976883970108,138976884915312,945204
19199,138976884970071,138976885915478,945407
19200,138976885970015,138976886915348,945333
19201,138976886969941,138976887915329,945388
19202,138976887969866,138976888915458,945592
19203,138976888969829,138976889915458,945629
19204,138976889969736,138976890915087,945351
19205,138976890969661,138976891914828,945167
19206,138976891969568,138976892915253,945685
19207,138976892969531,138976893914920,945389
19208,138976893969457,138976894915012,945555
19209,138976894969382,138976895914845,945463
19210,138976895969326,138976896915011,945685
19211,138976896969308,138976897914678,945370
19212,138976897969215,138976898914733,945518
19213,138976898969140,138976899914936,945796
19214,138976899969103,138976900914732,945629
19215,138976900969047,138976901914361,945314
19216,138976901968935,138976902914417,945482
19217,138976902968880,138976903914342,945462
19218,138976903968824,138976904914268,945444
19219,138976904968768,138976905914175,945407
19220,138976905968675,138976906913878,945203
19221,138976906968600,138976907913933,945333
19222,138976907968563,138976908914026,945463
19223,138976908968526,138976909913748,945222
19224,138976909968433,138976910913766,945333
19225,138976910968377,138976911913562,945185
19226,138976911968302,138976912914413,946111
19227,138976912968247,138976913913376,945129
19228,138976913968172,138976914913431,945259
19229,138976914968098,138976915913597,945499
19230,138976915968042,138976916913375,945333
19231,138976916967986,138976917913745,945759
19232,138976917967893,138976918913337,945444
19233,138976918967819,138976919913652,945833
19234,138976919967781,138976920913559,945778
19235,138976920967725,138976921913003,945278
19236,138976921967651,138976922913262,945611
19237,138976922967577,138976923913021,945444
19238,138976923967521,138976924913094,945573
19239,138976924967446,138976925912742,945296
19240,138976925967353,138976926912723,945370
19241,138976926967316,138976927912630,945314
19242,138976927967242,138976928912741,945499
19243,138976928967186,138976929912482,945296
19244,138976929967111,138976930912426,945315
19245,138976930967037,138976931912518,945481
19246,138976931966981,138976932912684,945703
19247,138976932966944,138976933912295,945351
19248,138976933966869,138976934912313,945444
19249,138976934966813,138976935912072,945259
19250,138976935966720,138976936912553,945833
19251,138976936966683,138976937911997,945314
19252,138976937966590,138976938912349,945759
19253,138976938966534,138976939912719,946185
19254,138976939966478,138976940912404,945926
19255,138976940966404,138976941911829,945425
19256,138976941966311,138976942911699,945388
19257,138976942966255,138976943911329,945074
19258,138976943966181,138976944911828,945647
19259,138976944966162,138976945911476,945314
19260,138976945966087,138976946911569,945482
19261,138976946966031,138976947911290,945259
19262,138976947965939,138976948911475,945536
19263,138976948965901,138976949911253,945352
19264,138976949965827,138976950911289,945462
19265,138976950965752,138976951911159,945407
19266,138976951965678,138976952911307,945629
19267,138976952965641,138976953910881,945240
19268,138976953965548,138976954911010,945462
19269,138976954965492,138976955910806,945314
19270,138976955965417,138976956910936,945519
19271,138976956965361,138976957910824,945463
19272,138976957965306,138976958910490,945184
19273,138976958965231,138976959910990,945759
19274,138976959965157,138976960910490,945333
19275,138976960965101,138976961910619,945518
19276,138976961965026,138976962910285,945259
19277,138976962964952,138976963910452,945500
19278,138976963964878,138976964910377,945499
19279,138976964964840,138976965909988,945148
19280,138976965964747,138976966910506,945759
19281,138976966964673,138976967910117,945444
19282,138976967964636,138976968910117,945481
19283,138976968964580,138976969909802,945222
19284,138976969964505,138976970909931,945426
19285,138976970964449,138976971909912,945463
19286,138976971964393,138976972909986,945593
19287,138976972964338,138976973909652,945314
19288,138976973964245,138976974909448,945203
19289,138976974964170,138976975909448,945278
19290,138976975964096,138976976909410,945314
19291,138976976964040,138976977909243,945203
19292,138976977963984,138976978909373,945389
19293,138976978963928,138976979909724,945796
19294,138976979963854,138976980909502,945648
19295,138976980963798,138976981909038,945240
19296,138976981963742,138976982908964,945222
19297,138976982963667,138976983909093,945426
19298,138976983963593,138976984909704,946111
19299,138976984963537,138976985908833,945296
19300,138976985963463,138976986908814,945351
19301,138976986963407,138976987908795,945388
19302,138976987963388,138976988908851,945463
19303,138976988963314,138976989908573,945259
19304,138976989963202,138976990908424,945222
19305,138976990963109,138976991908498,945389
19306,138976991963053,138976992908664,945611
19307,138976992963053,138976993908460,945407
19308,138976993962942,138976994908256,945314
19309,138976994962867,138976995908422,945555
19310,138976995962793,138976996908348,945555
19311,138976996962755,138976997908070,945315
19312,138976997962662,138976998907977,945315
19313,138976998962607,138976999908458,945851
19314,138976999962551,138977000907995,945444
19315,138977000962495,138977001907735,945240
19316,138977001962402,138977002907939,945537
19317,138977002962327,138977003907642,945315
19318,138977003962272,138977004907734,945462
19319,138977004962234,138977005907660,945426
19320,138977005962141,138977006907456,945315
19321,138977006962085,138977007907326,945241
19322,138977007962029,138977008907474,945445
19323,138977008961974,138977009907233,945259
19324,138977009961918,138977010907473,945555
19325,138977010961825,138977011907287,945462
19326,138977011961750,138977012906898,945148
19327,138977012961676,138977013907046,945370
19328,138977013961620,138977014906990,945370
19329,138977014961583,138977015907138,945555
19330,138977015961471,138977016906971,945500
19331,138977016961452,138977017906859,945407
19332,138977017961378,138977018906785,945407
19333,138977018961322,138977019906933,945611
19334,138977019961266,138977020906895,945629
19335,138977020961192,138977021906617,945425
19336,138977021961117,138977022906524,945407
19337,138977022961043,138977023906320,945277
19338,138977023960987,138977024906357,945370
19339,138977024960931,138977025906320,945389
19340,138977025960820,138977026906190,945370
19341,138977026960764,138977027906134,945370
19342,138977027960708,138977028906115,945407
19343,138977028960671,138977029905929,945258
19344,138977029960578,138977030905762,945184
19345,138977030960522,138977031905707,945185
19346,138977031960466,138977032906447,945981
19347,138977032960391,138977033906206,945815
19348,138977033960317,138977034905557,945240
19349,138977034960261,138977035905594,945333
19350,138977035960187,138977036905612,945425
19351,138977036960131,138977037905538,945407
19352,138977037960056,138977038905797,945741
19353,138977038960038,138977039905408,945370
19354,138977039959926,138977040905741,945815
19355,138977040959889,138977041905240,945351
19356,138977041959833,138977042904925,945092
19357,138977042959758,138977043905128,945370
19358,138977043959684,138977044904943,945259
19359,138977044959628,138977045905017,945389
19360,138977045959535,138977046904868,945333
19361,138977046959479,138977047905053,945574
19362,138977047959405,138977048904812,945407
19363,138977048959349,138977049904793,945444
19364,138977049959275,138977050904626,945351
19365,138977050959237,138977051904496,945259
19366,138977051959144,138977052904885,945741
19367,138977052959088,138977053904736,945648
19368,138977053959033,138977054904236,945203
19369,138977054958958,138977055904161,945203
19370,138977055958902,138977056904254,945352
19371,138977056958846,138977057904420,945574
19372,138977057958753,138977058904049,945296
19373,138977058958679,138977059904179,945500
19374,138977059958623,138977060904178,945555
19375,138977060958586,138977061903771,945185
19376,138977061958493,138977062903770,945277
19377,138977062958418,138977063903733,945315
19378,138977063958362,138977064903899,945537
19379,138977064958344,138977065903825,945481
19380,138977065958269,138977066903806,945537
19381,138977066958195,138977067903657,945462
19382,138977067958120,138977068903731,945611
19383,138977068958046,138977069903286,945240
19384,138977069957990,138977070904212,946222
19385,138977070957916,138977071903082,945166
19386,138977071957841,138977072903359,945518
19387,138977072957785,138977073903007,945222
19388,138977073957692,138977074903044,945352
19389,138977074957655,138977075903192,945537
19390,138977075957581,138977076902969,945388
19391,138977076957506,138977077902673,945167
19392,138977077957469,138977078902950,945481
19393,138977078957394,138977079902653,945259
19394,138977079957320,138977080902931,945611
19395,138977080957283,138977081902505,945222
19396,138977081957190,138977082902412,945222
19397,138977082957134,138977083902448,945314
19398,138977083957059,138977084902467,945408
19399,138977084957022,138977085902596,945574
19400,138977085956929,138977086902244,945315
19401,138977086956855,138977087902428,945573
19402,138977087956780,138977088902391,945611
19403,138977088956724,138977089901909,945185
19404,138977089956687,138977090902705,946018
19405,138977090956631,138977091902057,945426
19406,138977091956538,138977092902093,945555
19407,138977092956482,138977093901982,945500
19408,138977093956389,138977094901630,945241
19409,138977094956352,138977095901759,945407
19410,138977095956296,138977096901777,945481
19411,138977096956222,138977097901499,945277
19412,138977097956129,138977098901480,945351
19413,138977098956073,138977099901369,945296
19414,138977099956017,138977100901480,945463
19415,138977100955961,138977101901220,945259
19416,138977101955868,138977102901331,945463
19417,138977102955831,138977103901164,945333
19418,138977103955756,138977104901312,945556
19419,138977104955701,138977105901330,945629
19420,138977105955608,138977106900996,945388
19421,138977106955552,138977107900829,945277
19422,138977107955496,138977108901088,945592
19423,138977108955440,138977109900754,945314
19424,138977109955366,138977110901513,946147
19425,138977110955310,138977111900791,945481
19426,138977111955217,138977112900624,945407
19427,138977112955179,138977113900623,945444
19428,138977113955086,138977114900382,945296
19429,138977114955049,138977115900641,945592
19430,138977115954975,138977116900308,945333
19431,138977116954919,138977117900178,945259
19432,138977117954844,138977118900159,945315
19433,138977118954788,138977119900140,945352
19434,138977119954695,138977120900177,945482
19435,138977120954658,138977121899936,945278
19436,138977121954565,138977122899861,945296
19437,138977122954491,138977123899657,945166
19438,138977123954435,138977124899935,945500
19439,138977124954398,138977125899749,945351
19440,138977125954323,138977126899749,945426
19441,138977126954249,138977127899378,945129
19442,138977127954211,138977128899563,945352
19443,138977128954137,138977129899563,945426
19444,138977129954044,138977130900099,946055
19445,138977130954007,138977131899951,945944
19446,138977131953932,138977132899376,945444
19447,138977132953895,138977133899228,945333
19448,138977133953802,138977134899098,945296
19449,138977134953709,138977135899098,945389
19450,138977135953672,138977136899319,945647
19451,138977136953616,138977137898856,945240
19452,138977137953560,138977138898967,945407
19453,138977138953467,138977139898874,945407
19454,138977139953392,138977140898800,945408
19455,138977140953374,138977141898762,945388
19456,138977141953262,138977142898466,945204
19457,138977142953206,138977143898521,945315
19458,138977143953150,138977144898446,945296
19459,138977144953076,138977145898279,945203
19460,138977145953020,138977146898390,945370
19461,138977146952946,138977147898149,945203
19462,138977147952890,138977148898186,945296
19463,138977148952815,138977149897982,945167
19464,138977149952741,138977150898630,945889
19465,138977150952704,138977151898111,945407
19466,138977151952629,138977152898110,945481
19467,138977152952573,138977153897832,945259
19468,138977153952499,138977154898313,945814
19469,138977154952424,138977155897832,945408
19470,138977155952350,138977156897720,945370
19471,138977156952294,138977157897738,945444
19472,138977157952201,138977158897516,945315
19473,138977158952164,138977159897812,945648
19474,138977159952108,138977160897682,945574
19475,138977160952052,138977161897422,945370
19476,138977161951959,138977162897274,945315
19477,138977162951922,138977163897403,945481
19478,138977163951847,138977164897051,945204
19479,138977164951810,138977165897180,945370
19480,138977165951717,138977166896957,945240
19481,138977166951643,138977167896790,945147
19482,138977167951587,138977168897161,945574
19483,138977168951512,138977169896679,945167
19484,138977169951438,138977170897364,945926
19485,138977170951382,138977171896697,945315
19486,138977171951308,138977172896974,945666
19487,138977172951252,138977173896585,945333
19488,138977173951233,138977174896473,945240
19489,138977174951121,138977175896343,945222
19490,138977175951047,138977176896473,945426
19491,138977176950991,138977177896361,945370
19492,138977177950917,138977178896176,945259
19493,138977178950842,138977179896194,945352
19494,138977179950786,138977180896342,945556
19495,138977180950749,138977181896249,945500
19496,138977181950656,138977182895804,945148
19497,138977182950600,138977183895933,945333
19498,138977183950526,138977184896155,945629
19499,138977184950488,138977185895877,945389
19500,138977185950414,138977186895729,945315
19501,138977186950340,138977187895858,945518
19502,138977187950265,138977188895820,945555
19503,138977188950228,138977189895505,945277
19504,138977189950135,138977190895875,945740
19505,138977190950079,138977191895486,945407
19506,138977191950023,138977192895708,945685
19507,138977192949967,138977193895356,945389
19508,138977193949874,138977194895244,945370
19509,138977194949818,138977195895151,945333
19510,138977195949744,138977196895596,945852
19511,138977196949688,138977197894947,945259
19512,138977197949614,138977198894854,945240
19513,138977198949558,138977199894835,945277
19514,138977199949483,138977200895372,945889
19515,138977200949446,138977201894853,945407
19516,138977201949353,138977202894538,945185
19517,138977202949297,138977203894834,945537
19518,138977203949223,138977204894482,945259
19519,138977204949185,138977205894444,945259
19520,138977205949074,138977206894222,945148
19521,138977206949000,138977207894221,945221
19522,138977207948962,138977208894610,945648
19523,138977208948906,138977209894239,945333
19524,138977209948832,138977210894702,945870
19525,138977210948795,138977211894090,945295
19526,138977211948702,138977212894312,945610
19527,138977212948664,138977213893831,945167
19528,138977213948571,138977214893997,945426
19529,138977214948497,138977215893978,945481
19530,138977215948441,138977216893904,945463
19531,138977216948385,138977217893477,945092
19532,138977217948292,138977218893551,945259
19533,138977218948236,138977219893699,945463
19534,138977219948180,138977220893717,945537
19535,138977220948143,138977221893495,945352
19536,138977221948050,138977222893328,945278
19537,138977222947994,138977223893253,945259
19538,138977223947920,138977224893475,945555
19539,138977224947864,138977225893345,945481
19540,138977225947789,138977226893122,945333
19541,138977226947715,138977227893011,945296
19542,138977227947659,138977228893214,945555
19543,138977228947622,138977229893177,945555
19544,138977229947547,138977230893547,946000
19545,138977230947473,138977231893121,945648
19546,138977231947380,138977232892824,945444
19547,138977232947343,138977233892731,945388
19548,138977233947342,138977234893046,945704
19549,138977234947212,138977235892786,945574
19550,138977235947119,138977236892619,945500
19551,138977236947082,138977237892582,945500
19552,138977237947008,138977238892433,945425
19553,138977238946952,138977239892266,945314
19554,138977239946896,138977240892636,945740
19555,138977240946840,138977241892266,945426
19556,138977241946729,138977242891987,945258
19557,138977242946654,138977243892024,945370
19558,138977243946598,138977244892357,945759
19559,138977244946542,138977245891801,945259
19560,138977245946486,138977246891782,945296
19561,138977246946431,138977247891949,945518
19562,138977247946356,138977248892356,946000
19563,138977248946300,138977249891763,945463
19564,138977249946244,138977250892040,945796
19565,138977250946188,138977251891984,945796
19566,138977251946096,138977252891947,945851
19567,138977252946058,138977253891484,945426
19568,138977253945947,138977254890965,945018
19569,138977254945891,138977255891261,945370
19570,138977255945835,138977256891335,945500
19571,138977256945779,138977257891316,945537
19572,138977257945705,138977258891075,945370
19573,138977258945649,138977259890945,945296
19574,138977259945574,138977260891148,945574
19575,138977260945518,138977261890870,945352
19576,138977261945463,138977262891036,945573
19577,138977262945370,138977263890629,945259
19578,138977263945314,138977264891017,945703
19579,138977264945239,138977265890591,945352
19580,138977265945183,138977266890591,945408
19581,138977266945091,138977267890294,945203
19582,138977267945035,138977268890608,945573
19583,138977268944979,138977269890293,945314
19584,138977269944904,138977270890682,945778
19585,138977270944885,138977271890163,945278
19586,138977271944793,138977272890181,945388
19587,138977272944737,138977273890051,945314
19588,138977273944644,138977274890069,945425
19589,138977274944569,138977275890328,945759
19590,138977275944532,138977276890198,945666
19591,138977276944458,138977277889809,945351
19592,138977277944383,138977278889698,945315
19593,138977278944346,138977279889568,945222
19594,138977279944253,138977280890030,945777
19595,138977280944215,138977281889585,945370
19596,138977281944141,138977282889696,945555
19597,138977282944085,138977283889566,945481
19598,138977283944011,138977284889288,945277
19599,138977284943936,138977285889140,945204
19600,138977285943862,138977286889176,945314
19601,138977286943825,138977287889009,945184
19602,138977287943750,138977288889120,945370
19603,138977288943694,138977289889138,945444
19604,138977289943601,138977290889657,946056
19605,138977290943545,138977291888767,945222
19606,138977291943471,138977292888860,945389
19607,138977292943415,138977293888822,945407
19608,138977293943341,138977294888655,945314
19609,138977294943285,138977295888636,945351
19610,138977295943229,138977296889062,945833
19611,138977296943173,138977297888654,945481
19612,138977297943080,138977298888654,945574
19613,138977298943024,138977299888357,945333
19614,138977299942950,138977300888301,945351
19615,138977300942894,138977301888838,945944
19616,138977301942801,138977302888264,945463
19617,138977302942745,138977303887930,945185
19618,138977303942689,138977304888189,945500
19619,138977304942633,138977305888003,945370
19620,138977305942559,138977306888188,945629
19621,138977306942503,138977307887725,945222
19622,138977307942447,138977308888669,946222
19623,138977308942391,138977309887854,945463
19624,138977309942298,138977310887909,945611
19625,138977310942224,138977311887612,945388
19626,138977311942168,138977312887816,945648
19627,138977312942131,138977313887352,945221
19628,138977313942038,138977314887500,945462
19629,138977314941963,138977315887370,945407
19630,138977315941907,138977316887389,945482
19631,138977316941851,138977317887296,945445
19632,138977317941759,138977318887406,945647
19633,138977318941721,138977319887202,945481
19634,138977319941647,138977320888313,946666
19635,138977320941609,138977321887016,945407
19636,138977321941516,138977322886887,945371
19637,138977322941461,138977323886720,945259
19638,138977323941405,138977324887645,946240
19639,138977324941349,138977325886774,945425
19640,138977325941256,138977326886589,945333
19641,138977326941181,138977327886977,945796
19642,138977327941126,138977328887792,946666
19643,138977328941070,138977329886680,945610
19644,138977329940995,138977330886310,945315
19645,138977330940902,138977331886309,945407
19646,138977331940883,138977332887365,946482
19647,138977332940809,138977333886142,945333
19648,138977333940735,138977334886253,945518
19649,138977334940679,138977335886253,945574
19650,138977335940604,138977336887086,946482
19651,138977336940548,138977337885918,945370
19652,138977337940456,138977338885826,945370
19653,138977338940400,138977339885733,945333
19654,138977339940344,138977340887343,946999
19655,138977340940288,138977341885602,945314
19656,138977341940195,138977342885639,945444
19657,138977342940139,138977343885546,945407
19658,138977343940083,138977344886768,946685
19659,138977344940027,138977345885471,945444
19660,138977345939953,138977346885434,945481
19661,138977346939878,138977347885860,945982
19662,138977347939823,138977348886656,946833
19663,138977348939767,138977349885174,945407
19664,138977349939711,138977350885136,945425
19665,138977350939618,138977351885395,945777
19666,138977351939543,138977352886265,946722
19667,138977352939488,138977353884802,945314
19668,138977353939413,138977354885005,945592
19669,138977354939357,138977355884764,945407
19670,138977355939301,138977356886023,946722
19671,138977356939264,138977357884634,945370
19672,138977357939171,138977358884634,945463
19673,138977358939097,138977359884374,945277
19674,138977359939041,138977360885614,946573
19675,138977360938985,138977361884373,945388
19676,138977361938910,138977362884336,945426
19677,138977362938855,138977363884317,945462
19678,138977363938762,138977364885613,946851
19679,138977364938743,138977365884187,945444
19680,138977365938650,138977366884057,945407
19681,138977366938575,138977367883982,945407
19682,138977367938520,138977368885001,946481
19683,138977368938464,138977369884111,945647
19684,138977369938389,138977370883833,945444
19685,138977370938315,138977371883722,945407
19686,138977371938259,138977372884870,946611
19687,138977372938203,138977373883962,945759
19688,138977373938129,138977374883610,945481
19689,138977374938054,138977375883480,945426
19690,138977375937980,138977376885109,947129
19691,138977376937887,138977377883220,945333
19692,138977377937849,138977378883053,945204
19693,138977378937794,138977379883164,945370
19694,138977379937738,138977380884274,946536
19695,138977380937682,138977381882885,945203
19696,138977381937626,138977382882977,945351
19697,138977382937552,138977383882829,945277
19698,138977383937459,138977384884458,946999
19699,138977384937403,138977385882754,945351
19700,138977385937310,138977386882587,945277
19701,138977386937254,138977387882754,945500
19702,138977387937198,138977388883753,946555
19703,138977388937161,138977389882679,945518
19704,138977389937086,138977390882308,945222
19705,138977390937012,138977391883271,946259
19706,138977391936974,138977392883659,946685
19707,138977392936919,138977393882214,945295
19708,138977393936826,138977394881899,945073
19709,138977394936770,138977395881955,945185
19710,138977395936677,138977396883121,946444
19711,138977396936639,138977397882232,945593
19712,138977397936546,138977398881713,945167
19713,138977398936491,138977399881805,945314
19714,138977399936435,138977400883249,946814
19715,138977400936360,138977401881582,945222
19716,138977401936286,138977402881563,945277
19717,138977402936211,138977403881619,945408
19718,138977403936174,138977404883711,947537
19719,138977404936118,138977405881433,945315
19720,138977405936044,138977406881210,945166
19721,138977406935969,138977407881284,945315
19722,138977407935913,138977408882339,946426
19723,138977408935858,138977409881302,945444
19724,138977409935765,138977410881098,945333
19725,138977410935709,138977411881745,946036
19726,138977411935653,138977412882690,947037
19727,138977412935560,138977413880671,945111
19728,138977413935504,138977414881152,945648
19729,138977414935448,138977415880855,945407
19730,138977415935374,138977416882077,946703
19731,138977416935336,138977417880558,945222
19732,138977417935243,138977418880688,945445
19733,138977418935188,138977419880613,945425
19734,138977419935132,138977420881779,946647
19735,138977420935076,138977421880353,945277
19736,138977421935001,138977422880279,945278
19737,138977422934927,138977423880223,945296
19738,138977423934853,138977424881556,946703
19739,138977424934815,138977425880222,945407
19740,138977425934722,138977426880259,945537
19741,138977426934648,138977427880110,945462
19742,138977427934592,138977428881240,946648
19743,138977428934536,138977429879906,945370
19744,138977429934462,138977430880165,945703
19745,138977430934406,138977431880442,946036
19746,138977431934350,138977432882072,947722
19747,138977432934294,138977433879590,945296
19748,138977433934201,138977434879719,945518
19749,138977434934145,138977435879497,945352
19750,138977435934071,138977436880663,946592
19751,138977436934015,138977437879440,945425
19752,138977437933940,138977438879125,945185
19753,138977438933866,138977439879329,945463
19754,138977439933792,138977440880384,946592
19755,138977440933773,138977441879143,945370
19756,138977441933698,138977442879050,945352
19757,138977442933624,138977443878901,945277
19758,138977443933550,138977444878994,945444
19759,138977444933494,138977445878790,945296
19760,138977445933419,138977446878734,945315
19761,138977446933345,138977447878715,945370
19762,138977447933289,138977448878677,945388
19763,138977448933233,138977449878473,945240
19764,138977449933159,138977450878695,945536
19765,138977450933084,138977451878862,945778
19766,138977451933028,138977452878435,945407
19767,138977452932991,138977453878454,945463
19768,138977453932898,138977454878212,945314
19769,138977454932824,138977455878138,945314
19770,138977455932768,138977456878230,945462
19771,138977456932712,138977457878026,945314
19772,138977457932637,138977458877933,945296
19773,138977458932563,138977459878081,945518
19774,138977459932507,138977460878173,945666
19775,138977460932451,138977461877655,945204
19776,138977461932358,138977462877617,945259
19777,138977462932284,138977463877876,945592
19778,138977463932246,138977464877876,945630
19779,138977464932191,138977465877487,945296
19780,138977465932116,138977466877505,945389
19781,138977466932042,138977467877356,945314
19782,138977467931986,138977468877986,946000
19783,138977468931930,138977469877244,945314
19784,138977469931837,138977470877374,945537
19785,138977470931781,138977471877762,945981
19786,138977471931725,138977472877040,945315
19787,138977472931669,138977473877354,945685
19788,138977473931576,138977474876928,945352
19789,138977474931539,138977475876817,945278
19790,138977475931465,138977476876798,945333
19791,138977476931409,138977477876871,945462
19792,138977477931353,138977478876593,945240
19793,138977478931278,138977479876611,945333
19794,138977479931204,138977480876667,945463
19795,138977480931148,138977481876555,945407
19796,138977481931074,138977482876240,945166
19797,138977482930981,138977483876499,945518
19798,138977483930925,138977484876628,945703
19799,138977484930888,138977485876258,945370
19800,138977485930795,138977486876109,945314
19801,138977486930757,138977487876220,945463
19802,138977487930683,138977488876071,945388
19803,138977488930645,138977489876090,945445
19804,138977489930553,138977490875997,945444
19805,138977490930478,138977491876626,946148
19806,138977491930441,138977492876052,945611
19807,138977492930348,138977493875773,945425
19808,138977493930292,138977494875921,945629
19809,138977494930218,138977495875476,945258
19810,138977495930143,138977496876050,945907
19811,138977496930106,138977497875291,945185
19812,138977497930013,138977498875475,945462
19813,138977498929938,138977499875457,945519
19814,138977499929883,138977500875623,945740
19815,138977500929845,138977501875252,945407
19816,138977501929752,138977502875141,945389
19817,138977502929696,138977503875215,945519
19818,138977503929640,138977504875325,945685
19819,138977504929566,138977505874973,945407
19820,138977505929510,138977506875047,945537
19821,138977506929417,138977507874843,945426
19822,138977507929380,138977508874824,945444
19823,138977508929305,138977509874731,945426
19824,138977509929212,138977510874564,945352
19825,138977510929157,138977511875045,945888
19826,138977511929119,138977512874656,945537
19827,138977512929026,138977513874341,945315
19828,138977513928989,138977514874322,945333
19829,138977514928915,138977515874433,945518
19830,138977515928859,138977516874451,945592
19831,138977516928803,138977517874617,945814
19832,138977517928710,138977518874302,945592
19833,138977518928654,138977519873765,945111
19834,138977519928579,138977520874264,945685
19835,138977520928524,138977521873912,945388
19836,138977521928449,138977522874023,945574
19837,138977522928375,138977523873856,945481
19838,138977523928319,138977524873726,945407
19839,138977524928244,138977525873522,945278
19840,138977525928189,138977526873559,945370
19841,138977526928133,138977527873558,945425
19842,138977527928188,138977528873984,945796
19843,138977528928021,138977529873298,945277
19844,138977529927928,138977530873280,945352
19845,138977530927872,138977531873816,945944
19846,138977531927816,138977532873483,945667
19847,138977532927742,138977533873316,945574
19848,138977533927686,138977534873223,945537
19849,138977534927593,138977535873167,945574
19850,138977535927556,138977536872926,945370
19851,138977536927481,138977537872944,945463
19852,138977537927444,138977538872888,945444
19853,138977538927332,138977539872795,945463
19854,138977539927276,138977540872721,945445
19855,138977540927239,138977541872683,945444
19856,138977541927146,138977542872646,945500
19857,138977542927090,138977543873016,945926
19858,138977543927016,138977544872645,945629
19859,138977544926941,138977545872312,945371
19860,138977545926867,138977546872182,945315
19861,138977546926811,138977547872126,945315
19862,138977547926755,138977548872236,945481
19863,138977548926699,138977549871958,945259
19864,138977549926625,138977550872106,945481
19865,138977550926569,138977551872495,945926
19866,138977551926513,138977552871994,945481
19867,138977552926439,138977553871883,945444
19868,138977553926364,138977554871697,945333
19869,138977554926308,138977555871660,945352
19870,138977555926234,138977556871937,945703
19871,138977556926178,138977557871307,945129
19872,138977557926104,138977558871548,945444
19873,138977558926011,138977559871436,945425
19874,138977559925973,138977560871640,945667
19875,138977560925918,138977561871306,945388
19876,138977561925880,138977562871435,945555
19877,138977562925787,138977563871083,945296
19878,138977563925713,138977564871064,945351
19879,138977564925675,138977565871175,945500
19880,138977565925601,138977566871008,945407
19881,138977566925508,138977567871008,945500
19882,138977567925452,138977568870841,945389
19883,138977568925396,138977569870711,945315
19884,138977569925322,138977570870673,945351
19885,138977570925248,138977571870895,945647
19886,138977571925192,138977572870821,945629
19887,138977572925099,138977573870802,945703
19888,138977573925043,138977574870598,945555
19889,138977574924987,138977575870376,945389
19890,138977575924931,138977576870542,945611
19891,138977576924875,138977577870227,945352
19892,138977577924819,138977578870171,945352
19893,138977578924708,138977579870133,945425
19894,138977579924689,138977580870263,945574
19895,138977580924615,138977581870133,945518
19896,138977581924559,138977582869873,945314
19897,138977582924466,138977583869817,945351
19898,138977583924410,138977584870039,945629
19899,138977584924354,138977585869743,945389
19900,138977585924280,138977586869538,945258
19901,138977586924224,138977587869668,945444
19902,138977587924131,138977588869353,945222
19903,138977588924093,138977589869760,945667
19904,138977589924019,138977590869259,945240
19905,138977590923945,138977591869981,946036
19906,138977591923907,138977592869740,945833
19907,138977592923833,138977593869184,945351
19908,138977593923740,138977594868980,945240
19909,138977594923702,138977595869147,945445
19910,138977595923610,138977596868924,945314
19911,138977596923572,138977597868961,945389
19912,138977597923479,138977598868738,945259
19913,138977598923423,138977599868775,945352
19914,138977599923367,138977600869126,945759
19915,138977600923312,138977601868811,945499
19916,138977601923219,138977602868607,945388
19917,138977602923163,138977603868588,945425
19918,138977603923107,138977604868551,945444
19919,138977604923032,138977605868384,945352
19920,138977605922958,138977606868643,945685
19921,138977606922902,138977607868328,945426
19922,138977607922828,138977608868346,945518
19923,138977608922790,138977609868568,945778
19924,138977609922716,138977610867956,945240
19925,138977610922660,138977611868752,946092
19926,138977611922604,138977612868252,945648
19927,138977612922548,138977613868103,945555
19928,138977613922455,138977614867918,945463
19929,138977614922399,138977615867899,945500
19930,138977615922306,138977616867843,945537
19931,138977616922269,138977617867602,945333
19932,138977617922195,138977618867639,945444
19933,138977618922120,138977619867601,945481
19934,138977619922064,138977620867638,945574
19935,138977620922008,138977621867601,945593
19936,138977621921916,138977622867508,945592
19937,138977622921878,138977623867563,945685
19938,138977623921804,138977624867192,945388
19939,138977624921748,138977625867173,945425
19940,138977625921673,138977626867044,945371
19941,138977626921618,138977627867080,945462
19942,138977627921543,138977628867154,945611
19943,138977628921487,138977629866672,945185
19944,138977629921413,138977630866487,945074
19945,138977630921338,138977631867338,946000
19946,138977631921246,138977632866949,945703
19947,138977632921208,138977633866634,945426
19948,138977633921134,138977634866745,945611
19949,138977634921078,138977635866466,945388
19950,138977635921022,138977636866485,945463
19951,138977636920948,138977637866244,945296
19952,138977637920892,138977638866354,945462
19953,138977638920817,138977639866206,945389
19954,138977639920743,138977640866113,945370
19955,138977640920705,138977641866131,945426
19956,138977641920613,138977642866057,945444
19957,138977642920538,138977643865834,945296
19958,138977643920482,138977644865908,945426
19959,138977644920426,138977645865722,945296
19960,138977645920333,138977646865778,945445
19961,138977646920296,138977647865703,945407
19962,138977647920259,138977648865758,945499
19963,138977648920203,138977649865425,945222
19964,138977649920110,138977650865776,945666
19965,138977650920035,138977651865313,945278
19966,138977651919980,138977652865887,945907
19967,138977652919924,138977653865220,945296
19968,138977653919831,138977654865201,945370
19969,138977654919775,138977655865126,945351
19970,138977655919700,138977656865089,945389
19971,138977656919663,138977657865070,945407
19972,138977657919570,138977658864996,945426
19973,138977658919514,138977659864792,945278
19974,138977659919458,138977660864662,945204
19975,138977660919402,138977661864865,945463
19976,138977661919328,138977662864772,945444
19977,138977662919254,138977663864624,945370
19978,138977663919179,138977664864864,945685
19979,138977664919142,138977665864438,945296
19980,138977665919049,138977666864475,945426
19981,138977666919012,138977667864493,945481
19982,138977667918845,138977668864455,945610
19983,138977668918881,138977669864307,945426
19984,138977669918807,138977670864066,945259
19985,138977670918714,138977671864158,945444
19986,138977671918658,138977672864250,945592
19987,138977672918602,138977673864009,945407
19988,138977673918528,138977674864083,945555
19989,138977674918472,138977675863823,945351
19990,138977675918397,138977676879619,961222
19991,138977676919082,138977678055915,1136833
