D/TC:0   collect_mem_ranges:1148 tee_ram_initial_offs 0
D/TC:0   add_phys_mem:798 VCORE_UNPG_RX_PA type TEE_RAM_RX 0x0e100000 size 0x000b9000
D/TC:0   add_phys_mem:798 VCORE_UNPG_RW_PA type TEE_RAM_RW 0x0e1b9000 size 0x00049000
D/TC:0   add_phys_mem:798 VCORE_UNPG_RW_PA type SEC_RAM_OVERALL 0x0e1b9000 size 0x00049000
D/TC:0   add_phys_mem:798 VCORE_FREE_PA type TEE_RAM_RW 0x0e202000 size 0x000fe000
D/TC:0   merge_mmaps:751 Merging 0xe1b9000..0xe201fff and 0xe202000..0xe2fffff
D/TC:0   add_phys_mem:798 VCORE_FREE_PA type SEC_RAM_OVERALL 0x0e202000 size 0x000fe000
D/TC:0   merge_mmaps:751 Merging 0xe1b9000..0xe201fff and 0xe202000..0xe2fffff
D/TC:0   add_phys_mem:798 next_pa type SEC_RAM_OVERALL 0x0e300000 size 0x00d00000
D/TC:0   merge_mmaps:751 Merging 0xe1b9000..0xe2fffff and 0xe300000..0xeffffff
D/TC:0   add_phys_mem:798 GIC_REDIST_BASE type IO_SEC 0x08000000 size 0x01000000
D/TC:0   add_phys_mem:798 GICD_BASE type IO_SEC 0x08000000 size 0x00200000
D/TC:0   merge_mmaps:751 Merging 0x8000000..0x8ffffff and 0x8000000..0x81fffff
D/TC:0   add_phys_mem:798 GICC_BASE type IO_SEC 0x08000000 size 0x00200000
D/TC:0   merge_mmaps:751 Merging 0x8000000..0x8ffffff and 0x8000000..0x81fffff
D/TC:0   add_phys_mem:798 CONSOLE_UART_BASE type IO_SEC 0x09000000 size 0x00200000
D/TC:0   merge_mmaps:751 Merging 0x8000000..0x8ffffff and 0x9000000..0x91fffff
D/TC:0   add_phys_mem:798 TEE_SHMEM_START type NSEC_SHM 0x42000000 size 0x00200000
D/TC:0   add_va_space:842 type RES_VASPACE size 0x00a00000
D/TC:0   add_va_space:842 type SHM_VASPACE size 0x02000000
D/TC:0   add_va_space:842 type TEE_DYN_VASPACE size 0x00100000
D/TC:0   init_mem_map:1546 Mapping core at 0x96fd7000 offs 0x88ed7000
D/TC:0   dump_mmap_table:968 type IDENTITY_MAP_RX va 0x0e100000..0x0e101fff pa 0x0e100000..0x0e101fff size 0x00002000 (smallpg)
D/TC:0   dump_mmap_table:968 type NSEC_SHM     va 0x91600000..0x917fffff pa 0x42000000..0x421fffff size 0x00200000 (pgdir)
D/TC:0   dump_mmap_table:968 type SEC_RAM_OVERALL va 0x919b9000..0x927fffff pa 0x0e1b9000..0x0effffff size 0x00e47000 (pgdir)
D/TC:0   dump_mmap_table:968 type IO_SEC       va 0x92a00000..0x93bfffff pa 0x08000000..0x091fffff size 0x01200000 (pgdir)
D/TC:0   dump_mmap_table:968 type SHM_VASPACE  va 0x93e00000..0x95dfffff pa 0x00000000..0x01ffffff size 0x02000000 (pgdir)
D/TC:0   dump_mmap_table:968 type TEE_DYN_VASPACE va 0x96000000..0x960fffff pa 0x00000000..0x000fffff size 0x00100000 (pgdir)
D/TC:0   dump_mmap_table:968 type RES_VASPACE  va 0x96200000..0x96bfffff pa 0x00000000..0x009fffff size 0x00a00000 (pgdir)
D/TC:0   dump_mmap_table:968 type TEE_RAM_RX   va 0x96fd7000..0x9708ffff pa 0x0e100000..0x0e1b8fff size 0x000b9000 (smallpg)
D/TC:0   dump_mmap_table:968 type TEE_RAM_RW   va 0x97090000..0x971d6fff pa 0x0e1b9000..0x0e2fffff size 0x00147000 (smallpg)
D/TC:0   add_padding:96 0xe202100 len 0xf00
D/TC:0   core_mmu_xlat_table_alloc:700 xlat tables used 1
D/TC:0   core_mmu_xlat_table_alloc:700 xlat tables used 2
D/TC:0   core_mmu_xlat_table_alloc:700 xlat tables used 3
D/TC:0   core_mmu_xlat_table_alloc:700 xlat tables used 4
D/TC:0   core_mmu_xlat_table_alloc:700 xlat tables used 5
D/TC:0   core_mmu_xlat_table_alloc:700 xlat tables used 6
D/TC:0   core_mmu_xlat_table_alloc:700 xlat tables used 7
I/TC: 
D/TC:0   carve_out_core_mem:2798 0xe100000 .. 0xe300000
D/TC:0   boot_mem_foreach_padding:268 consumed 0x970d9100 0x970d9100 len 0xf00
D/TC:0   boot_mem_release_unused:294 Allocated 41280 bytes at va 0x970d9000 pa 0xe202000
D/TC:0   boot_mem_release_unused:298 Tempalloc 33864 bytes at va 0x971cebb8
D/TC:0   boot_mem_release_unused:320 Carving out 0xe100000..0xe20c13f
D/TC:0   boot_mem_release_unused:329 Releasing 962240 bytes from va 0x970e4000
I/TC: Non-secure external DT found
D/TC:0   discover_nsec_memory:158 Non-secure memory found in extern DT
D/TC:0   core_mmu_set_discovered_nsec_ddr:538 Non-secure RAM:
D/TC:0   core_mmu_set_discovered_nsec_ddr:540 0: pa 0x40000000..0x41ffffff sz 0x2000000
D/TC:0   core_mmu_set_discovered_nsec_ddr:540 1: pa 0x42200000..0x820fffff sz 0x3ff00000
I/TC: Embedded DTB found
D/TC:0   get_console_node_from_dt:105 No console directive from DTB
I/TC: OP-TEE version: 4.10.0 (gcc version 14.3.1 20250623 (Arm GNU Toolchain 14.3.Rel1 (Build arm-14.174))) #2 Thu Sep 24 15:12:15 UTC 2026 aarch64
I/TC: WARNING: This OP-TEE configuration might be insecure!
I/TC: WARNING: Please check https://optee.readthedocs.io/en/latest/architecture/porting_guidelines.html
I/TC: Primary CPU initializing
D/TC:0 0 boot_init_primary_runtime:1053 Executing at offset 0x88ed7000 with virtual load address 0x96fd7000
D/TC:0 0 probe_redist_base_addrs:520 GICR_BASE[0] at 0x92aa0000
D/TC:0 0 probe_redist_base_addrs:520 GICR_BASE[1] at 0x92ac0000
D/TC:0 0 do_init_calls:19 preinitcall level 2 mobj_mapped_shm_init()
D/TC:0 0 mobj_mapped_shm_init:543 Shared memory address range: 93e00000, 95e00000
D/TC:0 0 do_init_calls:19 early_initcall level 1 init_callout_service()
D/TC:0 0 do_init_calls:19 early_initcall level 1 teecore_init_pub_ram()
D/TC:0 0 do_init_calls:19 early_initcall level 1 nex_init_periodic_callback()
D/TC:0 0 nex_init_periodic_callback:155 Adding a periodic callout
D/TC:0 0 do_init_calls:19 early_initcall level 1 nex_init_test_wd()
D/TC:0 0 do_init_calls:19 early_initcall level 2 probe_dt_drivers_early()
D/TC:0 0 add_node_to_probe:705 element: dt-test-consumer on node dt-test-consumer
D/TC:0 0 add_node_to_probe:705 element: simple-bus on node dt-test-bus-b0
D/TC:0 0 add_node_to_probe:705 element: dt-test-crypt-consumer on node dt-test-crypt-consumer
D/TC:0 0 probe_driver_node:513 element: dt-test-crypt-consumer on node dt-test-crypt-consumer deferred 1 time(s)
D/TC:0 0 add_node_to_probe:705 element: simple-bus on node dt-test-bus-b1
D/TC:0 0 probe_driver_node:507 element: simple-bus on node dt-test-bus-b0 initialized
D/TC:0 0 probe_driver_node:513 element: dt-test-consumer on node dt-test-consumer deferred 1 time(s)
D/TC:0 0 probe_driver_node:513 element: dt-test-consumer on node dt-test-consumer deferred 2 time(s)
D/TC:0 0 add_node_to_probe:705 element: simple-bus on node dt-test-bus-b2
D/TC:0 0 probe_driver_node:507 element: simple-bus on node dt-test-bus-b1 initialized
D/TC:0 0 probe_driver_node:513 element: dt-test-crypt-consumer on node dt-test-crypt-consumer deferred 2 time(s)
D/TC:0 0 probe_driver_node:513 element: dt-test-crypt-consumer on node dt-test-crypt-consumer deferred 3 time(s)
D/TC:0 0 add_node_to_probe:705 element: simple-bus on node dt-test-bus-b3
D/TC:0 0 probe_driver_node:507 element: simple-bus on node dt-test-bus-b2 initialized
D/TC:0 0 probe_driver_node:513 element: dt-test-consumer on node dt-test-consumer deferred 3 time(s)
D/TC:0 0 probe_driver_node:513 element: dt-test-consumer on node dt-test-consumer deferred 4 time(s)
D/TC:0 0 add_node_to_probe:705 element: dt_test_gpio_provider on node dt-test-provider@0
D/TC:0 0 add_node_to_probe:705 element: dt_test_rstctrl_provider on node dt-test-provider@0
D/TC:0 0 add_node_to_probe:705 element: dt_test_clock_provider on node dt-test-provider@0
D/TC:0 0 probe_driver_node:507 element: simple-bus on node dt-test-bus-b3 initialized
D/TC:0 0 probe_driver_node:513 element: dt-test-crypt-consumer on node dt-test-crypt-consumer deferred 4 time(s)
D/TC:0 0 probe_driver_node:513 element: dt-test-crypt-consumer on node dt-test-crypt-consumer deferred 5 time(s)
D/TC:0 0 clk_register:127 Registered clock dt_test-clk3, freq 0
D/TC:0 0 clk_register:127 Registered clock dt_test-clk7, freq 0
D/TC:0 0 probe_driver_node:507 element: dt_test_clock_provider on node dt-test-provider@0 initialized
D/TC:0 0 probe_driver_node:507 element: dt_test_rstctrl_provider on node dt-test-provider@0 initialized
D/TC:0 0 probe_driver_node:507 element: dt_test_gpio_provider on node dt-test-provider@0 initialized
D/TC:0 0 probe_driver_node:507 element: dt-test-consumer on node dt-test-consumer initialized
D/TC:0 0 probe_driver_node:513 element: dt-test-crypt-consumer on node dt-test-crypt-consumer deferred 6 time(s)
D/TC:0 0 process_probe_list:654 Unresolved dependencies after 6 rounds, 6 deferred
D/TC:0 0 probe_dt_drivers_early:840 Deferred drivers probing
D/TC:0 0 print_probe_list:461 Probe list: 1 elements
D/TC:0 0 print_probe_list:463 |- Driver dt-test-crypt-consumer probes on node dt-test-crypt-consumer
D/TC:0 0 print_probe_list:467 `- Probe list end
D/TC:0 0 print_probe_list:473 Failed list: 0 elements
D/TC:0 0 print_probe_list:478 `- Failed list end
D/TC:0 0 do_init_calls:19 service_initcall level 1 tee_cryp_init()
D/TC:0 0 do_init_calls:19 service_initcall level 2 notif_init()
D/TC:0 0 do_init_calls:19 service_initcall level 2 check_ta_store()
D/TC:0 0 check_ta_store:460 TA store: "early TA"
D/TC:0 0 check_ta_store:460 TA store: "Secure Storage TA"
D/TC:0 0 check_ta_store:460 TA store: "REE"
D/TC:0 0 do_init_calls:19 service_initcall level 2 early_ta_init()
D/TC:0 0 early_ta_init:56 Early TA bc50d971-d4c9-42c4-82cb-343fb7f37896 size 177404 (compressed, uncompressed 384256)
D/TC:0 0 early_ta_init:56 Early TA f04a0fe7-1f5d-4b9b-abf7-619b85b4ce8c size 50303 (compressed, uncompressed 113520)
D/TC:0 0 do_init_calls:19 service_initcall level 2 verify_pseudo_tas_conformance()
D/TC:0 0 do_init_calls:19 service_initcall level 3 tee_fs_init_key_manager()
D/TC:0 0 boot_mem_release_tmp_alloc:370 Releasing 36864 bytes from va 0x971ce000
D/TC:0 0 do_init_calls:19 driver_initcall level 1 init_console_itr()
D/TC:0 0 gic_it_set_cpu_mask:691 cpu_mask: writing 0xff to 0x92a00828
D/TC:0 0 gic_it_set_cpu_mask:693 cpu_mask: 0
D/TC:0 0 gic_it_set_prio:707 prio: writing 0x1 to 0x92a00428
D/TC:0 0 do_init_calls:19 driver_initcall level 1 probe_dt_drivers()
D/TC:0 0 probe_driver_node:507 element: dt-test-crypt-consumer on node dt-test-crypt-consumer initialized
D/TC:0 0 do_init_calls:19 driver_initcall level 2 init_multi_core_halt_handler()
D/TC:0 0 do_init_calls:19 driver_initcall level 2 mobj_init()
D/TC:0 0 do_init_calls:19 driver_initcall level 2 default_mobj_init()
D/TC:0 0 do_init_calls:19 driver_initcall level 2 ftmn_boot_tests()
D/TC:0 0 ftmn_boot_tests:198 Calling simple_call()
D/TC:0 0 ftmn_boot_tests:198 Return from simple_call()
D/TC:0 0 ftmn_boot_tests:199 Calling two_level_call()
D/TC:0 0 ftmn_boot_tests:199 Return from two_level_call()
D/TC:0 0 ftmn_boot_tests:200 Calling chained_calls()
D/TC:0 0 ftmn_boot_tests:200 Return from chained_calls()
D/TC:0 0 ftmn_boot_tests:202 *************************************************
D/TC:0 0 ftmn_boot_tests:203 **************  Tests complete  *****************
D/TC:0 0 ftmn_boot_tests:204 *************************************************
D/TC:0 0 do_init_calls:19 driver_initcall level 3 gic_set_primary_done()
D/TC:0 0 do_init_calls:19 driver_initcall level 3 release_node_cache_info()
D/TC:0 0 do_init_calls:19 driver_initcall level 3 release_probe_lists()
D/TC:0 0 do_init_calls:19 driver_initcall level 3 dt_test_release()
D/TC:0 0 do_init_calls:19 finalcall level 8 release_external_dt()
I/TC: Primary CPU switching to normal world boot
D/TC:0   periodic_callback:136 seconds 1 millis 94 count 1
D/TC:0   periodic_callback:136 seconds 2 millis 95 count 2
D/TC:0   periodic_callback:136 seconds 3 millis 94 count 3
I/TC: Secondary CPU 1 initializing
I/TC: Secondary CPU 1 switching to normal world boot
D/TC:0   periodic_callback:136 seconds 4 millis 94 count 4
I/TC: Reserved shared memory is enabled
I/TC: Dynamic shared memory is enabled
I/TC: Normal World virtualization support is disabled
I/TC: Asynchronous notifications are enabled
D/TC:0   atomic_console_notif:158 Asynchronous notifications started, event 0 (vm 0)
D/TC:0 0 core_mmu_xlat_table_alloc:700 xlat tables used 8
D/TC:? 0 tee_ta_init_pseudo_ta_session:303 Lookup pseudo TA 7011a688-ddde-4053-a5a9-7b3c4ddf13b8
D/TC:? 0 tee_ta_init_pseudo_ta_session:315 Open device.pta
D/TC:? 0 tee_ta_init_pseudo_ta_session:330 device.pta : 7011a688-ddde-4053-a5a9-7b3c4ddf13b8
D/TC:? 0 tee_ta_close_session:513 id 1
D/TC:? 0 tee_ta_close_session:527 Destroy session
D/TC:0   periodic_callback:136 seconds 5 millis 94 count 5
D/TC:? 0 tee_ta_init_pseudo_ta_session:303 Lookup pseudo TA f04a0fe7-1f5d-4b9b-abf7-619b85b4ce8c
D/TC:? 0 ldelf_load_ldelf:110 ldelf load address 0x40007000
D/LD:  ldelf:159 Loading TS f04a0fe7-1f5d-4b9b-abf7-619b85b4ce8c
D/TC:? 0 ldelf_syscall_open_bin:163 Lookup user TA ELF f04a0fe7-1f5d-4b9b-abf7-619b85b4ce8c (early TA)
D/TC:? 0 ldelf_syscall_open_bin:167 res=0
D/LD:  ldelf:207 ELF (f04a0fe7-1f5d-4b9b-abf7-619b85b4ce8c) at 0x4005c000
D/TC:0   test_wd_callback:49 WD call_count 1, timeout_count 0
D/TC:? 0 wd_ndrv_yielding_cb:85 Clearing pending
D/TC:0   periodic_callback:136 seconds 6 millis 94 count 6
D/TC:? 0 tee_ta_init_session_with_context:570 Re-open trusted service 7011a688-ddde-4053-a5a9-7b3c4ddf13b8
D/TC:? 0 tee_ta_init_pseudo_ta_session:303 Lookup pseudo TA bc50d971-d4c9-42c4-82cb-343fb7f37896
D/TC:? 0 ldelf_load_ldelf:110 ldelf load address 0x40007000
D/LD:  ldelf:159 Loading TS bc50d971-d4c9-42c4-82cb-343fb7f37896
D/TC:? 0 ldelf_syscall_open_bin:163 Lookup user TA ELF bc50d971-d4c9-42c4-82cb-343fb7f37896 (early TA)
D/TC:? 0 ldelf_syscall_open_bin:167 res=0
D/LD:  ldelf:207 ELF (bc50d971-d4c9-42c4-82cb-343fb7f37896) at 0x40073000
D/TC:? 0 legacy_rpmb_init:1143 Trying legacy RPMB init
D/TC:? 0 rpmb_set_dev_info:1112 RPMB: Syncing device information
D/TC:? 0 rpmb_set_dev_info:1114 RPMB: RPMB size is 2*128 KB
D/TC:? 0 rpmb_set_dev_info:1115 RPMB: Reliable Write Sector Count is 1
D/TC:? 0 rpmb_set_dev_info:1117 RPMB: CID
D/TC:? 0 rpmb_set_dev_info:1118 0000000096002800  fe 01 4e 4d 4d 43 30 34  47 42 c8 f6 55 2a 61 15 
D/TC:? 0 legacy_rpmb_init:1163 RPMB INIT: Deriving key
D/TC:? 0 tee_rpmb_key_gen:309 RPMB: Using test key
D/TC:? 0 legacy_rpmb_init:1177 RPMB INIT: Verifying Key
D/TC:? 0 legacy_rpmb_init:1189 RPMB INIT: Auth key not yet written
D/TC:? 0 tee_rpmb_write_and_verify_key:1090 RPMB INIT: Writing Key value:
D/TC:? 0 tee_rpmb_write_and_verify_key:1091 00000000970c7c60  d3 eb 3e c3 6e 33 4c 9f  98 8c e2 c0 b8 59 54 61 
D/TC:? 0 tee_rpmb_write_and_verify_key:1091 00000000970c7c70  0d 2b cf 86 64 84 4d f2  ab 56 e6 c6 1b b7 01 e4 
D/TC:? 0 tee_rpmb_write_and_verify_key:1095 RPMB INIT: Verifying Key
D/TC:? 0 legacy_rpmb_init:1143 Trying legacy RPMB init
D/TC:? 0 legacy_rpmb_init:1177 RPMB INIT: Verifying Key
D/TC:? 0 legacy_rpmb_init:1181 Found working RPMB device
D/TC:? 0 tee_rpmb_read:1354 Read 1 block at index 0
D/TC:? 0 tee_rpmb_write_blk:1486 Write 1 block at index 0
D/TC:? 0 tee_rpmb_read:1354 Read 1 block at index 0
D/TC:? 0 tee_rpmb_write_blk:1486 Write 1 block at index 2
D/TC:? 0 tee_rpmb_read:1354 Read 1 block at index 0
D/TC:? 0 tee_rpmb_write_blk:1486 Write 1 block at index 0
D/TC:? 0 read_fat:2211 fat_address 0
D/TC:? 0 tee_rpmb_read:1354 Read 8 blocks at index 2
D/TC:? 0 read_fat:2211 fat_address 0
D/TC:? 0 tee_rpmb_read:1354 Read 8 blocks at index 2
D/TC:? 0 tee_rpmb_write_blk:1486 Write 1 block at index 3
D/TC:? 0 rpmb_fs_open_internal:2392 GENERATE FEK key: 0x970c7650
D/TC:? 0 rpmb_fs_open_internal:2394 00000000970c7650  4f 59 1d f9 41 b1 f4 25  b6 c1 31 6c 9d 87 08 80 
D/TC:? 0 tee_rpmb_write_blk:1486 Write 1 block at index 2
D/TC:? 0 ree_fs_open_primitive:483 Remove corrupt file
D/TC:? 0 open_dirh:592 Create dirf.db
D/TC:? 0 read_fat:2211 fat_address 0
D/TC:? 0 tee_rpmb_read:1354 Read 8 blocks at index 2
D/TC:? 0 dump_fh:1957 fh->filename=/dirfile.db.hash
D/TC:? 0 dump_fh:1958 fh->rpmb_fat_address=512
D/TC:? 0 dump_fh:1959 fh->fat_entry.start_address=0
D/TC:? 0 dump_fh:1960 fh->fat_entry.data_size=0
D/TC:? 0 read_fat:2211 fat_address 512
D/TC:? 0 tee_rpmb_read:1354 Read 8 blocks at index 2
D/TC:? 0 dump_fh:1957 fh->filename=/dirfile.db.hash
D/TC:? 0 dump_fh:1958 fh->rpmb_fat_address=512
D/TC:? 0 dump_fh:1959 fh->fat_entry.start_address=0
D/TC:? 0 dump_fh:1960 fh->fat_entry.data_size=0
D/TC:? 0 read_fat:2211 fat_address 512
D/TC:? 0 tee_rpmb_read:1354 Read 8 blocks at index 2
D/TC:? 0 rpmb_fs_write_primitive:2608 Need to re-allocate
D/TC:? 0 tee_rpmb_read:1354 Read 1 block at index 1022
D/TC:? 0 tee_fs_crypt_block:241 Decrypt block #1022
D/TC:? 0 tee_rpmb_write_blk:1486 Write 1 block at index 1022
D/TC:? 0 tee_fs_crypt_block:241 Encrypt block #1022
D/TC:? 0 tee_rpmb_write_blk:1486 Write 1 block at index 2
D/TC:? 0 read_fat:2211 fat_address 0
D/TC:? 0 tee_rpmb_read:1354 Read 8 blocks at index 2
D/TC:? 0 dump_fh:1957 fh->filename=/dirfile.db.hash
D/TC:? 0 dump_fh:1958 fh->rpmb_fat_address=512
D/TC:? 0 dump_fh:1959 fh->fat_entry.start_address=261632
D/TC:? 0 dump_fh:1960 fh->fat_entry.data_size=32
D/TC:? 0 read_fat:2211 fat_address 512
D/TC:? 0 tee_rpmb_read:1354 Read 8 blocks at index 2
D/TC:? 0 tee_rpmb_read:1354 Read 1 block at index 1022
D/TC:? 0 tee_fs_crypt_block:241 Decrypt block #1022
D/TC:? 0 read_fat:2211 fat_address 0
D/TC:? 0 tee_rpmb_read:1354 Read 8 blocks at index 2
D/TC:? 0 dump_fh:1957 fh->filename=/dirfile.db.hash
D/TC:? 0 dump_fh:1958 fh->rpmb_fat_address=512
D/TC:? 0 dump_fh:1959 fh->fat_entry.start_address=261632
D/TC:? 0 dump_fh:1960 fh->fat_entry.data_size=32
D/TC:? 0 read_fat:2211 fat_address 512
D/TC:? 0 tee_rpmb_read:1354 Read 8 blocks at index 2
D/TC:? 0 tee_rpmb_read:1354 Read 1 block at index 1022
D/TC:? 0 tee_fs_crypt_block:241 Decrypt block #1022
D/TC:? 0 dump_fh:1957 fh->filename=/dirfile.db.hash
D/TC:? 0 dump_fh:1958 fh->rpmb_fat_address=512
D/TC:? 0 dump_fh:1959 fh->fat_entry.start_address=261632
D/TC:? 0 dump_fh:1960 fh->fat_entry.data_size=32
D/TC:? 0 read_fat:2211 fat_address 512
D/TC:? 0 tee_rpmb_read:1354 Read 8 blocks at index 2
D/TC:? 0 rpmb_fs_write_primitive:2596 Updating data in-place
D/TC:? 0 tee_rpmb_read:1354 Read 1 block at index 1022
D/TC:? 0 tee_fs_crypt_block:241 Decrypt block #1022
D/TC:? 0 tee_rpmb_write_blk:1486 Write 1 block at index 1022
D/TC:? 0 tee_fs_crypt_block:241 Encrypt block #1022
D/TC:? 0 read_fat:2211 fat_address 0
D/TC:? 0 tee_rpmb_read:1354 Read 8 blocks at index 2
D/TC:? 0 dump_fh:1957 fh->filename=/dirfile.db.hash
D/TC:? 0 dump_fh:1958 fh->rpmb_fat_address=512
D/TC:? 0 dump_fh:1959 fh->fat_entry.start_address=261632
D/TC:? 0 dump_fh:1960 fh->fat_entry.data_size=32
D/TC:? 0 read_fat:2211 fat_address 512
D/TC:? 0 tee_rpmb_read:1354 Read 8 blocks at index 2
D/TC:? 0 tee_rpmb_read:1354 Read 1 block at index 1022
D/TC:? 0 tee_fs_crypt_block:241 Decrypt block #1022
D/TC:? 0 read_fat:2211 fat_address 0
D/TC:? 0 tee_rpmb_read:1354 Read 8 blocks at index 2
D/TC:? 0 dump_fh:1957 fh->filename=/dirfile.db.hash
D/TC:? 0 dump_fh:1958 fh->rpmb_fat_address=512
D/TC:? 0 dump_fh:1959 fh->fat_entry.start_address=261632
D/TC:? 0 dump_fh:1960 fh->fat_entry.data_size=32
D/TC:? 0 read_fat:2211 fat_address 512
D/TC:? 0 tee_rpmb_read:1354 Read 8 blocks at index 2
D/TC:? 0 tee_rpmb_read:1354 Read 1 block at index 1022
D/TC:? 0 tee_fs_crypt_block:241 Decrypt block #1022
D/TC:? 0 dump_fh:1957 fh->filename=/dirfile.db.hash
D/TC:? 0 dump_fh:1958 fh->rpmb_fat_address=512
D/TC:? 0 dump_fh:1959 fh->fat_entry.start_address=261632
D/TC:? 0 dump_fh:1960 fh->fat_entry.data_size=32
D/TC:? 0 read_fat:2211 fat_address 512
D/TC:? 0 tee_rpmb_read:1354 Read 8 blocks at index 2
D/TC:? 0 rpmb_fs_write_primitive:2596 Updating data in-place
D/TC:? 0 tee_rpmb_read:1354 Read 1 block at index 1022
D/TC:? 0 tee_fs_crypt_block:241 Decrypt block #1022
D/TC:? 0 tee_rpmb_write_blk:1486 Write 1 block at index 1022
D/TC:? 0 tee_fs_crypt_block:241 Encrypt block #1022
D/TC:? 0 read_fat:2211 fat_address 0
D/TC:? 0 tee_rpmb_read:1354 Read 8 blocks at index 2
D/TC:? 0 dump_fh:1957 fh->filename=/dirfile.db.hash
D/TC:? 0 dump_fh:1958 fh->rpmb_fat_address=512
D/TC:? 0 dump_fh:1959 fh->fat_entry.start_address=261632
D/TC:? 0 dump_fh:1960 fh->fat_entry.data_size=32
D/TC:? 0 read_fat:2211 fat_address 512
D/TC:? 0 tee_rpmb_read:1354 Read 8 blocks at index 2
D/TC:? 0 tee_rpmb_read:1354 Read 1 block at index 1022
D/TC:? 0 tee_fs_crypt_block:241 Decrypt block #1022
D/TC:? 0 read_fat:2211 fat_address 0
D/TC:? 0 tee_rpmb_read:1354 Read 8 blocks at index 2
D/TC:? 0 dump_fh:1957 fh->filename=/dirfile.db.hash
D/TC:? 0 dump_fh:1958 fh->rpmb_fat_address=512
D/TC:? 0 dump_fh:1959 fh->fat_entry.start_address=261632
D/TC:? 0 dump_fh:1960 fh->fat_entry.data_size=32
D/TC:? 0 read_fat:2211 fat_address 512
D/TC:? 0 tee_rpmb_read:1354 Read 8 blocks at index 2
D/TC:? 0 tee_rpmb_read:1354 Read 1 block at index 1022
D/TC:? 0 tee_fs_crypt_block:241 Decrypt block #1022
D/TC:? 0 dump_fh:1957 fh->filename=/dirfile.db.hash
D/TC:? 0 dump_fh:1958 fh->rpmb_fat_address=512
D/TC:? 0 dump_fh:1959 fh->fat_entry.start_address=261632
D/TC:? 0 dump_fh:1960 fh->fat_entry.data_size=32
D/TC:? 0 read_fat:2211 fat_address 512
D/TC:? 0 tee_rpmb_read:1354 Read 8 blocks at index 2
D/TC:? 0 rpmb_fs_write_primitive:2596 Updating data in-place
D/TC:? 0 tee_rpmb_read:1354 Read 1 block at index 1022
D/TC:? 0 tee_fs_crypt_block:241 Decrypt block #1022
D/TC:? 0 tee_rpmb_write_blk:1486 Write 1 block at index 1022
D/TC:? 0 tee_fs_crypt_block:241 Encrypt block #1022
D/TC:? 0 read_fat:2211 fat_address 0
D/TC:? 0 tee_rpmb_read:1354 Read 8 blocks at index 2
D/TC:? 0 dump_fh:1957 fh->filename=/dirfile.db.hash
D/TC:? 0 dump_fh:1958 fh->rpmb_fat_address=512
D/TC:? 0 dump_fh:1959 fh->fat_entry.start_address=261632
D/TC:? 0 dump_fh:1960 fh->fat_entry.data_size=32
D/TC:? 0 read_fat:2211 fat_address 512
D/TC:? 0 tee_rpmb_read:1354 Read 8 blocks at index 2
D/TC:? 0 tee_rpmb_read:1354 Read 1 block at index 1022
D/TC:? 0 tee_fs_crypt_block:241 Decrypt block #1022
D/TC:? 0 read_fat:2211 fat_address 0
D/TC:? 0 tee_rpmb_read:1354 Read 8 blocks at index 2
D/TC:? 0 dump_fh:1957 fh->filename=/dirfile.db.hash
D/TC:? 0 dump_fh:1958 fh->rpmb_fat_address=512
D/TC:? 0 dump_fh:1959 fh->fat_entry.start_address=261632
D/TC:? 0 dump_fh:1960 fh->fat_entry.data_size=32
D/TC:? 0 read_fat:2211 fat_address 512
D/TC:? 0 tee_rpmb_read:1354 Read 8 blocks at index 2
D/TC:? 0 tee_rpmb_read:1354 Read 1 block at index 1022
D/TC:? 0 tee_fs_crypt_block:241 Decrypt block #1022
D/TC:? 0 dump_fh:1957 fh->filename=/dirfile.db.hash
D/TC:? 0 dump_fh:1958 fh->rpmb_fat_address=512
D/TC:? 0 dump_fh:1959 fh->fat_entry.start_address=261632
D/TC:? 0 dump_fh:1960 fh->fat_entry.data_size=32
D/TC:? 0 read_fat:2211 fat_address 512
D/TC:? 0 tee_rpmb_read:1354 Read 8 blocks at index 2
D/TC:? 0 rpmb_fs_write_primitive:2596 Updating data in-place
D/TC:? 0 tee_rpmb_read:1354 Read 1 block at index 1022
D/TC:? 0 tee_fs_crypt_block:241 Decrypt block #1022
D/TC:? 0 tee_rpmb_write_blk:1486 Write 1 block at index 1022
D/TC:? 0 tee_fs_crypt_block:241 Encrypt block #1022
D/TC:? 0 read_fat:2211 fat_address 0
D/TC:? 0 tee_rpmb_read:1354 Read 8 blocks at index 2
D/TC:? 0 dump_fh:1957 fh->filename=/dirfile.db.hash
D/TC:? 0 dump_fh:1958 fh->rpmb_fat_address=512
D/TC:? 0 dump_fh:1959 fh->fat_entry.start_address=261632
D/TC:? 0 dump_fh:1960 fh->fat_entry.data_size=32
D/TC:? 0 read_fat:2211 fat_address 512
D/TC:? 0 tee_rpmb_read:1354 Read 8 blocks at index 2
D/TC:? 0 tee_rpmb_read:1354 Read 1 block at index 1022
D/TC:? 0 tee_fs_crypt_block:241 Decrypt block #1022
D/TC:? 0 read_fat:2211 fat_address 0
D/TC:? 0 tee_rpmb_read:1354 Read 8 blocks at index 2
D/TC:? 0 dump_fh:1957 fh->filename=/dirfile.db.hash
D/TC:? 0 dump_fh:1958 fh->rpmb_fat_address=512
D/TC:? 0 dump_fh:1959 fh->fat_entry.start_address=261632
D/TC:? 0 dump_fh:1960 fh->fat_entry.data_size=32
D/TC:? 0 read_fat:2211 fat_address 512
D/TC:? 0 tee_rpmb_read:1354 Read 8 blocks at index 2
D/TC:? 0 tee_rpmb_read:1354 Read 1 block at index 1022
D/TC:? 0 tee_fs_crypt_block:241 Decrypt block #1022
D/TC:? 0 dump_fh:1957 fh->filename=/dirfile.db.hash
D/TC:? 0 dump_fh:1958 fh->rpmb_fat_address=512
D/TC:? 0 dump_fh:1959 fh->fat_entry.start_address=261632
D/TC:? 0 dump_fh:1960 fh->fat_entry.data_size=32
D/TC:? 0 read_fat:2211 fat_address 512
D/TC:? 0 tee_rpmb_read:1354 Read 8 blocks at index 2
D/TC:? 0 rpmb_fs_write_primitive:2596 Updating data in-place
D/TC:? 0 tee_rpmb_read:1354 Read 1 block at index 1022
D/TC:? 0 tee_fs_crypt_block:241 Decrypt block #1022
D/TC:? 0 tee_rpmb_write_blk:1486 Write 1 block at index 1022
D/TC:? 0 tee_fs_crypt_block:241 Encrypt block #1022
D/TC:? 0 read_fat:2211 fat_address 0
D/TC:? 0 tee_rpmb_read:1354 Read 8 blocks at index 2
D/TC:? 0 dump_fh:1957 fh->filename=/dirfile.db.hash
D/TC:? 0 dump_fh:1958 fh->rpmb_fat_address=512
D/TC:? 0 dump_fh:1959 fh->fat_entry.start_address=261632
D/TC:? 0 dump_fh:1960 fh->fat_entry.data_size=32
D/TC:? 0 read_fat:2211 fat_address 512
D/TC:? 0 tee_rpmb_read:1354 Read 8 blocks at index 2
D/TC:? 0 tee_rpmb_read:1354 Read 1 block at index 1022
D/TC:? 0 tee_fs_crypt_block:241 Decrypt block #1022
D/TC:? 0 read_fat:2211 fat_address 0
D/TC:? 0 tee_rpmb_read:1354 Read 8 blocks at index 2
D/TC:? 0 dump_fh:1957 fh->filename=/dirfile.db.hash
D/TC:? 0 dump_fh:1958 fh->rpmb_fat_address=512
D/TC:? 0 dump_fh:1959 fh->fat_entry.start_address=261632
D/TC:? 0 dump_fh:1960 fh->fat_entry.data_size=32
D/TC:? 0 read_fat:2211 fat_address 512
D/TC:? 0 tee_rpmb_read:1354 Read 8 blocks at index 2
D/TC:? 0 tee_rpmb_read:1354 Read 1 block at index 1022
D/TC:? 0 tee_fs_crypt_block:241 Decrypt block #1022
D/TC:? 0 dump_fh:1957 fh->filename=/dirfile.db.hash
D/TC:? 0 dump_fh:1958 fh->rpmb_fat_address=512
D/TC:? 0 dump_fh:1959 fh->fat_entry.start_address=261632
D/TC:? 0 dump_fh:1960 fh->fat_entry.data_size=32
D/TC:? 0 read_fat:2211 fat_address 512
D/TC:? 0 tee_rpmb_read:1354 Read 8 blocks at index 2
D/TC:? 0 rpmb_fs_write_primitive:2596 Updating data in-place
D/TC:? 0 tee_rpmb_read:1354 Read 1 block at index 1022
D/TC:? 0 tee_fs_crypt_block:241 Decrypt block #1022
D/TC:? 0 tee_rpmb_write_blk:1486 Write 1 block at index 1022
D/TC:? 0 tee_fs_crypt_block:241 Encrypt block #1022
D/TC:? 0 read_fat:2211 fat_address 0
D/TC:? 0 tee_rpmb_read:1354 Read 8 blocks at index 2
D/TC:? 0 dump_fh:1957 fh->filename=/dirfile.db.hash
D/TC:? 0 dump_fh:1958 fh->rpmb_fat_address=512
D/TC:? 0 dump_fh:1959 fh->fat_entry.start_address=261632
D/TC:? 0 dump_fh:1960 fh->fat_entry.data_size=32
D/TC:? 0 read_fat:2211 fat_address 512
D/TC:? 0 tee_rpmb_read:1354 Read 8 blocks at index 2
D/TC:? 0 tee_rpmb_read:1354 Read 1 block at index 1022
D/TC:? 0 tee_fs_crypt_block:241 Decrypt block #1022
D/TC:? 0 read_fat:2211 fat_address 0
D/TC:? 0 tee_rpmb_read:1354 Read 8 blocks at index 2
D/TC:? 0 dump_fh:1957 fh->filename=/dirfile.db.hash
D/TC:? 0 dump_fh:1958 fh->rpmb_fat_address=512
D/TC:? 0 dump_fh:1959 fh->fat_entry.start_address=261632
D/TC:? 0 dump_fh:1960 fh->fat_entry.data_size=32
D/TC:? 0 read_fat:2211 fat_address 512
D/TC:? 0 tee_rpmb_read:1354 Read 8 blocks at index 2
D/TC:? 0 tee_rpmb_read:1354 Read 1 block at index 1022
D/TC:? 0 tee_fs_crypt_block:241 Decrypt block #1022
D/TC:? 0 dump_fh:1957 fh->filename=/dirfile.db.hash
D/TC:? 0 dump_fh:1958 fh->rpmb_fat_address=512
D/TC:? 0 dump_fh:1959 fh->fat_entry.start_address=261632
D/TC:? 0 dump_fh:1960 fh->fat_entry.data_size=32
D/TC:? 0 read_fat:2211 fat_address 512
D/TC:? 0 tee_rpmb_read:1354 Read 8 blocks at index 2
D/TC:? 0 rpmb_fs_write_primitive:2596 Updating data in-place
D/TC:? 0 tee_rpmb_read:1354 Read 1 block at index 1022
D/TC:? 0 tee_fs_crypt_block:241 Decrypt block #1022
D/TC:? 0 tee_rpmb_write_blk:1486 Write 1 block at index 1022
D/TC:? 0 tee_fs_crypt_block:241 Encrypt block #1022
D/TC:? 0 read_fat:2211 fat_address 0
D/TC:? 0 tee_rpmb_read:1354 Read 8 blocks at index 2
D/TC:? 0 dump_fh:1957 fh->filename=/dirfile.db.hash
D/TC:? 0 dump_fh:1958 fh->rpmb_fat_address=512
D/TC:? 0 dump_fh:1959 fh->fat_entry.start_address=261632
D/TC:? 0 dump_fh:1960 fh->fat_entry.data_size=32
D/TC:? 0 read_fat:2211 fat_address 512
D/TC:? 0 tee_rpmb_read:1354 Read 8 blocks at index 2
D/TC:? 0 tee_rpmb_read:1354 Read 1 block at index 1022
D/TC:? 0 tee_fs_crypt_block:241 Decrypt block #1022
D/TC:? 1 tee_ta_init_pseudo_ta_session:303 Lookup pseudo TA 564401c1-f0e8-4dfd-9c2f-d602e04b7232
D/TC:? 1 ldelf_load_ldelf:110 ldelf load address 0x40007000
D/LD:  ldelf:159 Loading TS 564401c1-f0e8-4dfd-9c2f-d602e04b7232
D/TC:? 1 ldelf_syscall_open_bin:163 Lookup user TA ELF 564401c1-f0e8-4dfd-9c2f-d602e04b7232 (early TA)
D/TC:? 1 ldelf_syscall_open_bin:167 res=0xffff0008
D/TC:? 1 ldelf_syscall_open_bin:163 Lookup user TA ELF 564401c1-f0e8-4dfd-9c2f-d602e04b7232 (Secure Storage TA)
D/TC:? 1 do_notif:34 sleep thread 1 0x97093908
D/TC:? 0 do_notif:34 wake  thread 1 0x97093908
D/TC:? 0 read_fat:2211 fat_address 0
*D/TC:? 1 do_notif:34 sleep thread 1 0x97093908
*D/TC:? 0 tee_rpmb_read:1354 Read 8 blocks at index 2
D/TC:? 0 dump_fh:1957 fh->filename=/dirfile.db.hash
D/TC:? 0 dump_fh:1958 fh->rpmb_fat_address=512
D/TC:? 0 dump_fh:1959 fh->fat_entry.start_address=261632
D/TC:? 0 dump_fh:1960 fh->fat_entry.data_size=32
D/TC:? 0 read_fat:2211 fat_address 512
D/TC:? 0 tee_rpmb_read:1354 Read 8 blocks at index 2
D/TC:? 0 tee_rpmb_read:1354 Read 1 block at index 1022
D/TC:? 0 tee_fs_crypt_block:241 Decrypt block #1022
D/TC:? 0 dump_fh:1957 fh->filename=/dirfile.db.hash
D/TC:? 0 dump_fh:1958 fh->rpmb_fat_address=512
D/TC:? 0 dump_fh:1959 fh->fat_entry.start_address=261632
D/TC:? 0 dump_fh:1960 fh->fat_entry.data_size=32
D/TC:? 0 read_fat:2211 fat_address 512
D/TC:? 0 tee_rpmb_read:1354 Read 8 blocks at index 2
D/TC:? 0 rpmb_fs_write_primitive:2596 Updating data in-place
D/TC:? 0 tee_rpmb_read:1354 Read 1 block at index 1022
D/TC:? 0 tee_fs_crypt_block:241 Decrypt block #1022
D/TC:? 0 tee_rpmb_write_blk:1486 Write 1 block at index 1022
D/TC:? 0 tee_fs_crypt_block:241 Encrypt block #1022
D/TC:? 0 do_notif:34 wake  thread 1 0x97093908
D/TC:? 1 do_notif:34 sleep thread 1 0x97093908
D/TC:? 0 do_notif:34 wake  thread 1 0x97093908
D/TC:? 1 do_notif:34 sleep thread 1 0x97093908
*D/TC:? 0 read_fat:2211 fat_address 0
D/TC:? 0 tee_rpmb_read:1354 Read 8 blocks at index 2
D/TC:? 0 dump_fh:1957 fh->filename=/dirfile.db.hash
D/TC:? 0 dump_fh:1958 fh->rpmb_fat_address=512
D/TC:? 0 dump_fh:1959 fh->fat_entry.start_address=261632
D/TC:? 0 dump_fh:1960 fh->fat_entry.data_size=32
D/TC:? 0 read_fat:2211 fat_address 512
D/TC:? 0 tee_rpmb_read:1354 Read 8 blocks at index 2
D/TC:? 0 tee_rpmb_read:1354 Read 1 block at index 1022
D/TC:? 0 tee_fs_crypt_block:241 Decrypt block #1022
D/TC:0   test_wd_callback:49 WD call_count 2, timeout_count 0
D/TC:? 0 do_notif:34 wake  thread 1 0x97093908
D/TC:? 0 read_fat:2211 fat_address 0
D/TC:? 1 do_notif:34 sleep thread 1 0x97093908
*D/TC:? 0 tee_rpmb_read:1354 Read 8 blocks at index 2
D/TC:? 0 dump_fh:1957 fh->filename=/dirfile.db.hash
D/TC:? 0 dump_fh:1958 fh->rpmb_fat_address=512
D/TC:? 0 dump_fh:1959 fh->fat_entry.start_address=261632
D/TC:? 0 dump_fh:1960 fh->fat_entry.data_size=32
D/TC:? 0 read_fat:2211 fat_address 512
D/TC:? 0 tee_rpmb_read:1354 Read 8 blocks at index 2
D/TC:? 0 tee_rpmb_read:1354 Read 1 block at index 1022
D/TC:? 0 tee_fs_crypt_block:241 Decrypt block #1022
D/TC:0   periodic_callback:136 seconds 7 millis 94 count 7
D/TC:? 0 dump_fh:1957 fh->filename=/dirfile.db.hash
D/TC:? 0 dump_fh:1958 fh->rpmb_fat_address=512
D/TC:? 0 dump_fh:1959 fh->fat_entry.start_address=261632
D/TC:? 0 dump_fh:1960 fh->fat_entry.data_size=32
D/TC:? 0 read_fat:2211 fat_address 512
D/TC:? 0 tee_rpmb_read:1354 Read 8 blocks at index 2
D/TC:? 0 rpmb_fs_write_primitive:2596 Updating data in-place
D/TC:? 0 tee_rpmb_read:1354 Read 1 block at index 1022
D/TC:? 0 tee_fs_crypt_block:241 Decrypt block #1022
D/TC:? 0 tee_rpmb_write_blk:1486 Write 1 block at index 1022
D/TC:? 0 tee_fs_crypt_block:241 Encrypt block #1022
D/TC:? 0 do_notif:34 wake  thread 1 0x97093908
D/TC:? 1 do_notif:34 sleep thread 1 0x97093908
D/TC:? 0 do_notif:34 wake  thread 1 0x97093908
D/TC:? 0 read_fat:2211 fat_address 0
*D/TC:? 1 do_notif:34 sleep thread 1 0x97093908
D/TC:? 0 tee_rpmb_read:1354 Read 8 blocks at index 2
D/TC:? 0 dump_fh:1957 fh->filename=/dirfile.db.hash
D/TC:? 0 dump_fh:1958 fh->rpmb_fat_address=512
D/TC:? 0 dump_fh:1959 fh->fat_entry.start_address=261632
D/TC:? 0 dump_fh:1960 fh->fat_entry.data_size=32
D/TC:? 0 read_fat:2211 fat_address 512
D/TC:? 0 tee_rpmb_read:1354 Read 8 blocks at index 2
D/TC:? 0 tee_rpmb_read:1354 Read 1 block at index 1022
D/TC:? 0 tee_fs_crypt_block:241 Decrypt block #1022
D/TC:? 0 do_notif:34 wake  thread 1 0x97093908
D/TC:? 0 read_fat:2211 fat_address 0
*D/TC:? 1 do_notif:34 sleep thread 1 0x97093908
*D/TC:? 0 tee_rpmb_read:1354 Read 8 blocks at index 2
D/TC:? 0 dump_fh:1957 fh->filename=/dirfile.db.hash
D/TC:? 0 dump_fh:1958 fh->rpmb_fat_address=512
D/TC:? 0 dump_fh:1959 fh->fat_entry.start_address=261632
D/TC:? 0 dump_fh:1960 fh->fat_entry.data_size=32
D/TC:? 0 read_fat:2211 fat_address 512
D/TC:? 0 tee_rpmb_read:1354 Read 8 blocks at index 2
D/TC:? 0 tee_rpmb_read:1354 Read 1 block at index 1022
D/TC:? 0 tee_fs_crypt_block:241 Decrypt block #1022
D/TC:? 0 dump_fh:1957 fh->filename=/dirfile.db.hash
D/TC:? 0 dump_fh:1958 fh->rpmb_fat_address=512
D/TC:? 0 dump_fh:1959 fh->fat_entry.start_address=261632
D/TC:? 0 dump_fh:1960 fh->fat_entry.data_size=32
D/TC:? 0 read_fat:2211 fat_address 512
D/TC:? 0 tee_rpmb_read:1354 Read 8 blocks at index 2
D/TC:? 0 rpmb_fs_write_primitive:2596 Updating data in-place
D/TC:? 0 tee_rpmb_read:1354 Read 1 block at index 1022
D/TC:? 0 tee_fs_crypt_block:241 Decrypt block #1022
D/TC:? 0 tee_rpmb_write_blk:1486 Write 1 block at index 1022
D/TC:? 0 tee_fs_crypt_block:241 Encrypt block #1022
D/TC:? 0 do_notif:34 wake  thread 1 0x97093908
D/TC:? 1 do_notif:34 sleep thread 1 0x97093908
D/TC:? 0 do_notif:34 wake  thread 1 0x97093908
D/TC:? 0 read_fat:2211 fat_address 0
*D/TC:? 1 do_notif:34 sleep thread 1 0x97093908
D/TC:? 0 tee_rpmb_read:1354 Read 8 blocks at index 2
D/TC:? 0 dump_fh:1957 fh->filename=/dirfile.db.hash
D/TC:? 0 dump_fh:1958 fh->rpmb_fat_address=512
D/TC:? 0 dump_fh:1959 fh->fat_entry.start_address=261632
D/TC:? 0 dump_fh:1960 fh->fat_entry.data_size=32
D/TC:? 0 read_fat:2211 fat_address 512
D/TC:? 0 tee_rpmb_read:1354 Read 8 blocks at index 2
D/TC:? 0 tee_rpmb_read:1354 Read 1 block at index 1022
D/TC:? 0 tee_fs_crypt_block:241 Decrypt block #1022
D/TC:? 0 do_notif:34 wake  thread 1 0x97093908
D/TC:? 0 read_fat:2211 fat_address 0
*D/TC:? 1 do_notif:34 sleep thread 1 0x97093908
D/TC:? 0 tee_rpmb_read:1354 Read 8 blocks at index 2
D/TC:? 0 dump_fh:1957 fh->filename=/dirfile.db.hash
D/TC:? 0 dump_fh:1958 fh->rpmb_fat_address=512
D/TC:? 0 dump_fh:1959 fh->fat_entry.start_address=261632
D/TC:? 0 dump_fh:1960 fh->fat_entry.data_size=32
D/TC:? 0 read_fat:2211 fat_address 512
D/TC:? 0 tee_rpmb_read:1354 Read 8 blocks at index 2
D/TC:? 0 tee_rpmb_read:1354 Read 1 block at index 1022
D/TC:? 0 tee_fs_crypt_block:241 Decrypt block #1022
D/TC:? 0 dump_fh:1957 fh->filename=/dirfile.db.hash
D/TC:? 0 dump_fh:1958 fh->rpmb_fat_address=512
D/TC:? 0 dump_fh:1959 fh->fat_entry.start_address=261632
D/TC:? 0 dump_fh:1960 fh->fat_entry.data_size=32
D/TC:? 0 read_fat:2211 fat_address 512
D/TC:? 0 tee_rpmb_read:1354 Read 8 blocks at index 2
D/TC:? 0 rpmb_fs_write_primitive:2596 Updating data in-place
D/TC:? 0 tee_rpmb_read:1354 Read 1 block at index 1022
D/TC:? 0 tee_fs_crypt_block:241 Decrypt block #1022
D/TC:? 0 tee_rpmb_write_blk:1486 Write 1 block at index 1022
D/TC:? 0 tee_fs_crypt_block:241 Encrypt block #1022
D/TC:? 0 do_notif:34 wake  thread 1 0x97093908
D/TC:? 1 do_notif:34 sleep thread 1 0x97093908
D/TC:? 0 do_notif:34 wake  thread 1 0x97093908
D/TC:? 1 read_fat:2211 fat_address 0
*D/TC:? 0 do_notif:34 sleep thread 0 0x97093908
D/TC:? 1 tee_rpmb_read:1354 Read 8 blocks at index 2
D/TC:? 1 dump_fh:1957 fh->filename=/dirfile.db.hash
D/TC:? 1 dump_fh:1958 fh->rpmb_fat_address=512
D/TC:? 1 dump_fh:1959 fh->fat_entry.start_address=261632
D/TC:? 1 dump_fh:1960 fh->fat_entry.data_size=32
D/TC:? 1 read_fat:2211 fat_address 512
D/TC:? 1 tee_rpmb_read:1354 Read 8 blocks at index 2
D/TC:? 1 tee_rpmb_read:1354 Read 1 block at index 1022
D/TC:? 1 tee_fs_crypt_block:241 Decrypt block #1022
D/TC:? 1 do_notif:34 wake  thread 0 0x97093908
D/TC:? 1 read_fat:2211 fat_address 0
D/TC:? 1 tee_rpmb_read:1354 Read 8 blocks at index 2
D/TC:? 0 do_notif:34 sleep thread 0 0x97093908
D/TC:? 1 dump_fh:1957 fh->filename=/dirfile.db.hash
D/TC:? 1 dump_fh:1958 fh->rpmb_fat_address=512
D/TC:? 1 dump_fh:1959 fh->fat_entry.start_address=261632
D/TC:? 1 dump_fh:1960 fh->fat_entry.data_size=32
D/TC:? 1 read_fat:2211 fat_address 512
D/TC:? 1 tee_rpmb_read:1354 Read 8 blocks at index 2
D/TC:? 1 tee_rpmb_read:1354 Read 1 block at index 1022
D/TC:? 1 tee_fs_crypt_block:241 Decrypt block #1022
D/TC:? 1 dump_fh:1957 fh->filename=/dirfile.db.hash
D/TC:? 1 dump_fh:1958 fh->rpmb_fat_address=512
D/TC:? 1 dump_fh:1959 fh->fat_entry.start_address=261632
D/TC:? 1 dump_fh:1960 fh->fat_entry.data_size=32
D/TC:? 1 read_fat:2211 fat_address 512
D/TC:? 1 tee_rpmb_read:1354 Read 8 blocks at index 2
D/TC:? 1 rpmb_fs_write_primitive:2596 Updating data in-place
D/TC:? 1 tee_rpmb_read:1354 Read 1 block at index 1022
D/TC:? 1 tee_fs_crypt_block:241 Decrypt block #1022
D/TC:? 1 tee_rpmb_write_blk:1486 Write 1 block at index 1022
D/TC:? 1 tee_fs_crypt_block:241 Encrypt block #1022
D/TC:? 1 do_notif:34 wake  thread 0 0x97093908
D/TC:? 1 do_notif:34 sleep thread 1 0x97093908
D/TC:? 0 do_notif:34 wake  thread 1 0x97093908
D/TC:? 0 read_fat:2211 fat_address 0
*D/TC:? 1 do_notif:34 sleep thread 1 0x97093908
*D/TC:? 0 tee_rpmb_read:1354 Read 8 blocks at index 2
D/TC:? 0 dump_fh:1957 fh->filename=/dirfile.db.hash
D/TC:? 0 dump_fh:1958 fh->rpmb_fat_address=512
D/TC:? 0 dump_fh:1959 fh->fat_entry.start_address=261632
D/TC:? 0 dump_fh:1960 fh->fat_entry.data_size=32
D/TC:? 0 read_fat:2211 fat_address 512
D/TC:? 0 tee_rpmb_read:1354 Read 8 blocks at index 2
D/TC:? 0 tee_rpmb_read:1354 Read 1 block at index 1022
D/TC:? 0 tee_fs_crypt_block:241 Decrypt block #1022
D/TC:? 0 dump_fh:1957 fh->filename=/dirfile.db.hash
D/TC:? 0 dump_fh:1958 fh->rpmb_fat_address=512
D/TC:? 0 dump_fh:1959 fh->fat_entry.start_address=261632
D/TC:? 0 dump_fh:1960 fh->fat_entry.data_size=32
D/TC:? 0 read_fat:2211 fat_address 512
D/TC:? 0 tee_rpmb_read:1354 Read 8 blocks at index 2
D/TC:? 0 rpmb_fs_write_primitive:2596 Updating data in-place
D/TC:? 0 tee_rpmb_read:1354 Read 1 block at index 1022
D/TC:? 0 tee_fs_crypt_block:241 Decrypt block #1022
D/TC:? 0 tee_rpmb_write_blk:1486 Write 1 block at index 1022
D/TC:? 0 tee_fs_crypt_block:241 Encrypt block #1022
D/TC:? 0 do_notif:34 wake  thread 1 0x97093908
D/TC:? 1 do_notif:34 sleep thread 1 0x97093908
D/TC:? 0 do_notif:34 wake  thread 1 0x97093908
D/TC:? 0 do_notif:34 sleep thread 0 0x97093908
*D/TC:? 1 do_notif:34 wake  thread 0 0x97093908
D/TC:? 1 do_notif:34 sleep thread 1 0x97093908
D/TC:? 0 do_notif:34 wake  thread 1 0x97093908
D/TC:? 0 read_fat:2211 fat_address 0
*D/TC:? 1 do_notif:34 sleep thread 1 0x97093908
*D/TC:? 0 tee_rpmb_read:1354 Read 8 blocks at index 2
D/TC:? 0 dump_fh:1957 fh->filename=/dirfile.db.hash
D/TC:? 0 dump_fh:1958 fh->rpmb_fat_address=512
D/TC:? 0 dump_fh:1959 fh->fat_entry.start_address=261632
D/TC:? 0 dump_fh:1960 fh->fat_entry.data_size=32
D/TC:? 0 read_fat:2211 fat_address 512
D/TC:? 0 tee_rpmb_read:1354 Read 8 blocks at index 2
D/TC:? 0 tee_rpmb_read:1354 Read 1 block at index 1022
D/TC:? 0 tee_fs_crypt_block:241 Decrypt block #1022
D/TC:0   test_wd_callback:49 WD call_count 3, timeout_count 1
D/TC:? 0 dump_fh:1957 fh->filename=/dirfile.db.hash
D/TC:? 0 dump_fh:1958 fh->rpmb_fat_address=512
D/TC:? 0 dump_fh:1959 fh->fat_entry.start_address=261632
D/TC:? 0 dump_fh:1960 fh->fat_entry.data_size=32
D/TC:? 0 read_fat:2211 fat_address 512
D/TC:? 0 tee_rpmb_read:1354 Read 8 blocks at index 2
D/TC:? 0 rpmb_fs_write_primitive:2596 Updating data in-place
D/TC:? 0 tee_rpmb_read:1354 Read 1 block at index 1022
D/TC:? 0 tee_fs_crypt_block:241 Decrypt block #1022
D/TC:? 0 tee_rpmb_write_blk:1486 Write 1 block at index 1022
D/TC:? 0 tee_fs_crypt_block:241 Encrypt block #1022
D/TC:? 0 do_notif:34 wake  thread 1 0x97093908
D/TC:? 1 do_notif:34 sleep thread 1 0x97093908
D/TC:? 0 do_notif:34 wake  thread 1 0x97093908
D/TC:? 1 do_notif:34 sleep thread 1 0x97093908
D/TC:0   periodic_callback:136 seconds 8 millis 94 count 8
D/TC:? 0 do_notif:34 wake  thread 1 0x97093908
D/TC:? 0 read_fat:2211 fat_address 0
D/TC:? 1 do_notif:34 sleep thread 1 0x97093908
*D/TC:? 0 tee_rpmb_read:1354 Read 8 blocks at index 2
D/TC:? 0 dump_fh:1957 fh->filename=/dirfile.db.hash
D/TC:? 0 dump_fh:1958 fh->rpmb_fat_address=512
D/TC:? 0 dump_fh:1959 fh->fat_entry.start_address=261632
D/TC:? 0 dump_fh:1960 fh->fat_entry.data_size=32
D/TC:? 0 read_fat:2211 fat_address 512
D/TC:? 0 tee_rpmb_read:1354 Read 8 blocks at index 2
D/TC:? 0 tee_rpmb_read:1354 Read 1 block at index 1022
D/TC:? 0 tee_fs_crypt_block:241 Decrypt block #1022
D/TC:? 0 dump_fh:1957 fh->filename=/dirfile.db.hash
D/TC:? 0 dump_fh:1958 fh->rpmb_fat_address=512
D/TC:? 0 dump_fh:1959 fh->fat_entry.start_address=261632
D/TC:? 0 dump_fh:1960 fh->fat_entry.data_size=32
D/TC:? 0 read_fat:2211 fat_address 512
D/TC:? 0 tee_rpmb_read:1354 Read 8 blocks at index 2
D/TC:? 0 rpmb_fs_write_primitive:2596 Updating data in-place
D/TC:? 0 tee_rpmb_read:1354 Read 1 block at index 1022
D/TC:? 0 tee_fs_crypt_block:241 Decrypt block #1022
D/TC:? 0 tee_rpmb_write_blk:1486 Write 1 block at index 1022
D/TC:? 0 tee_fs_crypt_block:241 Encrypt block #1022
D/TC:? 0 do_notif:34 wake  thread 1 0x97093908
D/TC:? 1 do_notif:34 sleep thread 1 0x97093908
D/TC:? 0 do_notif:34 wake  thread 1 0x97093908
D/TC:? 1 do_notif:34 sleep thread 1 0x97093908
D/TC:? 0 do_notif:34 wake  thread 1 0x97093908
D/TC:? 0 read_fat:2211 fat_address 0
*D/TC:? 1 do_notif:34 sleep thread 1 0x97093908
D/TC:? 0 tee_rpmb_read:1354 Read 8 blocks at index 2
D/TC:? 0 dump_fh:1957 fh->filename=/dirfile.db.hash
D/TC:? 0 dump_fh:1958 fh->rpmb_fat_address=512
D/TC:? 0 dump_fh:1959 fh->fat_entry.start_address=261632
D/TC:? 0 dump_fh:1960 fh->fat_entry.data_size=32
D/TC:? 0 read_fat:2211 fat_address 512
D/TC:? 0 tee_rpmb_read:1354 Read 8 blocks at index 2
D/TC:? 0 tee_rpmb_read:1354 Read 1 block at index 1022
D/TC:? 0 tee_fs_crypt_block:241 Decrypt block #1022
D/TC:? 0 dump_fh:1957 fh->filename=/dirfile.db.hash
D/TC:? 0 dump_fh:1958 fh->rpmb_fat_address=512
D/TC:? 0 dump_fh:1959 fh->fat_entry.start_address=261632
D/TC:? 0 dump_fh:1960 fh->fat_entry.data_size=32
D/TC:? 0 read_fat:2211 fat_address 512
D/TC:? 0 tee_rpmb_read:1354 Read 8 blocks at index 2
D/TC:? 0 rpmb_fs_write_primitive:2596 Updating data in-place
D/TC:? 0 tee_rpmb_read:1354 Read 1 block at index 1022
D/TC:? 0 tee_fs_crypt_block:241 Decrypt block #1022
D/TC:? 0 tee_rpmb_write_blk:1486 Write 1 block at index 1022
D/TC:? 0 tee_fs_crypt_block:241 Encrypt block #1022
D/TC:? 0 do_notif:34 wake  thread 1 0x97093908
D/TC:? 1 do_notif:34 sleep thread 1 0x97093908
D/TC:? 0 do_notif:34 wake  thread 1 0x97093908
D/TC:? 1 do_notif:34 sleep thread 1 0x97093908
D/TC:? 0 do_notif:34 wake  thread 1 0x97093908
D/TC:? 0 read_fat:2211 fat_address 0
*D/TC:? 1 do_notif:34 sleep thread 1 0x97093908
D/TC:? 0 tee_rpmb_read:1354 Read 8 blocks at index 2
D/TC:? 0 dump_fh:1957 fh->filename=/dirfile.db.hash
D/TC:? 0 dump_fh:1958 fh->rpmb_fat_address=512
D/TC:? 0 dump_fh:1959 fh->fat_entry.start_address=261632
D/TC:? 0 dump_fh:1960 fh->fat_entry.data_size=32
D/TC:? 0 read_fat:2211 fat_address 512
D/TC:? 0 tee_rpmb_read:1354 Read 8 blocks at index 2
D/TC:? 0 tee_rpmb_read:1354 Read 1 block at index 1022
D/TC:? 0 tee_fs_crypt_block:241 Decrypt block #1022
D/TC:? 0 dump_fh:1957 fh->filename=/dirfile.db.hash
D/TC:? 0 dump_fh:1958 fh->rpmb_fat_address=512
D/TC:? 0 dump_fh:1959 fh->fat_entry.start_address=261632
D/TC:? 0 dump_fh:1960 fh->fat_entry.data_size=32
D/TC:? 0 read_fat:2211 fat_address 512
D/TC:? 0 tee_rpmb_read:1354 Read 8 blocks at index 2
D/TC:? 0 rpmb_fs_write_primitive:2596 Updating data in-place
D/TC:? 0 tee_rpmb_read:1354 Read 1 block at index 1022
D/TC:? 0 tee_fs_crypt_block:241 Decrypt block #1022
D/TC:? 0 tee_rpmb_write_blk:1486 Write 1 block at index 1022
D/TC:? 0 tee_fs_crypt_block:241 Encrypt block #1022
D/TC:? 0 do_notif:34 wake  thread 1 0x97093908
D/TC:? 1 do_notif:34 sleep thread 1 0x97093908
D/TC:? 0 do_notif:34 wake  thread 1 0x97093908
D/TC:? 1 do_notif:34 sleep thread 1 0x97093908
D/TC:? 0 do_notif:34 wake  thread 1 0x97093908
D/TC:? 0 do_notif:34 sleep thread 0 0x97093908
D/TC:? 1 do_notif:34 wake  thread 0 0x97093908
D/TC:? 1 ldelf_syscall_open_bin:167 res=0xffff0008
D/TC:? 1 ldelf_syscall_open_bin:163 Lookup user TA ELF 564401c1-f0e8-4dfd-9c2f-d602e04b7232 (REE)
D/TC:? 0 read_fat:2211 fat_address 0
D/TC:? 0 tee_rpmb_read:1354 Read 8 blocks at index 2
D/TC:? 0 dump_fh:1957 fh->filename=/dirfile.db.hash
D/TC:? 0 dump_fh:1958 fh->rpmb_fat_address=512
D/TC:? 0 dump_fh:1959 fh->fat_entry.start_address=261632
D/TC:? 0 dump_fh:1960 fh->fat_entry.data_size=32
D/TC:? 0 read_fat:2211 fat_address 512
D/TC:? 0 tee_rpmb_read:1354 Read 8 blocks at index 2
D/TC:? 0 tee_rpmb_read:1354 Read 1 block at index 1022
D/TC:? 0 tee_fs_crypt_block:241 Decrypt block #1022
D/TC:? 0 do_notif:34 sleep thread 0 0x970ce1d0
D/TC:? 1 do_notif:34 wake  thread 0 0x970ce1d0
D/TC:? 1 ldelf_syscall_open_bin:167 res=0
D/TC:? 1 do_notif:34 sleep thread 1 0x97093908
D/TC:? 0 dump_fh:1957 fh->filename=/dirfile.db.hash
D/TC:? 0 dump_fh:1958 fh->rpmb_fat_address=512
D/TC:? 0 dump_fh:1959 fh->fat_entry.start_address=261632
D/TC:? 0 dump_fh:1960 fh->fat_entry.data_size=32
D/TC:? 0 read_fat:2211 fat_address 512
D/TC:? 0 tee_rpmb_read:1354 Read 8 blocks at index 2
D/TC:? 0 rpmb_fs_write_primitive:2596 Updating data in-place
D/TC:? 0 tee_rpmb_read:1354 Read 1 block at index 1022
D/TC:? 0 tee_fs_crypt_block:241 Decrypt block #1022
D/TC:? 0 tee_rpmb_write_blk:1486 Write 1 block at index 1022
D/TC:? 0 tee_fs_crypt_block:241 Encrypt block #1022
D/TC:? 0 do_notif:34 wake  thread 1 0x97093908
D/TC:? 1 do_notif:34 sleep thread 1 0x97093908
D/TC:? 0 do_notif:34 wake  thread 1 0x97093908
D/TC:? 1 read_fat:2211 fat_address 0
*D/TC:? 0 do_notif:34 sleep thread 0 0x97093908
D/TC:? 1 tee_rpmb_read:1354 Read 8 blocks at index 2
D/TC:? 1 dump_fh:1957 fh->filename=/dirfile.db.hash
D/TC:? 1 dump_fh:1958 fh->rpmb_fat_address=512
D/TC:? 1 dump_fh:1959 fh->fat_entry.start_address=261632
D/TC:? 1 dump_fh:1960 fh->fat_entry.data_size=32
D/TC:? 1 read_fat:2211 fat_address 512
D/TC:? 1 tee_rpmb_read:1354 Read 8 blocks at index 2
D/TC:? 1 tee_rpmb_read:1354 Read 1 block at index 1022
D/TC:? 1 tee_fs_crypt_block:241 Decrypt block #1022
D/TC:? 1 do_notif:34 wake  thread 0 0x97093908
D/TC:? 1 read_fat:2211 fat_address 0
*D/TC:? 0 do_notif:34 sleep thread 0 0x97093908
D/TC:? 1 tee_rpmb_read:1354 Read 8 blocks at index 2
D/TC:? 1 dump_fh:1957 fh->filename=/dirfile.db.hash
D/TC:? 1 dump_fh:1958 fh->rpmb_fat_address=512
D/TC:? 1 dump_fh:1959 fh->fat_entry.start_address=261632
D/TC:? 1 dump_fh:1960 fh->fat_entry.data_size=32
D/TC:? 1 read_fat:2211 fat_address 512
D/TC:? 1 tee_rpmb_read:1354 Read 8 blocks at index 2
D/TC:? 1 tee_rpmb_read:1354 Read 1 block at index 1022
D/TC:? 1 tee_fs_crypt_block:241 Decrypt block #1022
D/TC:0 1 test_wd_callback:49 WD call_count 4, timeout_count 2
D/TC:0 1 periodic_callback:136 seconds 9 millis 94 count 9
D/TC:? 1 dump_fh:1957 fh->filename=/dirfile.db.hash
D/TC:? 1 dump_fh:1958 fh->rpmb_fat_address=512
D/TC:? 1 dump_fh:1959 fh->fat_entry.start_address=261632
D/TC:? 1 dump_fh:1960 fh->fat_entry.data_size=32
D/TC:? 1 read_fat:2211 fat_address 512
D/TC:? 1 tee_rpmb_read:1354 Read 8 blocks at index 2
D/TC:? 1 rpmb_fs_write_primitive:2596 Updating data in-place
D/TC:? 1 tee_rpmb_read:1354 Read 1 block at index 1022
D/TC:? 1 tee_fs_crypt_block:241 Decrypt block #1022
D/TC:? 1 tee_rpmb_write_blk:1486 Write 1 block at index 1022
D/TC:? 1 tee_fs_crypt_block:241 Encrypt block #1022
D/TC:? 1 do_notif:34 wake  thread 0 0x97093908
D/TC:? 0 do_notif:34 sleep thread 0 0x97093908
D/TC:? 1 dump_fh:1957 fh->filename=/dirfile.db.hash
D/TC:? 1 dump_fh:1958 fh->rpmb_fat_address=512
D/TC:? 1 dump_fh:1959 fh->fat_entry.start_address=261632
D/TC:? 1 dump_fh:1960 fh->fat_entry.data_size=32
D/TC:? 1 read_fat:2211 fat_address 512
D/TC:? 1 tee_rpmb_read:1354 Read 8 blocks at index 2
D/TC:? 1 rpmb_fs_write_primitive:2596 Updating data in-place
D/TC:? 1 tee_rpmb_read:1354 Read 1 block at index 1022
D/TC:? 1 tee_fs_crypt_block:241 Decrypt block #1022
D/TC:? 1 tee_rpmb_write_blk:1486 Write 1 block at index 1022
D/TC:? 1 tee_fs_crypt_block:241 Encrypt block #1022
D/TC:? 1 do_notif:34 wake  thread 0 0x97093908
D/TC:? 0 do_notif:34 sleep thread 0 0x97093908
D/TC:? 1 dump_fh:1957 fh->filename=/dirfile.db.hash
D/TC:? 1 dump_fh:1958 fh->rpmb_fat_address=512
D/TC:? 1 dump_fh:1959 fh->fat_entry.start_address=261632
D/TC:? 1 dump_fh:1960 fh->fat_entry.data_size=32
D/TC:? 1 read_fat:2211 fat_address 512
D/TC:? 1 tee_rpmb_read:1354 Read 8 blocks at index 2
D/TC:? 1 rpmb_fs_write_primitive:2596 Updating data in-place
D/TC:? 1 tee_rpmb_read:1354 Read 1 block at index 1022
D/TC:? 1 tee_fs_crypt_block:241 Decrypt block #1022
D/TC:? 1 tee_rpmb_write_blk:1486 Write 1 block at index 1022
D/TC:? 1 tee_fs_crypt_block:241 Encrypt block #1022
D/TC:? 1 do_notif:34 wake  thread 0 0x97093908
D/TC:? 0 do_notif:34 sleep thread 0 0x97093908
D/TC:? 1 do_notif:34 wake  thread 0 0x97093908
D/TC:? 0 read_fat:2211 fat_address 0
D/TC:? 0 tee_rpmb_read:1354 Read 8 blocks at index 2
D/TC:? 0 dump_fh:1957 fh->filename=/dirfile.db.hash
D/TC:? 0 dump_fh:1958 fh->rpmb_fat_address=512
D/TC:? 0 dump_fh:1959 fh->fat_entry.start_address=261632
D/TC:? 0 dump_fh:1960 fh->fat_entry.data_size=32
D/TC:? 0 read_fat:2211 fat_address 512
D/TC:? 0 tee_rpmb_read:1354 Read 8 blocks at index 2
D/TC:? 0 tee_rpmb_read:1354 Read 1 block at index 1022
D/LD:  ldelf:207 ELF (564401c1-f0e8-4dfd-9c2f-d602e04b7232) at 0x40091000
D/TC:? 0 tee_fs_crypt_block:241 Decrypt block #1022
*D/TC:? 1 do_notif:34 sleep thread 1 0x97093530
D/TC:? 0 read_fat:2211 fat_address 0
D/TC:? 0 tee_rpmb_read:1354 Read 8 blocks at index 2
D/TC:? 0 dump_fh:1957 fh->filename=/dirfile.db.hash
D/TC:? 0 dump_fh:1958 fh->rpmb_fat_address=512
D/TC:? 0 dump_fh:1959 fh->fat_entry.start_address=261632
D/TC:? 0 dump_fh:1960 fh->fat_entry.data_size=32
D/TC:? 0 read_fat:2211 fat_address 512
D/TC:? 0 tee_rpmb_read:1354 Read 8 blocks at index 2
D/TC:? 0 tee_rpmb_read:1354 Read 1 block at index 1022
D/TC:? 0 tee_fs_crypt_block:241 Decrypt block #1022
D/TC:? 0 dump_fh:1957 fh->filename=/dirfile.db.hash
D/TC:? 0 dump_fh:1958 fh->rpmb_fat_address=512
D/TC:? 0 dump_fh:1959 fh->fat_entry.start_address=261632
D/TC:? 0 dump_fh:1960 fh->fat_entry.data_size=32
D/TC:? 0 read_fat:2211 fat_address 512
D/TC:? 0 tee_rpmb_read:1354 Read 8 blocks at index 2
D/TC:? 0 rpmb_fs_write_primitive:2596 Updating data in-place
D/TC:? 0 tee_rpmb_read:1354 Read 1 block at index 1022
D/TC:? 0 tee_fs_crypt_block:241 Decrypt block #1022
D/TC:? 0 tee_rpmb_write_blk:1486 Write 1 block at index 1022
D/TC:? 0 tee_fs_crypt_block:241 Encrypt block #1022
D/TC:? 0 read_fat:2211 fat_address 0
D/TC:? 0 tee_rpmb_read:1354 Read 8 blocks at index 2
D/TC:? 0 dump_fh:1957 fh->filename=/dirfile.db.hash
D/TC:? 0 dump_fh:1958 fh->rpmb_fat_address=512
D/TC:? 0 dump_fh:1959 fh->fat_entry.start_address=261632
D/TC:? 0 dump_fh:1960 fh->fat_entry.data_size=32
D/TC:? 0 read_fat:2211 fat_address 512
D/TC:? 0 tee_rpmb_read:1354 Read 8 blocks at index 2
D/TC:? 0 tee_rpmb_read:1354 Read 1 block at index 1022
D/TC:? 0 tee_fs_crypt_block:241 Decrypt block #1022
D/TC:? 0 read_fat:2211 fat_address 0
D/TC:? 0 tee_rpmb_read:1354 Read 8 blocks at index 2
D/TC:? 0 dump_fh:1957 fh->filename=/dirfile.db.hash
D/TC:? 0 dump_fh:1958 fh->rpmb_fat_address=512
D/TC:? 0 dump_fh:1959 fh->fat_entry.start_address=261632
D/TC:? 0 dump_fh:1960 fh->fat_entry.data_size=32
D/TC:? 0 read_fat:2211 fat_address 512
D/TC:? 0 tee_rpmb_read:1354 Read 8 blocks at index 2
D/TC:? 0 tee_rpmb_read:1354 Read 1 block at index 1022
D/TC:? 0 tee_fs_crypt_block:241 Decrypt block #1022
D/TC:? 0 dump_fh:1957 fh->filename=/dirfile.db.hash
D/TC:? 0 dump_fh:1958 fh->rpmb_fat_address=512
D/TC:? 0 dump_fh:1959 fh->fat_entry.start_address=261632
D/TC:? 0 dump_fh:1960 fh->fat_entry.data_size=32
D/TC:? 0 read_fat:2211 fat_address 512
D/TC:? 0 tee_rpmb_read:1354 Read 8 blocks at index 2
D/TC:? 0 rpmb_fs_write_primitive:2596 Updating data in-place
D/TC:? 0 tee_rpmb_read:1354 Read 1 block at index 1022
D/TC:? 0 tee_fs_crypt_block:241 Decrypt block #1022
D/TC:? 0 tee_rpmb_write_blk:1486 Write 1 block at index 1022
D/TC:? 0 tee_fs_crypt_block:241 Encrypt block #1022
D/TC:? 0 read_fat:2211 fat_address 0
D/TC:? 0 tee_rpmb_read:1354 Read 8 blocks at index 2
D/TC:? 0 dump_fh:1957 fh->filename=/dirfile.db.hash
D/TC:? 0 dump_fh:1958 fh->rpmb_fat_address=512
D/TC:? 0 dump_fh:1959 fh->fat_entry.start_address=261632
D/TC:? 0 dump_fh:1960 fh->fat_entry.data_size=32
D/TC:? 0 read_fat:2211 fat_address 512
D/TC:? 0 tee_rpmb_read:1354 Read 8 blocks at index 2
D/TC:? 0 tee_rpmb_read:1354 Read 1 block at index 1022
D/TC:? 0 tee_fs_crypt_block:241 Decrypt block #1022
D/TC:? 0 read_fat:2211 fat_address 0
D/TC:? 0 tee_rpmb_read:1354 Read 8 blocks at index 2
D/TC:? 0 dump_fh:1957 fh->filename=/dirfile.db.hash
D/TC:? 0 dump_fh:1958 fh->rpmb_fat_address=512
D/TC:? 0 dump_fh:1959 fh->fat_entry.start_address=261632
D/TC:? 0 dump_fh:1960 fh->fat_entry.data_size=32
D/TC:? 0 read_fat:2211 fat_address 512
D/TC:? 0 tee_rpmb_read:1354 Read 8 blocks at index 2
D/TC:? 0 tee_rpmb_read:1354 Read 1 block at index 1022
D/TC:? 0 tee_fs_crypt_block:241 Decrypt block #1022
D/TC:0   test_wd_callback:49 WD call_count 5, timeout_count 3
D/TC:0   periodic_callback:136 seconds 10 millis 94 count 10
D/TC:? 0 dump_fh:1957 fh->filename=/dirfile.db.hash
D/TC:? 0 dump_fh:1958 fh->rpmb_fat_address=512
D/TC:? 0 dump_fh:1959 fh->fat_entry.start_address=261632
D/TC:? 0 dump_fh:1960 fh->fat_entry.data_size=32
D/TC:? 0 read_fat:2211 fat_address 512
D/TC:? 0 tee_rpmb_read:1354 Read 8 blocks at index 2
D/TC:? 0 rpmb_fs_write_primitive:2596 Updating data in-place
D/TC:? 0 tee_rpmb_read:1354 Read 1 block at index 1022
D/TC:? 0 tee_fs_crypt_block:241 Decrypt block #1022
D/TC:? 0 tee_rpmb_write_blk:1486 Write 1 block at index 1022
D/TC:? 0 tee_fs_crypt_block:241 Encrypt block #1022
D/TC:? 0 read_fat:2211 fat_address 0
D/TC:? 0 tee_rpmb_read:1354 Read 8 blocks at index 2
D/TC:? 0 dump_fh:1957 fh->filename=/dirfile.db.hash
D/TC:? 0 dump_fh:1958 fh->rpmb_fat_address=512
D/TC:? 0 dump_fh:1959 fh->fat_entry.start_address=261632
D/TC:? 0 dump_fh:1960 fh->fat_entry.data_size=32
D/TC:? 0 read_fat:2211 fat_address 512
D/TC:? 0 tee_rpmb_read:1354 Read 8 blocks at index 2
D/TC:? 0 tee_rpmb_read:1354 Read 1 block at index 1022
D/TC:? 0 tee_fs_crypt_block:241 Decrypt block #1022
D/TC:? 0 read_fat:2211 fat_address 0
D/TC:? 0 tee_rpmb_read:1354 Read 8 blocks at index 2
D/TC:? 0 dump_fh:1957 fh->filename=/dirfile.db.hash
D/TC:? 0 dump_fh:1958 fh->rpmb_fat_address=512
D/TC:? 0 dump_fh:1959 fh->fat_entry.start_address=261632
D/TC:? 0 dump_fh:1960 fh->fat_entry.data_size=32
D/TC:? 0 read_fat:2211 fat_address 512
D/TC:? 0 tee_rpmb_read:1354 Read 8 blocks at index 2
D/TC:? 0 tee_rpmb_read:1354 Read 1 block at index 1022
D/TC:? 0 tee_fs_crypt_block:241 Decrypt block #1022
D/TC:? 0 dump_fh:1957 fh->filename=/dirfile.db.hash
D/TC:? 0 dump_fh:1958 fh->rpmb_fat_address=512
D/TC:? 0 dump_fh:1959 fh->fat_entry.start_address=261632
D/TC:? 0 dump_fh:1960 fh->fat_entry.data_size=32
D/TC:? 0 read_fat:2211 fat_address 512
D/TC:? 0 tee_rpmb_read:1354 Read 8 blocks at index 2
D/TC:? 0 rpmb_fs_write_primitive:2596 Updating data in-place
D/TC:? 0 tee_rpmb_read:1354 Read 1 block at index 1022
D/TC:? 0 tee_fs_crypt_block:241 Decrypt block #1022
D/TC:? 0 tee_rpmb_write_blk:1486 Write 1 block at index 1022
D/TC:? 0 tee_fs_crypt_block:241 Encrypt block #1022
D/TC:? 0 read_fat:2211 fat_address 0
D/TC:? 0 tee_rpmb_read:1354 Read 8 blocks at index 2
D/TC:? 0 dump_fh:1957 fh->filename=/dirfile.db.hash
D/TC:? 0 dump_fh:1958 fh->rpmb_fat_address=512
D/TC:? 0 dump_fh:1959 fh->fat_entry.start_address=261632
D/TC:? 0 dump_fh:1960 fh->fat_entry.data_size=32
D/TC:? 0 read_fat:2211 fat_address 512
D/TC:? 0 tee_rpmb_read:1354 Read 8 blocks at index 2
D/TC:? 0 tee_rpmb_read:1354 Read 1 block at index 1022
D/TC:? 0 tee_fs_crypt_block:241 Decrypt block #1022
D/TC:? 0 read_fat:2211 fat_address 0
D/TC:? 0 tee_rpmb_read:1354 Read 8 blocks at index 2
D/TC:? 0 dump_fh:1957 fh->filename=/dirfile.db.hash
D/TC:? 0 dump_fh:1958 fh->rpmb_fat_address=512
D/TC:? 0 dump_fh:1959 fh->fat_entry.start_address=261632
D/TC:? 0 dump_fh:1960 fh->fat_entry.data_size=32
D/TC:? 0 read_fat:2211 fat_address 512
D/TC:? 0 tee_rpmb_read:1354 Read 8 blocks at index 2
D/TC:? 0 tee_rpmb_read:1354 Read 1 block at index 1022
D/TC:? 0 tee_fs_crypt_block:241 Decrypt block #1022
D/TC:? 0 dump_fh:1957 fh->filename=/dirfile.db.hash
D/TC:? 0 dump_fh:1958 fh->rpmb_fat_address=512
D/TC:? 0 dump_fh:1959 fh->fat_entry.start_address=261632
D/TC:? 0 dump_fh:1960 fh->fat_entry.data_size=32
D/TC:? 0 read_fat:2211 fat_address 512
D/TC:? 0 tee_rpmb_read:1354 Read 8 blocks at index 2
D/TC:? 0 rpmb_fs_write_primitive:2596 Updating data in-place
D/TC:? 0 tee_rpmb_read:1354 Read 1 block at index 1022
D/TC:? 0 tee_fs_crypt_block:241 Decrypt block #1022
D/TC:? 0 tee_rpmb_write_blk:1486 Write 1 block at index 1022
D/TC:? 0 tee_fs_crypt_block:241 Encrypt block #1022
D/TC:? 0 read_fat:2211 fat_address 0
D/TC:? 0 tee_rpmb_read:1354 Read 8 blocks at index 2
D/TC:? 0 dump_fh:1957 fh->filename=/dirfile.db.hash
D/TC:? 0 dump_fh:1958 fh->rpmb_fat_address=512
D/TC:? 0 dump_fh:1959 fh->fat_entry.start_address=261632
D/TC:? 0 dump_fh:1960 fh->fat_entry.data_size=32
D/TC:? 0 read_fat:2211 fat_address 512
D/TC:? 0 tee_rpmb_read:1354 Read 8 blocks at index 2
D/TC:? 0 tee_rpmb_read:1354 Read 1 block at index 1022
D/TC:? 0 tee_fs_crypt_block:241 Decrypt block #1022
D/TC:? 0 read_fat:2211 fat_address 0
D/TC:? 0 tee_rpmb_read:1354 Read 8 blocks at index 2
D/TC:? 0 dump_fh:1957 fh->filename=/dirfile.db.hash
D/TC:? 0 dump_fh:1958 fh->rpmb_fat_address=512
D/TC:? 0 dump_fh:1959 fh->fat_entry.start_address=261632
D/TC:? 0 dump_fh:1960 fh->fat_entry.data_size=32
D/TC:? 0 read_fat:2211 fat_address 512
D/TC:? 0 tee_rpmb_read:1354 Read 8 blocks at index 2
D/TC:? 0 tee_rpmb_read:1354 Read 1 block at index 1022
D/TC:? 0 tee_fs_crypt_block:241 Decrypt block #1022
D/TC:0   test_wd_callback:49 WD call_count 6, timeout_count 4
D/TC:0   periodic_callback:136 seconds 11 millis 94 count 11
D/TC:? 0 dump_fh:1957 fh->filename=/dirfile.db.hash
D/TC:? 0 dump_fh:1958 fh->rpmb_fat_address=512
D/TC:? 0 dump_fh:1959 fh->fat_entry.start_address=261632
D/TC:? 0 dump_fh:1960 fh->fat_entry.data_size=32
D/TC:? 0 read_fat:2211 fat_address 512
D/TC:? 0 tee_rpmb_read:1354 Read 8 blocks at index 2
D/TC:? 0 rpmb_fs_write_primitive:2596 Updating data in-place
D/TC:? 0 tee_rpmb_read:1354 Read 1 block at index 1022
D/TC:? 0 tee_fs_crypt_block:241 Decrypt block #1022
D/TC:? 0 tee_rpmb_write_blk:1486 Write 1 block at index 1022
D/TC:? 0 tee_fs_crypt_block:241 Encrypt block #1022
D/TC:? 0 read_fat:2211 fat_address 0
D/TC:? 0 tee_rpmb_read:1354 Read 8 blocks at index 2
D/TC:? 0 dump_fh:1957 fh->filename=/dirfile.db.hash
D/TC:? 0 dump_fh:1958 fh->rpmb_fat_address=512
D/TC:? 0 dump_fh:1959 fh->fat_entry.start_address=261632
D/TC:? 0 dump_fh:1960 fh->fat_entry.data_size=32
D/TC:? 0 read_fat:2211 fat_address 512
D/TC:? 0 tee_rpmb_read:1354 Read 8 blocks at index 2
D/TC:? 0 tee_rpmb_read:1354 Read 1 block at index 1022
D/TC:? 0 tee_fs_crypt_block:241 Decrypt block #1022
D/TC:? 0 read_fat:2211 fat_address 0
D/TC:? 0 tee_rpmb_read:1354 Read 8 blocks at index 2
D/TC:? 0 dump_fh:1957 fh->filename=/dirfile.db.hash
D/TC:? 0 dump_fh:1958 fh->rpmb_fat_address=512
D/TC:? 0 dump_fh:1959 fh->fat_entry.start_address=261632
D/TC:? 0 dump_fh:1960 fh->fat_entry.data_size=32
D/TC:? 0 read_fat:2211 fat_address 512
D/TC:? 0 tee_rpmb_read:1354 Read 8 blocks at index 2
D/TC:? 0 tee_rpmb_read:1354 Read 1 block at index 1022
D/TC:? 0 tee_fs_crypt_block:241 Decrypt block #1022
D/TC:? 0 dump_fh:1957 fh->filename=/dirfile.db.hash
D/TC:? 0 dump_fh:1958 fh->rpmb_fat_address=512
D/TC:? 0 dump_fh:1959 fh->fat_entry.start_address=261632
D/TC:? 0 dump_fh:1960 fh->fat_entry.data_size=32
D/TC:? 0 read_fat:2211 fat_address 512
D/TC:? 0 tee_rpmb_read:1354 Read 8 blocks at index 2
D/TC:? 0 rpmb_fs_write_primitive:2596 Updating data in-place
D/TC:? 0 tee_rpmb_read:1354 Read 1 block at index 1022
D/TC:? 0 tee_fs_crypt_block:241 Decrypt block #1022
D/TC:? 0 tee_rpmb_write_blk:1486 Write 1 block at index 1022
D/TC:? 0 tee_fs_crypt_block:241 Encrypt block #1022
D/TC:? 0 read_fat:2211 fat_address 0
D/TC:? 0 tee_rpmb_read:1354 Read 8 blocks at index 2
D/TC:? 0 dump_fh:1957 fh->filename=/dirfile.db.hash
D/TC:? 0 dump_fh:1958 fh->rpmb_fat_address=512
D/TC:? 0 dump_fh:1959 fh->fat_entry.start_address=261632
D/TC:? 0 dump_fh:1960 fh->fat_entry.data_size=32
D/TC:? 0 read_fat:2211 fat_address 512
D/TC:? 0 tee_rpmb_read:1354 Read 8 blocks at index 2
D/TC:? 0 tee_rpmb_read:1354 Read 1 block at index 1022
D/TC:? 0 tee_fs_crypt_block:241 Decrypt block #1022
D/TC:? 0 read_fat:2211 fat_address 0
D/TC:? 0 tee_rpmb_read:1354 Read 8 blocks at index 2
D/TC:? 0 dump_fh:1957 fh->filename=/dirfile.db.hash
D/TC:? 0 dump_fh:1958 fh->rpmb_fat_address=512
D/TC:? 0 dump_fh:1959 fh->fat_entry.start_address=261632
D/TC:? 0 dump_fh:1960 fh->fat_entry.data_size=32
D/TC:? 0 read_fat:2211 fat_address 512
D/TC:? 0 tee_rpmb_read:1354 Read 8 blocks at index 2
D/TC:? 0 tee_rpmb_read:1354 Read 1 block at index 1022
D/TC:? 0 tee_fs_crypt_block:241 Decrypt block #1022
D/TC:? 0 dump_fh:1957 fh->filename=/dirfile.db.hash
D/TC:? 0 dump_fh:1958 fh->rpmb_fat_address=512
D/TC:? 0 dump_fh:1959 fh->fat_entry.start_address=261632
D/TC:? 0 dump_fh:1960 fh->fat_entry.data_size=32
D/TC:? 0 read_fat:2211 fat_address 512
D/TC:? 0 tee_rpmb_read:1354 Read 8 blocks at index 2
D/TC:0   test_wd_callback:49 WD call_count 7, timeout_count 5
D/TC:? 0 rpmb_fs_write_primitive:2596 Updating data in-place
D/TC:? 0 tee_rpmb_read:1354 Read 1 block at index 1022
D/TC:? 0 tee_fs_crypt_block:241 Decrypt block #1022
D/TC:? 0 tee_rpmb_write_blk:1486 Write 1 block at index 1022
D/TC:? 0 tee_fs_crypt_block:241 Encrypt block #1022
D/TC:? 0 read_fat:2211 fat_address 0
D/TC:? 0 tee_rpmb_read:1354 Read 8 blocks at index 2
D/TC:? 0 dump_fh:1957 fh->filename=/dirfile.db.hash
D/TC:? 0 dump_fh:1958 fh->rpmb_fat_address=512
D/TC:? 0 dump_fh:1959 fh->fat_entry.start_address=261632
D/TC:? 0 dump_fh:1960 fh->fat_entry.data_size=32
D/TC:? 0 read_fat:2211 fat_address 512
D/TC:? 0 tee_rpmb_read:1354 Read 8 blocks at index 2
D/TC:? 0 tee_rpmb_read:1354 Read 1 block at index 1022
D/TC:? 0 tee_fs_crypt_block:241 Decrypt block #1022
D/TC:0   periodic_callback:136 seconds 12 millis 94 count 12
D/TC:? 0 read_fat:2211 fat_address 0
D/TC:? 0 tee_rpmb_read:1354 Read 8 blocks at index 2
D/TC:? 0 dump_fh:1957 fh->filename=/dirfile.db.hash
D/TC:? 0 dump_fh:1958 fh->rpmb_fat_address=512
D/TC:? 0 dump_fh:1959 fh->fat_entry.start_address=261632
D/TC:? 0 dump_fh:1960 fh->fat_entry.data_size=32
D/TC:? 0 read_fat:2211 fat_address 512
D/TC:? 0 tee_rpmb_read:1354 Read 8 blocks at index 2
D/TC:? 0 tee_rpmb_read:1354 Read 1 block at index 1022
D/TC:? 0 tee_fs_crypt_block:241 Decrypt block #1022
D/TC:? 0 dump_fh:1957 fh->filename=/dirfile.db.hash
D/TC:? 0 dump_fh:1958 fh->rpmb_fat_address=512
D/TC:? 0 dump_fh:1959 fh->fat_entry.start_address=261632
D/TC:? 0 dump_fh:1960 fh->fat_entry.data_size=32
D/TC:? 0 read_fat:2211 fat_address 512
D/TC:? 0 tee_rpmb_read:1354 Read 8 blocks at index 2
D/TC:? 0 rpmb_fs_write_primitive:2596 Updating data in-place
D/TC:? 0 tee_rpmb_read:1354 Read 1 block at index 1022
D/TC:? 0 tee_fs_crypt_block:241 Decrypt block #1022
D/TC:? 0 tee_rpmb_write_blk:1486 Write 1 block at index 1022
D/TC:? 0 tee_fs_crypt_block:241 Encrypt block #1022
D/TC:? 0 read_fat:2211 fat_address 0
D/TC:? 0 tee_rpmb_read:1354 Read 8 blocks at index 2
D/TC:? 0 dump_fh:1957 fh->filename=/dirfile.db.hash
D/TC:? 0 dump_fh:1958 fh->rpmb_fat_address=512
D/TC:? 0 dump_fh:1959 fh->fat_entry.start_address=261632
D/TC:? 0 dump_fh:1960 fh->fat_entry.data_size=32
D/TC:? 0 read_fat:2211 fat_address 512
D/TC:? 0 tee_rpmb_read:1354 Read 8 blocks at index 2
D/TC:? 0 tee_rpmb_read:1354 Read 1 block at index 1022
D/TC:? 0 tee_fs_crypt_block:241 Decrypt block #1022
D/TC:? 0 read_fat:2211 fat_address 0
D/TC:? 0 tee_rpmb_read:1354 Read 8 blocks at index 2
D/TC:? 0 dump_fh:1957 fh->filename=/dirfile.db.hash
D/TC:? 0 dump_fh:1958 fh->rpmb_fat_address=512
D/TC:? 0 dump_fh:1959 fh->fat_entry.start_address=261632
D/TC:? 0 dump_fh:1960 fh->fat_entry.data_size=32
D/TC:? 0 read_fat:2211 fat_address 512
D/TC:? 0 tee_rpmb_read:1354 Read 8 blocks at index 2
D/TC:? 0 tee_rpmb_read:1354 Read 1 block at index 1022
D/TC:? 0 tee_fs_crypt_block:241 Decrypt block #1022
D/TC:? 0 dump_fh:1957 fh->filename=/dirfile.db.hash
D/TC:? 0 dump_fh:1958 fh->rpmb_fat_address=512
D/TC:? 0 dump_fh:1959 fh->fat_entry.start_address=261632
D/TC:? 0 dump_fh:1960 fh->fat_entry.data_size=32
D/TC:? 0 read_fat:2211 fat_address 512
D/TC:? 0 tee_rpmb_read:1354 Read 8 blocks at index 2
D/TC:? 0 rpmb_fs_write_primitive:2596 Updating data in-place
D/TC:? 0 tee_rpmb_read:1354 Read 1 block at index 1022
D/TC:? 0 tee_fs_crypt_block:241 Decrypt block #1022
D/TC:? 0 tee_rpmb_write_blk:1486 Write 1 block at index 1022
D/TC:? 0 tee_fs_crypt_block:241 Encrypt block #1022
D/TC:? 0 read_fat:2211 fat_address 0
D/TC:? 0 tee_rpmb_read:1354 Read 8 blocks at index 2
D/TC:? 0 dump_fh:1957 fh->filename=/dirfile.db.hash
D/TC:? 0 dump_fh:1958 fh->rpmb_fat_address=512
D/TC:? 0 dump_fh:1959 fh->fat_entry.start_address=261632
D/TC:? 0 dump_fh:1960 fh->fat_entry.data_size=32
D/TC:? 0 read_fat:2211 fat_address 512
D/TC:? 0 tee_rpmb_read:1354 Read 8 blocks at index 2
D/TC:? 0 tee_rpmb_read:1354 Read 1 block at index 1022
D/TC:? 0 tee_fs_crypt_block:241 Decrypt block #1022
D/TC:? 0 read_fat:2211 fat_address 0
D/TC:? 0 tee_rpmb_read:1354 Read 8 blocks at index 2
D/TC:? 0 dump_fh:1957 fh->filename=/dirfile.db.hash
D/TC:? 0 dump_fh:1958 fh->rpmb_fat_address=512
D/TC:? 0 dump_fh:1959 fh->fat_entry.start_address=261632
D/TC:? 0 dump_fh:1960 fh->fat_entry.data_size=32
D/TC:? 0 read_fat:2211 fat_address 512
D/TC:? 0 tee_rpmb_read:1354 Read 8 blocks at index 2
D/TC:? 0 tee_rpmb_read:1354 Read 1 block at index 1022
D/TC:0   test_wd_callback:49 WD call_count 8, timeout_count 6
D/TC:? 0 tee_fs_crypt_block:241 Decrypt block #1022
D/TC:0   periodic_callback:136 seconds 13 millis 94 count 13
D/TC:? 0 dump_fh:1957 fh->filename=/dirfile.db.hash
D/TC:? 0 dump_fh:1958 fh->rpmb_fat_address=512
D/TC:? 0 dump_fh:1959 fh->fat_entry.start_address=261632
D/TC:? 0 dump_fh:1960 fh->fat_entry.data_size=32
D/TC:? 0 read_fat:2211 fat_address 512
D/TC:? 0 tee_rpmb_read:1354 Read 8 blocks at index 2
D/TC:? 0 rpmb_fs_write_primitive:2596 Updating data in-place
D/TC:? 0 tee_rpmb_read:1354 Read 1 block at index 1022
D/TC:? 0 tee_fs_crypt_block:241 Decrypt block #1022
D/TC:? 0 tee_rpmb_write_blk:1486 Write 1 block at index 1022
D/TC:? 0 tee_fs_crypt_block:241 Encrypt block #1022
D/TC:? 0 read_fat:2211 fat_address 0
D/TC:? 0 tee_rpmb_read:1354 Read 8 blocks at index 2
D/TC:? 0 dump_fh:1957 fh->filename=/dirfile.db.hash
D/TC:? 0 dump_fh:1958 fh->rpmb_fat_address=512
D/TC:? 0 dump_fh:1959 fh->fat_entry.start_address=261632
D/TC:? 0 dump_fh:1960 fh->fat_entry.data_size=32
D/TC:? 0 read_fat:2211 fat_address 512
D/TC:? 0 tee_rpmb_read:1354 Read 8 blocks at index 2
D/TC:? 0 tee_rpmb_read:1354 Read 1 block at index 1022
D/TC:? 0 tee_fs_crypt_block:241 Decrypt block #1022
D/TC:? 0 read_fat:2211 fat_address 0
D/TC:? 0 tee_rpmb_read:1354 Read 8 blocks at index 2
D/TC:? 0 dump_fh:1957 fh->filename=/dirfile.db.hash
D/TC:? 0 dump_fh:1958 fh->rpmb_fat_address=512
D/TC:? 0 dump_fh:1959 fh->fat_entry.start_address=261632
D/TC:? 0 dump_fh:1960 fh->fat_entry.data_size=32
D/TC:? 0 read_fat:2211 fat_address 512
D/TC:? 0 tee_rpmb_read:1354 Read 8 blocks at index 2
D/TC:? 0 tee_rpmb_read:1354 Read 1 block at index 1022
D/TC:? 0 tee_fs_crypt_block:241 Decrypt block #1022
D/TC:? 0 dump_fh:1957 fh->filename=/dirfile.db.hash
D/TC:? 0 dump_fh:1958 fh->rpmb_fat_address=512
D/TC:? 0 dump_fh:1959 fh->fat_entry.start_address=261632
D/TC:? 0 dump_fh:1960 fh->fat_entry.data_size=32
D/TC:? 0 read_fat:2211 fat_address 512
D/TC:? 0 tee_rpmb_read:1354 Read 8 blocks at index 2
D/TC:? 0 rpmb_fs_write_primitive:2596 Updating data in-place
D/TC:? 0 tee_rpmb_read:1354 Read 1 block at index 1022
D/TC:? 0 tee_fs_crypt_block:241 Decrypt block #1022
D/TC:? 0 tee_rpmb_write_blk:1486 Write 1 block at index 1022
D/TC:? 0 tee_fs_crypt_block:241 Encrypt block #1022
D/TC:? 0 read_fat:2211 fat_address 0
D/TC:? 0 tee_rpmb_read:1354 Read 8 blocks at index 2
D/TC:? 0 dump_fh:1957 fh->filename=/dirfile.db.hash
D/TC:? 0 dump_fh:1958 fh->rpmb_fat_address=512
D/TC:? 0 dump_fh:1959 fh->fat_entry.start_address=261632
D/TC:? 0 dump_fh:1960 fh->fat_entry.data_size=32
D/TC:? 0 read_fat:2211 fat_address 512
D/TC:? 0 tee_rpmb_read:1354 Read 8 blocks at index 2
D/TC:? 0 tee_rpmb_read:1354 Read 1 block at index 1022
D/TC:? 0 tee_fs_crypt_block:241 Decrypt block #1022
D/TC:? 0 read_fat:2211 fat_address 0
D/TC:? 0 tee_rpmb_read:1354 Read 8 blocks at index 2
D/TC:? 0 dump_fh:1957 fh->filename=/dirfile.db.hash
D/TC:? 0 dump_fh:1958 fh->rpmb_fat_address=512
D/TC:? 0 dump_fh:1959 fh->fat_entry.start_address=261632
D/TC:? 0 dump_fh:1960 fh->fat_entry.data_size=32
D/TC:? 0 read_fat:2211 fat_address 512
D/TC:? 0 tee_rpmb_read:1354 Read 8 blocks at index 2
D/TC:? 0 tee_rpmb_read:1354 Read 1 block at index 1022
D/TC:? 0 tee_fs_crypt_block:241 Decrypt block #1022
D/TC:0   test_wd_callback:49 WD call_count 9, timeout_count 7
D/TC:0   periodic_callback:136 seconds 14 millis 94 count 14
D/TC:? 0 dump_fh:1957 fh->filename=/dirfile.db.hash
D/TC:? 0 dump_fh:1958 fh->rpmb_fat_address=512
D/TC:? 0 dump_fh:1959 fh->fat_entry.start_address=261632
D/TC:? 0 dump_fh:1960 fh->fat_entry.data_size=32
D/TC:? 0 read_fat:2211 fat_address 512
D/TC:? 0 tee_rpmb_read:1354 Read 8 blocks at index 2
D/TC:? 0 rpmb_fs_write_primitive:2596 Updating data in-place
D/TC:? 0 tee_rpmb_read:1354 Read 1 block at index 1022
D/TC:? 0 tee_fs_crypt_block:241 Decrypt block #1022
D/TC:? 0 tee_rpmb_write_blk:1486 Write 1 block at index 1022
D/TC:? 0 tee_fs_crypt_block:241 Encrypt block #1022
D/TC:? 0 read_fat:2211 fat_address 0
D/TC:? 0 tee_rpmb_read:1354 Read 8 blocks at index 2
D/TC:? 0 dump_fh:1957 fh->filename=/dirfile.db.hash
D/TC:? 0 dump_fh:1958 fh->rpmb_fat_address=512
D/TC:? 0 dump_fh:1959 fh->fat_entry.start_address=261632
D/TC:? 0 dump_fh:1960 fh->fat_entry.data_size=32
D/TC:? 0 read_fat:2211 fat_address 512
D/TC:? 0 tee_rpmb_read:1354 Read 8 blocks at index 2
D/TC:? 0 tee_rpmb_read:1354 Read 1 block at index 1022
D/TC:? 0 tee_fs_crypt_block:241 Decrypt block #1022
D/TC:? 0 read_fat:2211 fat_address 0
D/TC:? 0 tee_rpmb_read:1354 Read 8 blocks at index 2
D/TC:? 0 dump_fh:1957 fh->filename=/dirfile.db.hash
D/TC:? 0 dump_fh:1958 fh->rpmb_fat_address=512
D/TC:? 0 dump_fh:1959 fh->fat_entry.start_address=261632
D/TC:? 0 dump_fh:1960 fh->fat_entry.data_size=32
D/TC:? 0 read_fat:2211 fat_address 512
D/TC:? 0 tee_rpmb_read:1354 Read 8 blocks at index 2
D/TC:? 0 tee_rpmb_read:1354 Read 1 block at index 1022
D/TC:? 0 tee_fs_crypt_block:241 Decrypt block #1022
D/TC:? 0 dump_fh:1957 fh->filename=/dirfile.db.hash
D/TC:? 0 dump_fh:1958 fh->rpmb_fat_address=512
D/TC:? 0 dump_fh:1959 fh->fat_entry.start_address=261632
D/TC:? 0 dump_fh:1960 fh->fat_entry.data_size=32
D/TC:? 0 read_fat:2211 fat_address 512
D/TC:? 0 tee_rpmb_read:1354 Read 8 blocks at index 2
D/TC:? 0 rpmb_fs_write_primitive:2596 Updating data in-place
D/TC:? 0 tee_rpmb_read:1354 Read 1 block at index 1022
D/TC:? 0 tee_fs_crypt_block:241 Decrypt block #1022
D/TC:? 0 tee_rpmb_write_blk:1486 Write 1 block at index 1022
D/TC:? 0 tee_fs_crypt_block:241 Encrypt block #1022
D/TC:? 0 read_fat:2211 fat_address 0
D/TC:? 0 tee_rpmb_read:1354 Read 8 blocks at index 2
D/TC:? 0 dump_fh:1957 fh->filename=/dirfile.db.hash
D/TC:? 0 dump_fh:1958 fh->rpmb_fat_address=512
D/TC:? 0 dump_fh:1959 fh->fat_entry.start_address=261632
D/TC:? 0 dump_fh:1960 fh->fat_entry.data_size=32
D/TC:? 0 read_fat:2211 fat_address 512
D/TC:? 0 tee_rpmb_read:1354 Read 8 blocks at index 2
D/TC:? 0 tee_rpmb_read:1354 Read 1 block at index 1022
D/TC:? 0 tee_fs_crypt_block:241 Decrypt block #1022
D/TC:? 0 read_fat:2211 fat_address 0
D/TC:? 0 tee_rpmb_read:1354 Read 8 blocks at index 2
D/TC:? 0 dump_fh:1957 fh->filename=/dirfile.db.hash
D/TC:? 0 dump_fh:1958 fh->rpmb_fat_address=512
D/TC:? 0 dump_fh:1959 fh->fat_entry.start_address=261632
D/TC:? 0 dump_fh:1960 fh->fat_entry.data_size=32
D/TC:? 0 read_fat:2211 fat_address 512
D/TC:? 0 tee_rpmb_read:1354 Read 8 blocks at index 2
D/TC:? 0 tee_rpmb_read:1354 Read 1 block at index 1022
D/TC:? 0 tee_fs_crypt_block:241 Decrypt block #1022
D/TC:0   test_wd_callback:49 WD call_count 10, timeout_count 8
D/TC:0   periodic_callback:136 seconds 15 millis 94 count 15
D/TC:? 0 dump_fh:1957 fh->filename=/dirfile.db.hash
D/TC:? 0 dump_fh:1958 fh->rpmb_fat_address=512
D/TC:? 0 dump_fh:1959 fh->fat_entry.start_address=261632
D/TC:? 0 dump_fh:1960 fh->fat_entry.data_size=32
D/TC:? 0 read_fat:2211 fat_address 512
D/TC:? 0 tee_rpmb_read:1354 Read 8 blocks at index 2
D/TC:? 0 rpmb_fs_write_primitive:2596 Updating data in-place
D/TC:? 0 tee_rpmb_read:1354 Read 1 block at index 1022
D/TC:? 0 tee_fs_crypt_block:241 Decrypt block #1022
D/TC:? 0 tee_rpmb_write_blk:1486 Write 1 block at index 1022
D/TC:? 0 tee_fs_crypt_block:241 Encrypt block #1022
D/TC:? 0 read_fat:2211 fat_address 0
D/TC:? 0 tee_rpmb_read:1354 Read 8 blocks at index 2
D/TC:? 0 dump_fh:1957 fh->filename=/dirfile.db.hash
D/TC:? 0 dump_fh:1958 fh->rpmb_fat_address=512
D/TC:? 0 dump_fh:1959 fh->fat_entry.start_address=261632
D/TC:? 0 dump_fh:1960 fh->fat_entry.data_size=32
D/TC:? 0 read_fat:2211 fat_address 512
D/TC:? 0 tee_rpmb_read:1354 Read 8 blocks at index 2
D/TC:? 0 tee_rpmb_read:1354 Read 1 block at index 1022
D/TC:? 0 tee_fs_crypt_block:241 Decrypt block #1022
D/TC:? 0 dump_fh:1957 fh->filename=/dirfile.db.hash
D/TC:? 0 dump_fh:1958 fh->rpmb_fat_address=512
D/TC:? 0 dump_fh:1959 fh->fat_entry.start_address=261632
D/TC:? 0 dump_fh:1960 fh->fat_entry.data_size=32
D/TC:? 0 read_fat:2211 fat_address 512
D/TC:? 0 tee_rpmb_read:1354 Read 8 blocks at index 2
D/TC:? 0 rpmb_fs_write_primitive:2596 Updating data in-place
D/TC:? 0 tee_rpmb_read:1354 Read 1 block at index 1022
D/TC:? 0 tee_fs_crypt_block:241 Decrypt block #1022
D/TC:? 0 tee_rpmb_write_blk:1486 Write 1 block at index 1022
D/TC:? 0 tee_fs_crypt_block:241 Encrypt block #1022
D/TC:? 0 read_fat:2211 fat_address 0
D/TC:? 0 tee_rpmb_read:1354 Read 8 blocks at index 2
D/TC:? 0 dump_fh:1957 fh->filename=/dirfile.db.hash
D/TC:? 0 dump_fh:1958 fh->rpmb_fat_address=512
D/TC:? 0 dump_fh:1959 fh->fat_entry.start_address=261632
D/TC:? 0 dump_fh:1960 fh->fat_entry.data_size=32
D/TC:? 0 read_fat:2211 fat_address 512
D/TC:? 0 tee_rpmb_read:1354 Read 8 blocks at index 2
D/TC:? 0 tee_rpmb_read:1354 Read 1 block at index 1022
D/TC:? 0 tee_fs_crypt_block:241 Decrypt block #1022
D/TC:? 0 dump_fh:1957 fh->filename=/dirfile.db.hash
D/TC:? 0 dump_fh:1958 fh->rpmb_fat_address=512
D/TC:? 0 dump_fh:1959 fh->fat_entry.start_address=261632
D/TC:? 0 dump_fh:1960 fh->fat_entry.data_size=32
D/TC:? 0 read_fat:2211 fat_address 512
D/TC:? 0 tee_rpmb_read:1354 Read 8 blocks at index 2
D/TC:? 0 rpmb_fs_write_primitive:2596 Updating data in-place
D/TC:? 0 tee_rpmb_read:1354 Read 1 block at index 1022
D/TC:? 0 tee_fs_crypt_block:241 Decrypt block #1022
D/TC:? 0 tee_rpmb_write_blk:1486 Write 1 block at index 1022
D/TC:? 0 tee_fs_crypt_block:241 Encrypt block #1022
D/TC:? 0 read_fat:2211 fat_address 0
D/TC:? 0 tee_rpmb_read:1354 Read 8 blocks at index 2
D/TC:? 0 dump_fh:1957 fh->filename=/dirfile.db.hash
D/TC:? 0 dump_fh:1958 fh->rpmb_fat_address=512
D/TC:? 0 dump_fh:1959 fh->fat_entry.start_address=261632
D/TC:? 0 dump_fh:1960 fh->fat_entry.data_size=32
D/TC:? 0 read_fat:2211 fat_address 512
D/TC:? 0 tee_rpmb_read:1354 Read 8 blocks at index 2
D/TC:? 0 tee_rpmb_read:1354 Read 1 block at index 1022
D/TC:? 0 tee_fs_crypt_block:241 Decrypt block #1022
D/TC:? 0 dump_fh:1957 fh->filename=/dirfile.db.hash
D/TC:? 0 dump_fh:1958 fh->rpmb_fat_address=512
D/TC:? 0 dump_fh:1959 fh->fat_entry.start_address=261632
D/TC:? 0 dump_fh:1960 fh->fat_entry.data_size=32
D/TC:? 0 read_fat:2211 fat_address 512
D/TC:? 0 tee_rpmb_read:1354 Read 8 blocks at index 2
D/TC:? 0 rpmb_fs_write_primitive:2596 Updating data in-place
D/TC:? 0 tee_rpmb_read:1354 Read 1 block at index 1022
D/TC:? 0 tee_fs_crypt_block:241 Decrypt block #1022
D/TC:? 0 tee_rpmb_write_blk:1486 Write 1 block at index 1022
D/TC:? 0 tee_fs_crypt_block:241 Encrypt block #1022
D/TC:? 0 read_fat:2211 fat_address 0
D/TC:? 0 tee_rpmb_read:1354 Read 8 blocks at index 2
D/TC:? 0 dump_fh:1957 fh->filename=/dirfile.db.hash
D/TC:? 0 dump_fh:1958 fh->rpmb_fat_address=512
D/TC:? 0 dump_fh:1959 fh->fat_entry.start_address=261632
D/TC:? 0 dump_fh:1960 fh->fat_entry.data_size=32
D/TC:? 0 read_fat:2211 fat_address 512
D/TC:? 0 tee_rpmb_read:1354 Read 8 blocks at index 2
D/TC:? 0 tee_rpmb_read:1354 Read 1 block at index 1022
D/TC:? 0 tee_fs_crypt_block:241 Decrypt block #1022
D/TC:? 0 dump_fh:1957 fh->filename=/dirfile.db.hash
D/TC:? 0 dump_fh:1958 fh->rpmb_fat_address=512
D/TC:? 0 dump_fh:1959 fh->fat_entry.start_address=261632
D/TC:? 0 dump_fh:1960 fh->fat_entry.data_size=32
D/TC:? 0 read_fat:2211 fat_address 512
D/TC:? 0 tee_rpmb_read:1354 Read 8 blocks at index 2
D/TC:? 0 rpmb_fs_write_primitive:2596 Updating data in-place
D/TC:? 0 tee_rpmb_read:1354 Read 1 block at index 1022
D/TC:? 0 tee_fs_crypt_block:241 Decrypt block #1022
D/TC:? 0 tee_rpmb_write_blk:1486 Write 1 block at index 1022
D/TC:? 0 tee_fs_crypt_block:241 Encrypt block #1022
D/TC:? 0 read_fat:2211 fat_address 0
D/TC:? 0 tee_rpmb_read:1354 Read 8 blocks at index 2
D/TC:? 0 dump_fh:1957 fh->filename=/dirfile.db.hash
D/TC:? 0 dump_fh:1958 fh->rpmb_fat_address=512
D/TC:? 0 dump_fh:1959 fh->fat_entry.start_address=261632
D/TC:? 0 dump_fh:1960 fh->fat_entry.data_size=32
D/TC:? 0 read_fat:2211 fat_address 512
D/TC:? 0 tee_rpmb_read:1354 Read 8 blocks at index 2
D/TC:? 0 tee_rpmb_read:1354 Read 1 block at index 1022
D/TC:? 0 tee_fs_crypt_block:241 Decrypt block #1022
D/TC:? 0 dump_fh:1957 fh->filename=/dirfile.db.hash
D/TC:? 0 dump_fh:1958 fh->rpmb_fat_address=512
D/TC:? 0 dump_fh:1959 fh->fat_entry.start_address=261632
D/TC:? 0 dump_fh:1960 fh->fat_entry.data_size=32
D/TC:? 0 read_fat:2211 fat_address 512
D/TC:? 0 tee_rpmb_read:1354 Read 8 blocks at index 2
D/TC:? 0 rpmb_fs_write_primitive:2596 Updating data in-place
D/TC:? 0 tee_rpmb_read:1354 Read 1 block at index 1022
D/TC:? 0 tee_fs_crypt_block:241 Decrypt block #1022
D/TC:? 0 tee_rpmb_write_blk:1486 Write 1 block at index 1022
D/TC:? 0 tee_fs_crypt_block:241 Encrypt block #1022
D/TC:? 0 read_fat:2211 fat_address 0
D/TC:? 0 tee_rpmb_read:1354 Read 8 blocks at index 2
D/TC:? 0 dump_fh:1957 fh->filename=/dirfile.db.hash
D/TC:? 0 dump_fh:1958 fh->rpmb_fat_address=512
D/TC:? 0 dump_fh:1959 fh->fat_entry.start_address=261632
D/TC:? 0 dump_fh:1960 fh->fat_entry.data_size=32
D/TC:? 0 read_fat:2211 fat_address 512
D/TC:? 0 tee_rpmb_read:1354 Read 8 blocks at index 2
D/TC:? 0 tee_rpmb_read:1354 Read 1 block at index 1022
D/TC:? 0 tee_fs_crypt_block:241 Decrypt block #1022
D/TC:? 0 dump_fh:1957 fh->filename=/dirfile.db.hash
D/TC:? 0 dump_fh:1958 fh->rpmb_fat_address=512
D/TC:? 0 dump_fh:1959 fh->fat_entry.start_address=261632
D/TC:? 0 dump_fh:1960 fh->fat_entry.data_size=32
D/TC:? 0 read_fat:2211 fat_address 512
D/TC:? 0 tee_rpmb_read:1354 Read 8 blocks at index 2
D/TC:? 0 rpmb_fs_write_primitive:2596 Updating data in-place
D/TC:? 0 tee_rpmb_read:1354 Read 1 block at index 1022
D/TC:? 0 tee_fs_crypt_block:241 Decrypt block #1022
D/TC:? 0 tee_rpmb_write_blk:1486 Write 1 block at index 1022
D/TC:? 0 tee_fs_crypt_block:241 Encrypt block #1022
D/TC:? 0 read_fat:2211 fat_address 0
D/TC:? 0 tee_rpmb_read:1354 Read 8 blocks at index 2
D/TC:? 0 dump_fh:1957 fh->filename=/dirfile.db.hash
D/TC:? 0 dump_fh:1958 fh->rpmb_fat_address=512
D/TC:? 0 dump_fh:1959 fh->fat_entry.start_address=261632
D/TC:? 0 dump_fh:1960 fh->fat_entry.data_size=32
D/TC:? 0 read_fat:2211 fat_address 512
D/TC:0   test_wd_callback:49 WD call_count 11, timeout_count 9
*D/TC:? 0 tee_rpmb_read:1354 Read 8 blocks at index 2
D/TC:? 0 tee_rpmb_read:1354 Read 1 block at index 1022
D/TC:? 0 tee_fs_crypt_block:241 Decrypt block #1022
D/TC:0   periodic_callback:136 seconds 16 millis 94 count 16
D/TC:? 0 dump_fh:1957 fh->filename=/dirfile.db.hash
D/TC:? 0 dump_fh:1958 fh->rpmb_fat_address=512
D/TC:? 0 dump_fh:1959 fh->fat_entry.start_address=261632
D/TC:? 0 dump_fh:1960 fh->fat_entry.data_size=32
D/TC:? 0 read_fat:2211 fat_address 512
D/TC:? 0 tee_rpmb_read:1354 Read 8 blocks at index 2
D/TC:? 0 rpmb_fs_write_primitive:2596 Updating data in-place
D/TC:? 0 tee_rpmb_read:1354 Read 1 block at index 1022
D/TC:? 0 tee_fs_crypt_block:241 Decrypt block #1022
D/TC:? 0 tee_rpmb_write_blk:1486 Write 1 block at index 1022
D/TC:? 0 tee_fs_crypt_block:241 Encrypt block #1022
D/TC:? 0 read_fat:2211 fat_address 0
D/TC:? 0 tee_rpmb_read:1354 Read 8 blocks at index 2
D/TC:? 0 dump_fh:1957 fh->filename=/dirfile.db.hash
D/TC:? 0 dump_fh:1958 fh->rpmb_fat_address=512
D/TC:? 0 dump_fh:1959 fh->fat_entry.start_address=261632
D/TC:? 0 dump_fh:1960 fh->fat_entry.data_size=32
D/TC:? 0 read_fat:2211 fat_address 512
D/TC:? 0 tee_rpmb_read:1354 Read 8 blocks at index 2
D/TC:? 0 tee_rpmb_read:1354 Read 1 block at index 1022
D/TC:? 0 tee_fs_crypt_block:241 Decrypt block #1022
D/TC:? 0 dump_fh:1957 fh->filename=/dirfile.db.hash
D/TC:? 0 dump_fh:1958 fh->rpmb_fat_address=512
D/TC:? 0 dump_fh:1959 fh->fat_entry.start_address=261632
D/TC:? 0 dump_fh:1960 fh->fat_entry.data_size=32
D/TC:? 0 read_fat:2211 fat_address 512
D/TC:? 0 tee_rpmb_read:1354 Read 8 blocks at index 2
D/TC:? 0 rpmb_fs_write_primitive:2596 Updating data in-place
D/TC:? 0 tee_rpmb_read:1354 Read 1 block at index 1022
D/TC:? 0 tee_fs_crypt_block:241 Decrypt block #1022
D/TC:? 0 tee_rpmb_write_blk:1486 Write 1 block at index 1022
D/TC:? 0 tee_fs_crypt_block:241 Encrypt block #1022
D/TC:? 0 read_fat:2211 fat_address 0
D/TC:? 0 tee_rpmb_read:1354 Read 8 blocks at index 2
D/TC:? 0 dump_fh:1957 fh->filename=/dirfile.db.hash
D/TC:? 0 dump_fh:1958 fh->rpmb_fat_address=512
D/TC:? 0 dump_fh:1959 fh->fat_entry.start_address=261632
D/TC:? 0 dump_fh:1960 fh->fat_entry.data_size=32
D/TC:? 0 read_fat:2211 fat_address 512
D/TC:? 0 tee_rpmb_read:1354 Read 8 blocks at index 2
D/TC:? 0 tee_rpmb_read:1354 Read 1 block at index 1022
D/TC:? 0 tee_fs_crypt_block:241 Decrypt block #1022
D/TC:? 0 dump_fh:1957 fh->filename=/dirfile.db.hash
D/TC:? 0 dump_fh:1958 fh->rpmb_fat_address=512
D/TC:? 0 dump_fh:1959 fh->fat_entry.start_address=261632
D/TC:? 0 dump_fh:1960 fh->fat_entry.data_size=32
D/TC:? 0 read_fat:2211 fat_address 512
D/TC:? 0 tee_rpmb_read:1354 Read 8 blocks at index 2
D/TC:? 0 rpmb_fs_write_primitive:2596 Updating data in-place
D/TC:? 0 tee_rpmb_read:1354 Read 1 block at index 1022
D/TC:? 0 tee_fs_crypt_block:241 Decrypt block #1022
D/TC:? 0 tee_rpmb_write_blk:1486 Write 1 block at index 1022
D/TC:? 0 tee_fs_crypt_block:241 Encrypt block #1022
D/TC:? 0 read_fat:2211 fat_address 0
D/TC:? 0 tee_rpmb_read:1354 Read 8 blocks at index 2
D/TC:? 0 dump_fh:1957 fh->filename=/dirfile.db.hash
D/TC:? 0 dump_fh:1958 fh->rpmb_fat_address=512
D/TC:? 0 dump_fh:1959 fh->fat_entry.start_address=261632
D/TC:? 0 dump_fh:1960 fh->fat_entry.data_size=32
D/TC:? 0 read_fat:2211 fat_address 512
D/TC:? 0 tee_rpmb_read:1354 Read 8 blocks at index 2
D/TC:? 0 tee_rpmb_read:1354 Read 1 block at index 1022
D/TC:? 0 tee_fs_crypt_block:241 Decrypt block #1022
D/TC:? 0 dump_fh:1957 fh->filename=/dirfile.db.hash
D/TC:? 0 dump_fh:1958 fh->rpmb_fat_address=512
D/TC:? 0 dump_fh:1959 fh->fat_entry.start_address=261632
D/TC:? 0 dump_fh:1960 fh->fat_entry.data_size=32
D/TC:? 0 read_fat:2211 fat_address 512
D/TC:? 0 tee_rpmb_read:1354 Read 8 blocks at index 2
D/TC:? 0 rpmb_fs_write_primitive:2596 Updating data in-place
D/TC:? 0 tee_rpmb_read:1354 Read 1 block at index 1022
D/TC:? 0 tee_fs_crypt_block:241 Decrypt block #1022
D/TC:? 0 tee_rpmb_write_blk:1486 Write 1 block at index 1022
D/TC:? 0 tee_fs_crypt_block:241 Encrypt block #1022
D/TC:? 0 read_fat:2211 fat_address 0
D/TC:? 0 tee_rpmb_read:1354 Read 8 blocks at index 2
D/TC:? 0 dump_fh:1957 fh->filename=/dirfile.db.hash
D/TC:? 0 dump_fh:1958 fh->rpmb_fat_address=512
D/TC:? 0 dump_fh:1959 fh->fat_entry.start_address=261632
D/TC:? 0 dump_fh:1960 fh->fat_entry.data_size=32
D/TC:? 0 read_fat:2211 fat_address 512
D/TC:? 0 tee_rpmb_read:1354 Read 8 blocks at index 2
D/TC:? 0 tee_rpmb_read:1354 Read 1 block at index 1022
D/TC:? 0 tee_fs_crypt_block:241 Decrypt block #1022
D/TC:? 0 dump_fh:1957 fh->filename=/dirfile.db.hash
D/TC:? 0 dump_fh:1958 fh->rpmb_fat_address=512
D/TC:? 0 dump_fh:1959 fh->fat_entry.start_address=261632
D/TC:? 0 dump_fh:1960 fh->fat_entry.data_size=32
D/TC:? 0 read_fat:2211 fat_address 512
D/TC:? 0 tee_rpmb_read:1354 Read 8 blocks at index 2
D/TC:? 0 rpmb_fs_write_primitive:2596 Updating data in-place
D/TC:? 0 tee_rpmb_read:1354 Read 1 block at index 1022
D/TC:? 0 tee_fs_crypt_block:241 Decrypt block #1022
D/TC:? 0 tee_rpmb_write_blk:1486 Write 1 block at index 1022
D/TC:? 0 tee_fs_crypt_block:241 Encrypt block #1022
D/TC:? 0 read_fat:2211 fat_address 0
D/TC:? 0 tee_rpmb_read:1354 Read 8 blocks at index 2
D/TC:? 0 dump_fh:1957 fh->filename=/dirfile.db.hash
D/TC:? 0 dump_fh:1958 fh->rpmb_fat_address=512
D/TC:? 0 dump_fh:1959 fh->fat_entry.start_address=261632
D/TC:? 0 dump_fh:1960 fh->fat_entry.data_size=32
D/TC:? 0 read_fat:2211 fat_address 512
D/TC:? 0 tee_rpmb_read:1354 Read 8 blocks at index 2
D/TC:? 0 tee_rpmb_read:1354 Read 1 block at index 1022
D/TC:? 0 tee_fs_crypt_block:241 Decrypt block #1022
D/TC:? 0 dump_fh:1957 fh->filename=/dirfile.db.hash
D/TC:? 0 dump_fh:1958 fh->rpmb_fat_address=512
D/TC:? 0 dump_fh:1959 fh->fat_entry.start_address=261632
D/TC:? 0 dump_fh:1960 fh->fat_entry.data_size=32
D/TC:? 0 read_fat:2211 fat_address 512
D/TC:? 0 tee_rpmb_read:1354 Read 8 blocks at index 2
D/TC:? 0 rpmb_fs_write_primitive:2596 Updating data in-place
D/TC:? 0 tee_rpmb_read:1354 Read 1 block at index 1022
D/TC:? 0 tee_fs_crypt_block:241 Decrypt block #1022
D/TC:? 0 tee_rpmb_write_blk:1486 Write 1 block at index 1022
D/TC:? 0 tee_fs_crypt_block:241 Encrypt block #1022
D/TC:? 0 read_fat:2211 fat_address 0
D/TC:? 0 tee_rpmb_read:1354 Read 8 blocks at index 2
D/TC:? 0 dump_fh:1957 fh->filename=/dirfile.db.hash
D/TC:? 0 dump_fh:1958 fh->rpmb_fat_address=512
D/TC:? 0 dump_fh:1959 fh->fat_entry.start_address=261632
D/TC:? 0 dump_fh:1960 fh->fat_entry.data_size=32
D/TC:? 0 read_fat:2211 fat_address 512
D/TC:? 0 tee_rpmb_read:1354 Read 8 blocks at index 2
D/TC:? 0 tee_rpmb_read:1354 Read 1 block at index 1022
D/TC:? 0 tee_fs_crypt_block:241 Decrypt block #1022
D/TC:? 0 dump_fh:1957 fh->filename=/dirfile.db.hash
D/TC:? 0 dump_fh:1958 fh->rpmb_fat_address=512
D/TC:? 0 dump_fh:1959 fh->fat_entry.start_address=261632
D/TC:? 0 dump_fh:1960 fh->fat_entry.data_size=32
D/TC:? 0 read_fat:2211 fat_address 512
D/TC:? 0 tee_rpmb_read:1354 Read 8 blocks at index 2
D/TC:? 0 rpmb_fs_write_primitive:2596 Updating data in-place
D/TC:? 0 tee_rpmb_read:1354 Read 1 block at index 1022
D/TC:? 0 tee_fs_crypt_block:241 Decrypt block #1022
D/TC:? 0 tee_rpmb_write_blk:1486 Write 1 block at index 1022
D/TC:? 0 tee_fs_crypt_block:241 Encrypt block #1022
D/TC:? 0 read_fat:2211 fat_address 0
D/TC:? 0 tee_rpmb_read:1354 Read 8 blocks at index 2
D/TC:? 0 dump_fh:1957 fh->filename=/dirfile.db.hash
D/TC:? 0 dump_fh:1958 fh->rpmb_fat_address=512
D/TC:? 0 dump_fh:1959 fh->fat_entry.start_address=261632
D/TC:? 0 dump_fh:1960 fh->fat_entry.data_size=32
D/TC:? 0 read_fat:2211 fat_address 512
D/TC:? 0 tee_rpmb_read:1354 Read 8 blocks at index 2
D/TC:? 0 tee_rpmb_read:1354 Read 1 block at index 1022
D/TC:? 0 tee_fs_crypt_block:241 Decrypt block #1022
D/TC:0   test_wd_callback:49 WD call_count 12, timeout_count 10
D/TC:0   periodic_callback:136 seconds 17 millis 94 count 17
D/TC:? 0 dump_fh:1957 fh->filename=/dirfile.db.hash
D/TC:? 0 dump_fh:1958 fh->rpmb_fat_address=512
D/TC:? 0 dump_fh:1959 fh->fat_entry.start_address=261632
D/TC:? 0 dump_fh:1960 fh->fat_entry.data_size=32
D/TC:? 0 read_fat:2211 fat_address 512
D/TC:? 0 tee_rpmb_read:1354 Read 8 blocks at index 2
D/TC:? 0 rpmb_fs_write_primitive:2596 Updating data in-place
D/TC:? 0 tee_rpmb_read:1354 Read 1 block at index 1022
D/TC:? 0 tee_fs_crypt_block:241 Decrypt block #1022
D/TC:? 0 tee_rpmb_write_blk:1486 Write 1 block at index 1022
D/TC:? 0 tee_fs_crypt_block:241 Encrypt block #1022
D/TC:? 0 read_fat:2211 fat_address 0
D/TC:? 0 tee_rpmb_read:1354 Read 8 blocks at index 2
D/TC:? 0 dump_fh:1957 fh->filename=/dirfile.db.hash
D/TC:? 0 dump_fh:1958 fh->rpmb_fat_address=512
D/TC:? 0 dump_fh:1959 fh->fat_entry.start_address=261632
D/TC:? 0 dump_fh:1960 fh->fat_entry.data_size=32
D/TC:? 0 read_fat:2211 fat_address 512
D/TC:? 0 tee_rpmb_read:1354 Read 8 blocks at index 2
D/TC:? 0 tee_rpmb_read:1354 Read 1 block at index 1022
D/TC:? 0 tee_fs_crypt_block:241 Decrypt block #1022
D/TC:? 0 dump_fh:1957 fh->filename=/dirfile.db.hash
D/TC:? 0 dump_fh:1958 fh->rpmb_fat_address=512
D/TC:? 0 dump_fh:1959 fh->fat_entry.start_address=261632
D/TC:? 0 dump_fh:1960 fh->fat_entry.data_size=32
D/TC:? 0 read_fat:2211 fat_address 512
D/TC:? 0 tee_rpmb_read:1354 Read 8 blocks at index 2
D/TC:? 0 rpmb_fs_write_primitive:2596 Updating data in-place
D/TC:? 0 tee_rpmb_read:1354 Read 1 block at index 1022
D/TC:? 0 tee_fs_crypt_block:241 Decrypt block #1022
D/TC:? 0 tee_rpmb_write_blk:1486 Write 1 block at index 1022
D/TC:? 0 tee_fs_crypt_block:241 Encrypt block #1022
D/TC:? 0 read_fat:2211 fat_address 0
D/TC:? 0 tee_rpmb_read:1354 Read 8 blocks at index 2
D/TC:? 0 dump_fh:1957 fh->filename=/dirfile.db.hash
D/TC:? 0 dump_fh:1958 fh->rpmb_fat_address=512
D/TC:? 0 dump_fh:1959 fh->fat_entry.start_address=261632
D/TC:? 0 dump_fh:1960 fh->fat_entry.data_size=32
D/TC:? 0 read_fat:2211 fat_address 512
D/TC:? 0 tee_rpmb_read:1354 Read 8 blocks at index 2
D/TC:? 0 tee_rpmb_read:1354 Read 1 block at index 1022
D/TC:? 0 tee_fs_crypt_block:241 Decrypt block #1022
D/TC:? 0 dump_fh:1957 fh->filename=/dirfile.db.hash
D/TC:? 0 dump_fh:1958 fh->rpmb_fat_address=512
D/TC:? 0 dump_fh:1959 fh->fat_entry.start_address=261632
D/TC:? 0 dump_fh:1960 fh->fat_entry.data_size=32
D/TC:? 0 read_fat:2211 fat_address 512
D/TC:? 0 tee_rpmb_read:1354 Read 8 blocks at index 2
D/TC:? 0 rpmb_fs_write_primitive:2596 Updating data in-place
D/TC:? 0 tee_rpmb_read:1354 Read 1 block at index 1022
D/TC:? 0 tee_fs_crypt_block:241 Decrypt block #1022
D/TC:? 0 tee_rpmb_write_blk:1486 Write 1 block at index 1022
D/TC:? 0 tee_fs_crypt_block:241 Encrypt block #1022
D/TC:? 0 read_fat:2211 fat_address 0
D/TC:? 0 tee_rpmb_read:1354 Read 8 blocks at index 2
D/TC:? 0 dump_fh:1957 fh->filename=/dirfile.db.hash
D/TC:? 0 dump_fh:1958 fh->rpmb_fat_address=512
D/TC:? 0 dump_fh:1959 fh->fat_entry.start_address=261632
D/TC:? 0 dump_fh:1960 fh->fat_entry.data_size=32
D/TC:? 0 read_fat:2211 fat_address 512
D/TC:? 0 tee_rpmb_read:1354 Read 8 blocks at index 2
D/TC:? 0 tee_rpmb_read:1354 Read 1 block at index 1022
D/TC:? 0 tee_fs_crypt_block:241 Decrypt block #1022
D/TC:? 0 dump_fh:1957 fh->filename=/dirfile.db.hash
D/TC:? 0 dump_fh:1958 fh->rpmb_fat_address=512
D/TC:? 0 dump_fh:1959 fh->fat_entry.start_address=261632
D/TC:? 0 dump_fh:1960 fh->fat_entry.data_size=32
D/TC:? 0 read_fat:2211 fat_address 512
D/TC:? 0 tee_rpmb_read:1354 Read 8 blocks at index 2
D/TC:? 0 rpmb_fs_write_primitive:2596 Updating data in-place
D/TC:? 0 tee_rpmb_read:1354 Read 1 block at index 1022
D/TC:? 0 tee_fs_crypt_block:241 Decrypt block #1022
D/TC:? 0 tee_rpmb_write_blk:1486 Write 1 block at index 1022
D/TC:? 0 tee_fs_crypt_block:241 Encrypt block #1022
D/TC:? 0 read_fat:2211 fat_address 0
D/TC:? 0 tee_rpmb_read:1354 Read 8 blocks at index 2
D/TC:? 0 dump_fh:1957 fh->filename=/dirfile.db.hash
D/TC:? 0 dump_fh:1958 fh->rpmb_fat_address=512
D/TC:? 0 dump_fh:1959 fh->fat_entry.start_address=261632
D/TC:? 0 dump_fh:1960 fh->fat_entry.data_size=32
D/TC:? 0 read_fat:2211 fat_address 512
D/TC:? 0 tee_rpmb_read:1354 Read 8 blocks at index 2
D/TC:? 0 tee_rpmb_read:1354 Read 1 block at index 1022
D/TC:? 0 tee_fs_crypt_block:241 Decrypt block #1022
D/TC:? 0 dump_fh:1957 fh->filename=/dirfile.db.hash
D/TC:? 0 dump_fh:1958 fh->rpmb_fat_address=512
D/TC:? 0 dump_fh:1959 fh->fat_entry.start_address=261632
D/TC:? 0 dump_fh:1960 fh->fat_entry.data_size=32
D/TC:? 0 read_fat:2211 fat_address 512
D/TC:? 0 tee_rpmb_read:1354 Read 8 blocks at index 2
D/TC:? 0 rpmb_fs_write_primitive:2596 Updating data in-place
D/TC:? 0 tee_rpmb_read:1354 Read 1 block at index 1022
D/TC:? 0 tee_fs_crypt_block:241 Decrypt block #1022
D/TC:? 0 tee_rpmb_write_blk:1486 Write 1 block at index 1022
D/TC:? 0 tee_fs_crypt_block:241 Encrypt block #1022
D/TC:? 0 read_fat:2211 fat_address 0
D/TC:? 0 tee_rpmb_read:1354 Read 8 blocks at index 2
D/TC:? 0 dump_fh:1957 fh->filename=/dirfile.db.hash
D/TC:? 0 dump_fh:1958 fh->rpmb_fat_address=512
D/TC:? 0 dump_fh:1959 fh->fat_entry.start_address=261632
D/TC:? 0 dump_fh:1960 fh->fat_entry.data_size=32
D/TC:? 0 read_fat:2211 fat_address 512
D/TC:? 0 tee_rpmb_read:1354 Read 8 blocks at index 2
D/TC:? 0 tee_rpmb_read:1354 Read 1 block at index 1022
D/TC:? 0 tee_fs_crypt_block:241 Decrypt block #1022
D/TC:? 0 dump_fh:1957 fh->filename=/dirfile.db.hash
D/TC:? 0 dump_fh:1958 fh->rpmb_fat_address=512
D/TC:? 0 dump_fh:1959 fh->fat_entry.start_address=261632
D/TC:? 0 dump_fh:1960 fh->fat_entry.data_size=32
D/TC:? 0 read_fat:2211 fat_address 512
D/TC:? 0 tee_rpmb_read:1354 Read 8 blocks at index 2
D/TC:? 0 rpmb_fs_write_primitive:2596 Updating data in-place
D/TC:? 0 tee_rpmb_read:1354 Read 1 block at index 1022
D/TC:? 0 tee_fs_crypt_block:241 Decrypt block #1022
D/TC:? 0 tee_rpmb_write_blk:1486 Write 1 block at index 1022
D/TC:? 0 tee_fs_crypt_block:241 Encrypt block #1022
D/TC:? 0 read_fat:2211 fat_address 0
D/TC:? 0 tee_rpmb_read:1354 Read 8 blocks at index 2
D/TC:? 0 dump_fh:1957 fh->filename=/dirfile.db.hash
D/TC:? 0 dump_fh:1958 fh->rpmb_fat_address=512
D/TC:? 0 dump_fh:1959 fh->fat_entry.start_address=261632
D/TC:? 0 dump_fh:1960 fh->fat_entry.data_size=32
D/TC:? 0 read_fat:2211 fat_address 512
D/TC:? 0 tee_rpmb_read:1354 Read 8 blocks at index 2
D/TC:? 0 tee_rpmb_read:1354 Read 1 block at index 1022
D/TC:? 0 tee_fs_crypt_block:241 Decrypt block #1022
D/TC:0   test_wd_callback:49 WD call_count 13, timeout_count 11
D/TC:0   periodic_callback:136 seconds 18 millis 94 count 18
D/TC:? 0 dump_fh:1957 fh->filename=/dirfile.db.hash
D/TC:? 0 dump_fh:1958 fh->rpmb_fat_address=512
D/TC:? 0 dump_fh:1959 fh->fat_entry.start_address=261632
D/TC:? 0 dump_fh:1960 fh->fat_entry.data_size=32
D/TC:? 0 read_fat:2211 fat_address 512
D/TC:? 0 tee_rpmb_read:1354 Read 8 blocks at index 2
D/TC:? 0 rpmb_fs_write_primitive:2596 Updating data in-place
D/TC:? 0 tee_rpmb_read:1354 Read 1 block at index 1022
D/TC:? 0 tee_fs_crypt_block:241 Decrypt block #1022
D/TC:? 0 tee_rpmb_write_blk:1486 Write 1 block at index 1022
D/TC:? 0 tee_fs_crypt_block:241 Encrypt block #1022
D/TC:? 0 read_fat:2211 fat_address 0
D/TC:? 0 tee_rpmb_read:1354 Read 8 blocks at index 2
D/TC:? 0 dump_fh:1957 fh->filename=/dirfile.db.hash
D/TC:? 0 dump_fh:1958 fh->rpmb_fat_address=512
D/TC:? 0 dump_fh:1959 fh->fat_entry.start_address=261632
D/TC:? 0 dump_fh:1960 fh->fat_entry.data_size=32
D/TC:? 0 read_fat:2211 fat_address 512
D/TC:? 0 tee_rpmb_read:1354 Read 8 blocks at index 2
D/TC:? 0 tee_rpmb_read:1354 Read 1 block at index 1022
D/TC:? 0 tee_fs_crypt_block:241 Decrypt block #1022
D/TC:? 0 dump_fh:1957 fh->filename=/dirfile.db.hash
D/TC:? 0 dump_fh:1958 fh->rpmb_fat_address=512
D/TC:? 0 dump_fh:1959 fh->fat_entry.start_address=261632
D/TC:? 0 dump_fh:1960 fh->fat_entry.data_size=32
D/TC:? 0 read_fat:2211 fat_address 512
D/TC:? 0 tee_rpmb_read:1354 Read 8 blocks at index 2
D/TC:? 0 rpmb_fs_write_primitive:2596 Updating data in-place
D/TC:? 0 tee_rpmb_read:1354 Read 1 block at index 1022
D/TC:? 0 tee_fs_crypt_block:241 Decrypt block #1022
D/TC:? 0 tee_rpmb_write_blk:1486 Write 1 block at index 1022
D/TC:? 0 tee_fs_crypt_block:241 Encrypt block #1022
D/TC:? 0 read_fat:2211 fat_address 0
D/TC:? 0 tee_rpmb_read:1354 Read 8 blocks at index 2
D/TC:? 0 dump_fh:1957 fh->filename=/dirfile.db.hash
D/TC:? 0 dump_fh:1958 fh->rpmb_fat_address=512
D/TC:? 0 dump_fh:1959 fh->fat_entry.start_address=261632
D/TC:? 0 dump_fh:1960 fh->fat_entry.data_size=32
D/TC:? 0 read_fat:2211 fat_address 512
D/TC:? 0 tee_rpmb_read:1354 Read 8 blocks at index 2
D/TC:? 0 tee_rpmb_read:1354 Read 1 block at index 1022
D/TC:? 0 tee_fs_crypt_block:241 Decrypt block #1022
D/TC:? 0 dump_fh:1957 fh->filename=/dirfile.db.hash
D/TC:? 0 dump_fh:1958 fh->rpmb_fat_address=512
D/TC:? 0 dump_fh:1959 fh->fat_entry.start_address=261632
D/TC:? 0 dump_fh:1960 fh->fat_entry.data_size=32
D/TC:? 0 read_fat:2211 fat_address 512
D/TC:? 0 tee_rpmb_read:1354 Read 8 blocks at index 2
D/TC:? 0 rpmb_fs_write_primitive:2596 Updating data in-place
D/TC:? 0 tee_rpmb_read:1354 Read 1 block at index 1022
D/TC:? 0 tee_fs_crypt_block:241 Decrypt block #1022
D/TC:? 0 tee_rpmb_write_blk:1486 Write 1 block at index 1022
D/TC:? 0 tee_fs_crypt_block:241 Encrypt block #1022
D/TC:? 0 read_fat:2211 fat_address 0
D/TC:? 0 tee_rpmb_read:1354 Read 8 blocks at index 2
D/TC:? 0 dump_fh:1957 fh->filename=/dirfile.db.hash
D/TC:? 0 dump_fh:1958 fh->rpmb_fat_address=512
D/TC:? 0 dump_fh:1959 fh->fat_entry.start_address=261632
D/TC:? 0 dump_fh:1960 fh->fat_entry.data_size=32
D/TC:? 0 read_fat:2211 fat_address 512
D/TC:? 0 tee_rpmb_read:1354 Read 8 blocks at index 2
D/TC:? 0 tee_rpmb_read:1354 Read 1 block at index 1022
D/TC:? 0 tee_fs_crypt_block:241 Decrypt block #1022
D/TC:? 0 dump_fh:1957 fh->filename=/dirfile.db.hash
D/TC:? 0 dump_fh:1958 fh->rpmb_fat_address=512
D/TC:? 0 dump_fh:1959 fh->fat_entry.start_address=261632
D/TC:? 0 dump_fh:1960 fh->fat_entry.data_size=32
D/TC:? 0 read_fat:2211 fat_address 512
D/TC:? 0 tee_rpmb_read:1354 Read 8 blocks at index 2
D/TC:? 0 rpmb_fs_write_primitive:2596 Updating data in-place
D/TC:? 0 tee_rpmb_read:1354 Read 1 block at index 1022
D/TC:? 0 tee_fs_crypt_block:241 Decrypt block #1022
D/TC:? 0 tee_rpmb_write_blk:1486 Write 1 block at index 1022
D/TC:? 0 tee_fs_crypt_block:241 Encrypt block #1022
D/TC:? 0 read_fat:2211 fat_address 0
D/TC:? 0 tee_rpmb_read:1354 Read 8 blocks at index 2
D/TC:? 0 dump_fh:1957 fh->filename=/dirfile.db.hash
D/TC:? 0 dump_fh:1958 fh->rpmb_fat_address=512
D/TC:? 0 dump_fh:1959 fh->fat_entry.start_address=261632
D/TC:? 0 dump_fh:1960 fh->fat_entry.data_size=32
D/TC:? 0 read_fat:2211 fat_address 512
D/TC:? 0 tee_rpmb_read:1354 Read 8 blocks at index 2
D/TC:? 0 tee_rpmb_read:1354 Read 1 block at index 1022
D/TC:? 0 tee_fs_crypt_block:241 Decrypt block #1022
D/TC:? 0 dump_fh:1957 fh->filename=/dirfile.db.hash
D/TC:? 0 dump_fh:1958 fh->rpmb_fat_address=512
D/TC:? 0 dump_fh:1959 fh->fat_entry.start_address=261632
D/TC:? 0 dump_fh:1960 fh->fat_entry.data_size=32
D/TC:? 0 read_fat:2211 fat_address 512
D/TC:? 0 tee_rpmb_read:1354 Read 8 blocks at index 2
D/TC:? 0 rpmb_fs_write_primitive:2596 Updating data in-place
D/TC:? 0 tee_rpmb_read:1354 Read 1 block at index 1022
D/TC:? 0 tee_fs_crypt_block:241 Decrypt block #1022
D/TC:? 0 tee_rpmb_write_blk:1486 Write 1 block at index 1022
D/TC:? 0 tee_fs_crypt_block:241 Encrypt block #1022
D/TC:? 0 read_fat:2211 fat_address 0
D/TC:? 0 tee_rpmb_read:1354 Read 8 blocks at index 2
D/TC:? 0 dump_fh:1957 fh->filename=/dirfile.db.hash
D/TC:? 0 dump_fh:1958 fh->rpmb_fat_address=512
D/TC:? 0 dump_fh:1959 fh->fat_entry.start_address=261632
D/TC:? 0 dump_fh:1960 fh->fat_entry.data_size=32
D/TC:? 0 read_fat:2211 fat_address 512
D/TC:? 0 tee_rpmb_read:1354 Read 8 blocks at index 2
D/TC:? 0 tee_rpmb_read:1354 Read 1 block at index 1022
D/TC:? 0 tee_fs_crypt_block:241 Decrypt block #1022
D/TC:? 0 dump_fh:1957 fh->filename=/dirfile.db.hash
D/TC:? 0 dump_fh:1958 fh->rpmb_fat_address=512
D/TC:? 0 dump_fh:1959 fh->fat_entry.start_address=261632
D/TC:? 0 dump_fh:1960 fh->fat_entry.data_size=32
D/TC:? 0 read_fat:2211 fat_address 512
D/TC:? 0 tee_rpmb_read:1354 Read 8 blocks at index 2
D/TC:? 0 rpmb_fs_write_primitive:2596 Updating data in-place
D/TC:? 0 tee_rpmb_read:1354 Read 1 block at index 1022
D/TC:? 0 tee_fs_crypt_block:241 Decrypt block #1022
D/TC:? 0 tee_rpmb_write_blk:1486 Write 1 block at index 1022
D/TC:? 0 tee_fs_crypt_block:241 Encrypt block #1022
D/TC:? 0 read_fat:2211 fat_address 0
D/TC:? 0 tee_rpmb_read:1354 Read 8 blocks at index 2
D/TC:? 0 dump_fh:1957 fh->filename=/dirfile.db.hash
D/TC:? 0 dump_fh:1958 fh->rpmb_fat_address=512
D/TC:? 0 dump_fh:1959 fh->fat_entry.start_address=261632
D/TC:? 0 dump_fh:1960 fh->fat_entry.data_size=32
D/TC:? 0 read_fat:2211 fat_address 512
D/TC:? 0 tee_rpmb_read:1354 Read 8 blocks at index 2
D/TC:? 0 tee_rpmb_read:1354 Read 1 block at index 1022
D/TC:? 0 tee_fs_crypt_block:241 Decrypt block #1022
D/TC:0   test_wd_callback:49 WD call_count 14, timeout_count 12
D/TC:0   periodic_callback:136 seconds 19 millis 94 count 19
D/TC:? 0 dump_fh:1957 fh->filename=/dirfile.db.hash
D/TC:? 0 dump_fh:1958 fh->rpmb_fat_address=512
D/TC:? 0 dump_fh:1959 fh->fat_entry.start_address=261632
D/TC:? 0 dump_fh:1960 fh->fat_entry.data_size=32
D/TC:? 0 read_fat:2211 fat_address 512
D/TC:? 0 tee_rpmb_read:1354 Read 8 blocks at index 2
D/TC:? 0 rpmb_fs_write_primitive:2596 Updating data in-place
D/TC:? 0 tee_rpmb_read:1354 Read 1 block at index 1022
D/TC:? 0 tee_fs_crypt_block:241 Decrypt block #1022
D/TC:? 0 tee_rpmb_write_blk:1486 Write 1 block at index 1022
D/TC:? 0 tee_fs_crypt_block:241 Encrypt block #1022
D/TC:? 0 read_fat:2211 fat_address 0
D/TC:? 0 tee_rpmb_read:1354 Read 8 blocks at index 2
D/TC:? 0 dump_fh:1957 fh->filename=/dirfile.db.hash
D/TC:? 0 dump_fh:1958 fh->rpmb_fat_address=512
D/TC:? 0 dump_fh:1959 fh->fat_entry.start_address=261632
D/TC:? 0 dump_fh:1960 fh->fat_entry.data_size=32
D/TC:? 0 read_fat:2211 fat_address 512
D/TC:? 0 tee_rpmb_read:1354 Read 8 blocks at index 2
D/TC:? 0 tee_rpmb_read:1354 Read 1 block at index 1022
D/TC:? 0 tee_fs_crypt_block:241 Decrypt block #1022
D/TC:? 0 dump_fh:1957 fh->filename=/dirfile.db.hash
D/TC:? 0 dump_fh:1958 fh->rpmb_fat_address=512
D/TC:? 0 dump_fh:1959 fh->fat_entry.start_address=261632
D/TC:? 0 dump_fh:1960 fh->fat_entry.data_size=32
D/TC:? 0 read_fat:2211 fat_address 512
D/TC:? 0 tee_rpmb_read:1354 Read 8 blocks at index 2
D/TC:? 0 rpmb_fs_write_primitive:2596 Updating data in-place
D/TC:? 0 tee_rpmb_read:1354 Read 1 block at index 1022
D/TC:? 0 tee_fs_crypt_block:241 Decrypt block #1022
D/TC:? 0 tee_rpmb_write_blk:1486 Write 1 block at index 1022
D/TC:? 0 tee_fs_crypt_block:241 Encrypt block #1022
D/TC:? 0 read_fat:2211 fat_address 0
D/TC:? 0 tee_rpmb_read:1354 Read 8 blocks at index 2
D/TC:? 0 dump_fh:1957 fh->filename=/dirfile.db.hash
D/TC:? 0 dump_fh:1958 fh->rpmb_fat_address=512
D/TC:? 0 dump_fh:1959 fh->fat_entry.start_address=261632
D/TC:? 0 dump_fh:1960 fh->fat_entry.data_size=32
D/TC:? 0 read_fat:2211 fat_address 512
D/TC:? 0 tee_rpmb_read:1354 Read 8 blocks at index 2
D/TC:? 0 tee_rpmb_read:1354 Read 1 block at index 1022
D/TC:? 0 tee_fs_crypt_block:241 Decrypt block #1022
D/TC:? 0 dump_fh:1957 fh->filename=/dirfile.db.hash
D/TC:? 0 dump_fh:1958 fh->rpmb_fat_address=512
D/TC:? 0 dump_fh:1959 fh->fat_entry.start_address=261632
D/TC:? 0 dump_fh:1960 fh->fat_entry.data_size=32
D/TC:? 0 read_fat:2211 fat_address 512
D/TC:? 0 tee_rpmb_read:1354 Read 8 blocks at index 2
D/TC:? 0 rpmb_fs_write_primitive:2596 Updating data in-place
D/TC:? 0 tee_rpmb_read:1354 Read 1 block at index 1022
D/TC:? 0 tee_fs_crypt_block:241 Decrypt block #1022
D/TC:? 0 tee_rpmb_write_blk:1486 Write 1 block at index 1022
D/TC:? 0 tee_fs_crypt_block:241 Encrypt block #1022
D/TC:? 0 read_fat:2211 fat_address 0
D/TC:? 0 tee_rpmb_read:1354 Read 8 blocks at index 2
D/TC:? 0 dump_fh:1957 fh->filename=/dirfile.db.hash
D/TC:? 0 dump_fh:1958 fh->rpmb_fat_address=512
D/TC:? 0 dump_fh:1959 fh->fat_entry.start_address=261632
D/TC:? 0 dump_fh:1960 fh->fat_entry.data_size=32
D/TC:? 0 read_fat:2211 fat_address 512
D/TC:? 0 tee_rpmb_read:1354 Read 8 blocks at index 2
D/TC:? 0 tee_rpmb_read:1354 Read 1 block at index 1022
D/TC:? 0 tee_fs_crypt_block:241 Decrypt block #1022
D/TC:? 0 dump_fh:1957 fh->filename=/dirfile.db.hash
D/TC:? 0 dump_fh:1958 fh->rpmb_fat_address=512
D/TC:? 0 dump_fh:1959 fh->fat_entry.start_address=261632
D/TC:? 0 dump_fh:1960 fh->fat_entry.data_size=32
D/TC:? 0 read_fat:2211 fat_address 512
D/TC:? 0 tee_rpmb_read:1354 Read 8 blocks at index 2
D/TC:? 0 rpmb_fs_write_primitive:2596 Updating data in-place
D/TC:? 0 tee_rpmb_read:1354 Read 1 block at index 1022
D/TC:? 0 tee_fs_crypt_block:241 Decrypt block #1022
D/TC:? 0 tee_rpmb_write_blk:1486 Write 1 block at index 1022
D/TC:? 0 tee_fs_crypt_block:241 Encrypt block #1022
D/TC:? 0 read_fat:2211 fat_address 0
D/TC:? 0 tee_rpmb_read:1354 Read 8 blocks at index 2
D/TC:? 0 dump_fh:1957 fh->filename=/dirfile.db.hash
D/TC:? 0 dump_fh:1958 fh->rpmb_fat_address=512
D/TC:? 0 dump_fh:1959 fh->fat_entry.start_address=261632
D/TC:? 0 dump_fh:1960 fh->fat_entry.data_size=32
D/TC:? 0 read_fat:2211 fat_address 512
D/TC:? 0 tee_rpmb_read:1354 Read 8 blocks at index 2
D/TC:? 0 tee_rpmb_read:1354 Read 1 block at index 1022
D/TC:? 0 tee_fs_crypt_block:241 Decrypt block #1022
D/TC:? 0 dump_fh:1957 fh->filename=/dirfile.db.hash
D/TC:? 0 dump_fh:1958 fh->rpmb_fat_address=512
D/TC:? 0 dump_fh:1959 fh->fat_entry.start_address=261632
D/TC:? 0 dump_fh:1960 fh->fat_entry.data_size=32
D/TC:? 0 read_fat:2211 fat_address 512
D/TC:? 0 tee_rpmb_read:1354 Read 8 blocks at index 2
D/TC:? 0 rpmb_fs_write_primitive:2596 Updating data in-place
D/TC:? 0 tee_rpmb_read:1354 Read 1 block at index 1022
D/TC:? 0 tee_fs_crypt_block:241 Decrypt block #1022
D/TC:? 0 tee_rpmb_write_blk:1486 Write 1 block at index 1022
D/TC:? 0 tee_fs_crypt_block:241 Encrypt block #1022
D/TC:? 0 read_fat:2211 fat_address 0
D/TC:? 0 tee_rpmb_read:1354 Read 8 blocks at index 2
D/TC:? 0 dump_fh:1957 fh->filename=/dirfile.db.hash
D/TC:? 0 dump_fh:1958 fh->rpmb_fat_address=512
D/TC:? 0 dump_fh:1959 fh->fat_entry.start_address=261632
D/TC:? 0 dump_fh:1960 fh->fat_entry.data_size=32
D/TC:? 0 read_fat:2211 fat_address 512
D/TC:? 0 tee_rpmb_read:1354 Read 8 blocks at index 2
D/TC:? 0 tee_rpmb_read:1354 Read 1 block at index 1022
D/TC:? 0 tee_fs_crypt_block:241 Decrypt block #1022
D/TC:0   test_wd_callback:49 WD call_count 15, timeout_count 13
D/TC:? 0 dump_fh:1957 fh->filename=/dirfile.db.hash
D/TC:? 0 dump_fh:1958 fh->rpmb_fat_address=512
D/TC:? 0 dump_fh:1959 fh->fat_entry.start_address=261632
D/TC:? 0 dump_fh:1960 fh->fat_entry.data_size=32
D/TC:? 0 read_fat:2211 fat_address 512
D/TC:? 0 tee_rpmb_read:1354 Read 8 blocks at index 2
D/TC:? 0 rpmb_fs_write_primitive:2596 Updating data in-place
D/TC:? 0 tee_rpmb_read:1354 Read 1 block at index 1022
D/TC:? 0 tee_fs_crypt_block:241 Decrypt block #1022
D/TC:? 0 tee_rpmb_write_blk:1486 Write 1 block at index 1022
D/TC:? 0 tee_fs_crypt_block:241 Encrypt block #1022
D/TC:? 0 read_fat:2211 fat_address 0
D/TC:? 0 tee_rpmb_read:1354 Read 8 blocks at index 2
D/TC:? 0 dump_fh:1957 fh->filename=/dirfile.db.hash
D/TC:? 0 dump_fh:1958 fh->rpmb_fat_address=512
D/TC:? 0 dump_fh:1959 fh->fat_entry.start_address=261632
D/TC:? 0 dump_fh:1960 fh->fat_entry.data_size=32
D/TC:? 0 read_fat:2211 fat_address 512
D/TC:? 0 tee_rpmb_read:1354 Read 8 blocks at index 2
D/TC:? 0 tee_rpmb_read:1354 Read 1 block at index 1022
D/TC:? 0 tee_fs_crypt_block:241 Decrypt block #1022
D/TC:0   periodic_callback:136 seconds 20 millis 94 count 20
D/TC:? 0 dump_fh:1957 fh->filename=/dirfile.db.hash
D/TC:? 0 dump_fh:1958 fh->rpmb_fat_address=512
D/TC:? 0 dump_fh:1959 fh->fat_entry.start_address=261632
D/TC:? 0 dump_fh:1960 fh->fat_entry.data_size=32
D/TC:? 0 read_fat:2211 fat_address 512
D/TC:? 0 tee_rpmb_read:1354 Read 8 blocks at index 2
D/TC:? 0 rpmb_fs_write_primitive:2596 Updating data in-place
D/TC:? 0 tee_rpmb_read:1354 Read 1 block at index 1022
D/TC:? 0 tee_fs_crypt_block:241 Decrypt block #1022
D/TC:? 0 tee_rpmb_write_blk:1486 Write 1 block at index 1022
D/TC:? 0 tee_fs_crypt_block:241 Encrypt block #1022
D/TC:? 0 read_fat:2211 fat_address 0
D/TC:? 0 tee_rpmb_read:1354 Read 8 blocks at index 2
D/TC:? 0 dump_fh:1957 fh->filename=/dirfile.db.hash
D/TC:? 0 dump_fh:1958 fh->rpmb_fat_address=512
D/TC:? 0 dump_fh:1959 fh->fat_entry.start_address=261632
D/TC:? 0 dump_fh:1960 fh->fat_entry.data_size=32
D/TC:? 0 read_fat:2211 fat_address 512
D/TC:? 0 tee_rpmb_read:1354 Read 8 blocks at index 2
D/TC:? 0 tee_rpmb_read:1354 Read 1 block at index 1022
D/TC:? 0 tee_fs_crypt_block:241 Decrypt block #1022
D/TC:? 0 dump_fh:1957 fh->filename=/dirfile.db.hash
D/TC:? 0 dump_fh:1958 fh->rpmb_fat_address=512
D/TC:? 0 dump_fh:1959 fh->fat_entry.start_address=261632
D/TC:? 0 dump_fh:1960 fh->fat_entry.data_size=32
D/TC:? 0 read_fat:2211 fat_address 512
D/TC:? 0 tee_rpmb_read:1354 Read 8 blocks at index 2
D/TC:? 0 rpmb_fs_write_primitive:2596 Updating data in-place
D/TC:? 0 tee_rpmb_read:1354 Read 1 block at index 1022
D/TC:? 0 tee_fs_crypt_block:241 Decrypt block #1022
D/TC:? 0 tee_rpmb_write_blk:1486 Write 1 block at index 1022
D/TC:? 0 tee_fs_crypt_block:241 Encrypt block #1022
D/TC:? 0 read_fat:2211 fat_address 0
D/TC:? 0 tee_rpmb_read:1354 Read 8 blocks at index 2
D/TC:? 0 dump_fh:1957 fh->filename=/dirfile.db.hash
D/TC:? 0 dump_fh:1958 fh->rpmb_fat_address=512
D/TC:? 0 dump_fh:1959 fh->fat_entry.start_address=261632
D/TC:? 0 dump_fh:1960 fh->fat_entry.data_size=32
D/TC:? 0 read_fat:2211 fat_address 512
D/TC:? 0 tee_rpmb_read:1354 Read 8 blocks at index 2
D/TC:? 0 tee_rpmb_read:1354 Read 1 block at index 1022
D/TC:? 0 tee_fs_crypt_block:241 Decrypt block #1022
D/TC:? 0 dump_fh:1957 fh->filename=/dirfile.db.hash
D/TC:? 0 dump_fh:1958 fh->rpmb_fat_address=512
D/TC:? 0 dump_fh:1959 fh->fat_entry.start_address=261632
D/TC:? 0 dump_fh:1960 fh->fat_entry.data_size=32
D/TC:? 0 read_fat:2211 fat_address 512
D/TC:? 0 tee_rpmb_read:1354 Read 8 blocks at index 2
D/TC:? 0 rpmb_fs_write_primitive:2596 Updating data in-place
D/TC:? 0 tee_rpmb_read:1354 Read 1 block at index 1022
D/TC:? 0 tee_fs_crypt_block:241 Decrypt block #1022
D/TC:? 0 tee_rpmb_write_blk:1486 Write 1 block at index 1022
D/TC:? 0 tee_fs_crypt_block:241 Encrypt block #1022
D/TC:? 0 tee_ta_init_pseudo_ta_session:303 Lookup pseudo TA 3a2f8978-5dc0-11e8-9c2d-fa7ae01bbebc
D/TC:? 0 tee_ta_init_pseudo_ta_session:315 Open system.pta
D/TC:? 0 tee_ta_init_pseudo_ta_session:330 system.pta : 3a2f8978-5dc0-11e8-9c2d-fa7ae01bbebc
D/TC:? 0 tee_ta_init_session_with_context:570 Re-open trusted service 3a2f8978-5dc0-11e8-9c2d-fa7ae01bbebc
D/TC:? 0 tee_ta_invoke_command:831 Error: ffff000a of 4
D/TC:? 0 tee_ta_close_session:513 id 1
D/TC:? 0 tee_ta_close_session:527 Destroy session
D/TC:? 0 do_notif:34 wake  thread 1 0x97093530
D/TC:? 0 do_notif:34 sleep thread 0 0x97093530
*D/TC:? 1 do_notif:34 wake  thread 0 0x97093530
D/TC:? 1 do_notif:34 sleep thread 1 0x97093530
D/TC:0   periodic_callback:136 seconds 21 millis 94 count 21
D/TC:0   periodic_callback:140 Disabling periodic callout
D/TC:0   test_wd_callback:49 WD call_count 17, timeout_count 14
D/TC:0   test_wd_callback:49 WD call_count 18, timeout_count 15
D/TC:? 0 do_notif:34 wake  thread 1 0x97093530
D/TC:? 0 do_notif:34 wake  thread 1 0x97093530
*D/TC:? 1 do_notif:34 sleep thread 1 0x97093530
D/TC:? 1 do_notif:34 sleep thread 1 0x97093530
D/TC:? 0 do_notif:34 wake  thread 1 0x97093530
D/TC:? 0 do_notif:34 sleep thread 0 0x97093530
D/TC:? 1 read_fat:2211 fat_address 0
D/TC:? 1 tee_rpmb_read:1354 Read 8 blocks at index 2
D/TC:? 1 dump_fh:1957 fh->filename=/dirfile.db.hash
D/TC:? 1 dump_fh:1958 fh->rpmb_fat_address=512
D/TC:? 1 dump_fh:1959 fh->fat_entry.start_address=261632
D/TC:? 1 dump_fh:1960 fh->fat_entry.data_size=32
D/TC:? 1 read_fat:2211 fat_address 512
D/TC:? 1 tee_rpmb_read:1354 Read 8 blocks at index 2
D/TC:? 1 tee_rpmb_read:1354 Read 1 block at index 1022
D/TC:? 1 tee_fs_crypt_block:241 Decrypt block #1022
D/TC:? 1 do_notif:34 wake  thread 0 0x97093530
D/TC:? 1 tee_ta_invoke_command:831 Error: ffff0008 of 4
D/TC:? 0 tee_ta_close_session:513 id 2
D/TC:? 0 tee_ta_close_session:527 Destroy session
D/TC:? 0 tee_ta_close_session:513 id 4
D/TC:? 0 tee_ta_close_session:527 Destroy session
D/TC:? 0 destroy_context:326 Destroy TA ctx (0x970c6c90)
D/TC:? 0 tee_ta_init_pseudo_ta_session:303 Lookup pseudo TA 564401c1-f0e8-4dfd-9c2f-d602e04b7232
D/TC:? 0 ldelf_load_ldelf:110 ldelf load address 0x40007000
D/LD:  ldelf:159 Loading TS 564401c1-f0e8-4dfd-9c2f-d602e04b7232
D/TC:? 0 ldelf_syscall_open_bin:163 Lookup user TA ELF 564401c1-f0e8-4dfd-9c2f-d602e04b7232 (early TA)
D/TC:? 0 ldelf_syscall_open_bin:167 res=0xffff0008
D/TC:? 0 ldelf_syscall_open_bin:163 Lookup user TA ELF 564401c1-f0e8-4dfd-9c2f-d602e04b7232 (Secure Storage TA)
D/TC:? 0 read_fat:2211 fat_address 0
D/TC:? 0 tee_rpmb_read:1354 Read 8 blocks at index 2
D/TC:? 0 dump_fh:1957 fh->filename=/dirfile.db.hash
D/TC:? 0 dump_fh:1958 fh->rpmb_fat_address=512
D/TC:? 0 dump_fh:1959 fh->fat_entry.start_address=261632
D/TC:? 0 dump_fh:1960 fh->fat_entry.data_size=32
D/TC:? 0 read_fat:2211 fat_address 512
D/TC:? 0 tee_rpmb_read:1354 Read 8 blocks at index 2
D/TC:? 0 tee_rpmb_read:1354 Read 1 block at index 1022
D/TC:? 0 tee_fs_crypt_block:241 Decrypt block #1022
D/TC:? 0 ldelf_syscall_open_bin:167 res=0xffff0008
D/TC:? 0 ldelf_syscall_open_bin:163 Lookup user TA ELF 564401c1-f0e8-4dfd-9c2f-d602e04b7232 (REE)
D/TC:? 0 ldelf_syscall_open_bin:167 res=0
D/TC:? 0 read_fat:2211 fat_address 0
D/TC:? 0 tee_rpmb_read:1354 Read 8 blocks at index 2
D/TC:? 0 dump_fh:1957 fh->filename=/dirfile.db.hash
D/TC:? 0 dump_fh:1958 fh->rpmb_fat_address=512
D/TC:? 0 dump_fh:1959 fh->fat_entry.start_address=261632
D/TC:? 0 dump_fh:1960 fh->fat_entry.data_size=32
D/TC:? 0 read_fat:2211 fat_address 512
D/TC:? 0 tee_rpmb_read:1354 Read 8 blocks at index 2
D/TC:? 0 tee_rpmb_read:1354 Read 1 block at index 1022
D/TC:? 0 tee_fs_crypt_block:241 Decrypt block #1022
D/LD:  ldelf:207 ELF (564401c1-f0e8-4dfd-9c2f-d602e04b7232) at 0x40063000
D/TC:? 0 read_fat:2211 fat_address 0
D/TC:? 0 tee_rpmb_read:1354 Read 8 blocks at index 2
D/TC:? 0 dump_fh:1957 fh->filename=/dirfile.db.hash
D/TC:? 0 dump_fh:1958 fh->rpmb_fat_address=512
D/TC:? 0 dump_fh:1959 fh->fat_entry.start_address=261632
D/TC:? 0 dump_fh:1960 fh->fat_entry.data_size=32
D/TC:? 0 read_fat:2211 fat_address 512
D/TC:? 0 tee_rpmb_read:1354 Read 8 blocks at index 2
D/TC:? 0 tee_rpmb_read:1354 Read 1 block at index 1022
D/TC:? 0 tee_fs_crypt_block:241 Decrypt block #1022
D/TC:? 0 read_fat:2211 fat_address 0
D/TC:? 0 tee_rpmb_read:1354 Read 8 blocks at index 2
D/TC:? 0 dump_fh:1957 fh->filename=/dirfile.db.hash
D/TC:? 0 dump_fh:1958 fh->rpmb_fat_address=512
D/TC:? 0 dump_fh:1959 fh->fat_entry.start_address=261632
D/TC:? 0 dump_fh:1960 fh->fat_entry.data_size=32
D/TC:? 0 read_fat:2211 fat_address 512
D/TC:? 0 tee_rpmb_read:1354 Read 8 blocks at index 2
D/TC:? 0 tee_rpmb_read:1354 Read 1 block at index 1022
D/TC:? 0 tee_fs_crypt_block:241 Decrypt block #1022
D/TC:? 0 dump_fh:1957 fh->filename=/dirfile.db.hash
D/TC:? 0 dump_fh:1958 fh->rpmb_fat_address=512
D/TC:? 0 dump_fh:1959 fh->fat_entry.start_address=261632
D/TC:? 0 dump_fh:1960 fh->fat_entry.data_size=32
D/TC:? 0 read_fat:2211 fat_address 512
D/TC:? 0 tee_rpmb_read:1354 Read 8 blocks at index 2
D/TC:? 0 rpmb_fs_write_primitive:2596 Updating data in-place
D/TC:? 0 tee_rpmb_read:1354 Read 1 block at index 1022
D/TC:? 0 tee_fs_crypt_block:241 Decrypt block #1022
D/TC:? 0 tee_rpmb_write_blk:1486 Write 1 block at index 1022
D/TC:? 0 tee_fs_crypt_block:241 Encrypt block #1022
I/TA: device key provisioned
D/TC:? 0 tee_ta_close_session:513 id 4
D/TC:? 0 tee_ta_close_session:527 Destroy session
D/TC:? 0 destroy_context:326 Destroy TA ctx (0x970c0820)
D/TC:? 0 tee_ta_init_pseudo_ta_session:303 Lookup pseudo TA 564401c1-f0e8-4dfd-9c2f-d602e04b7232
D/TC:? 0 ldelf_load_ldelf:110 ldelf load address 0x40007000
D/LD:  ldelf:159 Loading TS 564401c1-f0e8-4dfd-9c2f-d602e04b7232
D/TC:? 0 ldelf_syscall_open_bin:163 Lookup user TA ELF 564401c1-f0e8-4dfd-9c2f-d602e04b7232 (early TA)
D/TC:? 0 ldelf_syscall_open_bin:167 res=0xffff0008
D/TC:? 0 ldelf_syscall_open_bin:163 Lookup user TA ELF 564401c1-f0e8-4dfd-9c2f-d602e04b7232 (Secure Storage TA)
D/TC:? 0 read_fat:2211 fat_address 0
D/TC:? 0 tee_rpmb_read:1354 Read 8 blocks at index 2
D/TC:? 0 dump_fh:1957 fh->filename=/dirfile.db.hash
D/TC:? 0 dump_fh:1958 fh->rpmb_fat_address=512
D/TC:? 0 dump_fh:1959 fh->fat_entry.start_address=261632
D/TC:? 0 dump_fh:1960 fh->fat_entry.data_size=32
D/TC:? 0 read_fat:2211 fat_address 512
D/TC:? 0 tee_rpmb_read:1354 Read 8 blocks at index 2
D/TC:? 0 tee_rpmb_read:1354 Read 1 block at index 1022
D/TC:? 0 tee_fs_crypt_block:241 Decrypt block #1022
D/TC:? 0 ldelf_syscall_open_bin:167 res=0xffff0008
D/TC:? 0 ldelf_syscall_open_bin:163 Lookup user TA ELF 564401c1-f0e8-4dfd-9c2f-d602e04b7232 (REE)
D/TC:? 0 ldelf_syscall_open_bin:167 res=0
D/TC:? 0 read_fat:2211 fat_address 0
D/TC:? 0 tee_rpmb_read:1354 Read 8 blocks at index 2
D/TC:? 0 dump_fh:1957 fh->filename=/dirfile.db.hash
D/TC:? 0 dump_fh:1958 fh->rpmb_fat_address=512
D/TC:? 0 dump_fh:1959 fh->fat_entry.start_address=261632
D/TC:? 0 dump_fh:1960 fh->fat_entry.data_size=32
D/TC:? 0 read_fat:2211 fat_address 512
D/TC:? 0 tee_rpmb_read:1354 Read 8 blocks at index 2
D/TC:? 0 tee_rpmb_read:1354 Read 1 block at index 1022
D/TC:? 0 tee_fs_crypt_block:241 Decrypt block #1022
D/LD:  ldelf:207 ELF (564401c1-f0e8-4dfd-9c2f-d602e04b7232) at 0x40023000
D/TC:? 0 read_fat:2211 fat_address 0
D/TC:? 0 tee_rpmb_read:1354 Read 8 blocks at index 2
D/TC:? 0 dump_fh:1957 fh->filename=/dirfile.db.hash
D/TC:? 0 dump_fh:1958 fh->rpmb_fat_address=512
D/TC:? 0 dump_fh:1959 fh->fat_entry.start_address=261632
D/TC:? 0 dump_fh:1960 fh->fat_entry.data_size=32
D/TC:? 0 read_fat:2211 fat_address 512
D/TC:? 0 tee_rpmb_read:1354 Read 8 blocks at index 2
D/TC:? 0 tee_rpmb_read:1354 Read 1 block at index 1022
D/TC:? 0 tee_fs_crypt_block:241 Decrypt block #1022
E/TA:  cmd_provision:99 device key already provisioned, refusing to replace it
D/TC:? 0 tee_ta_invoke_command:831 Error: ffff0003 of 4
D/TC:? 0 tee_ta_close_session:513 id 4
D/TC:? 0 tee_ta_close_session:527 Destroy session
D/TC:? 0 destroy_context:326 Destroy TA ctx (0x970c0820)
D/TC:? 0 tee_ta_init_pseudo_ta_session:303 Lookup pseudo TA 564401c1-f0e8-4dfd-9c2f-d602e04b7232
D/TC:? 0 ldelf_load_ldelf:110 ldelf load address 0x40007000
D/LD:  ldelf:159 Loading TS 564401c1-f0e8-4dfd-9c2f-d602e04b7232
D/TC:? 0 ldelf_syscall_open_bin:163 Lookup user TA ELF 564401c1-f0e8-4dfd-9c2f-d602e04b7232 (early TA)
D/TC:? 0 ldelf_syscall_open_bin:167 res=0xffff0008
D/TC:? 0 ldelf_syscall_open_bin:163 Lookup user TA ELF 564401c1-f0e8-4dfd-9c2f-d602e04b7232 (Secure Storage TA)
D/TC:? 0 read_fat:2211 fat_address 0
D/TC:? 0 tee_rpmb_read:1354 Read 8 blocks at index 2
D/TC:? 0 dump_fh:1957 fh->filename=/dirfile.db.hash
D/TC:? 0 dump_fh:1958 fh->rpmb_fat_address=512
D/TC:? 0 dump_fh:1959 fh->fat_entry.start_address=261632
D/TC:? 0 dump_fh:1960 fh->fat_entry.data_size=32
D/TC:? 0 read_fat:2211 fat_address 512
D/TC:? 0 tee_rpmb_read:1354 Read 8 blocks at index 2
D/TC:? 0 tee_rpmb_read:1354 Read 1 block at index 1022
D/TC:? 0 tee_fs_crypt_block:241 Decrypt block #1022
D/TC:? 0 ldelf_syscall_open_bin:167 res=0xffff0008
D/TC:? 0 ldelf_syscall_open_bin:163 Lookup user TA ELF 564401c1-f0e8-4dfd-9c2f-d602e04b7232 (REE)
D/TC:? 0 ldelf_syscall_open_bin:167 res=0
D/TC:? 0 read_fat:2211 fat_address 0
D/TC:? 0 tee_rpmb_read:1354 Read 8 blocks at index 2
D/TC:? 0 dump_fh:1957 fh->filename=/dirfile.db.hash
D/TC:? 0 dump_fh:1958 fh->rpmb_fat_address=512
D/TC:? 0 dump_fh:1959 fh->fat_entry.start_address=261632
D/TC:? 0 dump_fh:1960 fh->fat_entry.data_size=32
D/TC:? 0 read_fat:2211 fat_address 512
D/TC:? 0 tee_rpmb_read:1354 Read 8 blocks at index 2
D/TC:? 0 tee_rpmb_read:1354 Read 1 block at index 1022
D/TC:? 0 tee_fs_crypt_block:241 Decrypt block #1022
D/LD:  ldelf:207 ELF (564401c1-f0e8-4dfd-9c2f-d602e04b7232) at 0x4004d000
D/TC:? 0 read_fat:2211 fat_address 0
D/TC:? 0 tee_rpmb_read:1354 Read 8 blocks at index 2
D/TC:? 0 dump_fh:1957 fh->filename=/dirfile.db.hash
D/TC:? 0 dump_fh:1958 fh->rpmb_fat_address=512
D/TC:? 0 dump_fh:1959 fh->fat_entry.start_address=261632
D/TC:? 0 dump_fh:1960 fh->fat_entry.data_size=32
D/TC:? 0 read_fat:2211 fat_address 512
D/TC:? 0 tee_rpmb_read:1354 Read 8 blocks at index 2
D/TC:? 0 tee_rpmb_read:1354 Read 1 block at index 1022
D/TC:? 0 tee_fs_crypt_block:241 Decrypt block #1022
D/TC:? 0 tee_ta_close_session:513 id 4
D/TC:? 0 tee_ta_close_session:527 Destroy session
D/TC:? 0 destroy_context:326 Destroy TA ctx (0x970c0820)
D/TC:? 0 tee_ta_init_pseudo_ta_session:303 Lookup pseudo TA 564401c1-f0e8-4dfd-9c2f-d602e04b7232
D/TC:? 0 ldelf_load_ldelf:110 ldelf load address 0x40007000
D/LD:  ldelf:159 Loading TS 564401c1-f0e8-4dfd-9c2f-d602e04b7232
D/TC:? 0 ldelf_syscall_open_bin:163 Lookup user TA ELF 564401c1-f0e8-4dfd-9c2f-d602e04b7232 (early TA)
D/TC:? 0 ldelf_syscall_open_bin:167 res=0xffff0008
D/TC:? 0 ldelf_syscall_open_bin:163 Lookup user TA ELF 564401c1-f0e8-4dfd-9c2f-d602e04b7232 (Secure Storage TA)
D/TC:? 0 read_fat:2211 fat_address 0
D/TC:? 0 tee_rpmb_read:1354 Read 8 blocks at index 2
D/TC:? 0 dump_fh:1957 fh->filename=/dirfile.db.hash
D/TC:? 0 dump_fh:1958 fh->rpmb_fat_address=512
D/TC:? 0 dump_fh:1959 fh->fat_entry.start_address=261632
D/TC:? 0 dump_fh:1960 fh->fat_entry.data_size=32
D/TC:? 0 read_fat:2211 fat_address 512
D/TC:? 0 tee_rpmb_read:1354 Read 8 blocks at index 2
D/TC:? 0 tee_rpmb_read:1354 Read 1 block at index 1022
D/TC:? 0 tee_fs_crypt_block:241 Decrypt block #1022
D/TC:? 0 ldelf_syscall_open_bin:167 res=0xffff0008
D/TC:? 0 ldelf_syscall_open_bin:163 Lookup user TA ELF 564401c1-f0e8-4dfd-9c2f-d602e04b7232 (REE)
D/TC:? 0 ldelf_syscall_open_bin:167 res=0
D/TC:? 0 read_fat:2211 fat_address 0
D/TC:? 0 tee_rpmb_read:1354 Read 8 blocks at index 2
D/TC:? 0 dump_fh:1957 fh->filename=/dirfile.db.hash
D/TC:? 0 dump_fh:1958 fh->rpmb_fat_address=512
D/TC:? 0 dump_fh:1959 fh->fat_entry.start_address=261632
D/TC:? 0 dump_fh:1960 fh->fat_entry.data_size=32
D/TC:? 0 read_fat:2211 fat_address 512
D/TC:? 0 tee_rpmb_read:1354 Read 8 blocks at index 2
D/TC:? 0 tee_rpmb_read:1354 Read 1 block at index 1022
D/TC:? 0 tee_fs_crypt_block:241 Decrypt block #1022
D/LD:  ldelf:207 ELF (564401c1-f0e8-4dfd-9c2f-d602e04b7232) at 0x4004f000
D/TC:? 0 tee_ta_invoke_command:831 Error: ffff0006 of 4
D/TC:? 0 tee_ta_close_session:513 id 4
D/TC:? 0 tee_ta_close_session:527 Destroy session
D/TC:? 0 destroy_context:326 Destroy TA ctx (0x970c0820)
D/TC:? 0 tee_ta_init_pseudo_ta_session:303 Lookup pseudo TA 564401c1-f0e8-4dfd-9c2f-d602e04b7232
D/TC:? 0 ldelf_load_ldelf:110 ldelf load address 0x40007000
D/LD:  ldelf:159 Loading TS 564401c1-f0e8-4dfd-9c2f-d602e04b7232
D/TC:? 0 ldelf_syscall_open_bin:163 Lookup user TA ELF 564401c1-f0e8-4dfd-9c2f-d602e04b7232 (early TA)
D/TC:? 0 ldelf_syscall_open_bin:167 res=0xffff0008
D/TC:? 0 ldelf_syscall_open_bin:163 Lookup user TA ELF 564401c1-f0e8-4dfd-9c2f-d602e04b7232 (Secure Storage TA)
D/TC:? 0 read_fat:2211 fat_address 0
D/TC:? 0 tee_rpmb_read:1354 Read 8 blocks at index 2
D/TC:? 0 dump_fh:1957 fh->filename=/dirfile.db.hash
D/TC:? 0 dump_fh:1958 fh->rpmb_fat_address=512
D/TC:? 0 dump_fh:1959 fh->fat_entry.start_address=261632
D/TC:? 0 dump_fh:1960 fh->fat_entry.data_size=32
D/TC:? 0 read_fat:2211 fat_address 512
D/TC:? 0 tee_rpmb_read:1354 Read 8 blocks at index 2
D/TC:? 0 tee_rpmb_read:1354 Read 1 block at index 1022
D/TC:? 0 tee_fs_crypt_block:241 Decrypt block #1022
D/TC:? 0 ldelf_syscall_open_bin:167 res=0xffff0008
D/TC:? 0 ldelf_syscall_open_bin:163 Lookup user TA ELF 564401c1-f0e8-4dfd-9c2f-d602e04b7232 (REE)
D/TC:? 0 ldelf_syscall_open_bin:167 res=0
D/TC:? 0 read_fat:2211 fat_address 0
D/TC:? 0 tee_rpmb_read:1354 Read 8 blocks at index 2
D/TC:? 0 dump_fh:1957 fh->filename=/dirfile.db.hash
D/TC:? 0 dump_fh:1958 fh->rpmb_fat_address=512
D/TC:? 0 dump_fh:1959 fh->fat_entry.start_address=261632
D/TC:? 0 dump_fh:1960 fh->fat_entry.data_size=32
D/TC:? 0 read_fat:2211 fat_address 512
D/TC:? 0 tee_rpmb_read:1354 Read 8 blocks at index 2
D/TC:? 0 tee_rpmb_read:1354 Read 1 block at index 1022
D/TC:? 0 tee_fs_crypt_block:241 Decrypt block #1022
D/LD:  ldelf:207 ELF (564401c1-f0e8-4dfd-9c2f-d602e04b7232) at 0x40062000
D/TC:? 0 read_fat:2211 fat_address 0
D/TC:? 0 tee_rpmb_read:1354 Read 8 blocks at index 2
D/TC:? 0 dump_fh:1957 fh->filename=/dirfile.db.hash
D/TC:? 0 dump_fh:1958 fh->rpmb_fat_address=512
D/TC:? 0 dump_fh:1959 fh->fat_entry.start_address=261632
D/TC:? 0 dump_fh:1960 fh->fat_entry.data_size=32
D/TC:? 0 read_fat:2211 fat_address 512
D/TC:? 0 tee_rpmb_read:1354 Read 8 blocks at index 2
D/TC:? 0 tee_rpmb_read:1354 Read 1 block at index 1022
D/TC:? 0 tee_fs_crypt_block:241 Decrypt block #1022
E/TC:? 0 
E/TC:? 0 TA panicked with code 0xffff0006
E/LD:  Status of TA 564401c1-f0e8-4dfd-9c2f-d602e04b7232
E/LD:   arch: aarch64
E/LD:  region  0: va 0x40005000 pa 0x0e2ec000 size 0x002000 flags rw-s (ldelf)
E/LD:  region  1: va 0x40007000 pa 0x0e2ee000 size 0x008000 flags r-xs (ldelf)
E/LD:  region  2: va 0x4000f000 pa 0x0e2f6000 size 0x001000 flags rw-s (ldelf)
E/LD:  region  3: va 0x40010000 pa 0x0e300000 size 0x004000 flags rw-s (ldelf)
E/LD:  region  4: va 0x40014000 pa 0x0e304000 size 0x001000 flags r--s
E/LD:  region  5: va 0x40015000 pa 0x0e32b000 size 0x002000 flags rw-s (stack)
E/LD:  region  6: va 0x40062000 pa 0x0e305000 size 0x01a000 flags r-xs [0]
E/LD:  region  7: va 0x4007c000 pa 0x0e31f000 size 0x00c000 flags rw-s [0]
E/LD:   [0] 564401c1-f0e8-4dfd-9c2f-d602e04b7232 @ 0x40062000
E/LD:  Call stack:
E/LD:   0x400650e4
E/LD:   0x40062644
E/LD:   0x4006b858
E/LD:   0x4006272c
D/TC:? 0 user_ta_enter:196 tee_user_ta_enter: TA panicked with code 0xffff0006
D/TC:? 0 maybe_release_ta_ctx:696 Releasing panicked TA ctx
D/TC:? 0 tee_ta_invoke_command:831 Error: ffff3024 of 3
D/TC:? 0 tee_ta_close_session:513 id 4
D/TC:? 0 tee_ta_close_session:527 Destroy session
D/TC:? 0 destroy_context:326 Destroy TA ctx (0x970c0820)
D/TC:? 0 tee_ta_init_pseudo_ta_session:303 Lookup pseudo TA 564401c1-f0e8-4dfd-9c2f-d602e04b7232
D/TC:? 0 ldelf_load_ldelf:110 ldelf load address 0x40007000
D/LD:  ldelf:159 Loading TS 564401c1-f0e8-4dfd-9c2f-d602e04b7232
D/TC:? 0 ldelf_syscall_open_bin:163 Lookup user TA ELF 564401c1-f0e8-4dfd-9c2f-d602e04b7232 (early TA)
D/TC:? 0 ldelf_syscall_open_bin:167 res=0xffff0008
D/TC:? 0 ldelf_syscall_open_bin:163 Lookup user TA ELF 564401c1-f0e8-4dfd-9c2f-d602e04b7232 (Secure Storage TA)
D/TC:? 0 read_fat:2211 fat_address 0
D/TC:? 0 tee_rpmb_read:1354 Read 8 blocks at index 2
D/TC:? 0 dump_fh:1957 fh->filename=/dirfile.db.hash
D/TC:? 0 dump_fh:1958 fh->rpmb_fat_address=512
D/TC:? 0 dump_fh:1959 fh->fat_entry.start_address=261632
D/TC:? 0 dump_fh:1960 fh->fat_entry.data_size=32
D/TC:? 0 read_fat:2211 fat_address 512
D/TC:? 0 tee_rpmb_read:1354 Read 8 blocks at index 2
D/TC:? 0 tee_rpmb_read:1354 Read 1 block at index 1022
D/TC:? 0 tee_fs_crypt_block:241 Decrypt block #1022
D/TC:? 0 ldelf_syscall_open_bin:167 res=0xffff0008
D/TC:? 0 ldelf_syscall_open_bin:163 Lookup user TA ELF 564401c1-f0e8-4dfd-9c2f-d602e04b7232 (REE)
D/TC:? 0 ldelf_syscall_open_bin:167 res=0
D/TC:? 0 read_fat:2211 fat_address 0
D/TC:? 0 tee_rpmb_read:1354 Read 8 blocks at index 2
D/TC:? 0 dump_fh:1957 fh->filename=/dirfile.db.hash
D/TC:? 0 dump_fh:1958 fh->rpmb_fat_address=512
D/TC:? 0 dump_fh:1959 fh->fat_entry.start_address=261632
D/TC:? 0 dump_fh:1960 fh->fat_entry.data_size=32
D/TC:? 0 read_fat:2211 fat_address 512
D/TC:? 0 tee_rpmb_read:1354 Read 8 blocks at index 2
D/TC:? 0 tee_rpmb_read:1354 Read 1 block at index 1022
D/TC:? 0 tee_fs_crypt_block:241 Decrypt block #1022
D/LD:  ldelf:207 ELF (564401c1-f0e8-4dfd-9c2f-d602e04b7232) at 0x4001d000
D/TC:? 0 read_fat:2211 fat_address 0
D/TC:? 0 tee_rpmb_read:1354 Read 8 blocks at index 2
D/TC:? 0 dump_fh:1957 fh->filename=/dirfile.db.hash
D/TC:? 0 dump_fh:1958 fh->rpmb_fat_address=512
D/TC:? 0 dump_fh:1959 fh->fat_entry.start_address=261632
D/TC:? 0 dump_fh:1960 fh->fat_entry.data_size=32
D/TC:? 0 read_fat:2211 fat_address 512
D/TC:? 0 tee_rpmb_read:1354 Read 8 blocks at index 2
D/TC:? 0 tee_rpmb_read:1354 Read 1 block at index 1022
D/TC:? 0 tee_fs_crypt_block:241 Decrypt block #1022
D/TC:? 0 tee_ta_close_session:513 id 4
D/TC:? 0 tee_ta_close_session:527 Destroy session
D/TC:? 0 destroy_context:326 Destroy TA ctx (0x970c0820)
D/TC:? 0 tee_ta_init_pseudo_ta_session:303 Lookup pseudo TA 564401c1-f0e8-4dfd-9c2f-d602e04b7232
D/TC:? 0 ldelf_load_ldelf:110 ldelf load address 0x40007000
D/LD:  ldelf:159 Loading TS 564401c1-f0e8-4dfd-9c2f-d602e04b7232
D/TC:? 0 ldelf_syscall_open_bin:163 Lookup user TA ELF 564401c1-f0e8-4dfd-9c2f-d602e04b7232 (early TA)
D/TC:? 0 ldelf_syscall_open_bin:167 res=0xffff0008
D/TC:? 0 ldelf_syscall_open_bin:163 Lookup user TA ELF 564401c1-f0e8-4dfd-9c2f-d602e04b7232 (Secure Storage TA)
D/TC:? 0 read_fat:2211 fat_address 0
D/TC:? 0 tee_rpmb_read:1354 Read 8 blocks at index 2
D/TC:? 0 dump_fh:1957 fh->filename=/dirfile.db.hash
D/TC:? 0 dump_fh:1958 fh->rpmb_fat_address=512
D/TC:? 0 dump_fh:1959 fh->fat_entry.start_address=261632
D/TC:? 0 dump_fh:1960 fh->fat_entry.data_size=32
D/TC:? 0 read_fat:2211 fat_address 512
D/TC:? 0 tee_rpmb_read:1354 Read 8 blocks at index 2
D/TC:? 0 tee_rpmb_read:1354 Read 1 block at index 1022
D/TC:? 0 tee_fs_crypt_block:241 Decrypt block #1022
D/TC:? 0 ldelf_syscall_open_bin:167 res=0xf0100001
E/LD:  init_elf:494 sys_open_ta_bin(564401c1-f0e8-4dfd-9c2f-d602e04b7232)
E/TC:? 0 ldelf_init_with_ldelf:152 ldelf failed with res: 0xf0100001
D/TC:? 0 tee_ta_open_session:722 init session failed 0xf0100001
D/TC:? 0 tee_ta_init_pseudo_ta_session:303 Lookup pseudo TA 564401c1-f0e8-4dfd-9c2f-d602e04b7232
D/TC:? 0 ldelf_load_ldelf:110 ldelf load address 0x40007000
D/LD:  ldelf:159 Loading TS 564401c1-f0e8-4dfd-9c2f-d602e04b7232
D/TC:? 0 ldelf_syscall_open_bin:163 Lookup user TA ELF 564401c1-f0e8-4dfd-9c2f-d602e04b7232 (early TA)
D/TC:? 0 ldelf_syscall_open_bin:167 res=0xffff0008
D/TC:? 0 ldelf_syscall_open_bin:163 Lookup user TA ELF 564401c1-f0e8-4dfd-9c2f-d602e04b7232 (Secure Storage TA)
D/TC:? 0 read_fat:2211 fat_address 0
D/TC:? 0 tee_rpmb_read:1354 Read 8 blocks at index 2
D/TC:? 0 dump_fh:1957 fh->filename=/dirfile.db.hash
D/TC:? 0 dump_fh:1958 fh->rpmb_fat_address=512
D/TC:? 0 dump_fh:1959 fh->fat_entry.start_address=261632
D/TC:? 0 dump_fh:1960 fh->fat_entry.data_size=32
D/TC:? 0 read_fat:2211 fat_address 512
D/TC:? 0 tee_rpmb_read:1354 Read 8 blocks at index 2
D/TC:? 0 tee_rpmb_read:1354 Read 1 block at index 1022
D/TC:? 0 tee_fs_crypt_block:241 Decrypt block #1022
D/TC:? 0 ldelf_syscall_open_bin:167 res=0xf0100001
E/LD:  init_elf:494 sys_open_ta_bin(564401c1-f0e8-4dfd-9c2f-d602e04b7232)
E/TC:? 0 ldelf_init_with_ldelf:152 ldelf failed with res: 0xf0100001
D/TC:? 0 tee_ta_open_session:722 init session failed 0xf0100001
D/TC:? 0 tee_ta_init_pseudo_ta_session:303 Lookup pseudo TA 564401c1-f0e8-4dfd-9c2f-d602e04b7232
D/TC:? 0 ldelf_load_ldelf:110 ldelf load address 0x40007000
D/LD:  ldelf:159 Loading TS 564401c1-f0e8-4dfd-9c2f-d602e04b7232
D/TC:? 0 ldelf_syscall_open_bin:163 Lookup user TA ELF 564401c1-f0e8-4dfd-9c2f-d602e04b7232 (early TA)
D/TC:? 0 ldelf_syscall_open_bin:167 res=0xffff0008
D/TC:? 0 ldelf_syscall_open_bin:163 Lookup user TA ELF 564401c1-f0e8-4dfd-9c2f-d602e04b7232 (Secure Storage TA)
D/TC:? 0 read_fat:2211 fat_address 0
D/TC:? 0 tee_rpmb_read:1354 Read 8 blocks at index 2
D/TC:? 0 dump_fh:1957 fh->filename=/dirfile.db.hash
D/TC:? 0 dump_fh:1958 fh->rpmb_fat_address=512
D/TC:? 0 dump_fh:1959 fh->fat_entry.start_address=261632
D/TC:? 0 dump_fh:1960 fh->fat_entry.data_size=32
D/TC:? 0 read_fat:2211 fat_address 512
D/TC:? 0 tee_rpmb_read:1354 Read 8 blocks at index 2
D/TC:? 0 tee_rpmb_read:1354 Read 1 block at index 1022
D/TC:? 0 tee_fs_crypt_block:241 Decrypt block #1022
D/TC:? 0 ldelf_syscall_open_bin:167 res=0xf0100001
E/LD:  init_elf:494 sys_open_ta_bin(564401c1-f0e8-4dfd-9c2f-d602e04b7232)
E/TC:? 0 ldelf_init_with_ldelf:152 ldelf failed with res: 0xf0100001
D/TC:? 0 tee_ta_open_session:722 init session failed 0xf0100001
D/TC:? 0 read_fat:2211 fat_address 0
E/TC:? 0 get_rpc_alloc_res:644 RPC allocation failed. Non-secure world result: ret=0xffff000c ret_origin=0x2
