seq,irq_ts_ns,recv_ts_ns,latency_ns
0,6715058357517,6715061973741,3616224
1,6715059348480,6715061984519,2636039
2,6715060347518,6715061986797,1639279
3,6715061354241,6715062361760,1007519
4,6715062358686,6715063327946,969260
5,6715063340317,6715064308502,968185
6,6715064345465,6715065315762,970297
7,6715065340207,6715066307633,967426
8,6715066345337,6715067312930,967593
9,6715067340079,6715068309616,969537
10,6715068345283,6715069313876,968593
11,6715069339988,6715070308210,968222
12,6715070345136,6715071312582,967446
13,6715071339878,6715072306953,967075
14,6715072345008,6715073312861,967853
15,6715073339787,6715074307102,967315
16,6715074344862,6715075312640,967778
17,6715075339640,6715076308456,968816
18,6715076344900,6715077313327,968427
19,6715077339530,6715078307883,968353
20,6715078344642,6715079312106,967464
21,6715079339402,6715080308829,969427
22,6715080344644,6715081311607,966963
23,6715081339311,6715082305682,966371
24,6715082344441,6715083310979,966538
25,6715083339127,6715084307443,968316
26,6715084344313,6715085313555,969242
27,6715085339110,6715086307092,967982
28,6715086344204,6715087311241,967037
29,6715087338964,6715088310131,971167
30,6715088339001,6715089305576,966575
31,6715089344002,6715090344225,1000223
32,6715090349058,6715091319133,970075
33,6715091338800,6715092347541,1008741
34,6715092348745,6715093344894,996149
35,6715093340764,6715094332617,991853
36,6715094339061,6715095310692,971631
37,6715095338710,6715096307859,969149
38,6715096343822,6715097310971,967149
39,6715097338378,6715098304990,966612
40,6715098343527,6715099310194,966667
41,6715099338287,6715100306695,968408
42,6715100343399,6715101311622,968223
43,6715101338159,6715102306141,967982
44,6715102343308,6715103310420,967112
45,6715103338086,6715104305513,967427
46,6715104343254,6715105310717,967463
47,6715105337921,6715106305292,967371
48,6715106343051,6715107309460,966409
49,6715107337811,6715108306516,968705
50,6715108342960,6715109310183,967223
51,6715109337702,6715110305517,967815
52,6715110342814,6715111310407,967593
53,6715111337574,6715112306334,968760
54,6715112342741,6715113309945,967204
55,6715113337445,6715114304428,966983
56,6715114342594,6715115309669,967075
57,6715115337373,6715116304670,967297
58,6715116342503,6715117309615,967112
59,6715117337226,6715118304134,966908
60,6715118342375,6715119309542,967167
61,6715119337154,6715120305802,968648
62,6715120342284,6715121310081,967797
63,6715121337081,6715122304082,967001
64,6715122342119,6715123309064,966945
65,6715123336879,6715124305268,968389
66,6715124342083,6715125309491,967408
67,6715125336769,6715126304140,967371
68,6715126341881,6715127307807,965926
69,6715127336696,6715128303642,966946
70,6715128341845,6715129308901,967056
71,6715129336568,6715130303939,967371
72,6715130341717,6715131308144,966427
73,6715131336440,6715132303904,967464
74,6715132341626,6715133307478,965852
75,6715133336349,6715134303257,966908
76,6715134341442,6715135307202,965760
77,6715135336202,6715136303258,967056
78,6715136341370,6715137307204,965834
79,6715137336130,6715138303297,967167
80,6715138341241,6715139307094,965853
81,6715139335964,6715140302724,966760
82,6715140341150,6715141307318,966168
83,6715141335892,6715142303152,967260
84,6715142341041,6715143306671,965630
85,6715143335745,6715144302820,967075
86,6715144340857,6715145306839,965982
87,6715145335654,6715146304247,968593
88,6715146340747,6715147306729,965982
89,6715147335470,6715148302193,966723
90,6715148340619,6715149306379,965760
91,6715149335379,6715150302583,967204
92,6715150340509,6715151306362,965853
93,6715151335251,6715152301881,966630
94,6715152340363,6715153306160,965797
95,6715153335160,6715154302197,967037
96,6715154340272,6715155306124,965852
97,6715155335032,6715156302977,967945
98,6715156340199,6715157306218,966019
99,6715157334922,6715158301997,967075
100,6715158340034,6715159305590,965556
101,6715159334794,6715160301850,967056
102,6715160339906,6715161305591,965685
103,6715161334721,6715162301722,967001
104,6715162339851,6715163306852,967001
105,6715163334574,6715164301538,966964
106,6715164339723,6715165305465,965742
107,6715165334465,6715166302577,968112
108,6715166339614,6715167306596,966982
109,6715167334374,6715168300411,966037
110,6715168339467,6715169305153,965686
111,6715169334227,6715170301394,967167
112,6715170339357,6715171304951,965594
113,6715171334099,6715172301025,966926
114,6715172339248,6715173305433,966185
115,6715173334026,6715174301082,967056
116,6715174339138,6715175305046,965908
117,6715175333861,6715176300806,966945
118,6715176339047,6715177305307,966260
119,6715177333788,6715178300715,966927
120,6715178338863,6715179304234,965371
121,6715179333660,6715180300939,967279
122,6715180338827,6715181304680,965853
123,6715181333532,6715182300218,966686
124,6715182338681,6715183304663,965982
125,6715183333422,6715184300071,966649
126,6715184338553,6715185304776,966223
127,6715185333276,6715186301221,967945
128,6715186338461,6715187304370,965909
129,6715187333240,6715188299870,966630
130,6715188338352,6715189304649,966297
131,6715189333093,6715190300131,967038
132,6715190338205,6715191304095,965890
133,6715191332984,6715192299521,966537
134,6715192338114,6715193304244,966130
135,6715193332892,6715194299782,966890
136,6715194337967,6715195303912,965945
137,6715195332727,6715196300580,967853
138,6715196337895,6715197303951,966056
139,6715197332618,6715198299470,966852
140,6715198337748,6715199303638,965890
141,6715199332489,6715200299194,966705
142,6715200337638,6715201302991,965353
143,6715201332398,6715202299455,967057
144,6715202337418,6715203303178,965760
145,6715203332307,6715204299030,966723
146,6715204337438,6715205303568,966130
147,6715205332179,6715206299883,967704
148,6715206337309,6715207303162,965853
149,6715207332051,6715208298329,966278
150,6715208337181,6715209302830,965649
151,6715209331904,6715210298979,967075
152,6715210337072,6715211303091,966019
153,6715211331831,6715212298369,966538
154,6715212336943,6715213302648,965705
155,6715213331703,6715214298686,966983
156,6715214336834,6715215302464,965630
157,6715215331557,6715216299428,967871
158,6715216336724,6715217302836,966112
159,6715217331447,6715218298355,966908
160,6715218336596,6715219302337,965741
161,6715219331337,6715220298245,966908
162,6715220336486,6715221302413,965927
163,6715221331228,6715222298432,967204
164,6715222336358,6715223302322,965964
165,6715223331155,6715224297637,966482
166,6715224336285,6715225301490,965205
167,6715225331027,6715226298602,967575
168,6715226336139,6715227303325,967186
169,6715227330936,6715228297288,966352
170,6715228336048,6715229301548,965500
171,6715229330715,6715230297605,966890
172,6715230335901,6715231301624,965723
173,6715231330679,6715232296939,966260
174,6715232335828,6715233301773,965945
175,6715233330533,6715234297607,967074
176,6715234335682,6715235301479,965797
177,6715235330460,6715236297294,966834
178,6715236335590,6715237301610,966020
179,6715237330313,6715238297259,966946
180,6715238335444,6715239301241,965797
181,6715239330185,6715240296630,966445
182,6715240335353,6715241301205,965852
183,6715241330076,6715242297150,967074
184,6715242335206,6715243300873,965667
185,6715243329966,6715244295985,966019
186,6715244335096,6715245301190,966094
187,6715245329912,6715246297838,967926
188,6715246334987,6715247300765,965778
189,6715247329765,6715248296692,966927
190,6715248334877,6715249300544,965667
191,6715249329618,6715250296749,967131
192,6715250334749,6715251300435,965686
193,6715251329509,6715252295880,966371
194,6715252334658,6715253300621,965963
195,6715253329455,6715254296418,966963
196,6715254334492,6715255299938,965446
197,6715255329308,6715256296957,967649
198,6715256334438,6715257300069,965631
199,6715257329198,6715258296180,966982
200,6715258334310,6715259300200,965890
201,6715259329070,6715260296052,966982
202,6715260334200,6715261299997,965797
203,6715261328960,6715262295869,966909
204,6715262334072,6715263299758,965686
205,6715263328832,6715264295666,966834
206,6715264333963,6715265299723,965760
207,6715265328686,6715266295927,967241
208,6715266333871,6715267299150,965279
209,6715267328594,6715268295317,966723
210,6715268333743,6715269299485,965742
211,6715269328466,6715270295282,966816
212,6715270333597,6715271301301,967704
213,6715271328338,6715272294931,966593
214,6715272333487,6715273300710,967223
215,6715273328228,6715274295007,966779
216,6715274333396,6715275300526,967130
217,6715275328137,6715276295471,967334
218,6715276333268,6715277299639,966371
219,6715277328028,6715278294936,966908
220,6715278333084,6715279300122,967038
221,6715279327918,6715280294271,966353
222,6715280333048,6715281298716,965668
223,6715281327771,6715282294531,966760
224,6715282332920,6715283298328,965408
225,6715283327643,6715284294255,966612
226,6715284332810,6715285298459,965649
227,6715285327533,6715286295275,967742
228,6715286332682,6715287298016,965334
229,6715287327442,6715288294091,966649
230,6715288332591,6715289297851,965260
231,6715289327314,6715290293741,966427
232,6715290332444,6715291298464,966020
233,6715291327204,6715292292872,965668
234,6715292332353,6715293298039,965686
235,6715293327095,6715294293540,966445
236,6715294332225,6715295297744,965519
237,6715295326948,6715296293412,966464
238,6715296332097,6715297297764,965667
239,6715297326857,6715298293802,966945
240,6715298331969,6715299297673,965704
241,6715299326729,6715300293267,966538
242,6715300331933,6715301297749,965816
243,6715301326749,6715302293620,966871
244,6715302331750,6715303297250,965500
245,6715303326528,6715304293177,966649
246,6715304331640,6715305297326,965686
247,6715305326418,6715306294938,968520
248,6715306331549,6715307297327,965778
249,6715307326327,6715308293087,966760
250,6715308331458,6715309297329,965871
251,6715309326162,6715310292866,966704
252,6715310331292,6715311296960,965668
253,6715311326071,6715312292535,966464
254,6715312331164,6715313296887,965723
255,6715313325906,6715314292573,966667
256,6715314331110,6715315296833,965723
257,6715315325889,6715316293186,967297
258,6715316330871,6715317296538,965667
259,6715317325723,6715318292835,967112
260,6715318330835,6715319296799,965964
261,6715319325632,6715320292337,966705
262,6715320330744,6715321296448,965704
263,6715321325467,6715322291875,966408
264,6715322330616,6715323296043,965427
265,6715323325357,6715324292006,966649
266,6715324330469,6715325296248,965779
267,6715325325229,6715326293008,967779
268,6715326330378,6715327295749,965371
269,6715327325157,6715328292009,966852
270,6715328330268,6715329296102,965834
271,6715329325028,6715330291548,966520
272,6715330330159,6715331295752,965593
273,6715331324919,6715332291568,966649
274,6715332330068,6715333295550,965482
275,6715333324791,6715334291069,966278
276,6715334329939,6715335295477,965538
277,6715335324662,6715336292367,967705
278,6715336329811,6715337295886,966075
279,6715337324590,6715338291665,967075
280,6715338329665,6715339295517,965852
281,6715339324462,6715340291185,966723
282,6715340329592,6715341295537,965945
283,6715341324315,6715342290982,966667
284,6715342329445,6715343295076,965631
285,6715343324224,6715344290613,966389
286,6715344329354,6715345294762,965408
287,6715345324096,6715346291374,967278
288,6715346329207,6715347294764,965557
289,6715347323986,6715348290413,966427
290,6715348329135,6715349294728,965593
291,6715349323876,6715350290692,966816
292,6715350328988,6715351294470,965482
293,6715351323767,6715352289841,966074
294,6715352328878,6715353294583,965705
295,6715353323638,6715354290491,966853
296,6715354328769,6715355294307,965538
297,6715355323510,6715356289826,966316
298,6715356328678,6715357294178,965500
299,6715357323401,6715358290605,967204
300,6715358328549,6715359294087,965538
301,6715359323291,6715360289588,966297
302,6715360328421,6715361294052,965631
303,6715361323163,6715362290034,966871
304,6715362328293,6715363293979,965686
305,6715363323035,6715364289924,966889
306,6715364328221,6715365325129,996908
307,6715365329906,6715366325222,995316
308,6715366328796,6715367321149,992353
309,6715367326297,6715368318742,992445
310,6715368323297,6715369315780,992483
311,6715369323095,6715370315651,992556
312,6715370323021,6715371315744,992723
313,6715371323022,6715372318004,994982
314,6715372323041,6715373315246,992205
315,6715373323079,6715374316154,993075
316,6715374322857,6715375314451,991594
317,6715375322821,6715376318007,995186
318,6715376322507,6715377314730,992223
319,6715377322878,6715378315712,992834
320,6715378322694,6715379315343,992649
321,6715379322694,6715380318269,995575
322,6715380322306,6715381309918,987612
323,6715381322455,6715382315474,993019
324,6715382322456,6715383313845,991389
325,6715383322549,6715384314679,992130
326,6715384322328,6715385314828,992500
327,6715385322384,6715386316866,994482
328,6715386321940,6715387313534,991594
329,6715387322071,6715388309608,987537
330,6715388321942,6715389314035,992093
331,6715389322035,6715390314628,992593
332,6715390322073,6715391314648,992575
333,6715391321944,6715392313982,992038
334,6715392321889,6715393316168,994279
335,6715393321797,6715394313816,992019
336,6715394321724,6715395312928,991204
337,6715395321706,6715396315188,993482
338,6715396321614,6715397313337,991723
339,6715397321615,6715398311301,989686
340,6715398321486,6715399313098,991612
341,6715399321616,6715400309747,988131
342,6715400321191,6715401288470,967279
343,6715401326099,6715402293267,967168
344,6715402320822,6715403288545,967723
345,6715403325953,6715404293064,967111
346,6715404320916,6715405287491,966575
347,6715405325843,6715406293084,967241
348,6715406320603,6715407288789,968186
349,6715407325752,6715408292567,966815
350,6715408320493,6715409287790,967297
351,6715409325605,6715410293106,967501
352,6715410320384,6715411287477,967093
353,6715411325495,6715412292533,967038
354,6715412320274,6715413287386,967112
355,6715413325404,6715414292683,967279
356,6715414320164,6715415287091,966927
357,6715415325276,6715416293703,968427
358,6715416320055,6715417289407,969352
359,6715417325148,6715418292075,966927
360,6715418319889,6715419286557,966668
361,6715419325038,6715420292946,967908
362,6715420319780,6715421287706,967926
363,6715421324929,6715422291763,966834
364,6715422319670,6715423286282,966612
365,6715423324800,6715424292968,968168
366,6715424319597,6715425287765,968168
367,6715425324728,6715426292951,968223
368,6715426319432,6715427287026,967594
369,6715427324563,6715428293230,968667
370,6715428319378,6715429287249,967871
371,6715429324471,6715430291361,966890
372,6715430319231,6715431286473,967242
373,6715431324325,6715432292325,968000
374,6715432319159,6715433287011,967852
375,6715433324215,6715434292105,967890
376,6715434318994,6715435286161,967167
377,6715435324124,6715436290958,966834
378,6715436318902,6715437285977,967075
379,6715437324014,6715438290311,966297
380,6715438318737,6715439285719,966982
381,6715439323849,6715440292016,968167
382,6715440318628,6715441286258,967630
383,6715441323758,6715442290666,966908
384,6715442318536,6715443285204,966668
385,6715443323630,6715444291186,967556
386,6715444318408,6715445285150,966742
387,6715445323557,6715446290613,967056
388,6715446318299,6715447286540,968241
389,6715447323410,6715448290004,966594
390,6715448318189,6715449284949,966760
391,6715449323319,6715450290413,967094
392,6715450318061,6715451284895,966834
393,6715451323210,6715452289618,966408
394,6715452317951,6715453284581,966630
395,6715453323100,6715454289860,966760
396,6715454317841,6715455284601,966760
397,6715455322935,6715456289491,966556
398,6715456317713,6715457285751,968038
399,6715457322899,6715458289844,966945
400,6715458317604,6715459284419,966815
401,6715459322715,6715460289753,967038
402,6715460317494,6715461283291,965797
403,6715461322624,6715462289255,966631
404,6715462317366,6715463283904,966538
405,6715463322496,6715464289182,966686
406,6715464317312,6715465284072,966760
407,6715465322387,6715466289035,966648
408,6715466317147,6715467284444,967297
409,6715467322314,6715468290500,968186
410,6715468317055,6715469284667,967612
411,6715469322149,6715470289131,966982
412,6715470316909,6715471283928,967019
413,6715471322021,6715472289873,967852
414,6715472316799,6715473284596,967797
415,6715473321929,6715474289449,967520
416,6715474316689,6715475283709,967020
417,6715475321801,6715476288598,966797
418,6715476316580,6715477284784,968204
419,6715477321710,6715478288637,966927
420,6715478316470,6715479283267,966797
421,6715479321600,6715480289379,967779
422,6715480316379,6715481284102,967723
423,6715481321472,6715482288732,967260
424,6715482316251,6715483283048,966797
425,6715483321363,6715484288919,967556
426,6715484316123,6715485282994,966871
427,6715485321253,6715486289291,968038
428,6715486315976,6715487283828,967852
429,6715487321125,6715488288514,967389
430,6715488315922,6715489279830,963908
431,6715489320997,6715490296849,975852
432,6715490316368,6715491309868,993500
433,6715491316109,6715492311017,994908
434,6715492316165,6715493309703,993538
435,6715493316037,6715494310982,994945
436,6715494316019,6715495309297,993278
437,6715495316001,6715496307835,991834
438,6715496316002,6715497312039,996037
439,6715497315780,6715498308910,993130
440,6715498315799,6715499309633,993834
441,6715499315689,6715500307301,991612
442,6715500315653,6715501309450,993797
443,6715501315635,6715502310895,995260
444,6715502315525,6715503309285,993760
445,6715503315470,6715504309082,993612
446,6715504315415,6715505309545,994130
447,6715505315397,6715506311805,996408
448,6715506316324,6715507310973,994649
449,6715507315287,6715508307714,992427
450,6715508315381,6715509309696,994315
451,6715509315178,6715510309567,994389
452,6715510315030,6715511310253,995223
453,6715511314938,6715512308865,993927
454,6715512315198,6715513308995,993797
455,6715513314903,6715514308015,993112
456,6715514314811,6715515308367,993556
457,6715515314830,6715516309220,994390
458,6715516314850,6715517308906,994056
459,6715517314721,6715518307981,993260
460,6715518314832,6715519308407,993575
461,6715519314574,6715520307389,992815
462,6715520314556,6715521308464,993908
463,6715521314446,6715522308261,993815
464,6715522314335,6715523308706,994371
465,6715523314373,6715524307985,993612
466,6715524314244,6715525306800,992556
467,6715525314171,6715526307412,993241
468,6715526314190,6715527309561,995371
469,6715527314154,6715528304840,990686
470,6715528314006,6715529308563,994557
471,6715529314007,6715530306989,992982
472,6715530313915,6715531305860,991945
473,6715531313916,6715532304620,990704
474,6715532313732,6715533306862,993130
475,6715533313806,6715534306640,992834
476,6715534313677,6715535306900,993223
477,6715535313678,6715536300920,987242
478,6715536313234,6715537281309,968075
479,6715537318272,6715538285236,966964
480,6715538313051,6715539280125,967074
481,6715539318126,6715540284719,966593
482,6715540312904,6715541279368,966464
483,6715541318016,6715542284980,966964
484,6715542312794,6715543279499,966705
485,6715543317925,6715544284351,966426
486,6715544312666,6715545279352,966686
487,6715545317797,6715546284408,966611
488,6715546312575,6715547280724,968149
489,6715547317705,6715548284428,966723
490,6715548312428,6715549278948,966520
491,6715549317559,6715550283819,966260
492,6715550312356,6715551279171,966815
493,6715551317449,6715552283672,966223
494,6715552312209,6715553279006,966797
495,6715553317339,6715554283673,966334
496,6715554312081,6715555278767,966686
497,6715555317267,6715556283545,966278
498,6715556311990,6715557279657,967667
499,6715557317176,6715558284010,966834
500,6715558311862,6715559278510,966648
501,6715559317029,6715560284881,967852
502,6715560311752,6715561278734,966982
503,6715561316845,6715562283642,966797
504,6715562311642,6715563278458,966816
505,6715563316773,6715564282421,965648
506,6715564311514,6715565278422,966908
507,6715565316607,6715566282849,966242
508,6715566311404,6715567278275,966871
509,6715567316572,6715568283295,966723
510,6715568311313,6715569277888,966575
511,6715569316425,6715570282907,966482
512,6715570311167,6715571277834,966667
513,6715571316167,6715572282612,966445
514,6715572311094,6715573277372,966278
515,6715573316187,6715574282892,966705
516,6715574310984,6715575277078,966094
517,6715575316059,6715576282523,966464
518,6715576310856,6715577278579,967723
519,6715577315931,6715578283413,967482
520,6715578310709,6715579277377,966668
521,6715579315858,6715580281544,965686
522,6715580310581,6715581277471,966890
523,6715581315712,6715582282268,966556
524,6715582310490,6715583277398,966908
525,6715583315602,6715584281954,966352
526,6715584310380,6715585276992,966612
527,6715585315492,6715586281789,966297
528,6715586310178,6715587278012,967834
529,6715587315383,6715588282087,966704
530,6715588310124,6715589276754,966630
531,6715589315273,6715590281977,966704
532,6715590310033,6715591277145,967112
533,6715591315182,6715592281368,966186
534,6715592309923,6715593276813,966890
535,6715593315035,6715594281906,966871
536,6715594309814,6715595276722,966908
537,6715595314925,6715596281648,966723
538,6715596309667,6715597277112,967445
539,6715597314797,6715598281557,966760
540,6715598309539,6715599276188,966649
541,6715599314688,6715600281485,966797
542,6715600309466,6715601276689,967223
543,6715601314578,6715602281616,967038
544,6715602309356,6715603276005,966649
545,6715603314431,6715604281154,966723
546,6715604309191,6715605276007,966816
547,6715605314340,6715606281082,966742
548,6715606309063,6715607276934,967871
549,6715607314212,6715608280805,966593
550,6715608308990,6715609275510,966520
551,6715609314084,6715610280918,966834
552,6715610308844,6715611275733,966889
553,6715611313974,6715612286030,972056
554,6715612309160,6715613303402,994242
555,6715613309050,6715614303532,994482
556,6715614309069,6715615303162,994093
557,6715615308847,6715616301793,992946
558,6715616309015,6715617304460,995445
559,6715617308923,6715618303090,994167
560,6715618308887,6715619302628,993741
561,6715619308832,6715620302055,993223
562,6715620308777,6715621302222,993445
563,6715621308667,6715622301482,992815
564,6715622308630,6715623302501,993871
565,6715623308557,6715624301410,992853
566,6715624308576,6715625301521,992945
567,6715625308429,6715626304615,996186
568,6715626308522,6715627303634,995112
569,6715627308097,6715628295764,987667
570,6715628307986,6715629275413,967427
571,6715629313117,6715630280358,967241
572,6715630307747,6715631274859,967112
573,6715631312878,6715632279489,966611
574,6715632307601,6715633274527,966926
575,6715633312749,6715634279657,966908
576,6715634307620,6715635274232,966612
577,6715635312584,6715636278918,966334
578,6715636307418,6715637275493,968075
579,6715637312456,6715638279234,966778
580,6715638307235,6715639273883,966648
581,6715639312365,6715640278680,966315
582,6715640307125,6715641274163,967038
583,6715641312255,6715642278923,966668
584,6715642306997,6715643273368,966371
585,6715643312146,6715644278998,966852
586,6715644306924,6715645273925,967001
587,6715645312017,6715646278814,966797
588,6715646306777,6715647273741,966964
589,6715647311945,6715648278390,966445
590,6715648306686,6715649273317,966631
591,6715649311798,6715650278465,966667
592,6715650306558,6715651273318,966760
593,6715651311688,6715652278097,966409
594,6715652306430,6715653273301,966871
595,6715653311560,6715654278413,966853
596,6715654306302,6715655272339,966037
597,6715655311469,6715656279673,968204
598,6715656306192,6715657275267,969075
599,6715657311341,6715658278397,967056
600,6715658306082,6715659274268,968186
601,6715659311213,6715660277732,966519
602,6715660305991,6715661272677,966686
603,6715661311085,6715662277826,966741
604,6715662305845,6715663272549,966704
605,6715663310993,6715664277624,966631
606,6715664305735,6715665272754,967019
607,6715665310865,6715666277384,966519
608,6715666305644,6715667273070,967426
609,6715667310774,6715668278793,968019
610,6715668305497,6715669272850,967353
611,6715669310627,6715670277998,967371
612,6715670305406,6715671272221,966815
613,6715671310518,6715672278278,967760
614,6715672305370,6715673272241,966871
615,6715673310427,6715674277353,966926
616,6715674305150,6715675271835,966685
617,6715675310298,6715676276762,966464
618,6715676305058,6715677272226,967168
619,6715677310207,6715678276727,966520
620,6715678304967,6715679271912,966945
621,6715679310061,6715680276876,966815
622,6715680304839,6715681271784,966945
623,6715681309969,6715682276544,966575
624,6715682304692,6715683271804,967112
625,6715683309841,6715684277879,968038
626,6715684304620,6715685272639,968019
627,6715685309695,6715686276529,966834
628,6715686304455,6715687271678,967223
629,6715687309566,6715688276086,966520
630,6715688304345,6715689270901,966556
631,6715689309494,6715690276365,966871
632,6715690304254,6715691271051,966797
633,6715691309366,6715692277274,967908
634,6715692304163,6715693270589,966426
635,6715693309237,6715694276146,966909
636,6715694304034,6715695270906,966872
637,6715695309128,6715696275758,966630
638,6715696303925,6715697270685,966760
639,6715697309018,6715698275889,966871
640,6715698303778,6715699270668,966890
641,6715699308927,6715700275057,966130
642,6715700303668,6715701270780,967112
643,6715701308817,6715702275744,966927
644,6715702303577,6715703270319,966742
645,6715703308689,6715704275097,966408
646,6715704303449,6715705270246,966797
647,6715705308561,6715706275358,966797
648,6715706303321,6715707270099,966778
649,6715707308451,6715708276471,968020
650,6715708303211,6715709270897,967686
651,6715709308323,6715710276176,967853
652,6715710303120,6715711269917,966797
653,6715711308213,6715712275436,967223
654,6715712302992,6715713269511,966519
655,6715713308085,6715714274993,966908
656,6715714302882,6715715269716,966834
657,6715715307994,6715716274421,966427
658,6715716302773,6715717269625,966852
659,6715717307866,6715718274089,966223
660,6715718302626,6715719269423,966797
661,6715719307775,6715720276109,968334
662,6715720302553,6715721270165,967612
663,6715721307628,6715722274240,966612
664,6715722302407,6715723268889,966482
665,6715723307556,6715724274093,966537
666,6715724302297,6715725268853,966556
667,6715725307409,6715726274261,966852
668,6715726302169,6715727268336,966167
669,6715727307262,6715728274930,967668
670,6715728302078,6715729268856,966778
671,6715729307190,6715730273894,966704
672,6715730301968,6715731268876,966908
673,6715731307061,6715732283173,976112
674,6715732302729,6715733300989,998260
675,6715733303841,6715734299452,995611
676,6715734302878,6715735296342,993464
677,6715735302138,6715736298343,996205
678,6715736302102,6715737296566,994464
679,6715737302047,6715738299789,997742
680,6715738303492,6715739297252,993760
681,6715739301863,6715740294568,992705
682,6715740301790,6715741295365,993575
683,6715741301791,6715742295643,993852
684,6715742301773,6715743293737,991964
685,6715743301737,6715744294256,992519
686,6715744301608,6715745294720,993112
687,6715745301590,6715746293554,991964
688,6715746301461,6715747292814,991353
689,6715747301406,6715748296463,995057
690,6715748301444,6715749293797,992353
691,6715749301297,6715750296149,994852
692,6715750301131,6715751292854,991723
693,6715751301187,6715752293780,992593
694,6715752301151,6715753294170,993019
695,6715753301096,6715754294300,993204
696,6715754301097,6715755297671,996574
697,6715755301338,6715756293654,992316
698,6715756300894,6715757294025,993131
699,6715757300840,6715758293674,992834
700,6715758300822,6715759294230,993408
701,6715759300748,6715760295434,994686
702,6715760300657,6715761292935,992278
703,6715761300602,6715762294158,993556
704,6715762300547,6715763293992,993445
705,6715763300529,6715764294234,993705
706,6715764300456,6715765296771,996315
707,6715765300642,6715766291735,991093
708,6715766300328,6715767293662,993334
709,6715767300347,6715768299348,999001
710,6715768303644,6715769295237,991593
711,6715769300145,6715770293405,993260
712,6715770299886,6715771292165,992279
713,6715771300035,6715772292684,992649
714,6715772300091,6715773292703,992612
715,6715773299944,6715774291907,991963
716,6715774299852,6715775294279,994427
717,6715775299612,6715776292150,992538
718,6715776299798,6715777293780,993982
719,6715777299687,6715778295096,995409
720,6715778299688,6715779294170,994482
721,6715779299559,6715780292171,992612
722,6715780299578,6715781293394,993816
723,6715781299505,6715782293080,993575
724,6715782299487,6715783293025,993538
725,6715783299433,6715784291692,992259
726,6715784299267,6715785291156,991889
727,6715785299249,6715786291768,992519
728,6715786299249,6715787292343,993094
729,6715787299213,6715788295344,996131
730,6715788299714,6715789292807,993093
731,6715789298844,6715790292826,993982
732,6715790298919,6715791292568,993649
733,6715791298864,6715792292254,993390
734,6715792298846,6715793291792,992946
735,6715793298903,6715794291866,992963
736,6715794298533,6715795290738,992205
737,6715795298645,6715796293275,994630
738,6715796298553,6715797291869,993316
739,6715797298498,6715798293221,994723
740,6715798298517,6715799289870,991353
741,6715799298426,6715800289537,991111
742,6715800298371,6715801291649,993278
743,6715801298297,6715802290298,992001
744,6715802298243,6715803291873,993630
745,6715803298262,6715804291559,993297
746,6715804298207,6715805290689,992482
747,6715805298097,6715806288857,990760
748,6715806298116,6715807291098,992982
749,6715807298006,6715808292265,994259
750,6715808297895,6715809290451,992556
751,6715809297933,6715810288619,990686
752,6715810297860,6715811290527,992667
753,6715811297694,6715812290602,992908
754,6715812297713,6715813291102,993389
755,6715813297695,6715814289566,991871
756,6715814297640,6715815289937,992297
757,6715815297548,6715816288660,991112
758,6715816297456,6715817290994,993538
759,6715817297476,6715818294402,996926
760,6715818298051,6715819291366,993315
761,6715819297403,6715820289182,991779
762,6715820297182,6715821290664,993482
763,6715821297182,6715822291053,993871
764,6715822297146,6715823293795,996649
765,6715823297628,6715824284944,987316
766,6715824296814,6715825264648,967834
767,6715825301722,6715826269038,967316
768,6715826296445,6715827264742,968297
769,6715827301594,6715828271484,969890
770,6715828296336,6715829264114,967778
771,6715829301429,6715830269319,967890
772,6715830296189,6715831263745,967556
773,6715831301319,6715832269579,968260
774,6715832296079,6715833263635,967556
775,6715833301210,6715834269321,968111
776,6715834296007,6715835263378,967371
777,6715835301118,6715836269638,968520
778,6715836295860,6715837263879,968019
779,6715837300990,6715838268380,967390
780,6715838295769,6715839262714,966945
781,6715839300862,6715840268752,967890
782,6715840295604,6715841263160,967556
783,6715841300734,6715842267309,966575
784,6715842295494,6715843262106,966612
785,6715843300661,6715844269069,968408
786,6715844295384,6715845263866,968482
787,6715845300515,6715846268830,968315
788,6715846295275,6715847262664,967389
789,6715847300386,6715848269776,969390
790,6715848295165,6715849263073,967908
791,6715849300277,6715850267648,967371
792,6715850295055,6715851261649,966594
793,6715851300204,6715852268001,967797
794,6715852294927,6715853261872,966945
795,6715853300076,6715854267114,967038
796,6715854294817,6715855261929,967112
797,6715855299948,6715856267819,967871
798,6715856294726,6715857263060,968334
799,6715857299820,6715858269320,969500
800,6715858294580,6715859261766,967186
801,6715859299728,6715860266100,966372
802,6715860294488,6715861261656,967168
803,6715861299600,6715862267064,967464
804,6715862294342,6715863260713,966371
805,6715863299491,6715864267825,968334
806,6715864294251,6715865262751,968500
807,6715865299362,6715866266493,967131
808,6715866294122,6715867262197,968075
809,6715867299234,6715868267402,968168
810,6715868294031,6715869260995,966964
811,6715869299125,6715870265422,966297
812,6715870293922,6715871260811,966889
813,6715871299015,6715872265479,966464
814,6715872293793,6715873260720,966927
815,6715873298924,6715874265962,967038
816,6715874293684,6715875260110,966426
817,6715875298796,6715876267019,968223
818,6715876293611,6715877261834,968223
819,6715877298686,6715878267168,968482
820,6715878293446,6715879260502,967056
821,6715879298558,6715880266910,968352
822,6715880293299,6715881261485,968186
823,6715881298430,6715882265579,967149
824,6715882293208,6715883260487,967279
825,6715883298302,6715884266043,967741
826,6715884293099,6715885260321,967222
827,6715885298210,6715886265248,967038
828,6715886292989,6715887259712,966723
829,6715887298119,6715888265916,967797
830,6715888292898,6715889259584,966686
831,6715889298010,6715890265566,967556
832,6715890292788,6715891260270,967482
833,6715891297881,6715892266271,968390
834,6715892292660,6715893260901,968241
835,6715893297753,6715894264995,967242
836,6715894292513,6715895259644,967131
837,6715895297662,6715896265366,967704
838,6715896292441,6715897259589,967148
839,6715897297534,6715898264831,967297
840,6715898292294,6715899259424,967130
841,6715899297406,6715900265277,967871
842,6715900292184,6715901260518,968334
843,6715901297463,6715902266445,968982
844,6715902292075,6715903259446,967371
845,6715903297205,6715904264002,966797
846,6715904291965,6715905259225,967260
847,6715905297058,6715906264448,967390
848,6715906291837,6715907258893,967056
849,6715907296949,6715908266431,969482
850,6715908291709,6715909259654,967945
851,6715909296802,6715910264136,967334
852,6715910291599,6715911259637,968038
853,6715911296748,6715912265193,968445
854,6715912291489,6715913259786,968297
855,6715913296601,6715914264991,968390
856,6715914291380,6715915258288,966908
857,6715915296491,6715916264770,968279
858,6715916291270,6715917259511,968241
859,6715917296363,6715918264790,968427
860,6715918291160,6715919258235,967075
861,6715919296235,6715920264625,968390
862,6715920291032,6715921258570,967538
863,6715921296144,6715922263330,967186
864,6715922290922,6715923257479,966557
865,6715923296034,6715924263202,967168
866,6715924290776,6715925257980,967204
867,6715925295906,6715926262944,967038
868,6715926290666,6715927257889,967223
869,6715927295778,6715928262075,966297
870,6715928290575,6715929257742,967167
871,6715929295687,6715930262762,967075
872,6715930290484,6715931257022,966538
873,6715931295577,6715932262430,966853
874,6715932290337,6715933257653,967316
875,6715933295467,6715934262061,966594
876,6715934290227,6715935252969,962742
877,6715935295043,6715936248340,953297
878,6715936294970,6715937247118,952148
879,6715937294933,6715938247378,952445
880,6715938294879,6715939246824,951945
881,6715939294805,6715940248898,954093
882,6715940294769,6715941245936,951167
883,6715941294677,6715942245974,951297
884,6715942294622,6715943245586,950964
885,6715943294604,6715944247550,952946
886,6715944294494,6715945246328,951834
887,6715945294458,6715946245718,951260
888,6715946294403,6715947246107,951704
889,6715947294348,6715948247108,952760
890,6715948294275,6715949246553,952278
891,6715949294220,6715950245961,951741
892,6715950294091,6715951245277,951186
893,6715951294110,6715952247000,952890
894,6715952294037,6715953245926,951889
895,6715953293982,6715954245260,951278
896,6715954293964,6715955245039,951075
897,6715955293872,6715956246466,952594
898,6715956293818,6715957245152,951334
899,6715957293744,6715958245208,951464
900,6715958293708,6715959244875,951167
901,6715959293616,6715960245450,951834
902,6715960293580,6715961244599,951019
903,6715961293525,6715962244618,951093
904,6715962293470,6715963244545,951075
905,6715963293415,6715964245416,952001
906,6715964293360,6715965244435,951075
907,6715965293306,6715966244806,951500
908,6715966293251,6715967244400,951149
909,6715967293214,6715968245419,952205
910,6715968293141,6715969244123,950982
911,6715969293049,6715970244328,951279
912,6715970293013,6715971243940,950927
913,6715971292995,6715972245644,952649
914,6715972292903,6715973244663,951760
915,6715973292811,6715974243997,951186
916,6715974292794,6715975243868,951074
917,6715975292831,6715976245369,952538
918,6715976292665,6715977243870,951205
919,6715977292592,6715978243408,950816
920,6715978292556,6715979243482,950926
921,6715979292501,6715980248316,955815
922,6715980292446,6715981257058,964612
923,6715981287669,6715982254059,966390
924,6715982292485,6715983257559,965074
925,6715983287430,6715984254597,967167
926,6715984292764,6715985259098,966334
927,6715985287172,6715986253265,966093
928,6715986292339,6715987257673,965334
929,6715987287303,6715988255544,968241
930,6715988293470,6715989258971,965501
931,6715989287064,6715990252861,965797
932,6715990292676,6715991257991,965315
933,6715991287010,6715992251066,964056
934,6715992291881,6715993243270,951389
935,6715993291770,6715994242475,950705
936,6715994291678,6715995242401,950723
937,6715995291605,6715996243587,951982
938,6715996291587,6715997242532,950945
939,6715997291495,6715998243441,951946
940,6715998291441,6715999242460,951019
941,6715999291367,6716000243849,952482
942,6716000291312,6716001241980,950668
943,6716001291276,6716002242147,950871
944,6716002291184,6716003241944,950760
945,6716003291074,6716004242741,951667
946,6716004291093,6716005241557,950464
947,6716005291020,6716006241743,950723
948,6716006290984,6716007241799,950815
949,6716007290910,6716008244578,953668
950,6716008290874,6716009241967,951093
951,6716009290763,6716010241653,950890
952,6716010290727,6716011241617,950890
953,6716011290672,6716012242488,951816
954,6716012290618,6716013241489,950871
955,6716013290563,6716014241193,950630
956,6716014290489,6716015241360,950871
957,6716015290435,6716016242417,951982
958,6716016290398,6716017241343,950945
959,6716017290306,6716018241214,950908
960,6716018290289,6716019241252,950963
961,6716019290215,6716020242234,952019
962,6716020290160,6716021240754,950594
963,6716021290106,6716022241032,950926
964,6716022290014,6716023240755,950741
965,6716023289996,6716024241793,951797
966,6716024289941,6716025240831,950890
967,6716025289886,6716026240572,950686
968,6716026289794,6716027240628,950834
969,6716027289758,6716028241759,952001
970,6716028289740,6716029240519,950779
971,6716029289648,6716030240538,950890
972,6716030289575,6716031240816,951241
973,6716031289557,6716032243984,954427
974,6716032289502,6716033240244,950742
975,6716033289429,6716034240356,950927
976,6716034289337,6716035239986,950649
977,6716035289282,6716036248135,958853
978,6716036289561,6716037256432,966871
979,6716037284321,6716038252247,967926
980,6716038289451,6716039255896,966445
981,6716039284193,6716040256045,971852
982,6716040284119,6716041250676,966557
983,6716041289287,6716042255602,966315
984,6716042284010,6716043250473,966463
985,6716043289159,6716044255807,966648
986,6716044283900,6716045250216,966316
987,6716045289030,6716046255290,966260
988,6716046283772,6716047250328,966556
989,6716047288902,6716048256792,967890
990,6716048283681,6716049250033,966352
991,6716049288811,6716050255219,966408
992,6716050283553,6716051250072,966519
993,6716051288683,6716052255702,967019
994,6716052283443,6716053250129,966686
995,6716053288573,6716054254555,965982
996,6716054283315,6716055249630,966315
997,6716055288445,6716056255298,966853
998,6716056283242,6716057249743,966501
999,6716057288354,6716058255466,967112
1000,6716058283095,6716059249281,966186
1001,6716059288374,6716060256967,968593
1002,6716060283004,6716061249227,966223
1003,6716061288098,6716062254469,966371
1004,6716062282858,6716063249321,966463
1005,6716063287988,6716064255470,967482
1006,6716064282729,6716065249137,966408
1007,6716065287915,6716066254249,966334
1008,6716066282638,6716067248713,966075
1009,6716067287769,6716068256343,968574
1010,6716068282547,6716069248918,966371
1011,6716069287659,6716070253974,966315
1012,6716070282419,6716071248771,966352
1013,6716071287531,6716072254717,967186
1014,6716072282346,6716073248847,966501
1015,6716073287421,6716074253922,966501
1016,6716074282181,6716075248441,966260
1017,6716075287293,6716076255683,968390
1018,6716076282090,6716077248368,966278
1019,6716077287183,6716078253795,966612
1020,6716078281925,6716079248370,966445
1021,6716079287055,6716080255908,968853
1022,6716080281852,6716081249853,968001
1023,6716081286964,6716082253946,966982
1024,6716082281742,6716083248299,966557
1025,6716083286836,6716084255133,968297
1026,6716084281614,6716085248059,966445
1027,6716085286726,6716086253671,966945
1028,6716086281505,6716087248061,966556
1029,6716087286616,6716088254376,967760
1030,6716088281395,6716089247859,966464
1031,6716089286507,6716090252952,966445
1032,6716090281248,6716091247823,966575
1033,6716091286416,6716092253583,967167
1034,6716092281176,6716093247528,966352
1035,6716093286288,6716094252622,966334
1036,6716094281029,6716095247196,966167
1037,6716095286141,6716096255364,969223
1038,6716096280938,6716097248605,967667
1039,6716097286068,6716098252550,966482
1040,6716098280791,6716099247496,966705
1041,6716099285903,6716100264515,978612
1042,6716100281163,6716101277275,996112
1043,6716101281386,6716102276590,995204
1044,6716102281090,6716103274610,993520
1045,6716103281054,6716104272925,991871
1046,6716104280907,6716105272630,991723
1047,6716105280778,6716106274167,993389
1048,6716106280741,6716107273946,993205
1049,6716107280742,6716108276095,995353
1050,6716108280798,6716109273651,992853
1051,6716109280355,6716110271504,991149
1052,6716110280781,6716111274875,994094
1053,6716111280523,6716112273986,993463
1054,6716112280116,6716113272098,991982
1055,6716113280469,6716114272988,992519
1056,6716114280321,6716115272359,992038
1057,6716115280303,6716116272378,992075
1058,6716116280193,6716117272046,991853
1059,6716117280027,6716118272565,992538
1060,6716118280120,6716119273047,992927
1061,6716119279992,6716120272455,992463
1062,6716120280029,6716121272604,992575
1063,6716121279993,6716122270901,990908
1064,6716122279827,6716123272735,992908
1065,6716123279846,6716124273032,993186
1066,6716124279866,6716125273403,993537
1067,6716125279718,6716126271774,992056
1068,6716126279700,6716127272849,993149
1069,6716127279534,6716128272313,992779
1070,6716128279517,6716129273832,994315
1071,6716129279462,6716130272111,992649
1072,6716130279314,6716131270056,990742
1073,6716131279426,6716132277649,998223
1074,6716132280964,6716133273280,992316
1075,6716133279150,6716134272484,993334
1076,6716134279410,6716135272744,993334
1077,6716135279244,6716136269652,990408
1078,6716136279171,6716137278542,999371
1079,6716137282597,6716138278154,995557
1080,6716138282042,6716139273747,991705
1081,6716139278839,6716140273433,994594
1082,6716140278970,6716141270730,991760
1083,6716141278730,6716142272045,993315
1084,6716142278712,6716143271509,992797
1085,6716143278694,6716144271880,993186
1086,6716144278565,6716145271992,993427
1087,6716145278492,6716146270067,991575
1088,6716146278511,6716147272845,994334
1089,6716147278530,6716148270420,991890
1090,6716148278327,6716149275050,996723
1091,6716149279069,6716150272292,993223
1092,6716150278236,6716151269459,991223
1093,6716151278200,6716152271016,992816
1094,6716152278145,6716153271516,993371
1095,6716153278090,6716154271554,993464
1096,6716154278091,6716155271592,993501
1097,6716155277981,6716156269500,991519
1098,6716156277870,6716157270741,992871
1099,6716157277945,6716158270538,992593
1100,6716158277816,6716159272613,994797
1101,6716159277706,6716160270040,992334
1102,6716160277707,6716161268615,990908
1103,6716161277615,6716162271708,994093
1104,6716162277597,6716163271375,993778
1105,6716163277524,6716164270691,993167
1106,6716164277432,6716165270858,993426
1107,6716165277395,6716166269655,992260
1108,6716166277285,6716167269934,992649
1109,6716167277304,6716168269898,992594
1110,6716168277194,6716169270880,993686
1111,6716169277158,6716170270584,993426
1112,6716170277140,6716171267881,990741
1113,6716171277066,6716172270530,993464
1114,6716172276975,6716173269864,992889
1115,6716173277049,6716174270346,993297
1116,6716174276865,6716175270495,993630
1117,6716175276810,6716176267940,991130
1118,6716176276774,6716177269719,992945
1119,6716177276793,6716178269609,992816
1120,6716178276701,6716179271443,994742
1121,6716179276572,6716180270425,993853
1122,6716180276573,6716181267981,991408
1123,6716181276500,6716182269371,992871
1124,6716182276426,6716183269575,993149
1125,6716183276334,6716184268446,992112
1126,6716184276280,6716185271114,994834
1127,6716185276280,6716186268059,991779
1128,6716186276355,6716187270078,993723
1129,6716187276152,6716188263912,987760
1130,6716188275764,6716189245654,969890
1131,6716189280839,6716190247951,967112
1132,6716190275506,6716191243025,967519
1133,6716191280599,6716192250100,969501
1134,6716192275415,6716193243268,967853
1135,6716193280527,6716194247953,967426
1136,6716194275268,6716195242565,967297
1137,6716195280417,6716196250585,970168
1138,6716196275196,6716197244085,968889
1139,6716197280308,6716198247753,967445
1140,6716198275086,6716199243587,968501
1141,6716199280161,6716200250050,969889
1142,6716200274939,6716201243329,968390
1143,6716201280051,6716202247515,967464
1144,6716202274830,6716203242256,967426
1145,6716203279979,6716204249868,969889
1146,6716204274720,6716205243202,968482
1147,6716205279850,6716206247425,967575
1148,6716206274629,6716207241833,967204
1149,6716207279722,6716208252760,973038
1150,6716208274501,6716209243464,968963
1151,6716209279613,6716210246502,966889
1152,6716210274373,6716211241225,966852
1153,6716211279521,6716212248263,968742
1154,6716212274263,6716213241356,967093
1155,6716213279412,6716214246635,967223
1156,6716214274153,6716215241395,967242
1157,6716215279247,6716216247988,968741
1158,6716216274025,6716217240952,966927
1159,6716217279137,6716218246415,967278
1160,6716218273915,6716219241898,967983
1161,6716219279046,6716220249269,970223
1162,6716220273787,6716221242269,968482
1163,6716221278918,6716222246252,967334
1164,6716222273696,6716223240938,967242
1165,6716223278789,6716224248123,969334
1166,6716224273586,6716225241383,967797
1167,6716225278661,6716226246106,967445
1168,6716226273440,6716227240866,967426
1169,6716227278570,6716228246867,968297
1170,6716228273330,6716229241479,968149
1171,6716229278497,6716230245850,967353
1172,6716230273202,6716231240629,967427
1173,6716231278351,6716232246926,968575
1174,6716232273092,6716233240445,967353
1175,6716233278223,6716234245390,967167
1176,6716234272983,6716235240057,967074
1177,6716235278113,6716236247225,969112
1178,6716236272891,6716237241911,969020
1179,6716237278003,6716238245134,967131
1180,6716238272745,6716239239690,966945
1181,6716239277894,6716240247746,969852
1182,6716240272654,6716241239543,966889
1183,6716241277747,6716242244933,967186
1184,6716242272525,6716243239545,967020
1185,6716243277637,6716244245990,968353
1186,6716244272416,6716245238954,966538
1187,6716245277528,6716246244010,966482
1188,6716246272269,6716247239566,967297
1189,6716247277436,6716248245085,967649
1190,6716248272196,6716249240179,967983
1191,6716249277290,6716250244346,967056
1192,6716250272050,6716251239810,967760
1193,6716251277180,6716252243348,966168
1194,6716252271940,6716253239070,967130
1195,6716253277052,6716254243849,966797
1196,6716254271812,6716255238535,966723
1197,6716255276961,6716256246536,969575
1198,6716256271721,6716257240184,968463
1199,6716257276851,6716258244148,967297
1200,6716258271593,6716259239797,968204
1201,6716259276723,6716260244983,968260
1202,6716260271483,6716261239891,968408
1203,6716261276595,6716262243503,966908
1204,6716262271373,6716263238485,967112
1205,6716263276522,6716264244412,967890
1206,6716264271264,6716265238635,967371
1207,6716265276375,6716266243598,967223
1208,6716266271135,6716267238099,966964
1209,6716267276247,6716268244711,968464
1210,6716268271026,6716269240101,969075
1211,6716269276138,6716270243120,966982
1212,6716270270916,6716271237565,966649
1213,6716271276047,6716272244436,968389
1214,6716272270788,6716273239029,968241
1215,6716273275937,6716274243123,967186
1216,6716274270715,6716275237735,967020
1217,6716275275790,6716276244569,968779
1218,6716276270569,6716277237847,967278
1219,6716277275681,6716278242959,967278
1220,6716278270440,6716279238830,968390
1221,6716279275589,6716280245109,969520
1222,6716280270331,6716281238461,968130
1223,6716281275480,6716282242221,966741
1224,6716282270221,6716283237777,967556
1225,6716283275333,6716284245797,970464
1226,6716284270130,6716285238779,968649
1227,6716285275242,6716286242928,967686
1228,6716286270002,6716287237280,967278
1229,6716287275095,6716288245114,970019
1230,6716288269892,6716289238004,968112
1231,6716289275023,6716290241708,966685
1232,6716290269801,6716291237024,967223
1233,6716291274894,6716292242691,967797
1234,6716292269636,6716293238044,968408
1235,6716293274766,6716294242082,967316
1236,6716294269545,6716295236916,967371
1237,6716295274675,6716296242917,968242
1238,6716296269454,6716297237454,968000
1239,6716297274528,6716298242029,967501
1240,6716298269270,6716299236363,967093
1241,6716299274456,6716300243864,969408
1242,6716300269197,6716301236365,967168
1243,6716301274309,6716302241384,967075
1244,6716302269069,6716303236144,967075
1245,6716303274181,6716304242533,968352
1246,6716304268941,6716305237553,968612
1247,6716305274090,6716306241035,966945
1248,6716306268831,6716307235350,966519
1249,6716307273962,6716308242333,968371
1250,6716308268703,6716309238167,969464
1251,6716309273852,6716310240871,967019
1252,6716310268593,6716311235816,967223
1253,6716311273742,6716312241595,967853
1254,6716312268465,6716313235651,967186
1255,6716313273596,6716314240281,966685
1256,6716314268374,6716315235449,967075
1257,6716315273616,6716316241672,968056
1258,6716316268264,6716317235487,967223
1259,6716317273413,6716318240044,966631
1260,6716318268173,6716319235933,967760
1261,6716319273285,6716320240341,967056
1262,6716320268027,6716321235175,967148
1263,6716321273175,6716322240028,966853
1264,6716322267917,6716323235269,967352
1265,6716323273047,6716324242474,969427
1266,6716324267826,6716325235160,967334
1267,6716325272938,6716326240309,967371
1268,6716326267698,6716327234902,967204
1269,6716327272828,6716328241088,968260
1270,6716328267588,6716329236700,969112
1271,6716329272700,6716330240108,967408
1272,6716330267441,6716331234646,967205
1273,6716331272572,6716332240924,968352
1274,6716332267313,6716333235814,968501
1275,6716333272480,6716334240000,967520
1276,6716334267222,6716335233760,966538
1277,6716335272352,6716336239872,967520
1278,6716336267131,6716337234706,967575
1279,6716337272224,6716338239373,967149
1280,6716338266984,6716339235244,968260
1281,6716339272114,6716340240541,968427
1282,6716340266874,6716341235616,968742
1283,6716341272023,6716342239320,967297
1284,6716342266765,6716343233358,966593
1285,6716343271914,6716344240303,968389
1286,6716344266692,6716345234860,968168
1287,6716345271767,6716346239101,967334
1288,6716346266527,6716347233620,967093
1289,6716347271620,6716348239195,967575
1290,6716348266417,6716349234825,968408
1291,6716349271566,6716350238604,967038
1292,6716350266345,6716351233771,967426
1293,6716351271419,6716352240087,968668
1294,6716352266198,6716353233662,967464
1295,6716353271291,6716354238681,967390
1296,6716354266070,6716355233145,967075
1297,6716355271182,6716356239682,968500
1298,6716356266016,6716357234424,968408
1299,6716357271109,6716358238350,967241
1300,6716358265832,6716359233129,967297
1301,6716359271055,6716360238833,967778
1302,6716360265759,6716361232130,966371
1303,6716361270853,6716362238113,967260
1304,6716362265613,6716363232891,967278
1305,6716363270743,6716364239429,968686
1306,6716364265503,6716365234226,968723
1307,6716365270633,6716366237986,967353
1308,6716366265375,6716367232764,967389
1309,6716367270487,6716368239247,968760
1310,6716368265302,6716369234933,969631
1311,6716369270377,6716370238637,968260
1312,6716370265156,6716371232378,967222
1313,6716371270267,6716372236694,966427
1314,6716372265027,6716373232232,967205
1315,6716373270158,6716374237270,967112
1316,6716374264918,6716375232159,967241
1317,6716375270085,6716376238401,968316
1318,6716376264808,6716377233235,968427
1319,6716377269957,6716378237124,967167
1320,6716378264717,6716379232921,968204
1321,6716379269829,6716380238200,968371
1322,6716380264589,6716381233664,969075
1323,6716381269701,6716382236961,967260
1324,6716382264461,6716383231665,967204
1325,6716383269591,6716384237869,968278
1326,6716384264351,6716385232740,968389
1327,6716385269500,6716386235778,966278
1328,6716386264260,6716387231297,967037
1329,6716387269372,6716388238057,968685
1330,6716388264132,6716389233243,969111
1331,6716389269280,6716390236003,966723
1332,6716390264003,6716391231115,967112
1333,6716391269152,6716392237560,968408
1334,6716392263912,6716393232394,968482
1335,6716393269061,6716394235914,966853
1336,6716394263784,6716395230433,966649
1337,6716395268914,6716396236748,967834
1338,6716396263674,6716397230805,967131
1339,6716397268768,6716398236139,967371
1340,6716398263546,6716399230806,967260
1341,6716399268658,6716400235288,966630
1342,6716400263437,6716401230641,967204
1343,6716401268530,6716402235308,966778
1344,6716402263290,6716403230068,966778
1345,6716403268439,6716404240199,971760
1346,6716404263680,6716405258811,995131
1347,6716405263533,6716406255737,992204
1348,6716406263626,6716407257368,993742
1349,6716407263682,6716408259091,995409
1350,6716408263405,6716409258221,994816
1351,6716409263369,6716410258555,995186
1352,6716410263314,6716411256519,993205
1353,6716411263241,6716412256982,993741
1354,6716412263019,6716413255594,992575
1355,6716413263168,6716414257910,994742
1356,6716414263076,6716415256929,993853
1357,6716415263003,6716416259948,996945
1358,6716416263133,6716417255467,992334
1359,6716417262875,6716418256431,993556
1360,6716418262857,6716419256228,993371
1361,6716419262562,6716420257025,994463
1362,6716420262803,6716421256378,993575
1363,6716421262859,6716422257175,994316
1364,6716422262582,6716423255213,992631
1365,6716423262564,6716424258213,995649
1366,6716424262269,6716425255529,993260
1367,6716425262473,6716426256418,993945
1368,6716426262344,6716427256382,994038
1369,6716427262364,6716428260124,997760
1370,6716428263605,6716429258587,994982
1371,6716429262032,6716430255273,993241
1372,6716430262236,6716431255033,992797
1373,6716431262107,6716432257478,995371
1374,6716432262108,6716433255461,993353
1375,6716433262053,6716434252998,990945
1376,6716434261758,6716435253962,992204
1377,6716435261888,6716436256870,994982
1378,6716436261926,6716437256501,994575
1379,6716437261667,6716438255427,993760
1380,6716438261631,6716439253243,991612
1381,6716439261391,6716440257855,996464
1382,6716440262040,6716441254911,992871
1383,6716441261522,6716442255263,993741
1384,6716442261412,6716443255468,994056
1385,6716443261616,6716444255024,993408
1386,6716444261154,6716445253506,992352
1387,6716445261543,6716446255100,993557
1388,6716446261340,6716447254712,993372
1389,6716447261156,6716448256823,995667
1390,6716448261509,6716449254861,993352
1391,6716449260824,6716450254584,993760
1392,6716450260954,6716451254511,993557
1393,6716451260937,6716452257919,996982
1394,6716452262363,6716453254364,992001
1395,6716453260753,6716454253754,993001
1396,6716454260513,6716455253291,992778
1397,6716455260699,6716456257866,997167
1398,6716456262237,6716457256330,994093
1399,6716457260608,6716458253331,992723
1400,6716458260571,6716459252702,992131
1401,6716459260276,6716460254962,994686
1402,6716460260536,6716461253055,992519
1403,6716461260574,6716462254463,993889
1404,6716462260296,6716463253242,992946
1405,6716463260334,6716464260131,999797
1406,6716464263891,6716465258021,994130
1407,6716465261576,6716466255114,993538
1408,6716466260096,6716467253448,993352
1409,6716467260041,6716468255875,995834
1410,6716468260171,6716469251042,990871
1411,6716469259690,6716470254376,994686
1412,6716470259802,6716471253340,993538
1413,6716471259785,6716472258822,999037
1414,6716472263007,6716473254916,991909
1415,6716473259601,6716474253879,994278
1416,6716474259509,6716475252991,993482
1417,6716475259639,6716476256418,996779
1418,6716476260621,6716477251937,991316
1419,6716477259400,6716478253049,993649
1420,6716478259456,6716479251087,991631
1421,6716479259346,6716480257735,998389
1422,6716480262198,6716481255995,993797
1423,6716481259995,6716482254367,994372
1424,6716482259126,6716483251997,992871
1425,6716483259034,6716484252127,993093
1426,6716484259035,6716485251943,992908
1427,6716485259387,6716486252888,993501
1428,6716486258999,6716487252648,993649
1429,6716487258796,6716488256352,997556
1430,6716488260426,6716489251520,991094
1431,6716489258779,6716490254169,995390
1432,6716490258835,6716491251484,992649
1433,6716491258651,6716492253411,994760
1434,6716492258578,6716493250023,991445
1435,6716493258560,6716494250894,992334
1436,6716494258394,6716495251043,992649
1437,6716495258376,6716496254080,995704
1438,6716496258580,6716497250285,991705
1439,6716497258303,6716498251100,992797
1440,6716498258249,6716499249027,990778
1441,6716499258194,6716500253713,995519
1442,6716500258194,6716501251547,993353
1443,6716501258158,6716502249696,991538
1444,6716502258011,6716503251493,993482
1445,6716503257900,6716504251623,993723
1446,6716504257864,6716505250346,992482
1447,6716505257865,6716506250366,992501
1448,6716506257828,6716507250366,992538
1449,6716507257755,6716508252830,995075
1450,6716508257737,6716509247979,990242
1451,6716509257571,6716510254609,997038
1452,6716510258442,6716511251554,993112
1453,6716511257425,6716512250185,992760
1454,6716512257370,6716513249648,992278
1455,6716513257445,6716514249445,992000
1456,6716514257297,6716515249557,992260
1457,6716515257224,6716516251169,993945
1458,6716516257169,6716517250022,992853
1459,6716517257170,6716518249763,992593
1460,6716518257115,6716519250486,993371
1461,6716519256764,6716520253394,996630
1462,6716520257913,6716521251376,993463
1463,6716521256932,6716522248025,991093
1464,6716522256822,6716523249896,993074
1465,6716523256785,6716524253675,996890
1466,6716524257397,6716525250879,993482
1467,6716525256639,6716526248195,991556
1468,6716526256547,6716527246992,990445
1469,6716527256547,6716528250307,993760
1470,6716528256548,6716529251475,994927
1471,6716529256493,6716530252883,996390
1472,6716530256642,6716531250069,993427
1473,6716531256347,6716532250903,994556
1474,6716532256236,6716533249589,993353
1475,6716533256163,6716534248849,992686
1476,6716534256256,6716535249183,992927
1477,6716535256146,6716536250313,994167
1478,6716536255998,6716537246944,990946
1479,6716537255981,6716538249074,993093
1480,6716538255963,6716539249204,993241
1481,6716539255815,6716540251261,995446
1482,6716540255927,6716541249354,993427
1483,6716541255761,6716542247632,991871
1484,6716542255503,6716543247874,992371
1485,6716543255689,6716544250338,994649
1486,6716544255597,6716545248449,992852
1487,6716545255561,6716546249061,993500
1488,6716546255469,6716547248506,993037
1489,6716547255414,6716548250563,995149
1490,6716548255359,6716549247452,992093
1491,6716549255434,6716550251323,995889
1492,6716550255527,6716551248509,992982
1493,6716551255157,6716552249936,994779
1494,6716552255121,6716553248677,993556
1495,6716553254992,6716554247845,992853
1496,6716554255012,6716555248642,993630
1497,6716555255271,6716556253569,998298
1498,6716556258143,6716557250940,992797
1499,6716557254810,6716558248126,993316
1500,6716558254792,6716559247330,992538
1501,6716559254700,6716560251590,996890
1502,6716560254683,6716561247350,992667
1503,6716561254683,6716562247258,992575
1504,6716562254517,6716563247685,993168
1505,6716563254500,6716564250074,995574
1506,6716564254482,6716565248427,993945
1507,6716565254353,6716566248205,993852
1508,6716566254354,6716567247188,992834
1509,6716567254336,6716568246225,991889
1510,6716568253948,6716569221856,967908
1511,6716569258985,6716570228097,969112
1512,6716570253745,6716571220820,967075
1513,6716571258820,6716572226395,967575
1514,6716572253580,6716573220951,967371
1515,6716573258729,6716574226063,967334
1516,6716574253396,6716575220582,967186
1517,6716575258545,6716576225139,966594
1518,6716576253305,6716577220380,967075
1519,6716577258454,6716578225862,967408
1520,6716578253196,6716579220770,967574
1521,6716579258345,6716580227549,969204
1522,6716580253086,6716581221864,968778
1523,6716581258216,6716582226476,968260
1524,6716582252976,6716583220329,967353
1525,6716583258070,6716584225867,967797
1526,6716584252885,6716585220590,967705
1527,6716585257997,6716586224646,966649
1528,6716586252738,6716587219906,967168
1529,6716587257850,6716588224721,966871
1530,6716588252666,6716589219870,967204
1531,6716589257778,6716590225760,967982
1532,6716590252501,6716591219298,966797
1533,6716591257650,6716592226428,968778
1534,6716592252447,6716593221169,968722
1535,6716593257521,6716594225226,967705
1536,6716594252281,6716595219541,967260
1537,6716595257393,6716596225412,968019
1538,6716596252172,6716597219913,967741
1539,6716597257284,6716598224729,967445
1540,6716598252043,6716599219100,967057
1541,6716599257174,6716600224471,967297
1542,6716600251952,6716601219564,967612
1543,6716601257064,6716602224157,967093
1544,6716602251861,6716603218769,966908
1545,6716603256936,6716604225455,968519
1546,6716604251696,6716605219919,968223
1547,6716605256808,6716606224031,967223
1548,6716606251605,6716607218828,967223
1549,6716607256717,6716608224940,968223
1550,6716608251477,6716609218903,967426
1551,6716609256589,6716610224219,967630
1552,6716610251367,6716611218794,967427
1553,6716611256497,6716612223276,966779
1554,6716612251239,6716613218480,967241
1555,6716613256369,6716614223518,967149
1556,6716614251129,6716615218315,967186
1557,6716615256260,6716616224779,968519
1558,6716616251001,6716617219317,968316
1559,6716617256150,6716618223632,967482
1560,6716618250891,6716619218151,967260
1561,6716619256040,6716620224208,968168
1562,6716620250782,6716621218264,967482
1563,6716621255894,6716622222598,966704
1564,6716622250672,6716623217802,967130
1565,6716623255821,6716624222544,966723
1566,6716624250562,6716625217619,967057
1567,6716625255674,6716626222730,967056
1568,6716626250434,6716627217750,967316
1569,6716627255546,6716628224084,968538
1570,6716628250343,6716629218862,968519
1571,6716629255455,6716630224104,968649
1572,6716630250215,6716631217197,966982
1573,6716631255308,6716632222994,967686
1574,6716632250105,6716633217162,967057
1575,6716633255236,6716634221996,966760
1576,6716634249977,6716635216922,966945
1577,6716635255107,6716636223701,968594
1578,6716636249849,6716637217701,967852
1579,6716637254979,6716638222202,967223
1580,6716638249739,6716639216684,966945
1581,6716639254870,6716640223518,968648
1582,6716640249630,6716641218538,968908
1583,6716641254741,6716642222075,967334
1584,6716642249501,6716643216854,967353
1585,6716643254632,6716644222503,967871
1586,6716644249410,6716645216411,967001
1587,6716645254522,6716646221504,966982
1588,6716646249264,6716647216042,966778
1589,6716647254394,6716648220987,966593
1590,6716648249172,6716649215988,966816
1591,6716649254303,6716650221915,967612
1592,6716650249026,6716651215934,966908
1593,6716651254193,6716652222194,968001
1594,6716652248935,6716653217213,968278
1595,6716653254065,6716654221177,967112
1596,6716654248825,6716655215474,966649
1597,6716655253955,6716656228271,974316
1598,6716656248882,6716657247253,998371
1599,6716657250605,6716658245846,995241
1600,6716658249457,6716659246717,997260
1601,6716659250347,6716660250922,1000575
1602,6716660255033,6716661253534,998501
1603,6716661256274,6716662253442,997168
1604,6716662257127,6716663255461,998334
1605,6716663258091,6716664259184,1001093
1606,6716664263054,6716665259796,996742
1607,6716665263518,6716666258278,994760
1608,6716666261648,6716667258594,996946
1609,6716667262297,6716668260243,997946
1610,6716668264928,6716669233336,968408
1611,6716669247984,6716670216614,968630
1612,6716670253077,6716671222578,969501
1613,6716671247856,6716672215579,967723
1614,6716672252968,6716673220135,967167
1615,6716673247728,6716674214784,967056
1616,6716674252839,6716675219636,966797
1617,6716675247599,6716676214452,966853
1618,6716676252748,6716677219731,966983
1619,6716677247508,6716678214435,966927
1620,6716678252602,6716679219491,966889
1621,6716679247343,6716680213992,966649
1622,6716680252511,6716681218604,966093
1623,6716681247252,6716682214438,967186
1624,6716682252345,6716683219290,966945
1625,6716683247142,6716684215513,968371
1626,6716684252291,6716685218181,965890
1627,6716685247014,6716686213941,966927
1628,6716686252145,6716687220219,968074
1629,6716687246904,6716688215442,968538
1630,6716688252053,6716689220387,968334
1631,6716689246795,6716690216184,969389
1632,6716690251925,6716691219148,967223
1633,6716691246685,6716692213593,966908
1634,6716692251853,6716693218964,967111
1635,6716693246557,6716694213576,967019
1636,6716694251687,6716695218836,967149
1637,6716695246447,6716696214911,968464
1638,6716696251578,6716697219004,967426
1639,6716697246338,6716698213338,967000
1640,6716698251431,6716699217987,966556
1641,6716699246210,6716700213914,967704
1642,6716700251340,6716701218470,967130
1643,6716701246100,6716702213045,966945
1644,6716702251212,6716703218379,967167
1645,6716703246009,6716704212658,966649
1646,6716704251139,6716705217677,966538
1647,6716705245881,6716706212918,967037
1648,6716706250992,6716707217993,967001
1649,6716707245771,6716708211994,966223
1650,6716708250901,6716709218087,967186
1651,6716709245643,6716710213477,967834
1652,6716710250792,6716711217792,967000
1653,6716711245533,6716712212423,966890
1654,6716712250682,6716713217423,966741
1655,6716713245423,6716714212572,967149
1656,6716714250535,6716715217480,966945
1657,6716715245295,6716716212129,966834
1658,6716716250426,6716717216204,965778
1659,6716717245167,6716718212223,967056
1660,6716718250334,6716719217317,966983
1661,6716719245057,6716720213503,968446
1662,6716720250225,6716721216725,966500
1663,6716721244948,6716722212134,967186
1664,6716722250078,6716723217357,967279
1665,6716723244857,6716724213005,968148
1666,6716724249987,6716725217821,967834
1667,6716725244617,6716726217062,972445
1668,6716726251581,6716727219008,967427
1669,6716727244619,6716728211786,967167
1670,6716728249768,6716729219972,970204
1671,6716729244694,6716730214843,970149
1672,6716730250862,6716731218362,967500
1673,6716731244455,6716732213215,968760
1674,6716732249585,6716733217697,968112
1675,6716733244290,6716734211865,967575
1676,6716734249365,6716735216402,967037
1677,6716735244162,6716736210940,966778
1678,6716736249348,6716737216607,967259
1679,6716737244070,6716738211071,967001
1680,6716738249201,6716739216794,967593
1681,6716739243942,6716740210906,966964
1682,6716740249073,6716741216777,967704
1683,6716741243851,6716742211204,967353
1684,6716742248982,6716743216279,967297
1685,6716743243704,6716744211761,968057
1686,6716744248927,6716745216391,967464
1687,6716745243632,6716746211281,967649
1688,6716746248707,6716747216078,967371
1689,6716747243485,6716748210615,967130
1690,6716748248671,6716749214727,966056
1691,6716749243394,6716750210654,967260
1692,6716750248506,6716751216136,967630
1693,6716751243284,6716752210655,967371
1694,6716752248378,6716753215527,967149
1695,6716753243156,6716754209972,966816
1696,6716754248268,6716755215713,967445
1697,6716755243028,6716756209732,966704
1698,6716756248177,6716757215474,967297
1699,6716757242918,6716758210252,967334
1700,6716758248012,6716759215161,967149
1701,6716759242790,6716760209550,966760
1702,6716760247939,6716761217884,969945
1703,6716761242718,6716762210107,967389
1704,6716762247811,6716763217460,969649
1705,6716763242682,6716764209794,967112
1706,6716764247738,6716765215035,967297
1707,6716765242424,6716766209554,967130
1708,6716766247555,6716767214759,967204
1709,6716767242333,6716768209297,966964
1710,6716768247463,6716769214797,967334
1711,6716769242205,6716770209298,967093
1712,6716770247354,6716771216169,968815
1713,6716771242095,6716772209003,966908
1714,6716772247226,6716773214671,967445
1715,6716773241967,6716774209264,967297
1716,6716774247097,6716775214450,967353
1717,6716775241857,6716776209228,967371
1718,6716776247025,6716777214340,967315
1719,6716777241785,6716778209008,967223
1720,6716778246878,6716779214323,967445
1721,6716779241638,6716780209028,967390
1722,6716780246824,6716781215232,968408
1723,6716781241547,6716782208622,967075
1724,6716782246640,6716783212511,965871
1725,6716783241419,6716784207975,966556
1726,6716784246549,6716785212735,966186
1727,6716785241254,6716786208236,966982
1728,6716786246402,6716787212644,966242
1729,6716787241199,6716788208145,966946
1730,6716788246311,6716789212423,966112
1731,6716789241034,6716790208479,967445
1732,6716790246183,6716791213591,967408
1733,6716791240943,6716792207777,966834
1734,6716792246092,6716793212130,966038
1735,6716793240833,6716794208242,967409
1736,6716794245964,6716795212335,966371
1737,6716795240724,6716796207984,967260
1738,6716796245873,6716797212133,966260
1739,6716797240614,6716798207652,967038
1740,6716798245763,6716799212856,967093
1741,6716799240467,6716800208931,968464
1742,6716800245746,6716801213450,967704
1743,6716801240432,6716802207673,967241
1744,6716802245507,6716803211637,966130
1745,6716803240285,6716804207156,966871
1746,6716804245434,6716805211453,966019
1747,6716805240120,6716806207102,966982
1748,6716806245287,6716807211677,966390
1749,6716807240029,6716808207029,967000
1750,6716808245196,6716809211475,966279
1751,6716809239938,6716810207457,967519
1752,6716810245031,6716811212550,967519
1753,6716811239828,6716812206884,967056
1754,6716812244921,6716813210570,965649
1755,6716813239700,6716814206626,966926
1756,6716814244830,6716815211146,966316
1757,6716815239590,6716816206517,966927
1758,6716816244702,6716817210869,966167
1759,6716817239462,6716818206574,967112
1760,6716818244574,6716819212260,967686
1761,6716819239315,6716820205964,966649
1762,6716820244483,6716821211372,966889
1763,6716821239261,6716822206521,967260
1764,6716822244354,6716823211577,967223
1765,6716823239133,6716824205949,966816
1766,6716824244282,6716825209968,965686
1767,6716825238968,6716826205765,966797
1768,6716826244117,6716827211451,967334
1769,6716827238895,6716828205340,966445
1770,6716828244044,6716829210174,966130
1771,6716829238748,6716830205657,966909
1772,6716830243897,6716831211972,968075
1773,6716831238657,6716832216251,977594
1774,6716832238658,6716833204529,965871
1775,6716833243733,6716834210956,967223
1776,6716834238493,6716835205660,967167
1777,6716835243605,6716836209883,966278
1778,6716836238383,6716837205273,966890
1779,6716837243495,6716838210699,967204
1780,6716838238255,6716839205145,966890
1781,6716839243404,6716840210497,967093
1782,6716840238164,6716841206665,968501
1783,6716841243239,6716842210036,966797
1784,6716842238017,6716843205296,967279
1785,6716843243222,6716844217908,974686
1786,6716844238352,6716845205834,967482
1787,6716845243130,6716846210039,966909
1788,6716846237835,6716847207965,970130
1789,6716847243817,6716848236614,992797
1790,6716848241262,6716849233393,992131
1791,6716849237967,6716850231208,993241
1792,6716850238023,6716851232690,994667
1793,6716851237950,6716852230339,992389
1794,6716852237895,6716853231007,993112
1795,6716853237821,6716854231341,993520
1796,6716854237841,6716855230804,992963
1797,6716855237786,6716856229953,992167
1798,6716856237713,6716857231250,993537
1799,6716857237584,6716858231992,994408
1800,6716858237584,6716859230955,993371
1801,6716859237492,6716860231104,993612
1802,6716860237419,6716861231661,994242
1803,6716861237420,6716862230235,992815
1804,6716862237421,6716863231273,993852
1805,6716863237273,6716864229404,992131
1806,6716864237163,6716865230460,993297
1807,6716865237201,6716866230238,993037
1808,6716866237072,6716867230850,993778
1809,6716867237258,6716868229721,992463
1810,6716868236906,6716869230555,993649
1811,6716869237018,6716870230556,993538
1812,6716870236778,6716871232409,995631
1813,6716871236853,6716872228891,992038
1814,6716872236724,6716873230466,993742
1815,6716873236614,6716874229189,992575
1816,6716874236596,6716875229319,992723
1817,6716875236615,6716876229264,992649
1818,6716876236560,6716877229857,993297
1819,6716877236450,6716878229173,992723
1820,6716878236414,6716879229248,992834
1821,6716879236248,6716880228915,992667
1822,6716880236341,6716881230286,993945
1823,6716881236212,6716882228991,992779
1824,6716882236250,6716883229454,993204
1825,6716883236121,6716884228325,992204
1826,6716884236048,6716885229178,993130
1827,6716885235956,6716886229068,993112
1828,6716886235808,6716887228772,992964
1829,6716887235883,6716888228717,992834
1830,6716888235847,6716889229885,994038
1831,6716889235792,6716890228534,992742
1832,6716890235719,6716891229553,993834
1833,6716891235701,6716892228109,992408
1834,6716892235628,6716893229239,993611
1835,6716893235536,6716894228277,992741
1836,6716894235481,6716895228704,993223
1837,6716895235500,6716896228353,992853
1838,6716896235445,6716897227668,992223
1839,6716897235316,6716898228465,993149
1840,6716898235280,6716899228577,993297
1841,6716899235281,6716900227578,992297
1842,6716900235207,6716901230875,995668
1843,6716901235097,6716902228209,993112
1844,6716902234931,6716903228099,993168
1845,6716903234987,6716904227692,992705
1846,6716904235025,6716905228304,993279
1847,6716905234896,6716906227304,992408
1848,6716906235027,6716907228194,993167
1849,6716907234694,6716908226880,992186
1850,6716908234695,6716909227936,993241
1851,6716909234566,6716910227622,993056
1852,6716910234530,6716911228604,994074
1853,6716911234530,6716912228272,993742
1854,6716912234475,6716913226680,992205
1855,6716913234328,6716914227551,993223
1856,6716914234310,6716915227570,993260
1857,6716915234330,6716916226701,992371
1858,6716916234164,6716917226979,992815
1859,6716917234146,6716918227535,993389
1860,6716918234109,6716919226832,992723
1861,6716919234055,6716920227315,993260
1862,6716920234037,6716921228371,994334
1863,6716921233963,6716922226853,992890
1864,6716922233853,6716923226798,992945
1865,6716923233835,6716924226410,992575
1866,6716924233780,6716925226948,993168
1867,6716925233689,6716926226115,992426
1868,6716926233930,6716927226616,992686
1869,6716927233616,6716928224876,991260
1870,6716928233524,6716929226580,993056
1871,6716929233469,6716930226063,992594
1872,6716930233396,6716931229545,996149
1873,6716931233397,6716932226564,993167
1874,6716932233305,6716933226472,993167
1875,6716933233269,6716934226195,992926
1876,6716934233158,6716935226474,993316
1877,6716935233103,6716936225123,992020
1878,6716936233011,6716937225345,992334
1879,6716937232883,6716938201494,968611
1880,6716938232476,6716939196254,963778
1881,6716939237643,6716940201070,963427
1882,6716940239329,6716941205478,966149
1883,6716941232293,6716942196071,963778
1884,6716942237516,6716943200850,963334
1885,6716943238628,6716944203684,965056
1886,6716944232110,6716945195944,963834
1887,6716945237185,6716946199519,962334
1888,6716946237537,6716947203519,965982
1889,6716947231908,6716948196613,964705
1890,6716948237131,6716949201076,963945
1891,6716949231836,6716950197985,966149
1892,6716950236966,6716951202726,965760
1893,6716951231652,6716952195893,964241
1894,6716952236912,6716953202431,965519
1895,6716953231727,6716954198006,966279
1896,6716954236858,6716955202859,966001
1897,6716955231451,6716956195007,963556
1898,6716956236563,6716957199693,963130
1899,6716957237342,6716958200231,962889
1900,6716958231287,6716959196584,965297
1901,6716959236417,6716960202918,966501
1902,6716960231029,6716961183270,952241
1903,6716961236104,6716962186438,950334
1904,6716962235993,6716963186420,950427
1905,6716963235938,6716964185995,950057
1906,6716964235902,6716965186329,950427
1907,6716965235792,6716966185996,950204
1908,6716966235737,6716967186256,950519
1909,6716967235682,6716968185868,950186
1910,6716968235646,6716969186109,950463
1911,6716969235572,6716970185777,950205
1912,6716970235518,6716971186648,951130
1913,6716971235463,6716972185834,950371
1914,6716972235389,6716973185705,950316
1915,6716973235353,6716974185409,950056
1916,6716974235280,6716975185651,950371
1917,6716975235206,6716976185244,950038
1918,6716976235189,6716977185356,950167
1919,6716977235097,6716978185468,950371
1920,6716978235060,6716979185395,950335
1921,6716979235006,6716980185080,950074
1922,6716980234951,6716981185266,950315
1923,6716981234896,6716982185100,950204
1924,6716982234804,6716983185046,950242
1925,6716983234731,6716984184769,950038
1926,6716984234694,6716985185010,950316
1927,6716985234658,6716986184807,950149
1928,6716986234566,6716987185178,950612
1929,6716987234549,6716988184401,949852
1930,6716988234494,6716989184957,950463
1931,6716989234439,6716990184662,950223
1932,6716990234366,6716991185070,950704
1933,6716991234311,6716992184163,949852
1934,6716992234237,6716993184423,950186
1935,6716993234238,6716994184554,950316
1936,6716994234109,6716995184425,950316
1937,6716995234054,6716996183870,949816
1938,6716996234037,6716997184111,950074
1939,6716997233963,6716998184223,950260
1940,6716998233871,6716999184113,950242
1941,6716999233835,6717000183558,949723
1942,6717000233799,6717001184429,950630
1943,6717001233725,6717002184226,950501
1944,6717002233652,6717003183838,950186
1945,6717003233616,6717004185431,951815
1946,6717004233561,6717005183710,950149
1947,6717005233506,6717006183710,950204
1948,6717006233433,6717007183544,950111
1949,6717007233359,6717008183471,950112
1950,6717008233323,6717009183824,950501
1951,6717009233250,6717010183250,950000
1952,6717010233195,6717011183714,950519
1953,6717011233177,6717012183604,950427
1954,6717012233104,6717013183530,950426
1955,6717013233067,6717014183309,950242
1956,6717014232957,6717015183069,950112
1957,6717015232902,6717016183440,950538
1958,6717016232847,6717017183237,950390
1959,6717017232830,6717018182682,949852
1960,6717018232756,6717019183090,950334
1961,6717019232720,6717020183498,950778
1962,6717020232665,6717021182962,950297
1963,6717021232592,6717022182759,950167
1964,6717022232518,6717023182593,950075
1965,6717023232464,6717024183298,950834
1966,6717024232409,6717025182576,950167
1967,6717025232335,6717026182447,950112
1968,6717026232281,6717027182170,949889
1969,6717027232226,6717028185689,953463
1970,6717028232208,6717029182598,950390
1971,6717029232135,6717030181765,949630
1972,6717030232043,6717031182747,950704
1973,6717031232006,6717032183340,951334
1974,6717032231952,6717033182286,950334
1975,6717033231897,6717034182120,950223
1976,6717034231823,6717035181843,950020
1977,6717035231750,6717036182677,950927
1978,6717036231714,6717037181937,950223
1979,6717037231640,6717038183567,951927
1980,6717038231826,6717039198309,966483
1981,6717039226716,6717040192865,966149
1982,6717040231828,6717041198680,966852
1983,6717041226606,6717042193533,966927
1984,6717042231681,6717043197163,965482
1985,6717043226460,6717044193183,966723
1986,6717044231608,6717045198535,966927
1987,6717045226350,6717046192795,966445
1988,6717046231480,6717047197240,965760
1989,6717047226240,6717048192352,966112
1990,6717048231260,6717049196908,965648
1991,6717049226112,6717050193002,966890
1992,6717050231261,6717051198039,966778
1993,6717051226002,6717052192577,966575
1994,6717052231114,6717053196782,965668
1995,6717053225911,6717054192597,966686
1996,6717054231005,6717055198024,967019
1997,6717055225783,6717056194247,968464
1998,6717056230951,6717057196748,965797
1999,6717057225673,6717058192156,966483
2000,6717058230785,6717059196453,965668
2001,6717059225545,6717060192490,966945
2002,6717060230676,6717061197454,966778
2003,6717061225454,6717062192881,967427
2004,6717062230547,6717063197456,966909
2005,6717063225307,6717064191642,966335
2006,6717064230419,6717065197550,967131
2007,6717065225216,6717066192143,966927
2008,6717066230310,6717067196070,965760
2009,6717067225088,6717068191033,965945
2010,6717068230219,6717069195867,965648
2011,6717069224978,6717070191775,966797
2012,6717070230072,6717071195850,965778
2013,6717071224850,6717072191129,966279
2014,6717072229999,6717073195463,965464
2015,6717073224741,6717074191593,966852
2016,6717074229853,6717075195446,965593
2017,6717075224612,6717076191243,966631
2018,6717076229761,6717077195577,965816
2019,6717077224521,6717078191152,966631
2020,6717078229633,6717079195560,965927
2021,6717079224375,6717080190912,966537
2022,6717080229524,6717081195543,966019
2023,6717081224265,6717082191395,967130
2024,6717082229395,6717083195248,965853
2025,6717083224174,6717084190156,965982
2026,6717084229304,6717085195083,965779
2027,6717085224064,6717086190824,966760
2028,6717086229158,6717087194566,965408
2029,6717087223918,6717088190455,966537
2030,6717088229066,6717089194771,965705
2031,6717089223826,6717090190938,967112
2032,6717090228920,6717091194439,965519
2033,6717091223717,6717092192625,968908
2034,6717092228866,6717093196848,967982
2035,6717093223626,6717094190663,967037
2036,6717094228737,6717095195738,967001
2037,6717095223497,6717096189924,966427
2038,6717096228609,6717097195388,966779
2039,6717097223369,6717098190425,967056
2040,6717098228463,6717099195519,967056
2041,6717099223260,6717100190020,966760
2042,6717100228390,6717101195242,966852
2043,6717101223150,6717102190225,967075
2044,6717102228262,6717103194651,966389
2045,6717103223003,6717104189596,966593
2046,6717104228152,6717105194764,966612
2047,6717105222894,6717106189783,966889
2048,6717106228024,6717107195099,967075
2049,6717107222784,6717108191155,968371
2050,6717108227951,6717109194896,966945
2051,6717109222656,6717110189971,967315
2052,6717110227786,6717111195139,967353
2053,6717111222528,6717112189713,967185
2054,6717112227713,6717113194473,966760
2055,6717113222436,6717114189419,966983
2056,6717114227585,6717115194308,966723
2057,6717115222345,6717116190772,968427
2058,6717116227494,6717117195643,968149
2059,6717117222217,6717118189366,967149
2060,6717118227310,6717119194256,966946
2061,6717119222089,6717120189793,967704
2062,6717120227201,6717121193998,966797
2063,6717121221961,6717122189943,967982
2064,6717122227110,6717123193925,966815
2065,6717123221888,6717124190833,968945
2066,6717124227000,6717125193186,966186
2067,6717125221778,6717126189650,967872
2068,6717126226909,6717127193428,966519
2069,6717127221632,6717128190614,968982
2070,6717128226781,6717129194318,967537
2071,6717129221559,6717130188523,966964
2072,6717130226597,6717131193635,967038
2073,6717131221394,6717132190709,969315
2074,6717132226561,6717133192803,966242
2075,6717133221303,6717134188192,966889
2076,6717134226433,6717135194341,967908
2077,6717135221175,6717136191083,969908
2078,6717136226286,6717137194546,968260
2079,6717137221065,6717138188195,967130
2080,6717138226177,6717139194289,968112
2081,6717139220937,6717140189289,968352
2082,6717140226104,6717141193383,967279
2083,6717141220846,6717142188828,967982
2084,6717142226013,6717143192717,966704
2085,6717143220717,6717144190552,969835
2086,6717144225885,6717145193534,967649
2087,6717145220589,6717146187627,967038
2088,6717146225701,6717147192757,967056
2089,6717147220498,6717148191203,970705
2090,6717148225925,6717149191870,965945
2091,6717149220388,6717150187482,967094
2092,6717150225519,6717151193686,968167
2093,6717151220260,6717152196798,976538
2094,6717152220446,6717153212854,992408
2095,6717153220540,6717154213818,993278
2096,6717154220540,6717155214597,994057
2097,6717155220448,6717156212505,992057
2098,6717156220338,6717157213098,992760
2099,6717157220246,6717158213043,992797
2100,6717158220210,6717159213896,993686
2101,6717159220174,6717160215156,994982
2102,6717160220285,6717161214156,993871
2103,6717161220138,6717162214583,994445
2104,6717162219991,6717163213028,993037
2105,6717163220084,6717164212992,992908
2106,6717164219918,6717165212937,993019
2107,6717165219900,6717166212845,992945
2108,6717166219790,6717167211587,991797
2109,6717167219828,6717168212384,992556
2110,6717168219773,6717169212996,993223
2111,6717169219644,6717170212589,992945
2112,6717170219552,6717171212145,992593
2113,6717171219479,6717172209183,989704
2114,6717172219276,6717173187073,967797
2115,6717173224221,6717174191314,967093
2116,6717174218962,6717175185926,966964
2117,6717175224093,6717176190501,966408
2118,6717176218834,6717177185705,966871
2119,6717177223964,6717178190780,966816
2120,6717178218706,6717179185540,966834
2121,6717179223836,6717180189874,966038
2122,6717180218559,6717181185245,966686
2123,6717181223764,6717182191931,968167
2124,6717182218487,6717183185450,966963
2125,6717183223617,6717184191858,968241
2126,6717184218303,6717185185266,966963
2127,6717185223507,6717186190656,967149
2128,6717186218249,6717187184416,966167
2129,6717187223361,6717188191658,968297
2130,6717188218158,6717189186418,968260
2131,6717189223269,6717190190307,967038
2132,6717190217992,6717191184734,966742
2133,6717191223123,6717192190512,967389
2134,6717192217901,6717193184828,966927
2135,6717193223013,6717194189643,966630
2136,6717194217773,6717195184644,966871
2137,6717195222903,6717196191108,968205
2138,6717196217645,6717197184775,967130
2139,6717197222812,6717198190054,967242
2140,6717198217554,6717199184647,967093
2141,6717199222647,6717200190333,967686
2142,6717200217444,6717201184315,966871
2143,6717201222593,6717202190260,967667
2144,6717202217390,6717203184094,966704
2145,6717203222465,6717204189040,966575
2146,6717204217188,6717205184151,966963
2147,6717205222318,6717206188967,966649
2148,6717206217097,6717207183931,966834
2149,6717207222190,6717208190061,967871
2150,6717208216968,6717209183691,966723
2151,6717209222117,6717210188933,966816
2152,6717210216877,6717211183693,966816
2153,6717211221952,6717212191157,969205
2154,6717212216768,6717213184565,967797
2155,6717213221879,6717214188769,966890
2156,6717214216602,6717215183325,966723
2157,6717215221751,6717216192826,971075
2158,6717216216567,6717217183308,966741
2159,6717217221642,6717218188605,966963
2160,6717218216420,6717219183032,966612
2161,6717219221476,6717220188848,967372
2162,6717220216273,6717221182996,966723
2163,6717221221422,6717222189053,967631
2164,6717222216182,6717223182905,966723
2165,6717223221220,6717224188962,967742
2166,6717224216054,6717225182647,966593
2167,6717225221184,6717226187981,966797
2168,6717226215907,6717227182556,966649
2169,6717227221075,6717228188483,967408
2170,6717228215835,6717229182539,966704
2171,6717229220984,6717230187429,966445
2172,6717230215707,6717231182004,966297
2173,6717231220837,6717232190449,969612
2174,6717232215616,6717233182450,966834
2175,6717233220727,6717234187061,966334
2176,6717234215469,6717235182266,966797
2177,6717235220599,6717236189081,968482
2178,6717236215359,6717237182138,966779
2179,6717237220508,6717238187064,966556
2180,6717238215212,6717239181639,966427
2181,6717239220361,6717240188066,967705
2182,6717240215103,6717241183233,968130
2183,6717241220252,6717242187901,967649
2184,6717242215012,6717243181661,966649
2185,6717243220012,6717244187995,967983
2186,6717244214921,6717245181829,966908
2187,6717245220032,6717246186681,966649
2188,6717246214737,6717247181367,966630
2189,6717247219849,6717248189516,969667
2190,6717248214664,6717249181757,967093
2191,6717249219757,6717250186610,966853
2192,6717250214555,6717251181333,966778
2193,6717251219648,6717252188278,968630
2194,6717252214315,6717253180890,966575
2195,6717253219575,6717254186243,966668
2196,6717254214298,6717255180799,966501
2197,6717255219429,6717256188429,969000
2198,6717256214226,6717257181078,966852
2199,6717257219337,6717258186505,967168
2200,6717258214079,6717259180950,966871
2201,6717259219191,6717260188747,969556
2202,6717260213988,6717261181951,967963
2203,6717261219100,6717262186785,967685
2204,6717262213878,6717263180657,966779
2205,6717263219008,6717264186361,967353
2206,6717264213731,6717265180510,966779
2207,6717265218862,6717266185159,966297
2208,6717266213622,6717267180289,966667
2209,6717267218752,6717268187882,969130
2210,6717268213512,6717269180161,966649
2211,6717269218661,6717270185439,966778
2212,6717270213365,6717271180181,966816
2213,6717271218533,6717272190756,972223
2214,6717272213293,6717273180108,966815
2215,6717273218423,6717274184961,966538
2216,6717274213165,6717275179850,966685
2217,6717275218295,6717276190907,972612
2218,6717276213092,6717277180482,967390
2219,6717277218185,6717278185093,966908
2220,6717278212945,6717279180020,967075
2221,6717279218076,6717280186261,968185
2222,6717280212836,6717281196966,984130
2223,6717281213170,6717282208541,995371
2224,6717282213059,6717283206282,993223
2225,6717283213134,6717284208876,995742
2226,6717284213042,6717285207950,994908
2227,6717285212969,6717286206544,993575
2228,6717286212970,6717287206433,993463
2229,6717287212804,6717288205730,992926
2230,6717288212915,6717289207250,994335
2231,6717289212787,6717290205713,992926
2232,6717290212639,6717291206195,993556
2233,6717291212640,6717292206141,993501
2234,6717292212548,6717293207289,994741
2235,6717293212475,6717294207012,994537
2236,6717294212457,6717295204291,991834
2237,6717295212346,6717296205588,993242
2238,6717296212329,6717297206255,993926
2239,6717297212292,6717298204552,992260
2240,6717298212163,6717299205257,993094
2241,6717299212257,6717300204313,992056
2242,6717300212091,6717301204721,992630
2243,6717301211962,6717302206333,994371
2244,6717302211981,6717303205667,993686
2245,6717303211926,6717304203557,991631
2246,6717304212075,6717305204483,992408
2247,6717305211854,6717306204651,992797
2248,6717306211725,6717307204966,993241
2249,6717307211744,6717308203245,991501
2250,6717308211467,6717309203449,991982
2251,6717309211560,6717310205394,993834
2252,6717310211524,6717311204858,993334
2253,6717311211432,6717312203229,991797
2254,6717312211451,6717313204804,993353
2255,6717313211137,6717314204157,993020
2256,6717314211694,6717315205250,993556
2257,6717315211268,6717316203491,992223
2258,6717316211232,6717317204029,992797
2259,6717317211177,6717318203011,991834
2260,6717318210863,6717319202345,991482
2261,6717319211049,6717320202679,991630
2262,6717320211124,6717321204236,993112
2263,6717321210865,6717322204107,993242
2264,6717322210885,6717323204756,993871
2265,6717323210571,6717324201034,990463
2266,6717324210497,6717325178313,967816
2267,6717325215516,6717326182147,966631
2268,6717326210202,6717327176981,966779
2269,6717327215370,6717328185445,970075
2270,6717328210093,6717329177223,967130
2271,6717329215205,6717330182853,967648
2272,6717330209927,6717331176669,966742
2273,6717331215058,6717332185799,970741
2274,6717332209892,6717333177263,967371
2275,6717333214948,6717334181856,966908
2276,6717334209727,6717335176339,966612
2277,6717335214857,6717336187636,972779
2278,6717336209617,6717337176451,966834
2279,6717337214729,6717338181378,966649
2280,6717338209507,6717339176415,966908
2281,6717339214638,6717340185546,970908
2282,6717340209342,6717341177324,967982
2283,6717341214510,6717342182695,968185
2284,6717342209140,6717343176104,966964
2285,6717343214363,6717344184049,969686
2286,6717344209178,6717345177253,968075
2287,6717345214272,6717346181402,967130
2288,6717346209032,6717347175718,966686
2289,6717347214162,6717348182070,967908
2290,6717348208922,6717349175923,967001
2291,6717349214034,6717350181016,966982
2292,6717350208831,6717351175683,966852
2293,6717351213943,6717352184073,970130
2294,6717352208684,6717353175481,966797
2295,6717353213833,6717354181186,967353
2296,6717354208556,6717355175186,966630
2297,6717355213649,6717356183446,969797
2298,6717356208465,6717357175521,967056
2299,6717357213632,6717358180559,966927
2300,6717358208337,6717359175486,967149
2301,6717359213467,6717360181820,968353
2302,6717360208246,6717361174950,966704
2303,6717361213339,6717362181080,967741
2304,6717362208099,6717363174988,966889
2305,6717363213248,6717364181841,968593
2306,6717364207989,6717365175138,967149
2307,6717365213138,6717366180046,966908
2308,6717366207917,6717367174806,966889
2309,6717367213028,6717368180677,967649
2310,6717368207751,6717369175845,968094
2311,6717369212900,6717370180049,967149
2312,6717370207642,6717371174494,966852
2313,6717371212735,6717372181217,968482
2314,6717372207569,6717373174496,966927
2315,6717373212681,6717374179626,966945
2316,6717374207422,6717375174182,966760
2317,6717375212571,6717376178905,966334
2318,6717376207331,6717377174202,966871
2319,6717377212443,6717378179185,966742
2320,6717378207203,6717379174167,966964
2321,6717379212296,6717380178612,966316
2322,6717380207075,6717381173779,966704
2323,6717381212205,6717382179095,966890
2324,6717382206947,6717383173836,966889
2325,6717383212096,6717384177615,965519
2326,6717384206893,6717385173467,966574
2327,6717385211967,6717386178709,966742
2328,6717386206727,6717387173654,966927
2329,6717387211858,6717388179784,967926
2330,6717388206636,6717389173526,966890
2331,6717389211767,6717390179286,967519
2332,6717390206508,6717391173620,967112
2333,6717391211620,6717392179139,967519
2334,6717392206380,6717393174103,967723
2335,6717393211529,6717394178585,967056
2336,6717394206270,6717395172734,966464
2337,6717395211419,6717396177994,966575
2338,6717396206179,6717397172791,966612
2339,6717397211291,6717398178107,966816
2340,6717398206014,6717399173292,967278
2341,6717399211144,6717400185312,974168
2342,6717400206404,6717401205275,998871
2343,6717401209201,6717402203313,994112
2344,6717402207072,6717403200184,993112
2345,6717403206184,6717404196352,990168
2346,6717404206148,6717405199075,992927
2347,6717405206149,6717406199057,992908
2348,6717406206038,6717407199650,993612
2349,6717407205983,6717408198725,992742
2350,6717408205929,6717409197429,991500
2351,6717409205874,6717410198671,992797
2352,6717410205837,6717411198227,992390
2353,6717411205820,6717412199246,993426
2354,6717412205672,6717413199580,993908
2355,6717413205821,6717414196303,990482
2356,6717414205581,6717415198619,993038
2357,6717415205434,6717416198249,992815
2358,6717416205490,6717417198602,993112
2359,6717417205435,6717418200788,995353
2360,6717418205343,6717419195622,990279
2361,6717419205326,6717420198326,993000
2362,6717420205215,6717421198660,993445
2363,6717421205160,6717422200568,995408
2364,6717422204883,6717423197514,992631
2365,6717423204773,6717424196774,992001
2366,6717424204977,6717425198700,993723
2367,6717425204922,6717426198127,993205
2368,6717426204849,6717427198368,993519
2369,6717427204813,6717428196610,991797
2370,6717428204517,6717429196592,992075
2371,6717429204722,6717430198167,993445
2372,6717430204648,6717431197427,992779
2373,6717431204575,6717432200261,995686
2374,6717432204279,6717433192799,988520
2375,6717433204521,6717434197114,992593
2376,6717434204336,6717435197652,993316
2377,6717435204393,6717436198893,994500
2378,6717436204393,6717437189190,984797
2379,6717437204265,6717438197765,993500
2380,6717438204173,6717439198414,994241
2381,6717439204136,6717440199063,994927
2382,6717440204026,6717441196804,992778
2383,6717441203934,6717442198583,994649
2384,6717442203935,6717443195417,991482
2385,6717443203899,6717444195973,992074
2386,6717444203862,6717445196363,992501
2387,6717445203826,6717446196327,992501
2388,6717446203993,6717447197272,993279
2389,6717447203735,6717448194958,991223
2390,6717448203773,6717449197403,993630
2391,6717449203625,6717450196126,992501
2392,6717450203533,6717451196330,992797
2393,6717451203460,6717452199961,996501
2394,6717452203164,6717453194350,991186
2395,6717453203258,6717454197332,994074
2396,6717454203203,6717455195722,992519
2397,6717455203222,6717456195649,992427
2398,6717456203130,6717457196372,993242
2399,6717457203094,6717458194076,990982
2400,6717458203039,6717459196003,992964
2401,6717459202984,6717460198522,995538
2402,6717460202948,6717461195560,992612
2403,6717461202726,6717462197283,994557
2404,6717462202986,6717463194617,991631
2405,6717463202672,6717464195969,993297
2406,6717464202710,6717465196192,993482
2407,6717465202637,6717466194397,991760
2408,6717466202786,6717467195564,992778
2409,6717467202397,6717468194991,992594
2410,6717468202454,6717469196084,993630
2411,6717469202362,6717470194900,992538
2412,6717470202289,6717471194437,992148
2413,6717471202289,6717472195605,993316
2414,6717472202197,6717473191550,989353
2415,6717473202272,6717474196032,993760
2416,6717474202088,6717475194218,992130
2417,6717475202107,6717476197256,995149
2418,6717476201997,6717477194812,992815
2419,6717477201979,6717478195794,993815
2420,6717478201887,6717479194554,992667
2421,6717479201906,6717480195388,993482
2422,6717480201796,6717481192130,990334
2423,6717481201778,6717482195112,993334
2424,6717482201649,6717483195668,994019
2425,6717483201576,6717484196688,995112
2426,6717484201558,6717485195188,993630
2427,6717485201466,6717486193319,991853
2428,6717486201411,6717487195023,993612
2429,6717487201301,6717488195968,994667
2430,6717488201302,6717489194043,992741
2431,6717489201210,6717490193933,992723
2432,6717490201248,6717491193082,991834
2433,6717491201119,6717492195842,994723
2434,6717492201082,6717493193583,992501
2435,6717493201065,6717494194250,993185
2436,6717494200991,6717495194918,993927
2437,6717495200899,6717496194659,993760
2438,6717496200807,6717497193493,992686
2439,6717497200734,6717498194346,993612
2440,6717498200624,6717499193532,992908
2441,6717499200736,6717500195773,995037
2442,6717500200625,6717501191478,990853
2443,6717501200644,6717502193367,992723
2444,6717502200515,6717503193183,992668
2445,6717503200479,6717504194795,994316
2446,6717504200443,6717505194555,994112
2447,6717505200629,6717506191555,990926
2448,6717506200222,6717507193501,993279
2449,6717507200130,6717508195112,994982
2450,6717508200075,6717509192317,992242
2451,6717509200095,6717510192799,992704
2452,6717510200095,6717511190559,990464
2453,6717511199948,6717512197875,997927
2454,6717512200615,6717513193635,993020
2455,6717513199801,6717514193654,993853
2456,6717514199802,6717515192451,992649
2457,6717515199747,6717516193378,993631
2458,6717516199655,6717517193230,993575
2459,6717517199563,6717518192509,992946
2460,6717518199583,6717519192287,992704
2461,6717519199528,6717520194158,994630
2462,6717520199492,6717521189733,990241
2463,6717521199455,6717522193067,993612
2464,6717522199308,6717523195457,996149
2465,6717523199253,6717524197531,998278
2466,6717524200217,6717525194088,993871
2467,6717525199106,6717526190607,991501
2468,6717526199051,6717527191330,992279
2469,6717527199089,6717528193534,994445
2470,6717528199034,6717529190905,991871
2471,6717529198924,6717530192369,993445
2472,6717530198851,6717531188722,989871
2473,6717531198796,6717532193667,994871
2474,6717532198778,6717533192760,993982
2475,6717533198797,6717534192113,993316
2476,6717534198594,6717535193095,994501
2477,6717535198595,6717536187892,989297
2478,6717536198225,6717537165874,967649
2479,6717537203245,6717538170653,967408
2480,6717538198005,6717539165468,967463
2481,6717539203079,6717540169839,966760
2482,6717540197876,6717541165618,967742
2483,6717541202988,6717542170359,967371
2484,6717542197730,6717543166601,968871
2485,6717543202897,6717544170065,967168
2486,6717544197657,6717545165565,967908
2487,6717545202732,6717546170733,968001
2488,6717546197492,6717547165807,968315
2489,6717547202641,6717548171419,968778
2490,6717548197382,6717549164957,967575
2491,6717549202513,6717550170810,968297
2492,6717550197254,6717551164996,967742
2493,6717551202384,6717552170756,968372
2494,6717552197163,6717553166201,969038
2495,6717553202293,6717554169294,967001
2496,6717554197035,6717555163906,966871
2497,6717555202165,6717556169055,966890
2498,6717556196944,6717557164722,967778
2499,6717557202074,6717558169445,967371
2500,6717558196778,6717559164520,967742
2501,6717559201927,6717560170595,968668
2502,6717560196706,6717561165484,968778
2503,6717561201836,6717562169541,967705
2504,6717562196559,6717563165023,968464
2505,6717563201727,6717564171024,969297
2506,6717564196486,6717565164117,967631
2507,6717565201598,6717566168932,967334
2508,6717566196340,6717567163859,967519
2509,6717567201470,6717568170063,968593
2510,6717568196267,6717569164027,967760
2511,6717569201360,6717570168898,967538
2512,6717570196120,6717571163880,967760
2513,6717571201251,6717572169770,968519
2514,6717572196011,6717573165974,969963
2515,6717573201141,6717574168420,967279
2516,6717574195864,6717575163180,967316
2517,6717575201032,6717576167921,966889
2518,6717576195792,6717577162922,967130
2519,6717577200922,6717578168311,967389
2520,6717578195663,6717579162942,967279
2521,6717579200794,6717580167887,967093
2522,6717580195535,6717581162906,967371
2523,6717581200703,6717582168037,967334
2524,6717582195425,6717583164982,969557
2525,6717583200574,6717584169371,968797
2526,6717584195390,6717585163039,967649
2527,6717585200483,6717586168854,968371
2528,6717586195206,6717587162725,967519
2529,6717587200355,6717588168189,967834
2530,6717588195134,6717589162116,966982
2531,6717589200227,6717590167635,967408
2532,6717590194987,6717591162451,967464
2533,6717591200117,6717592166655,966538
2534,6717592194896,6717593162452,967556
2535,6717593200026,6717594166619,966593
2536,6717594194749,6717595162176,967427
2537,6717595199861,6717596168510,968649
2538,6717596194676,6717597163085,968409
2539,6717597199770,6717598167122,967352
2540,6717598194511,6717599161679,967168
2541,6717599199642,6717600166735,967093
2542,6717600194457,6717601161847,967390
2543,6717601199550,6717602167088,967538
2544,6717602194292,6717603162515,968223
2545,6717603199441,6717604166423,966982
2546,6717604194219,6717605161738,967519
2547,6717605199313,6717606166184,966871
2548,6717606194073,6717607161499,967426
2549,6717607199166,6717608167611,968445
2550,6717608193963,6717609160723,966760
2551,6717609199093,6717610166742,967649
2552,6717610193835,6717611161428,967593
2553,6717611198965,6717612167188,968223
2554,6717612193762,6717613162226,968464
2555,6717613198874,6717614165967,967093
2556,6717614193615,6717615160727,967112
2557,6717615198727,6717616165932,967205
2558,6717616193487,6717617160784,967297
2559,6717617198618,6717618166248,967630
2560,6717618193415,6717619160601,967186
2561,6717619198526,6717620167323,968797
2562,6717620193305,6717621162120,968815
2563,6717621198417,6717622166306,967889
2564,6717622193140,6717623161196,968056
2565,6717623198289,6717624165252,966963
2566,6717624193049,6717625160605,967556
2567,6717625198160,6717626165309,967149
2568,6717626192976,6717627159977,967001
2569,6717627198069,6717628164848,966779
2570,6717628192811,6717629160460,967649
2571,6717629197960,6717630165609,967649
2572,6717630192701,6717631160146,967445
2573,6717631197813,6717632166332,968519
2574,6717632192591,6717633161296,968705
2575,6717633197703,6717634164963,967260
2576,6717634192445,6717635160057,967612
2577,6717635197575,6717636165335,967760
2578,6717636192354,6717637159206,966852
2579,6717637197484,6717638164837,967353
2580,6717638192244,6717639159189,966945
2581,6717639197356,6717640164357,967001
2582,6717640192116,6717641159728,967612
2583,6717641197228,6717642164339,967111
2584,6717642192043,6717643160451,968408
2585,6717643197118,6717644165693,968575
2586,6717644191896,6717645160508,968612
2587,6717645197008,6717646164305,967297
2588,6717646191787,6717647159380,967593
2589,6717647196899,6717648172344,975445
2590,6717648191844,6717649184604,992760
2591,6717649192178,6717650185086,992908
2592,6717650191956,6717651184031,992075
2593,6717651191902,6717652188680,996778
2594,6717652192254,6717653187199,994945
2595,6717653191866,6717654186311,994445
2596,6717654191885,6717655183942,992057
2597,6717655191775,6717656187183,995408
2598,6717656191887,6717657185813,993926
2599,6717657191536,6717658185944,994408
2600,6717658191425,6717659186167,994742
2601,6717659191463,6717660187741,996278
2602,6717660191945,6717661185353,993408
2603,6717661191390,6717662185132,993742
2604,6717662191354,6717663186540,995186
2605,6717663191244,6717664188078,996834
2606,6717664192041,6717665184041,992000
2607,6717665191060,6717666184987,993927
2608,6717666191061,6717667184765,993704
2609,6717667191006,6717668186414,995408
2610,6717668191007,6717669185285,994278
2611,6717669190878,6717670184878,994000
2612,6717670190786,6717671182972,992186
2613,6717671190805,6717672187676,996871
2614,6717672192139,6717673186862,994723
2615,6717673190806,6717674184678,993872
2616,6717674190585,6717675183678,993093
2617,6717675190734,6717676182679,991945
2618,6717676190531,6717677183624,993093
2619,6717677190420,6717678183088,992668
2620,6717678190329,6717679183015,992686
2621,6717679190329,6717680186182,995853
2622,6717680190886,6717681182960,992074
2623,6717681190164,6717682183665,993501
2624,6717682190054,6717683183980,993926
2625,6717683190203,6717684188740,998537
2626,6717684193111,6717685186278,993167
2627,6717685189926,6717686184649,994723
2628,6717686189946,6717687184446,994500
2629,6717687189928,6717688182966,993038
2630,6717688189836,6717689184355,994519
2631,6717689189522,6717690182282,992760
2632,6717690189782,6717691184412,994630
2633,6717691189820,6717692181598,991778
2634,6717692189543,6717693182469,992926
2635,6717693189562,6717694184433,994871
2636,6717694189433,6717695184359,994926
2637,6717695189378,6717696181471,992093
2638,6717696189305,6717697183083,993778
2639,6717697189324,6717698183806,994482
2640,6717698189214,6717699184622,995408
2641,6717699189159,6717700180956,991797
2642,6717700189141,6717701182105,992964
2643,6717701189068,6717702183013,993945
2644,6717702189068,6717703182088,993020
2645,6717703188902,6717704181829,992927
2646,6717704188885,6717705182089,993204
2647,6717705188756,6717706182571,993815
2648,6717706188701,6717707182850,994149
2649,6717707188739,6717708180276,991537
2650,6717708188647,6717709181777,993130
2651,6717709188629,6717710183074,994445
2652,6717710188537,6717711182871,994334
2653,6717711188427,6717712181927,993500
2654,6717712188464,6717713181984,993520
2655,6717713188373,6717714182058,993685
2656,6717714188336,6717715182300,993964
2657,6717715188337,6717716181727,993390
2658,6717716188208,6717717179524,991316
2659,6717717188098,6717718182635,994537
2660,6717718188006,6717719181784,993778
2661,6717719188062,6717720180174,992112
2662,6717720187933,6717721179378,991445
2663,6717721187934,6717722182138,994204
2664,6717722187898,6717723182769,994871
2665,6717723187750,6717724182362,994612
2666,6717724187788,6717725181085,993297
2667,6717725187641,6717726177864,990223
2668,6717726187697,6717727181790,994093
2669,6717727187568,6717728181291,993723
2670,6717728187458,6717729179384,991926
2671,6717729187421,6717730181385,993964
2672,6717730187385,6717731180700,993315
2673,6717731187330,6717732180368,993038
2674,6717732187294,6717733181146,993852
2675,6717733187165,6717734179240,992075
2676,6717734187129,6717735181222,994093
2677,6717735187055,6717736182093,995038
2678,6717736187019,6717737179427,992408
2679,6717737187001,6717738180687,993686
2680,6717738187020,6717739179817,992797
2681,6717739186799,6717740179800,993001
2682,6717740186892,6717741180523,993631
2683,6717741186745,6717742179671,992926
2684,6717742186653,6717743180024,993371
2685,6717743186635,6717744181303,994668
2686,6717744186617,6717745179822,993205
2687,6717745186433,6717746181045,994612
2688,6717746186489,6717747176934,990445
2689,6717747186416,6717748179954,993538
2690,6717748186102,6717749154084,967982
2691,6717749191065,6717750158492,967427
2692,6717750185807,6717751154845,969038
2693,6717751190937,6717752159494,968557
2694,6717752185716,6717753155124,969408
2695,6717753191161,6717754159569,968408
2696,6717754185588,6717755153607,968019
2697,6717755190699,6717756159033,968334
2698,6717756185459,6717757153275,967816
2699,6717757190590,6717758158127,967537
2700,6717758185350,6717759152702,967352
2701,6717759190462,6717760157647,967185
2702,6717760185259,6717761152907,967648
2703,6717761190389,6717762158130,967741
2704,6717762185112,6717763153835,968723
2705,6717763190279,6717764157206,966927
2706,6717764185039,6717765153040,968001
2707,6717765190133,6717766158244,968111
2708,6717766184893,6717767152708,967815
2709,6717767190004,6717768157876,967872
2710,6717768184801,6717769152024,967223
2711,6717769189876,6717770157395,967519
2712,6717770184655,6717771152359,967704
2713,6717771189767,6717772158027,968260
2714,6717772184545,6717773151842,967297
2715,6717773189694,6717774158584,968890
2716,6717774184417,6717775152251,967834
2717,6717775189547,6717776157011,967464
2718,6717776184363,6717777152252,967889
2719,6717777189438,6717778156957,967519
2720,6717778184179,6717779151717,967538
2721,6717779189291,6717780157958,968667
2722,6717780184088,6717781150589,966501
2723,6717781189218,6717782156775,967557
2724,6717782183960,6717783152701,968741
2725,6717783189109,6717784156276,967167
2726,6717784183869,6717785151814,967945
2727,6717785189018,6717786156296,967278
2728,6717786183722,6717787151371,967649
2729,6717787188852,6717788157390,968538
2730,6717788183631,6717789152020,968389
2731,6717789188761,6717790156336,967575
2732,6717790183521,6717791151207,967686
2733,6717791188614,6717792156430,967816
2734,6717792183393,6717793153801,970408
2735,6717793188505,6717794156339,967834
2736,6717794183265,6717795150914,967649
2737,6717795188377,6717796155655,967278
2738,6717796183174,6717797151082,967908
2739,6717797188304,6717798155749,967445
2740,6717798183045,6717799151120,968075
2741,6717799188194,6717800157251,969057
2742,6717800182973,6717801150955,967982
2743,6717801188066,6717802156234,968168
2744,6717802182826,6717803150512,967686
2745,6717803187919,6717804155124,967205
2746,6717804182698,6717805150551,967853
2747,6717805187810,6717806155699,967889
2748,6717806182570,6717807150200,967630
2749,6717807187719,6717808156553,968834
2750,6717808182479,6717809149313,966834
2751,6717809187572,6717810155425,967853
2752,6717810182369,6717811151073,968704
2753,6717811187462,6717812154500,967038
2754,6717812182315,6717813149982,967667
2755,6717813187371,6717814155298,967927
2756,6717814182113,6717815149465,967352
2757,6717815187280,6717816155855,968575
2758,6717816182059,6717817150337,968278
2759,6717817187133,6717818154597,967464
2760,6717818181912,6717819149690,967778
2761,6717819187024,6717820155506,968482
2762,6717820181765,6717821149655,967890
2763,6717821186914,6717822154156,967242
2764,6717822181656,6717823149082,967426
2765,6717823186749,6717824154453,967704
2766,6717824181620,6717825149361,967741
2767,6717825186676,6717826154529,967853
2768,6717826181436,6717827148418,966982
2769,6717827186530,6717828153771,967241
2770,6717828181364,6717829148438,967074
2771,6717829186457,6717830153995,967538
2772,6717830181180,6717831148958,967778
2773,6717831186329,6717832153552,967223
2774,6717832181107,6717833148293,967186
2775,6717833186238,6717834155035,968797
2776,6717834180942,6717835148313,967371
2777,6717835186054,6717836155092,969038
2778,6717836180869,6717837150055,969186
2779,6717837185963,6717838154000,968037
2780,6717838180723,6717839149372,968649
2781,6717839185853,6717840153261,967408
2782,6717840180632,6717841148632,968000
2783,6717841185725,6717842153633,967908
2784,6717842180503,6717843148078,967575
2785,6717843185597,6717844155505,969908
2786,6717844180357,6717845148839,968482
2787,6717845185506,6717846153580,968074
2788,6717846180229,6717847148007,967778
2789,6717847185377,6717848153656,968279
2790,6717848180156,6717849147916,967760
2791,6717849185249,6717850152880,967631
2792,6717850180009,6717851147251,967242
2793,6717851185140,6717852154011,968871
2794,6717852179937,6717853148585,968648
2795,6717853185048,6717854154475,969427
2796,6717854179790,6717855147291,967501
2797,6717855184902,6717856151625,966723
2798,6717856179699,6717857147181,967482
2799,6717857184811,6717858152311,967500
2800,6717858179552,6717859147256,967704
2801,6717859184701,6717860152442,967741
2802,6717860179479,6717861146925,967446
2803,6717861184591,6717862151703,967112
2804,6717862179314,6717863146704,967390
2805,6717863184445,6717864151242,966797
2806,6717864179223,6717865146909,967686
2807,6717865184353,6717866151558,967205
2808,6717866179095,6717867146762,967667
2809,6717867184225,6717868151189,966964
2810,6717868179004,6717869146542,967538
2811,6717869184097,6717870151635,967538
2812,6717870178857,6717871145691,966834
2813,6717871183987,6717872151859,967872
2814,6717872178766,6717873145341,966575
2815,6717873183878,6717874152953,969075
2816,6717874178638,6717875145694,967056
2817,6717875183731,6717876150898,967167
2818,6717876178528,6717877145695,967167
2819,6717877183640,6717878150918,967278
2820,6717878178418,6717879145715,967297
2821,6717879183530,6717880152161,968631
2822,6717880178327,6717881144347,966020
2823,6717881183402,6717882151162,967760
2824,6717882178181,6717883146552,968371
2825,6717883183274,6717884151015,967741
2826,6717884178089,6717885145590,967501
2827,6717885183201,6717886150665,967464
2828,6717886177943,6717887145258,967315
2829,6717887183073,6717888150870,967797
2830,6717888177852,6717889145612,967760
2831,6717889182945,6717890150390,967445
2832,6717890177705,6717891145039,967334
2833,6717891182706,6717892150540,967834
2834,6717892177595,6717893145263,967668
2835,6717893182744,6717894150671,967927
2836,6717894177467,6717895145116,967649
2837,6717895182616,6717896149691,967075
2838,6717896177413,6717897144321,966908
2839,6717897182488,6717898149989,967501
2840,6717898177248,6717899144711,967463
2841,6717899182378,6717900156434,974056
2842,6717900177638,6717901176787,999149
2843,6717901180435,6717902176751,996316
2844,6717902179566,6717903176344,996778
2845,6717903180011,6717904177308,997297
2846,6717904179660,6717905176401,996741
2847,6717905178827,6717906179031,1000204
2848,6717906182068,6717907178477,996409
2849,6717907182328,6717908178700,996372
2850,6717908182366,6717909176756,994390
2851,6717909180274,6717910175627,995353
2852,6717910179571,6717911176720,997149
2853,6717911180739,6717912174554,993815
2854,6717912178295,6717913174111,995816
2855,6717913177666,6717914174741,997075
2856,6717914178482,6717915171834,993352
2857,6717915176668,6717916169909,993241
2858,6717916176668,6717917172188,995520
2859,6717917176669,6717918172818,996149
2860,6717918176614,6717919173208,996594
2861,6717919176985,6717920171597,994612
2862,6717920176245,6717921172098,995853
2863,6717921176487,6717922172117,995630
2864,6717922176284,6717923172822,996538
2865,6717923176340,6717924172915,996575
2866,6717924176933,6717925171212,994279
2867,6717925176101,6717926173379,997278
2868,6717926177083,6717927173102,996019
2869,6717927176917,6717928172362,995445
2870,6717928176770,6717929171807,995037
2871,6717929175993,6717930172790,996797
2872,6717930176493,6717931170050,993557
2873,6717931175846,6717932171810,995964
2874,6717932175810,6717933171681,995871
2875,6717933175681,6717934172404,996723
2876,6717934176144,6717935174293,998149
2877,6717935178312,6717936172572,994260
2878,6717936176146,6717937171758,995612
2879,6717937175406,6717938175184,999778
2880,6717938178407,6717939177500,999093
2881,6717939180611,6717940176260,995649
2882,6717940180278,6717941175594,995316
2883,6717941178057,6717942174391,996334
2884,6717942177872,6717943171929,994057
2885,6717943175614,6717944170837,995223
2886,6717944175170,6717945170023,994853
2887,6717945175078,6717946171709,996631
2888,6717946175227,6717947169191,993964
2889,6717947174857,6717948172432,997575
2890,6717948176043,6717949172600,996557
2891,6717949176359,6717950171267,994908
2892,6717950174749,6717951170823,996074
2893,6717951174657,6717952167065,992408
2894,6717952174639,6717953169380,994741
2895,6717953174473,6717954175214,1000741
2896,6717954179122,6717955176104,996982
2897,6717955180160,6717956177049,996889
2898,6717956179753,6717957176957,997204
2899,6717957179494,6717958176421,996927
2900,6717958180143,6717959177588,997445
2901,6717959181681,6717960175663,993982
2902,6717960180534,6717961147997,967463
2903,6717961173720,6717962140331,966611
2904,6717962178794,6717963145517,966723
2905,6717963173554,6717964140740,967186
2906,6717964178740,6717965145408,966668
2907,6717965173445,6717966140112,966667
2908,6717966178557,6717967144854,966297
2909,6717967173354,6717968139188,965834
2910,6717968178428,6717969145059,966631
2911,6717969173188,6717970139782,966594
2912,6717970178319,6717971144782,966463
2913,6717971173116,6717972139376,966260
2914,6717972178265,6717973144839,966574
2915,6717973172988,6717974140581,967593
2916,6717974178099,6717975144563,966464
2917,6717975172878,6717976139027,966149
2918,6717976178027,6717977144602,966575
2919,6717977172731,6717978139399,966668
2920,6717978177862,6717979144196,966334
2921,6717979172659,6717980138770,966111
2922,6717980177789,6717981144364,966575
2923,6717981172549,6717982139383,966834
2924,6717982177661,6717983144532,966871
2925,6717983172458,6717984139718,967260
2926,6717984177533,6717985143737,966204
2927,6717985172274,6717986138923,966649
2928,6717986177404,6717987143905,966501
2929,6717987172146,6717988138406,966260
2930,6717988177276,6717989142684,965408
2931,6717989172055,6717990138722,966667
2932,6717990177167,6717991141871,964704
2933,6717991171945,6717992138094,966149
2934,6717992177057,6717993142669,965612
2935,6717993171817,6717994138484,966667
2936,6717994176929,6717995142337,965408
2937,6717995171689,6717996137486,965797
2938,6717996176801,6717997143246,966445
2939,6717997171561,6717998138265,966704
2940,6717998176709,6717999141988,965279
2941,6717999171451,6718000137859,966408
2942,6718000176600,6718001143063,966463
2943,6718001171341,6718002137546,966205
2944,6718002176472,6718003141880,965408
2945,6718003171250,6718004138510,967260
2946,6718004176362,6718005143140,966778
2947,6718005171122,6718006137752,966630
2948,6718006176215,6718007141531,965316
2949,6718007171012,6718008136994,965982
2950,6718008176161,6718009142717,966556
2951,6718009170884,6718010137051,966167
2952,6718010176070,6718011141237,965167
2953,6718011170774,6718012136534,965760
2954,6718012175923,6718013142405,966482
2955,6718013170665,6718014137943,967278
2956,6718014175777,6718015141129,965352
2957,6718015170518,6718016136426,965908
2958,6718016175685,6718017141945,966260
2959,6718017170427,6718018136909,966482
2960,6718018175557,6718019140965,965408
2961,6718019170336,6718020136577,966241
2962,6718020175466,6718021140856,965390
2963,6718021170189,6718022136671,966482
2964,6718022175319,6718023140728,965409
2965,6718023170116,6718024136969,966853
2966,6718024175247,6718025141673,966426
2967,6718025169970,6718026136285,966315
2968,6718026175100,6718027140397,965297
2969,6718027169842,6718028135231,965389
2970,6718028174990,6718029140417,965427
2971,6718029169732,6718030136196,966464
2972,6718030174825,6718031140252,965427
2973,6718031169641,6718032135104,965463
2974,6718032174753,6718033140124,965371
2975,6718033169494,6718034137124,967630
2976,6718034174643,6718035139588,964945
2977,6718035169384,6718036135644,966260
2978,6718036174552,6718037140867,966315
2979,6718037169275,6718038136016,966741
2980,6718038174387,6718039139869,965482
2981,6718039169165,6718040135351,966186
2982,6718040174314,6718041141074,966760
2983,6718041169055,6718042135612,966557
2984,6718042174204,6718043139501,965297
2985,6718043168927,6718044136243,967316
2986,6718044174076,6718045139392,965316
2987,6718045168781,6718046134485,965704
2988,6718046173948,6718047140412,966464
2989,6718047168726,6718048135801,967075
2990,6718048173838,6718049140358,966520
2991,6718049168580,6718050133506,964926
2992,6718050173747,6718051138118,964371
2993,6718051168489,6718052133804,965315
2994,6718052173619,6718053139342,965723
2995,6718053168360,6718054136139,967779
2996,6718054173472,6718055137825,964353
2997,6718055168251,6718056133289,965038
2998,6718056173381,6718057138789,965408
2999,6718057168123,6718058133383,965260
3000,6718058173253,6718059138513,965260
3001,6718059168032,6718060135051,967019
3002,6718060173162,6718061138996,965834
3003,6718061167885,6718062134386,966501
3004,6718062172997,6718063137923,964926
3005,6718063167683,6718064133387,965704
3006,6718064172943,6718065138425,965482
3007,6718065167628,6718066133518,965890
3008,6718066172777,6718067137315,964538
3009,6718067167574,6718068133834,966260
3010,6718068172686,6718069138150,965464
3011,6718069167446,6718070132317,964871
3012,6718070172577,6718071137762,965185
3013,6718071167299,6718072132634,965335
3014,6718072172430,6718073137486,965056
3015,6718073167208,6718074132616,965408
3016,6718074172394,6718075136728,964334
3017,6718075167099,6718076134655,967556
3018,6718076172192,6718077138508,966316
3019,6718077166971,6718078131934,964963
3020,6718078172119,6718079137416,965297
3021,6718079166805,6718080132547,965742
3022,6718080172028,6718081137047,965019
3023,6718081166751,6718082131993,965242
3024,6718082171845,6718083136660,964815
3025,6718083166642,6718084133309,966667
3026,6718084171790,6718085137032,965242
3027,6718085166513,6718086131107,964594
3028,6718086171625,6718087136719,965094
3029,6718087166422,6718088131553,965131
3030,6718088171534,6718089136924,965390
3031,6718089166276,6718090131536,965260
3032,6718090171424,6718091135814,964390
3033,6718091166147,6718092131593,965446
3034,6718092171315,6718093136223,964908
3035,6718093166038,6718094132020,965982
3036,6718094171150,6718095135502,964352
3037,6718095165928,6718096131207,965279
3038,6718096171077,6718097135615,964538
3039,6718097165837,6718098130949,965112
3040,6718098170949,6718099136264,965315
3041,6718099165709,6718100130784,965075
3042,6718100170839,6718101136284,965445
3043,6718101165581,6718102130655,965074
3044,6718102170748,6718103135193,964445
3045,6718103165471,6718104131305,965834
3046,6718104170583,6718105136102,965519
3047,6718105165343,6718106130862,965519
3048,6718106170473,6718107136029,965556
3049,6718107165233,6718108129771,964538
3050,6718108170419,6718109135753,965334
3051,6718109165123,6718110130272,965149
3052,6718110170272,6718111135347,965075
3053,6718111165014,6718112130014,965000
3054,6718112170126,6718113135256,965130
3055,6718113164904,6718114130109,965205
3056,6718114169997,6718115135628,965631
3057,6718115164776,6718116130091,965315
3058,6718116169906,6718117135240,965334
3059,6718117164648,6718118129760,965112
3060,6718118169760,6718119134983,965223
3061,6718119164557,6718120129502,964945
3062,6718120169687,6718121135021,965334
3063,6718121164428,6718122129688,965260
3064,6718122169577,6718123134985,965408
3065,6718123164300,6718124129523,965223
3066,6718124169449,6718125135246,965797
3067,6718125164228,6718126129617,965389
3068,6718126169321,6718127134525,965204
3069,6718127164062,6718128129211,965149
3070,6718128169193,6718129134638,965445
3071,6718129163953,6718130129213,965260
3072,6718130169083,6718131133899,964816
3073,6718131163862,6718132129196,965334
3074,6718132168973,6718133134493,965520
3075,6718133163733,6718134129030,965297
3076,6718134168864,6718135134327,965463
3077,6718135163624,6718136128810,965186
3078,6718136168754,6718137134144,965390
3079,6718137163496,6718138128311,964815
3080,6718138168682,6718139133775,965093
3081,6718139163386,6718140130239,966853
3082,6718140168516,6718141133887,965371
3083,6718141163276,6718142128703,965427
3084,6718142168407,6718143133444,965037
3085,6718143163185,6718144132149,968964
3086,6718144169278,6718145164131,994853
3087,6718145169057,6718146164132,995075
3088,6718146169039,6718147163836,994797
3089,6718147168762,6718148163744,994982
3090,6718148168781,6718149167634,998853
3091,6718149172282,6718150171116,998834
3092,6718150174635,6718151170043,995408
3093,6718151175061,6718152170155,995094
3094,6718152175395,6718153171081,995686
3095,6718153174581,6718154170860,996279
3096,6718154174267,6718155168194,993927
3097,6718155173212,6718156168158,994946
3098,6718156173102,6718157167844,994742
3099,6718157172918,6718158165770,992852
3100,6718158170548,6718159166789,996241
3101,6718159172049,6718160168216,996167
3102,6718160173142,6718161173754,1000612
3103,6718161176217,6718162171569,995352
3104,6718162176569,6718163170552,993983
3105,6718163175218,6718164171460,996242
3106,6718164174349,6718165168997,994648
3107,6718165173516,6718166169017,995501
3108,6718166173869,6718167167888,994019
3109,6718167172554,6718168167185,994631
3110,6718168172518,6718169168167,995649
3111,6718169173093,6718170165242,992149
3112,6718170170612,6718171166465,995853
3113,6718171171891,6718172165225,993334
3114,6718172170040,6718173163318,993278
3115,6718173168466,6718174164430,995964
3116,6718174169430,6718175161375,991945
3117,6718175166505,6718176161357,994852
3118,6718176166691,6718177159988,993297
3119,6718177164840,6718178160025,995185
3120,6718178165266,6718179158878,993612
3121,6718179163471,6718180158175,994704
3122,6718180162379,6718181156102,993723
3123,6718181161398,6718182158621,997223
3124,6718182163158,6718183155214,992056
3125,6718183161233,6718184155622,994389
3126,6718184161215,6718185160308,999093
3127,6718185164475,6718186163031,998556
3128,6718186167994,6718187164217,996223
3129,6718187169569,6718188165348,995779
3130,6718188170625,6718189163793,993168
3131,6718189168478,6718190163738,995260
3132,6718190168738,6718191160368,991630
3133,6718191166072,6718192165499,999427
3134,6718192170443,6718193165870,995427
3135,6718193171110,6718194165926,994816
3136,6718194170648,6718195166279,995631
3137,6718195170927,6718196166335,995408
3138,6718196170946,6718197168613,997667
3139,6718197173613,6718198167447,993834
3140,6718198172021,6718199167133,995112
3141,6718199172170,6718200165338,993168
3142,6718200169801,6718201164764,994963
3143,6718201169783,6718202165932,996149
3144,6718202170747,6718203165358,994611
3145,6718203170358,6718204165452,995094
3146,6718204170322,6718205165860,995538
3147,6718205170508,6718206166324,995816
3148,6718206171546,6718207163898,992352
3149,6718207169269,6718208162769,993500
3150,6718208167566,6718209161159,993593
3151,6718209165863,6718210162141,996278
3152,6718210167401,6718211164161,996760
3153,6718211169494,6718212160995,991501
3154,6718212166383,6718213160106,993723
3155,6718213164773,6718214160552,995779
3156,6718214165607,6718215165923,1000316
3157,6718215171089,6718216165868,994779
3158,6718216171016,6718217166739,995723
3159,6718217170924,6718218166480,995556
3160,6718218171147,6718219165740,994593
3161,6718219170852,6718220165371,994519
3162,6718220170352,6718221168816,998464
3163,6718221174038,6718222168076,994038
3164,6718222172650,6718223168262,995612
3165,6718223172836,6718224166263,993427
3166,6718224171355,6718225169300,997945
3167,6718225174023,6718226169375,995352
3168,6718226174246,6718227169006,994760
3169,6718227174450,6718228165803,991353
3170,6718228171617,6718229166933,995316
3171,6718229172007,6718230168026,996019
3172,6718230173434,6718231166416,992982
3173,6718231171231,6718232165731,994500
3174,6718232170917,6718233162269,991352
3175,6718233167602,6718234163955,996353
3176,6718234169325,6718235167011,997686
3177,6718235172252,6718236165512,993260
3178,6718236169975,6718237164457,994482
3179,6718237169291,6718238164347,995056
3180,6718238168828,6718239162625,993797
3181,6718239167533,6718240162274,994741
3182,6718240167237,6718241160905,993668
3183,6718241165479,6718242160387,994908
3184,6718242165535,6718243161258,995723
3185,6718243164850,6718244159962,995112
3186,6718244164944,6718245162945,998001
3187,6718245167852,6718246162593,994741
3188,6718246168075,6718247163594,995519
3189,6718247168705,6718248161780,993075
3190,6718248166687,6718249160021,993334
3191,6718249165059,6718250159985,994926
3192,6718250164837,6718251159819,994982
3193,6718251164912,6718252162968,998056
3194,6718252164468,6718253159302,994834
3195,6718253161932,6718254158266,996334
3196,6718254161729,6718255159859,998130
3197,6718255163285,6718256158841,995556
3198,6718256162545,6718257157916,995371
3199,6718257161694,6718258156639,994945
3200,6718258160084,6718259157029,996945
3201,6718259160770,6718260158122,997352
3202,6718260161900,6718261157641,995741
3203,6718261161141,6718262157290,996149
3204,6718262161105,6718263157717,996612
3205,6718263161458,6718264157755,996297
3206,6718264161921,6718265156366,994445
3207,6718265159070,6718266158201,999131
3208,6718266160515,6718267157072,996557
3209,6718267160923,6718268156850,995927
3210,6718268161239,6718269157943,996704
3211,6718269161666,6718270158648,996982
3212,6718270162148,6718271158297,996149
3213,6718271161686,6718272157205,995519
3214,6718272161242,6718273157946,996704
3215,6718273161928,6718274159632,997704
3216,6718274163429,6718275161855,998426
3217,6718275164707,6718276158430,993723
3218,6718276162263,6718277157838,995575
3219,6718277161875,6718278158728,996853
3220,6718278162672,6718279158877,996205
3221,6718279162821,6718280159340,996519
3222,6718280162933,6718281156637,993704
3223,6718281160434,6718282158101,997667
3224,6718282161953,6718283158954,997001
3225,6718283162898,6718284158658,995760
3226,6718284163380,6718285160881,997501
3227,6718285164900,6718286159197,994297
3228,6718286163252,6718287159994,996742
3229,6718287163919,6718288159568,995649
3230,6718288164124,6718289161402,997278
3231,6718289165180,6718290162662,997482
3232,6718290166496,6718291163996,997500
3233,6718291166904,6718292160719,993815
3234,6718292164979,6718293160905,995926
3235,6718293164424,6718294161073,996649
3236,6718294164943,6718295163555,998612
3237,6718295167536,6718296163908,996372
3238,6718296167333,6718297162742,995409
3239,6718297166149,6718298162168,996019
3240,6718298165779,6718299162317,996538
3241,6718299166447,6718300162540,996093
3242,6718300166818,6718301162689,995871
3243,6718301167541,6718302165282,997741
3244,6718302168634,6718303164987,996353
3245,6718303168709,6718304163524,994815
3246,6718304167710,6718305165803,998093
3247,6718305169618,6718306166267,996649
3248,6718306170285,6718307167564,997279
3249,6718307170953,6718308169398,998445
3250,6718308171750,6718309168954,997204
3251,6718309171713,6718310169381,997668
3252,6718310171751,6718311169344,997593
3253,6718311171604,6718312165919,994315
3254,6718312169401,6718313165124,995723
3255,6718313168827,6718314164328,995501
3256,6718314168143,6718315165699,997556
3257,6718315168921,6718316161663,992742
3258,6718316165533,6718317160608,995075
3259,6718317164201,6718318159275,995074
3260,6718318162720,6718319159295,996575
3261,6718319163239,6718320159499,996260
3262,6718320163888,6718321159833,995945
3263,6718321163722,6718322160593,996871
3264,6718322164538,6718323161760,997222
3265,6718323165186,6718324159446,994260
3266,6718324163465,6718325162855,999390
3267,6718325165873,6718326162615,996742
3268,6718326166318,6718327161986,995668
3269,6718327165930,6718328159857,993927
3270,6718328163560,6718329159746,996186
3271,6718329163487,6718330160525,997038
3272,6718330164506,6718331160859,996353
3273,6718331165118,6718332160508,995390
3274,6718332164971,6718333160620,995649
3275,6718333163601,6718334157380,993779
3276,6718334161102,6718335158325,997223
3277,6718335161436,6718336156288,994852
3278,6718336160751,6718337157789,997038
3279,6718337161678,6718338158938,997260
3280,6718338162660,6718339161494,998834
3281,6718339164717,6718340160458,995741
3282,6718340164588,6718341161144,996556
3283,6718341164885,6718342161478,996593
3284,6718342165534,6718343162164,996630
3285,6718343166182,6718344161905,995723
3286,6718344165516,6718345161943,996427
3287,6718345165591,6718346160370,994779
3288,6718346163907,6718347160204,996297
3289,6718347163871,6718348159982,996111
3290,6718348163686,6718349158872,995186
3291,6718349161946,6718350159354,997408
3292,6718350162984,6718351158447,995463
3293,6718351161855,6718352155856,994001
3294,6718352160096,6718353156171,996075
3295,6718353160023,6718354157246,997223
3296,6718354160302,6718355154654,994352
3297,6718355158432,6718356154062,995630
3298,6718356158470,6718357154989,996519
3299,6718357159119,6718358156008,996889
3300,6718358159767,6718359156601,996834
3301,6718359160583,6718360156954,996371
3302,6718360160880,6718361159344,998464
3303,6718361162955,6718362159104,996149
3304,6718362163159,6718363159808,996649
3305,6718363163734,6718364162383,998649
3306,6718364166994,6718365164698,997704
3307,6718365168550,6718366166144,997594
3308,6718366168495,6718367164070,995575
3309,6718367167774,6718368164719,996945
3310,6718368168293,6718369164646,996353
3311,6718369168312,6718370163239,994927
3312,6718370166591,6718371162295,995704
3313,6718371165962,6718372162111,996149
3314,6718372165981,6718373162223,996242
3315,6718373166038,6718374159964,993926
3316,6718374163594,6718375160243,996649
3317,6718375164150,6718376160280,996130
3318,6718376163929,6718377159170,995241
3319,6718377162670,6718378158338,995668
3320,6718378161986,6718379158079,996093
3321,6718379162172,6718380158783,996611
3322,6718380163487,6718381159321,995834
3323,6718381163266,6718382158155,994889
3324,6718382161489,6718383157656,996167
3325,6718383161230,6718384156157,994927
3326,6718384160379,6718385158324,997945
3327,6718385162306,6718386158195,995889
3328,6718386162121,6718387156733,994612
3329,6718387160177,6718388155382,995205
3330,6718388159752,6718389158716,998964
3331,6718389160771,6718390157050,996279
3332,6718390160643,6718391156514,995871
3333,6718391159014,6718392154477,995463
3334,6718392158607,6718393153052,994445
3335,6718393156126,6718394152479,996353
3336,6718394156127,6718395153702,997575
3337,6718395157665,6718396154073,996408
3338,6718396158795,6718397154814,996019
3339,6718397158629,6718398157093,998464
3340,6718398159130,6718399155760,996630
3341,6718399159445,6718400155502,996057
3342,6718400159928,6718401156021,996093
3343,6718401159947,6718402154410,994463
3344,6718402157707,6718403155115,997408
3345,6718403158652,6718404155708,997056
3346,6718404159875,6718405156931,997056
3347,6718405160876,6718406158580,997704
3348,6718406162636,6718407158692,996056
3349,6718407161322,6718408158433,997111
3350,6718408160989,6718409157601,996612
3351,6718409160101,6718410156379,996278
3352,6718410159935,6718411156084,996149
3353,6718411159936,6718412155788,995852
3354,6718412158233,6718413154104,995871
3355,6718413157604,6718414151753,994149
3356,6718414155234,6718415154031,998797
3357,6718415157864,6718416155013,997149
3358,6718416158995,6718417154903,995908
3359,6718417159125,6718418156422,997297
3360,6718418159681,6718419158756,999075
3361,6718419160923,6718420156905,995982
3362,6718420160831,6718421156980,996149
3363,6718421160961,6718422158018,997057
3364,6718422161925,6718423157148,995223
3365,6718423160592,6718424158223,997631
3366,6718424162667,6718425164261,1001594
3367,6718425164761,6718426160965,996204
3368,6718426164317,6718427160818,996501
3369,6718427164336,6718428159948,995612
3370,6718428163263,6718429158745,995482
3371,6718429162208,6718430158801,996593
3372,6718430162598,6718431159320,996722
3373,6718431163376,6718432159543,996167
3374,6718432163803,6718433160526,996723
3375,6718433163785,6718434160119,996334
3376,6718434163989,6718435161397,997408
3377,6718435164453,6718436158620,994167
3378,6718436162324,6718437158880,996556
3379,6718437162695,6718438159085,996390
3380,6718438163122,6718439158252,995130
3381,6718439161752,6718440157068,995316
3382,6718440161327,6718441157606,996279
3383,6718441161531,6718442158773,997242
3384,6718442162514,6718443158403,995889
3385,6718443162255,6718444155608,993353
3386,6718444160237,6718445129553,969316
3387,6718445145868,6718446112924,967056
3388,6718446150942,6718447118073,967131
3389,6718447145721,6718448112074,966353
3390,6718448150851,6718449117834,966983
3391,6718449145593,6718450112612,967019
3392,6718450150760,6718451117594,966834
3393,6718451145483,6718452112317,966834
3394,6718452150632,6718453117411,966779
3395,6718453145373,6718454112152,966779
3396,6718454150504,6718455118430,967926
3397,6718455145190,6718456111598,966408
3398,6718456150376,6718457115617,965241
3399,6718457145117,6718458111562,966445
3400,6718458150248,6718459116804,966556
3401,6718459145026,6718460107304,962278
3402,6718460145119,6718461109787,964668
3403,6718461150046,6718462117380,967334
3404,6718462144806,6718463111381,966575
3405,6718463149918,6718464117344,967426
3406,6718464144752,6718465112827,968075
3407,6718465149845,6718466116550,966705
3408,6718466144642,6718467111439,966797
3409,6718467149736,6718468115625,965889
3410,6718468144514,6718469111107,966593
3411,6718469149626,6718470116275,966649
3412,6718470144367,6718471110998,966631
3413,6718471149479,6718472117406,967927
3414,6718472144258,6718473112110,967852
3415,6718473149351,6718474116111,966760
3416,6718474144148,6718475111630,967482
3417,6718475149260,6718476116946,967686
3418,6718476144001,6718477111076,967075
3419,6718477149169,6718478116151,966982
3420,6718478143910,6718479110726,966816
3421,6718479148985,6718480115782,966797
3422,6718480143801,6718481110338,966537
3423,6718481148894,6718482115635,966741
3424,6718482143654,6718483109914,966260
3425,6718483148821,6718484116766,967945
3426,6718484143563,6718485112434,968871
3427,6718485148693,6718486115583,966890
3428,6718486143453,6718487109880,966427
3429,6718487148583,6718488115529,966946
3430,6718488143362,6718489109955,966593
3431,6718489148455,6718490115178,966723
3432,6718490143197,6718491109623,966426
3433,6718491148346,6718492114717,966371
3434,6718492143124,6718493109662,966538
3435,6718493148217,6718494114385,966168
3436,6718494143014,6718495109460,966446
3437,6718495148089,6718496115923,967834
3438,6718496142868,6718497110183,967315
3439,6718497148017,6718498114795,966778
3440,6718498142740,6718499109296,966556
3441,6718499147888,6718500114537,966649
3442,6718500142667,6718501109890,967223
3443,6718501147760,6718502114242,966482
3444,6718502142502,6718503108817,966315
3445,6718503147651,6718504115281,967630
3446,6718504142429,6718505112985,970556
3447,6718505147541,6718506114560,967019
3448,6718506142319,6718507109042,966723
3449,6718507147450,6718508113728,966278
3450,6718508142210,6718509109062,966852
3451,6718509147303,6718510114174,966871
3452,6718510142082,6718511108971,966889
3453,6718511147193,6718512113676,966483
3454,6718512141953,6718513108547,966594
3455,6718513147102,6718514114047,966945
3456,6718514141807,6718515108289,966482
3457,6718515146956,6718516121456,974500
3458,6718516142012,6718517109976,967964
3459,6718517146864,6718518113754,966890
3460,6718518141587,6718519108699,967112
3461,6718519146718,6718520114774,968056
3462,6718520141459,6718521125590,984131
3463,6718521141849,6718522143405,1001556
3464,6718522147072,6718523141795,994723
3465,6718523145147,6718524141388,996241
3466,6718524144351,6718525141852,997501
3467,6718525144407,6718526139445,995038
3468,6718526142408,6718527137742,995334
3469,6718527141427,6718528137817,996390
3470,6718528142243,6718529137947,995704
3471,6718529141892,6718530138485,996593
3472,6718530141837,6718531145615,1003778
3473,6718531147801,6718532143931,996130
3474,6718532148024,6718533143358,995334
3475,6718533146709,6718534142877,996168
3476,6718534146655,6718535142137,995482
3477,6718535144322,6718536138582,994260
3478,6718536142656,6718537138768,996112
3479,6718537142786,6718538138676,995890
3480,6718538142509,6718539136473,993964
3481,6718539140769,6718540136122,995353
3482,6718540140789,6718541137345,996556
3483,6718541140512,6718542135123,994611
3484,6718542140716,6718543136346,995630
3485,6718543140550,6718544135680,995130
3486,6718544140532,6718545133551,993019
3487,6718545140422,6718546136423,996001
3488,6718546140237,6718547135497,995260
3489,6718547140386,6718548135517,995131
3490,6718548140257,6718549134221,993964
3491,6718549140258,6718550134018,993760
3492,6718550140166,6718551136537,996371
3493,6718551139852,6718552135464,995612
3494,6718552139853,6718553108835,968982
3495,6718553144817,6718554112151,967334
3496,6718554139577,6718555107133,967556
3497,6718555144688,6718556113559,968871
3498,6718556139504,6718557106375,966871
3499,6718557144579,6718558111450,966871
3500,6718558139283,6718559106062,966779
3501,6718559144414,6718560113173,968759
3502,6718560139192,6718561107470,968278
3503,6718561144304,6718562111305,967001
3504,6718562139082,6718563105990,966908
3505,6718563144194,6718564112362,968168
3506,6718564138973,6718565107047,968074
3507,6718565144066,6718566111845,967779
3508,6718566138863,6718567105549,966686
3509,6718567143993,6718568111846,967853
3510,6718568138716,6718569106643,967927
3511,6718569143847,6718570110773,966926
3512,6718570138607,6718571107163,968556
3513,6718571143719,6718572111664,967945
3514,6718572138516,6718573106924,968408
3515,6718573143664,6718574110832,967168
3516,6718574138350,6718575105536,967186
3517,6718575143518,6718576111741,968223
3518,6718576138259,6718577105001,966742
3519,6718577143353,6718578110687,967334
3520,6718578138131,6718579105521,967390
3521,6718579143280,6718580110373,967093
3522,6718580138095,6718581104855,966760
3523,6718581143170,6718582110375,967205
3524,6718582137912,6718583104875,966963
3525,6718583143024,6718584109821,966797
3526,6718584137821,6718585104988,967167
3527,6718585142988,6718586109803,966815
3528,6718586137729,6718587104804,967075
3529,6718587142767,6718588111249,968482
3530,6718588137620,6718589105195,967575
3531,6718589142695,6718590109695,967000
3532,6718590137436,6718591104474,967038
3533,6718591142603,6718592109863,967260
3534,6718592137382,6718593104383,967001
3535,6718593142494,6718594109346,966852
3536,6718594137235,6718595104088,966853
3537,6718595142366,6718596111422,969056
3538,6718596137107,6718597105311,968204
3539,6718597142256,6718598109146,966890
3540,6718598137034,6718599103924,966890
3541,6718599142091,6718600110184,968093
3542,6718600136888,6718601105203,968315
3543,6718601142018,6718602108889,966871
3544,6718602136834,6718603103223,966389
3545,6718603141927,6718604109854,967927
3546,6718604136668,6718605105095,968427
3547,6718605141780,6718606109948,968168
3548,6718606136559,6718607103745,967186
3549,6718607141671,6718608109357,967686
3550,6718608136412,6718609103431,967019
3551,6718609141579,6718610108210,966631
3552,6718610136321,6718611103136,966815
3553,6718611141396,6718612108304,966908
3554,6718612136193,6718613102786,966593
3555,6718613141323,6718614107879,966556
3556,6718614136065,6718615103028,966963
3557,6718615141195,6718616109881,968686
3558,6718616135992,6718617103715,967723
3559,6718617141048,6718618108271,967223
3560,6718618135882,6718619102846,966964
3561,6718619140976,6718620107847,966871
3562,6718620135773,6718621102884,967111
3563,6718621140792,6718622107774,966982
3564,6718622135644,6718623102293,966649
3565,6718623140738,6718624108479,967741
3566,6718624135498,6718625103480,967982
3567,6718625140610,6718626108055,967445
3568,6718626135370,6718627102352,966982
3569,6718627140537,6718628108056,967519
3570,6718628135278,6718629102150,966872
3571,6718629140390,6718630107224,966834
3572,6718630135150,6718631102095,966945
3573,6718631140281,6718632107948,967667
3574,6718632135078,6718633103227,968149
3575,6718633140134,6718634106968,966834
3576,6718634134931,6718635101913,966982
3577,6718635140061,6718636108525,968464
3578,6718636134840,6718637102711,967871
3579,6718637139952,6718638106786,966834
3580,6718638134712,6718639101379,966667
3581,6718639139824,6718640107676,967852
3582,6718640134621,6718641102529,967908
3583,6718641139751,6718642106622,966871
3584,6718642134455,6718643101419,966964
3585,6718643139604,6718644112086,972482
3586,6718644134642,6718645109291,974649
3587,6718645134513,6718646131310,996797
3588,6718646136384,6718647129718,993334
3589,6718647134607,6718648128367,993760
3590,6718648134460,6718649131109,996649
3591,6718649134868,6718650129813,994945
3592,6718650134350,6718651130684,996334
3593,6718651134369,6718652126574,992205
3594,6718652134370,6718653131223,996853
3595,6718653135241,6718654132297,997056
3596,6718654136575,6718655133020,996445
3597,6718655137002,6718656137058,1000056
3598,6718656138910,6718657132855,993945
3599,6718657134522,6718658130448,995926
3600,6718658134226,6718659128783,994557
3601,6718659133857,6718660128598,994741
3602,6718660133802,6718661128858,995056
3603,6718661133728,6718662127544,993816
3604,6718662133785,6718663129434,995649
3605,6718663133748,6718664128471,994723
3606,6718664133638,6718665127139,993501
3607,6718665133528,6718666130973,997445
3608,6718666133584,6718667126381,992797
3609,6718667133436,6718668128771,995335
3610,6718668133437,6718669129327,995890
3611,6718669133345,6718670128087,994742
3612,6718670133291,6718671129569,996278
3613,6718671133013,6718672126977,993964
3614,6718672133199,6718673127793,994594
3615,6718673133182,6718674130367,997185
3616,6718674133756,6718675129924,996168
3617,6718675133776,6718676126776,993000
3618,6718676132739,6718677128351,995612
3619,6718677132944,6718678129056,996112
3620,6718678132889,6718679128723,995834
3621,6718679132704,6718680128853,996149
3622,6718680133001,6718681126910,993909
3623,6718681132632,6718682129096,996464
3624,6718682133003,6718683129781,996778
3625,6718683133689,6718684129245,995556
3626,6718684133393,6718685100931,967538
3627,6718685137246,6718686105469,968223
3628,6718686131969,6718687098099,966130
3629,6718687137062,6718688103378,966316
3630,6718688131859,6718689098897,967038
3631,6718689136934,6718690103787,966853
3632,6718690131694,6718691098472,966778
3633,6718691136769,6718692104714,967945
3634,6718692131603,6718693099159,967556
3635,6718693136733,6718694103493,966760
3636,6718694131456,6718695098068,966612
3637,6718695136605,6718696105495,968890
3638,6718696131402,6718697098403,967001
3639,6718697136495,6718698103459,966964
3640,6718698131218,6718699098275,967057
3641,6718699136386,6718700102812,966426
3642,6718700131164,6718701097628,966464
3643,6718701136257,6718702103110,966853
3644,6718702131017,6718703097703,966686
3645,6718703136148,6718704102056,965908
3646,6718704130926,6718705097760,966834
3647,6718705136057,6718706103557,967500
3648,6718706130761,6718707097466,966705
3649,6718707135854,6718708102374,966520
3650,6718708130688,6718709097337,966649
3651,6718709135763,6718710102134,966371
3652,6718710130542,6718711096931,966389
3653,6718711135654,6718712101747,966093
3654,6718712130469,6718713096914,966445
3655,6718713135581,6718714102174,966593
3656,6718714130304,6718715096934,966630
3657,6718715135453,6718716103379,967926
3658,6718716130250,6718717098251,968001
3659,6718717135325,6718718102085,966760
3660,6718718130085,6718719097289,967204
3661,6718719135215,6718720102419,967204
3662,6718720130012,6718721096957,966945
3663,6718721135105,6718722101828,966723
3664,6718722129828,6718723096051,966223
3665,6718723134977,6718724101719,966742
3666,6718724129774,6718725096571,966797
3667,6718725134868,6718726101979,967111
3668,6718726129628,6718727096758,967130
3669,6718727134758,6718728102777,968019
3670,6718728129536,6718729097704,968168
3671,6718729134630,6718730101371,966741
3672,6718730129371,6718731096001,966630
3673,6718731134520,6718732102002,967482
3674,6718732129280,6718733096244,966964
3675,6718733134392,6718734101393,967001
3676,6718734129152,6718735095616,966464
3677,6718735134264,6718736101690,967426
3678,6718736129061,6718737096117,967056
3679,6718737134173,6718738100877,966704
3680,6718738128895,6718739095767,966872
3681,6718739134063,6718740100027,965964
3682,6718740128841,6718741095750,966909
3683,6718741133935,6718742100287,966352
3684,6718742128695,6718743095269,966574
3685,6718743133825,6718744100141,966316
3686,6718744128585,6718745095623,967038
3687,6718745133734,6718746101753,968019
3688,6718746128475,6718747095309,966834
3689,6718747133587,6718748099792,966205
3690,6718748128384,6718749094959,966575
3691,6718749133478,6718750100089,966611
3692,6718750128238,6718751095053,966815
3693,6718751133368,6718752101295,967927
3694,6718752128146,6718753096166,968020
3695,6718753133240,6718754099907,966667
3696,6718754128018,6718755094612,966594
3697,6718755133130,6718756101223,968093
3698,6718756127909,6718757095002,967093
3699,6718757133020,6718758099743,966723
3700,6718758127799,6718759094300,966501
3701,6718759132911,6718760099060,966149
3702,6718760127689,6718761094079,966390
3703,6718761132783,6718762100043,967260
3704,6718762127561,6718763094358,966797
3705,6718763132691,6718764100470,967779
3706,6718764127488,6718765095341,967853
3707,6718765132545,6718766100360,967815
3708,6718766127323,6718767094046,966723
3709,6718767132435,6718768100306,967871
3710,6718768128732,6718769125307,996575
3711,6718769129085,6718770120900,991815
3712,6718770127511,6718771121197,993686
3713,6718771127586,6718772121068,993482
3714,6718772127494,6718773120458,992964
3715,6718773127384,6718774121866,994482
3716,6718774127236,6718775120737,993501
3717,6718775127552,6718776121923,994371
3718,6718776126905,6718777093498,966593
3719,6718777131942,6718778099647,967705
3720,6718778126628,6718779093962,967334
3721,6718779131796,6718780098741,966945
3722,6718780126537,6718781093797,967260
3723,6718781131686,6718782098594,966908
3724,6718782126427,6718783093150,966723
3725,6718783131539,6718784098003,966464
3726,6718784126318,6718785093689,967371
3727,6718785131411,6718786099523,968112
3728,6718786126171,6718787093561,967390
3729,6718787131264,6718788099487,968223
3730,6718788126061,6718789094321,968260
3731,6718789131210,6718790098600,967390
3732,6718790125915,6718791092953,967038
3733,6718791131045,6718792098713,967668
3734,6718792125842,6718793092954,967112
3735,6718793130935,6718794097825,966890
3736,6718794125677,6718795091881,966204
3737,6718795130844,6718796097864,967020
3738,6718796125586,6718797092549,966963
3739,6718797130698,6718798097717,967019
3740,6718798125495,6718799092218,966723
3741,6718799130607,6718800098774,968167
3742,6718800125366,6718801093238,967872
3743,6718801130497,6718802097109,966612
3744,6718802125257,6718803091943,966686
3745,6718803130332,6718804097369,967037
3746,6718804125166,6718805092389,967223
3747,6718805130278,6718806097926,967648
3748,6718806125000,6718807092075,967075
3749,6718807130168,6718808096761,966593
3750,6718808124872,6718809091651,966779
3751,6718809130058,6718810097040,966982
3752,6718810124763,6718811091893,967130
3753,6718811129912,6718812097746,967834
3754,6718812124709,6718813092894,968185
3755,6718813129765,6718814096766,967001
3756,6718814124562,6718815091451,966889
3757,6718815129711,6718816098434,968723
3758,6718816124471,6718817091731,967260
3759,6718817129564,6718818096417,966853
3760,6718818124306,6718819091028,966722
3761,6718819129417,6718820095640,966223
3762,6718820124214,6718821091122,966908
3763,6718821129308,6718822095957,966649
3764,6718822124068,6718823090717,966649
3765,6718823129235,6718824096069,966834
3766,6718824124014,6718825091422,967408
3767,6718825129088,6718826097052,967964
3768,6718826123904,6718827089997,966093
3769,6718827128979,6718828095387,966408
3770,6718828123757,6718829090776,967019
3771,6718829128832,6718830095407,966575
3772,6718830123611,6718831090648,967037
3773,6718831128741,6718832095668,966927
3774,6718832123519,6718833090594,967075
3775,6718833128650,6718834095650,967000
3776,6718834123428,6718835090410,966982
3777,6718835128522,6718836097541,969019
3778,6718836123319,6718837091486,968167
3779,6718837128393,6718838095968,967575
3780,6718838123153,6718839089580,966427
3781,6718839128302,6718840095729,967427
3782,6718840123099,6718841090396,967297
3783,6718841128193,6718842095156,966963
3784,6718842122971,6718843089750,966779
3785,6718843128064,6718844094824,966760
3786,6718844122806,6718845089603,966797
3787,6718845127955,6718846094937,966982
3788,6718846122715,6718847090586,967871
3789,6718847127808,6718848107012,979204
3790,6718848122735,6718849091476,968741
3791,6718849127698,6718850094051,966353
3792,6718850122495,6718851088904,966409
3793,6718851127589,6718852095201,967612
3794,6718852122367,6718853089738,967371
3795,6718853127516,6718854094591,967075
3796,6718854122239,6718855089221,966982
3797,6718855127351,6718856094185,966834
3798,6718856122166,6718857089741,967575
3799,6718857127278,6718858094279,967001
3800,6718858122001,6718859088909,966908
3801,6718859127150,6718860093855,966705
3802,6718860121947,6718861088726,966779
3803,6718861127022,6718862094041,967019
3804,6718862121819,6718863088931,967112
3805,6718863126912,6718864093524,966612
3806,6718864121672,6718865088840,967168
3807,6718865126803,6718866093063,966260
3808,6718866121544,6718867088804,967260
3809,6718867126712,6718868093620,966908
3810,6718868121490,6718869088398,966908
3811,6718869126583,6718870093695,967112
3812,6718870121325,6718871088214,966889
3813,6718871126437,6718872094178,967741
3814,6718872121234,6718873088827,967593
3815,6718873126364,6718874092939,966575
3816,6718874121105,6718875087643,966538
3817,6718875126236,6718876093829,967593
3818,6718876121033,6718877088571,967538
3819,6718877126126,6718878092960,966834
3820,6718878120886,6718879087831,966945
3821,6718879125979,6718880092665,966686
3822,6718880120814,6718881087611,966797
3823,6718881125851,6718882092833,966982
3824,6718882120630,6718883087797,967167
3825,6718883125797,6718884093928,968131
3826,6718884120520,6718885088354,967834
3827,6718885125651,6718886092633,966982
3828,6718886120392,6718887087874,967482
3829,6718887125522,6718888091838,966316
3830,6718888120319,6718889087227,966908
3831,6718889125413,6718890092562,967149
3832,6718890120173,6718891086618,966445
3833,6718891125284,6718892100378,975094
3834,6718892120619,6718893113471,992852
3835,6718893120490,6718894114898,994408
3836,6718894120435,6718895113417,992982
3837,6718895120380,6718896115992,995612
3838,6718896120455,6718897114733,994278
3839,6718897120215,6718898114475,994260
3840,6718898120160,6718899114290,994130
3841,6718899120124,6718900112606,992482
3842,6718900120087,6718901116347,996260
3843,6718901120014,6718902110904,990890
3844,6718902119941,6718903114071,994130
3845,6718903119923,6718904113053,993130
3846,6718904119812,6718905113054,993242
3847,6718905119739,6718906113962,994223
3848,6718906119740,6718907114074,994334
3849,6718907119463,6718908111871,992408
3850,6718908119667,6718909113816,994149
3851,6718909119483,6718910113521,994038
3852,6718910119483,6718911112669,993186
3853,6718911119447,6718912112466,993019
3854,6718912119448,6718913114004,994556
3855,6718913119319,6718914113912,994593
3856,6718914119283,6718915113932,994649
3857,6718915119246,6718916112599,993353
3858,6718916119210,6718917113081,993871
3859,6718917119118,6718918111397,992279
3860,6718918119082,6718919113360,994278
3861,6718919118953,6718920111972,993019
3862,6718920118972,6718921113566,994594
3863,6718921118825,6718922112381,993556
3864,6718922118844,6718923113326,994482
3865,6718923118456,6718924111586,993130
3866,6718924118642,6718925112087,993445
3867,6718925118643,6718926112828,994185
3868,6718926118532,6718927112440,993908
3869,6718927118514,6718928110367,991853
3870,6718928118497,6718929113220,994723
3871,6718929118368,6718930111498,993130
3872,6718930118165,6718931114665,996500
3873,6718931118277,6718932110537,992260
3874,6718932118222,6718933112852,994630
3875,6718933118204,6718934112168,993964
3876,6718934118168,6718935111520,993352
3877,6718935118076,6718936111965,993889
3878,6718936118262,6718937112281,994019
3879,6718937118022,6718938115578,997556
3880,6718938119189,6718939114449,995260
3881,6718939118356,6718940112153,993797
3882,6718940117839,6718941115876,998037
3883,6718941119728,6718942113525,993797
3884,6718942117636,6718943110174,992538
3885,6718943117563,6718944110786,993223
3886,6718944117527,6718945110435,992908
3887,6718945117416,6718946110658,993242
3888,6718946117565,6718947115362,997797
3889,6718947119047,6718948112381,993334
3890,6718948117456,6718949110049,992593
3891,6718949117253,6718950111198,993945
3892,6718950117235,6718951109013,991778
3893,6718951117050,6718952110033,992983
3894,6718952117125,6718953111070,993945
3895,6718953116996,6718954110219,993223
3896,6718954116960,6718955110368,993408
3897,6718955116905,6718956110295,993390
3898,6718956116758,6718957114110,997352
3899,6718957117666,6718958110092,992426
3900,6718958116667,6718959110723,994056
3901,6718959116889,6718960109316,992427
3902,6718960116631,6718961111817,995186
3903,6718961116465,6718962109836,993371
3904,6718962116447,6718963110078,993631
3905,6718963116429,6718964108819,992390
3906,6718964116430,6718965109412,992982
3907,6718965116338,6718966109691,993353
3908,6718966116265,6718967110340,994075
3909,6718967116155,6718968108563,992408
3910,6718968116155,6718969109952,993797
3911,6718969116323,6718970109546,993223
3912,6718970116046,6718971111398,995352
3913,6718971115917,6718972108677,992760
3914,6718972115973,6718973110492,994519
3915,6718973115881,6718974109345,993464
3916,6718974115845,6718975109327,993482
3917,6718975115716,6718976110624,994908
3918,6718976115457,6718977086366,970909
3919,6718977121310,6718978089977,968667
3920,6718978115181,6718979082571,967390
3921,6718979120274,6718980089127,968853
3922,6718980115090,6718981083720,968630
3923,6718981120165,6718982087740,967575
3924,6718982114943,6718983082518,967575
3925,6718983120055,6718984088648,968593
3926,6718984114834,6718985083519,968685
3927,6718985119927,6718986087502,967575
3928,6718986114705,6718987083465,968760
3929,6718987119817,6718988088448,968631
3930,6718988114633,6718989083300,968667
3931,6718989119708,6718990086931,967223
3932,6718990114468,6718991082042,967574
3933,6718991119598,6718992087636,968038
3934,6718992114376,6718993082118,967742
3935,6718993119488,6718994087082,967594
3936,6718994114230,6718995081545,967315
3937,6718995119360,6718996086565,967205
3938,6718996114139,6718997082565,968426
3939,6718997119287,6718998087325,968038
3940,6718998114010,6718999081178,967168
3941,6718999119122,6719000086123,967001
3942,6719000113938,6719001081531,967593
3943,6719001119013,6719002085995,966982
3944,6719002113773,6719003081107,967334
3945,6719003118884,6719004085718,966834
3946,6719004113681,6719005081127,967446
3947,6719005118830,6719006085905,967075
3948,6719006113553,6719007082221,968668
3949,6719007118702,6719008085573,966871
3950,6719008113444,6719009080537,967093
3951,6719009118593,6719010085964,967371
3952,6719010113315,6719011080612,967297
3953,6719011118409,6719012085447,967038
3954,6719012113224,6719013080558,967334
3955,6719013118373,6719014085911,967538
3956,6719014113059,6719015080578,967519
3957,6719015118152,6719016086838,968686
3958,6719016113005,6719017082358,969353
3959,6719017118098,6719018085895,967797
3960,6719018112821,6719019080285,967464
3961,6719019117970,6719020086286,968316
3962,6719020112749,6719021081268,968519
3963,6719021117823,6719022085139,967316
3964,6719022112583,6719023079992,967409
3965,6719023117714,6719024085863,968149
3966,6719024112492,6719025080567,968075
3967,6719025117623,6719026085049,967426
3968,6719026112364,6719027079513,967149
3969,6719027117457,6719028085717,968260
3970,6719028112291,6719029079903,967612
3971,6719029117403,6719030084663,967260
3972,6719030112108,6719031079368,967260
3973,6719031117275,6719032084202,966927
3974,6719032112072,6719033079295,967223
3975,6719033117147,6719034084500,967353
3976,6719034111925,6719035079130,967205
3977,6719035117037,6719036083797,966760
3978,6719036111816,6719037080242,968426
3979,6719037116946,6719038084336,967390
3980,6719038111651,6719039078781,967130
3981,6719039116762,6719040083689,966927
3982,6719040111597,6719041078653,967056
3983,6719041116745,6719042083894,967149
3984,6719042111431,6719043078654,967223
3985,6719043116599,6719044085173,968574
3986,6719044111359,6719045079452,968093
3987,6719045116452,6719046083768,967316
3988,6719046111212,6719047078713,967501
3989,6719047116342,6719048084213,967871
3990,6719048111158,6719049078640,967482
3991,6719049116251,6719050083400,967149
3992,6719050111011,6719051078308,967297
3993,6719051116105,6719052084309,968204
3994,6719052110902,6719053079402,968500
3995,6719053116013,6719054083755,967742
3996,6719054110736,6719055078052,967316
3997,6719055115904,6719056084053,968149
3998,6719056110682,6719057080090,969408
3999,6719057115794,6719058083091,967297
4000,6719058110517,6719059077240,966723
4001,6719059115666,6719060084648,968982
4002,6719060110444,6719061078982,968538
4003,6719061115538,6719062082742,967204
4004,6719062110298,6719063077447,967149
4005,6719063115428,6719064083521,968093
4006,6719064110188,6719065077318,967130
4007,6719065115318,6719066082375,967057
4008,6719066110078,6719067078338,968260
4009,6719067115190,6719068081654,966464
4010,6719068109969,6719069077284,967315
4011,6719069115081,6719070082174,967093
4012,6719070109841,6719071076841,967000
4013,6719071114989,6719072081768,966779
4014,6719072109786,6719073077139,967353
4015,6719073114861,6719074081843,966982
4016,6719074109621,6719075076789,967168
4017,6719075114733,6719076081752,967019
4018,6719076109512,6719077077864,968352
4019,6719077114642,6719078082402,967760
4020,6719078109383,6719079076699,967316
4021,6719079114458,6719080084829,970371
4022,6719080109274,6719081076756,967482
4023,6719081114404,6719082080609,966205
4024,6719082109127,6719083076072,966945
4025,6719083114294,6719084081925,967631
4026,6719084109054,6719085076370,967316
4027,6719085114166,6719086081260,967094
4028,6719086108926,6719087076168,967242
4029,6719087114038,6719088081946,967908
4030,6719088108835,6719089076984,968149
4031,6719089113928,6719090080874,966946
4032,6719090108670,6719091076041,967371
4033,6719091113782,6719092082171,968389
4034,6719092108616,6719093076950,968334
4035,6719093113709,6719094080876,967167
4036,6719094108451,6719095075414,966963
4037,6719095113581,6719096082915,969334
4038,6719096108378,6719097077842,969464
4039,6719097113453,6719098080453,967000
4040,6719098108250,6719099075584,967334
4041,6719099113306,6719100082640,969334
4042,6719100108122,6719101076419,968297
4043,6719101113252,6719102080475,967223
4044,6719102107993,6719103075272,967279
4045,6719103113124,6719104085476,972352
4046,6719104108013,6719105075218,967205
4047,6719105113014,6719106080015,967001
4048,6719106107774,6719107075293,967519
4049,6719107112867,6719108080479,967612
4050,6719108107683,6719109074110,966427
4051,6719109112813,6719110079647,966834
4052,6719110107499,6719111074278,966779
4053,6719111112685,6719112081427,968742
4054,6719112107445,6719113075483,968038
4055,6719113112538,6719114079595,967057
4056,6719114107298,6719115074188,966890
4057,6719115112429,6719116080967,968538
4058,6719116107189,6719117074893,967704
4059,6719117112319,6719118078968,966649
4060,6719118107079,6719119074135,967056
4061,6719119112210,6719120079025,966815
4062,6719120106969,6719121074026,967057
4063,6719121112081,6719122078915,966834
4064,6719122106841,6719123073712,966871
4065,6719123111972,6719124080954,968982
4066,6719124106769,6719125074788,968019
4067,6719125111862,6719126078863,967001
4068,6719126106622,6719127074734,968112
4069,6719127111771,6719128080920,969149
4070,6719128106512,6719129074698,968186
4071,6719129111643,6719130078532,966889
4072,6719130106384,6719131073533,967149
4073,6719131111496,6719132080163,968667
4074,6719132106312,6719133074479,968167
4075,6719133111386,6719134078665,967279
4076,6719134106165,6719135073369,967204
4077,6719135111258,6719136080277,969019
4078,6719136106074,6719137074148,968074
4079,6719137111149,6719138077946,966797
4080,6719138105927,6719139072761,966834
4081,6719139111057,6719140092447,981390
4082,6719140106558,6719141108170,1001612
4083,6719141110429,6719142106226,995797
4084,6719142109671,6719143106653,996982
4085,6719143110357,6719144109728,999371
4086,6719144112987,6719145108432,995445
4087,6719145111488,6719146107933,996445
4088,6719146111211,6719147108859,997648
4089,6719147112285,6719148108786,996501
4090,6719148112916,6719149111509,998593
4091,6719149115065,6719150111510,996445
4092,6719150115547,6719151115029,999482
4093,6719151119140,6719152118993,999853
4094,6719152122456,6719153117734,995278
4095,6719153120734,6719154117439,996705
4096,6719154120828,6719155118236,997408
4097,6719155121643,6719156119533,997890
4098,6719156123051,6719157121015,997964
4099,6719157122922,6719158121275,998353
4100,6719158122849,6719159119405,996556
4101,6719159122831,6719160121665,998834
4102,6719160122850,6719161118129,995279
4103,6719161121481,6719162118037,996556
4104,6719162121815,6719163120612,998797
4105,6719163122649,6719164115205,992556
4106,6719164119409,6719165117465,998056
4107,6719165121243,6719166117151,995908
4108,6719166120577,6719167117652,997075
4109,6719167121374,6719168116986,995612
4110,6719168120727,6719169117913,997186
4111,6719169120764,6719170117858,997094
4112,6719170120561,6719171117229,996668
4113,6719171120877,6719172116192,995315
4114,6719172119785,6719173115823,996038
4115,6719173119490,6719174116657,997167
4116,6719174120027,6719175118954,998927
4117,6719175121935,6719176117084,995149
4118,6719176120769,6719177119622,998853
4119,6719177121641,6719178118160,996519
4120,6719178121512,6719179117846,996334
4121,6719179120753,6719180115828,995075
4122,6719180119624,6719181115347,995723
4123,6719181119051,6719182116903,997852
4124,6719182120959,6719183126256,1005297
4125,6719183109275,6719184113164,1003889
4126,6719184116905,6719185115183,998278
4127,6719185118609,6719186118129,999520
4128,6719186121110,6719187117166,996056
4129,6719187121296,6719188119482,998186
4130,6719188121315,6719189118797,997482
4131,6719189121260,6719190118409,997149
4132,6719190121057,6719191119040,997983
4133,6719191120947,6719192118189,997242
4134,6719192120985,6719193117189,996204
4135,6719193120874,6719194119468,998594
4136,6719194121005,6719195116413,995408
4137,6719195119802,6719196116488,996686
4138,6719196120117,6719197118933,998816
4139,6719197120544,6719198117119,996575
4140,6719198120434,6719199117601,997167
4141,6719199120545,6719200116342,995797
4142,6719200120194,6719201088658,968464
4143,6719201102380,6719202069733,967353
4144,6719202107455,6719203074734,967279
4145,6719203102215,6719204071068,968853
4146,6719204107364,6719205074457,967093
4147,6719205102105,6719206069069,966964
4148,6719206107236,6719207075385,968149
4149,6719207102014,6719208071533,969519
4150,6719208107904,6719209073979,966075
4151,6719209101868,6719210069294,967426
4152,6719210106979,6719211073480,966501
4153,6719211101758,6719212070888,969130
4154,6719212106888,6719213074019,967131
4155,6719213101611,6719214068982,967371
4156,6719214106742,6719215073076,966334
4157,6719215101464,6719216067706,966242
4158,6719216106669,6719217072559,965890
4159,6719217101392,6719218068504,967112
4160,6719218106485,6719219072264,965779
4161,6719219101282,6719220069894,968612
4162,6719220106394,6719221072580,966186
4163,6719221101154,6719222067821,966667
4164,6719222106303,6719223072730,966427
4165,6719223101044,6719224067786,966742
4166,6719224106156,6719225072750,966594
4167,6719225100953,6719226068250,967297
4168,6719226106028,6719227072121,966093
4169,6719227100788,6719228067789,967001
4170,6719228105992,6719229072512,966520
4171,6719229100715,6719230067846,967131
4172,6719230105809,6719231073439,967630
4173,6719231100569,6719232067718,967149
4174,6719232105736,6719233071885,966149
4175,6719233100478,6719234067941,967463
4176,6719234105589,6719235071646,966057
4177,6719235100331,6719236067387,967056
4178,6719236105498,6719237072092,966594
4179,6719237100240,6719238067555,967315
4180,6719238105352,6719239070241,964889
4181,6719239100093,6719240066057,965964
4182,6719240105242,6719241071224,965982
4183,6719241099946,6719242067132,967186
4184,6719242105132,6719243071059,965927
4185,6719243099874,6719244066430,966556
4186,6719244105023,6719245071042,966019
4187,6719245099783,6719246066783,967000
4188,6719246104894,6719247070858,965964
4189,6719247099617,6719248066137,966520
4190,6719248104785,6719249070823,966038
4191,6719249099545,6719250066638,967093
4192,6719250104638,6719251069676,965038
4193,6719251099417,6719252065899,966482
4194,6719252104584,6719253069974,965390
4195,6719253099288,6719254066363,967075
4196,6719254104419,6719255070494,966075
4197,6719255099049,6719256065883,966834
4198,6719256104328,6719257069958,965630
4199,6719257099069,6719258067477,968408
4200,6719258104218,6719259069996,965778
4201,6719259098978,6719260070053,971075
4202,6719260105923,6719261099998,994075
4203,6719261104591,6719262098295,993704
4204,6719262102017,6719263093518,991501
4205,6719263099129,6719264092315,993186
4206,6719264099111,6719265094556,995445
4207,6719265099038,6719266093298,994260
4208,6719266099039,6719267093299,994260
4209,6719267098947,6719268092947,994000
4210,6719268099003,6719269093411,994408
4211,6719269098800,6719270093301,994501
4212,6719270098745,6719271095190,996445
4213,6719271098876,6719272090154,991278
4214,6719272098617,6719273092692,994075
4215,6719273098581,6719274092396,993815
4216,6719274098618,6719275092360,993742
4217,6719275098527,6719276092527,994000
4218,6719276098564,6719277092954,994390
4219,6719277098380,6719278095973,997593
4220,6719278099584,6719279093159,993575
4221,6719279098270,6719280091234,992964
4222,6719280098215,6719281092920,994705
4223,6719281098179,6719282093106,994927
4224,6719282098124,6719283092162,994038
4225,6719283098014,6719284091626,993612
4226,6719284097959,6719285093460,995501
4227,6719285097941,6719286092423,994482
4228,6719286097868,6719287092498,994630
4229,6719287097795,6719288092981,995186
4230,6719288097851,6719289090537,992686
4231,6719289097703,6719290091056,993353
4232,6719290097667,6719291090909,993242
4233,6719291097538,6719292090317,992779
4234,6719292097539,6719293091484,993945
4235,6719293097558,6719294091022,993464
4236,6719294097392,6719295090319,992927
4237,6719295097337,6719296088116,990779
4238,6719296097283,6719297092080,994797
4239,6719297097265,6719298091784,994519
4240,6719298097210,6719299090896,993686
4241,6719299097044,6719300090360,993316
4242,6719300097082,6719301090083,993001
4243,6719301096768,6719302090861,994093
4244,6719302096954,6719303091010,994056
4245,6719303096899,6719304089955,993056
4246,6719304096844,6719305089956,993112
4247,6719305096752,6719306091216,994464
4248,6719306096697,6719307092568,995871
4249,6719307096624,6719308093421,996797
4250,6719308097625,6719309092033,994408
4251,6719309096533,6719310089774,993241
4252,6719310096422,6719311091053,994631
4253,6719311096386,6719312087072,990686
4254,6719312096350,6719313091239,994889
4255,6719313096351,6719314091185,994834
4256,6719314096259,6719315089815,993556
4257,6719315096204,6719316087353,991149
4258,6719316096205,6719317088316,992111
4259,6719317095872,6719318091780,995908
4260,6719318095965,6719319088910,992945
4261,6719319095966,6719320089541,993575
4262,6719320096004,6719321090449,994445
4263,6719321095875,6719322089505,993630
4264,6719322095561,6719323088061,992500
4265,6719323095950,6719324090488,994538
4266,6719324095692,6719325089656,993964
4267,6719325095619,6719326089045,993426
4268,6719326095545,6719327089620,994075
4269,6719327095472,6719328090436,994964
4270,6719328095473,6719329088751,993278
4271,6719329095381,6719330090604,995223
4272,6719330095344,6719331090123,994779
4273,6719331095271,6719332089605,994334
4274,6719332095290,6719333089865,994575
4275,6719333095124,6719334089384,994260
4276,6719334095032,6719335088848,993816
4277,6719335095107,6719336087367,992260
4278,6719336095015,6719337088609,993594
4279,6719337094924,6719338090017,995093
4280,6719338094906,6719339091147,996241
4281,6719339094832,6719340087722,992890
4282,6719340094870,6719341088352,993482
4283,6719341094723,6719342087853,993130
4284,6719342094612,6719343088113,993501
4285,6719343094354,6719344085762,991408
4286,6719344094855,6719345090226,995371
4287,6719345094522,6719346089708,995186
4288,6719346094430,6719347091653,997223
4289,6719347094449,6719348088969,994520
4290,6719348094024,6719349062136,968112
4291,6719349099062,6719350066211,967149
4292,6719350093766,6719351061082,967316
4293,6719351098878,6719352065731,966853
4294,6719352093694,6719353061028,967334
4295,6719353098806,6719354065658,966852
4296,6719354093547,6719355060566,967019
4297,6719355098696,6719356065123,966427
4298,6719356093419,6719357060438,967019
4299,6719357098568,6719358066587,968019
4300,6719358093272,6719359060199,966927
4301,6719359098402,6719360065051,966649
4302,6719360093181,6719361060145,966964
4303,6719361098293,6719362065127,966834
4304,6719362093053,6719363059979,966926
4305,6719363098202,6719364066610,968408
4306,6719364092943,6719365060444,967501
4307,6719365098074,6719366064945,966871
4308,6719366092852,6719367059482,966630
4309,6719367097964,6719368065335,967371
4310,6719368092724,6719369059428,966704
4311,6719369097836,6719370064762,966926
4312,6719370092596,6719371059319,966723
4313,6719371097726,6719372064393,966667
4314,6719372092523,6719373058876,966353
4315,6719373097598,6719374064358,966760
4316,6719374092358,6719375059247,966889
4317,6719375097470,6719376063785,966315
4318,6719376092267,6719377058767,966500
4319,6719377097360,6719378065064,967704
4320,6719378092120,6719379058787,966667
4321,6719379097269,6719380065473,968204
4322,6719380092066,6719381059974,967908
4323,6719381097141,6719382064012,966871
4324,6719382091901,6719383058753,966852
4325,6719383097050,6719384064569,967519
4326,6719384091773,6719385058644,966871
4327,6719385096921,6719386063700,966779
4328,6719386091644,6719387058367,966723
4329,6719387096775,6719388065572,968797
4330,6719388091609,6719389059684,968075
4331,6719389096684,6719390063869,967185
4332,6719390091462,6719391059518,968056
4333,6719391096555,6719392064519,967964
4334,6719392091315,6719393059409,968094
4335,6719393096427,6719394063317,966890
4336,6719394091187,6719395057577,966390
4337,6719395096318,6719396063763,967445
4338,6719396091096,6719397057782,966686
4339,6719397096189,6719398063746,967557
4340,6719398090968,6719399057802,966834
4341,6719399096098,6719400065099,969001
4342,6719400090840,6719401059081,968241
4343,6719401095989,6719402062841,966852
4344,6719402090767,6719403057509,966742
4345,6719403095860,6719404063083,967223
4346,6719404090657,6719405057473,966816
4347,6719405095769,6719406062381,966612
4348,6719406090529,6719407057178,966649
4349,6719407095641,6719408063420,967779
4350,6719408090420,6719409057402,966982
4351,6719409095513,6719410062532,967019
4352,6719410090310,6719411056885,966575
4353,6719411095366,6719412061645,966279
4354,6719412090145,6719413057034,966889
4355,6719413095312,6719414062146,966834
4356,6719414089980,6719415056777,966797
4357,6719415095202,6719416063018,967816
4358,6719416089962,6719417058037,968075
4359,6719417095093,6719418062668,967575
4360,6719418089853,6719419056891,967038
4361,6719419094946,6719420062428,967482
4362,6719420089706,6719421056725,967019
4363,6719421094855,6719422061800,966945
4364,6719422089615,6719423056523,966908
4365,6719423094727,6719424062783,968056
4366,6719424089487,6719425057506,968019
4367,6719425094617,6719426061636,967019
4368,6719426089377,6719427056415,967038
4369,6719427094526,6719428062175,967649
4370,6719428089305,6719429056102,966797
4371,6719429094379,6719430060973,966594
4372,6719430089139,6719431056066,966927
4373,6719431094288,6719432060863,966575
4374,6719432089030,6719433055827,966797
4375,6719433094141,6719434060772,966631
4376,6719434088901,6719435055698,966797
4377,6719435094032,6719436060366,966334
4378,6719436088755,6719437055200,966445
4379,6719437093885,6719438061960,968075
4380,6719438088682,6719439055479,966797
4381,6719439093813,6719440061295,967482
4382,6719440088591,6719441056592,968001
4383,6719441093647,6719442060648,967001
4384,6719442088463,6719443055556,967093
4385,6719443093593,6719444061483,967890
4386,6719444088335,6719445056150,967815
4387,6719445093428,6719446060206,966778
4388,6719446088225,6719447054985,966760
4389,6719447093318,6719448062263,968945
4390,6719448088115,6719449054931,966816
4391,6719449093227,6719450060024,966797
4392,6719450087932,6719451054247,966315
4393,6719451093136,6719452061081,967945
4394,6719452087896,6719453056119,968223
4395,6719453092971,6719454060027,967056
4396,6719454087768,6719455054269,966501
4397,6719455092880,6719456060140,967260
4398,6719456087640,6719457054603,966963
4399,6719457092807,6719458060252,967445
4400,6719458087530,6719459054457,966927
4401,6719459092623,6719460060735,968112
4402,6719460087439,6719461055254,967815
4403,6719461092532,6719462059459,966927
4404,6719462087255,6719463053867,966612
4405,6719463092404,6719464059608,967204
4406,6719464087201,6719465054035,966834
4407,6719465092276,6719466058647,966371
4408,6719466087073,6719467053870,966797
4409,6719467092203,6719468059667,967464
4410,6719468086945,6719469053705,966760
4411,6719469092075,6719470058761,966686
4412,6719470086835,6719471053225,966390
4413,6719471091947,6719472059948,968001
4414,6719472086744,6719473054059,967315
4415,6719473091819,6719474058653,966834
4416,6719474086597,6719475053394,966797
4417,6719475091746,6719476059432,967686
4418,6719476086506,6719477054377,967871
4419,6719477091599,6719478059063,967464
4420,6719478086378,6719479053045,966667
4421,6719479091508,6719480059361,967853
4422,6719480086250,6719481054491,968241
4423,6719481091362,6719482058196,966834
4424,6719482086122,6719483052715,966593
4425,6719483091270,6719484054271,963001
4426,6719484091253,6719485041031,949778
4427,6719485091161,6719486058402,967241
4428,6719486085921,6719487053107,967186
4429,6719487091014,6719488058552,967538
4430,6719488085793,6719489053738,967945
4431,6719489090923,6719490057850,966927
4432,6719490085720,6719491052535,966815
4433,6719491090832,6719492057555,966723
4434,6719492085573,6719493052278,966705
4435,6719493090574,6719494056797,966223
4436,6719494085445,6719495051909,966464
4437,6719495090575,6719496056761,966186
4438,6719496085372,6719497052151,966779
4439,6719497090429,6719498058226,967797
4440,6719498085244,6719499052060,966816
4441,6719499090356,6719500056690,966334
4442,6719500085079,6719501051969,966890
4443,6719501090246,6719502057081,966835
4444,6719502084969,6719503051174,966205
4445,6719503090118,6719504056304,966186
4446,6719504084897,6719505051546,966649
4447,6719505090009,6719506056750,966741
4448,6719506084769,6719507051640,966871
4449,6719507089880,6719508057122,967242
4450,6719508084659,6719509051530,966871
4451,6719509089771,6719510056531,966760
4452,6719510084549,6719511051254,966705
4453,6719511089643,6719512061662,972019
4454,6719512084958,6719513080885,995927
4455,6719513084755,6719514079367,994612
4456,6719514084719,6719515079683,994964
4457,6719515084738,6719516079813,995075
4458,6719516084702,6719517077369,992667
4459,6719517084499,6719518079925,995426
4460,6719518084296,6719519076111,991815
4461,6719519084500,6719520081390,996890
4462,6719520084371,6719521079113,994742
4463,6719521084261,6719522078484,994223
4464,6719522084188,6719523076022,991834
4465,6719523084262,6719524080652,996390
4466,6719524084171,6719525078745,994574
4467,6719525084042,6719526076524,992482
4468,6719526084116,6719527077358,993242
4469,6719527084006,6719528083303,999297
4470,6719528086581,6719529075859,989278
4471,6719529083878,6719530078564,994686
4472,6719530083786,6719531075990,992204
4473,6719531083768,6719532081213,997445
4474,6719532083991,6719533077696,993705
4475,6719533083696,6719534076270,992574
4476,6719534083567,6719535078679,995112
4477,6719535083512,6719536078253,994741
4478,6719536083439,6719537076976,993537
4479,6719537083421,6719538078866,995445
4480,6719538083181,6719539074904,991723
4481,6719539083367,6719540079460,996093
4482,6719540083071,6719541075627,992556
4483,6719541083257,6719542074721,991464
4484,6719542083147,6719543075796,992649
4485,6719543083092,6719544080685,997593
4486,6719544083389,6719545076797,993408
4487,6719545082890,6719546075594,992704
4488,6719546082872,6719547075576,992704
4489,6719547082835,6719548080873,998038
4490,6719548084373,6719549077578,993205
4491,6719549082726,6719550075097,992371
4492,6719550082671,6719551075135,992464
4493,6719551082690,6719552076487,993797
4494,6719552082543,6719553075192,992649
4495,6719553082284,6719554073822,991538
4496,6719554082452,6719555074934,992482
4497,6719555082415,6719556075842,993427
4498,6719556082268,6719557074287,992019
4499,6719557082435,6719558076084,993649
4500,6719558082195,6719559077066,994871
4501,6719559082085,6719560078678,996593
4502,6719560082123,6719561074735,992612
4503,6719561081938,6719562074698,992760
4504,6719562081995,6719563076569,994574
4505,6719563081977,6719564076977,995000
4506,6719564081644,6719565049923,968279
4507,6719565086626,6719566054164,967538
4508,6719566081331,6719567048517,967186
4509,6719567086461,6719568054962,968501
4510,6719568081221,6719569051685,970464
4511,6719569086611,6719570054000,967389
4512,6719570081074,6719571048668,967594
4513,6719571086242,6719572054909,968667
4514,6719572081039,6719573048799,967760
4515,6719573086114,6719574053651,967537
4516,6719574080855,6719575048152,967297
4517,6719575085967,6719576053005,967038
4518,6719576080745,6719577048468,967723
4519,6719577085839,6719578053062,967223
4520,6719578080617,6719579048951,968334
4521,6719579085711,6719580054452,968741
4522,6719580080545,6719581049082,968537
4523,6719581085619,6719582053102,967483
4524,6719582080342,6719583047639,967297
4525,6719583085491,6719584053770,968279
4526,6719584080307,6719585047678,967371
4527,6719585085363,6719586052475,967112
4528,6719586080142,6719587048013,967871
4529,6719587085290,6719588052662,967372
4530,6719588080087,6719589048255,968168
4531,6719589085162,6719590052774,967612
4532,6719590079922,6719591047516,967594
4533,6719591085034,6719592053627,968593
4534,6719592079813,6719593048499,968686
4535,6719593084943,6719594052592,967649
4536,6719594079647,6719595046926,967279
4537,6719595084759,6719596053038,968279
4538,6719596079593,6719597046279,966686
4539,6719597084705,6719598052465,967760
4540,6719598079447,6719599046762,967315
4541,6719599084614,6719600051485,966871
4542,6719600079393,6719601046930,967537
4543,6719601084449,6719602051524,967075
4544,6719602079227,6719603047080,967853
4545,6719603084339,6719604052951,968612
4546,6719604079118,6719605047970,968852
4547,6719605084248,6719606051526,967278
4548,6719606078989,6719607046601,967612
4549,6719607084120,6719608052398,968278
4550,6719608078917,6719609046862,967945
4551,6719609084066,6719610051363,967297
4552,6719610078715,6719611046086,967371
4553,6719611083863,6719612052846,968983
4554,6719612078698,6719613047476,968778
4555,6719613083754,6719614051125,967371
4556,6719614078551,6719615046089,967538
4557,6719615083663,6719616051923,968260
4558,6719616078460,6719617046127,967667
4559,6719617083572,6719618051017,967445
4560,6719618078294,6719619046647,968353
4561,6719619083425,6719620049814,966389
4562,6719620078240,6719621045760,967520
4563,6719621083297,6719622050501,967204
4564,6719622078075,6719623045261,967186
4565,6719623083150,6719624050188,967038
4566,6719624078003,6719625045392,967389
4567,6719625083059,6719626050300,967241
4568,6719626077819,6719627044986,967167
4569,6719627082968,6719628051487,968519
4570,6719628077802,6719629047265,969463
4571,6719629082858,6719630050303,967445
4572,6719630077637,6719631044378,966741
4573,6719631082767,6719632051342,968575
4574,6719632077564,6719633045528,967964
4575,6719633082602,6719634050251,967649
4576,6719634077362,6719635066455,989093
4577,6719635077825,6719636067789,989964
4578,6719636077678,6719637070216,992538
4579,6719637077642,6719638069939,992297
4580,6719638077642,6719639070921,993279
4581,6719639077588,6719640069885,992297
4582,6719640077422,6719641068848,991426
4583,6719641077348,6719642070979,993631
4584,6719642077460,6719643070535,993075
4585,6719643077313,6719644069758,992445
4586,6719644077276,6719645069666,992390
4587,6719645077499,6719646069889,992390
4588,6719646077056,6719647069334,992278
4589,6719647077130,6719648069853,992723
4590,6719648077131,6719649071743,994612
4591,6719649076947,6719650069281,992334
4592,6719650076929,6719651066985,990056
4593,6719651076837,6719652068838,992001
4594,6719652076986,6719653069913,992927
4595,6719653076727,6719654068469,991742
4596,6719654076710,6719655069007,992297
4597,6719655076562,6719656071970,995408
4598,6719656076618,6719657068286,991668
4599,6719657076508,6719658071138,994630
4600,6719658076379,6719659071121,994742
4601,6719659076435,6719660068492,992057
4602,6719660076362,6719661068178,991816
4603,6719661076326,6719662068752,992426
4604,6719662076178,6719663068475,992297
4605,6719663076161,6719664068458,992297
4606,6719664076143,6719665068699,992556
4607,6719665076069,6719666067978,991909
4608,6719666075978,6719667068312,992334
4609,6719667075941,6719668067701,991760
4610,6719668075905,6719669070369,994464
4611,6719669075832,6719670069425,993593
4612,6719670075795,6719671069111,993316
4613,6719671075426,6719672066278,990852
4614,6719672075612,6719673067094,991482
4615,6719673075909,6719674066039,990130
4616,6719674075280,6719675066799,991519
4617,6719675075317,6719676066096,990779
4618,6719676075392,6719677066763,991371
4619,6719677075374,6719678066708,991334
4620,6719678075264,6719679068543,993279
4621,6719679075043,6719680064710,989667
4622,6719680075191,6719681069062,993871
4623,6719681075174,6719682070434,995260
4624,6719682075063,6719683069249,994186
4625,6719683075045,6719684067602,992557
4626,6719684074768,6719685067695,992927
4627,6719685074806,6719686068844,994038
4628,6719686074862,6719687069900,995038
4629,6719687074715,6719688067105,992390
4630,6719688074734,6719689067291,992557
4631,6719689074457,6719690065180,990723
4632,6719690074625,6719691067311,992686
4633,6719691074477,6719692065126,990649
4634,6719692074552,6719693066793,992241
4635,6719693074442,6719694067757,993315
4636,6719694074368,6719695066165,991797
4637,6719695074258,6719696066259,992001
4638,6719696074277,6719697066685,992408
4639,6719697074222,6719698066390,992168
4640,6719698074149,6719699067279,993130
4641,6719699074094,6719700064632,990538
4642,6719700074095,6719701066781,992686
4643,6719701073966,6719702066041,992075
4644,6719702073930,6719703065893,991963
4645,6719703073856,6719704066209,992353
4646,6719704073894,6719705066561,992667
4647,6719705073784,6719706065544,991760
4648,6719706073655,6719707065544,991889
4649,6719707073711,6719708065193,991482
4650,6719708073564,6719709066361,992797
4651,6719709073509,6719710065232,991723
4652,6719710073435,6719711064288,990853
4653,6719711073381,6719712065085,991704
4654,6719712073418,6719713065752,992334
4655,6719713073327,6719714065290,991963
4656,6719714073235,6719715064828,991593
4657,6719715073161,6719716063181,990020
4658,6719716073088,6719717064755,991667
4659,6719717073163,6719718065719,992556
4660,6719718073034,6719719066572,993538
4661,6719719072868,6719720064369,991501
4662,6719720073035,6719721064295,991260
4663,6719721072795,6719722065018,992223
4664,6719722073148,6719723065297,992149
4665,6719723072723,6719724064242,991519
4666,6719724072742,6719725065132,992390
4667,6719725072594,6719726063280,990686
4668,6719726072614,6719727064226,991612
4669,6719727072577,6719728064134,991557
4670,6719728072393,6719729064134,991741
4671,6719729072357,6719730063857,991500
4672,6719730072283,6719731061284,989001
4673,6719731072228,6719732063007,990779
4674,6719732072192,6719733063785,991593
4675,6719733072174,6719734063842,991668
4676,6719734072157,6719735063509,991352
4677,6719735071954,6719736060769,988815
4678,6719736071917,6719737062733,990816
4679,6719737071900,6719738063122,991222
4680,6719738071826,6719739065790,993964
4681,6719739071771,6719740062735,990964
4682,6719740071735,6719741063458,991723
4683,6719741071421,6719742062218,990797
4684,6719742071551,6719743063404,991853
4685,6719743071608,6719744063516,991908
4686,6719744071256,6719745063035,991779
4687,6719745071498,6719746062943,991445
4688,6719746071388,6719747063203,991815
4689,6719747071388,6719748063445,992057
4690,6719748071278,6719749063408,992130
4691,6719749071001,6719750060205,989204
4692,6719750071094,6719751062132,991038
4693,6719751071113,6719752061966,990853
4694,6719752071077,6719753062800,991723
4695,6719753070893,6719754063319,992426
4696,6719754070653,6719755062135,991482
4697,6719755071005,6719756062210,991205
4698,6719756070858,6719757063081,992223
4699,6719757070803,6719758062230,991427
4700,6719758070693,6719759064249,993556
4701,6719759070582,6719760062675,992093
4702,6719760070509,6719761060787,990278
4703,6719761070547,6719762064436,993889
4704,6719762070418,6719763062641,992223
4705,6719763070381,6719764064141,993760
4706,6719764070290,6719765062679,992389
4707,6719765070327,6719766062217,991890
4708,6719766069995,6719767061144,991149
4709,6719767070162,6719768060348,990186
4710,6719768070126,6719769063330,993204
4711,6719769070089,6719770062368,992279
4712,6719770069942,6719771059869,989927
4713,6719771069887,6719772061036,991149
4714,6719772069832,6719773061537,991705
4715,6719773069852,6719774061982,992130
4716,6719774069797,6719775060372,990575
4717,6719775069742,6719776062595,992853
4718,6719776069669,6719777060725,991056
4719,6719777069503,6719778061837,992334
4720,6719778069466,6719779062282,992816
4721,6719779069319,6719780058079,988760
4722,6719780069227,6719781060561,991334
4723,6719781069357,6719782061525,992168
4724,6719782069321,6719783061285,991964
4725,6719783069229,6719784060360,991131
4726,6719784069230,6719785058064,988834
4727,6719785069083,6719786061102,992019
4728,6719786069324,6719787061491,992167
4729,6719787069047,6719788060325,991278
4730,6719788069085,6719789061585,992500
4731,6719789068937,6719790059271,990334
4732,6719790068845,6719791060624,991779
4733,6719791068902,6719792060069,991167
4734,6719792068828,6719793060199,991371
4735,6719793068737,6719794060589,991852
4736,6719794068645,6719795059127,990482
4737,6719795068553,6719796059776,991223
4738,6719796068535,6719797061351,992816
4739,6719797068462,6719798060388,991926
4740,6719798068759,6719799061204,992445
4741,6719799068333,6719800057686,989353
4742,6719800068279,6719801060372,992093
4743,6719801068205,6719802059558,991353
4744,6719802068262,6719803062355,994093
4745,6719803068040,6719804060726,992686
4746,6719804067763,6719805036412,968649
4747,6719805072727,6719806040190,967463
4748,6719806067524,6719807034728,967204
4749,6719807072617,6719808039321,966704
4750,6719808067396,6719809036137,968741
4751,6719809072526,6719810039286,966760
4752,6719810067230,6719811034268,967038
4753,6719811072361,6719812040343,967982
4754,6719812067158,6719813035399,968241
4755,6719813072251,6719814039289,967038
4756,6719814067011,6719815033493,966482
4757,6719815072160,6719816040068,967908
4758,6719816067012,6719817034198,967186
4759,6719817072069,6719818038681,966612
4760,6719818066810,6719819035070,968260
4761,6719819071941,6719820038238,966297
4762,6719820066701,6719821034053,967352
4763,6719821071812,6719822038572,966760
4764,6719822066591,6719823033203,966612
4765,6719823071684,6719824040222,968538
4766,6719824066463,6719825035019,968556
4767,6719825071593,6719826038779,967186
4768,6719826066353,6719827033354,967001
4769,6719827071428,6719828038262,966834
4770,6719828066243,6719829033948,967705
4771,6719829071355,6719830036819,965464
4772,6719830066097,6719831032875,966778
4773,6719831071227,6719832039450,968223
4774,6719832066043,6719833033414,967371
4775,6719833071136,6719834038081,966945
4776,6719834065877,6719835032934,967057
4777,6719835071026,6719836037508,966482
4778,6719836065805,6719837032787,966982
4779,6719837070898,6719838037695,966797
4780,6719838065658,6719839032381,966723
4781,6719839070751,6719840037419,966668
4782,6719840065548,6719841032475,966927
4783,6719841070697,6719842037605,966908
4784,6719842065420,6719843032236,966816
4785,6719843070514,6719844038125,967611
4786,6719844065348,6719845033811,968463
4787,6719845070441,6719846037294,966853
4788,6719846065182,6719847032146,966964
4789,6719847070331,6719848036591,966260
4790,6719848065128,6719849036277,971149
4791,6719849070185,6719850037278,967093
4792,6719850065000,6719851031834,966834
4793,6719851070112,6719852036483,966371
4794,6719852064853,6719853031613,966760
4795,6719853070002,6719854036873,966871
4796,6719854064744,6719855031282,966538
4797,6719855069874,6719856037819,967945
4798,6719856064634,6719857032709,968075
4799,6719857069765,6719858036654,966889
4800,6719858064506,6719859031099,966593
4801,6719859069618,6719860036452,966834
4802,6719860064396,6719861031101,966705
4803,6719861069527,6719862036490,966963
4804,6719862064250,6719863030843,966593
4805,6719863069380,6719864035899,966519
4806,6719864064177,6719865030807,966630
4807,6719865069307,6719866035919,966612
4808,6719866064049,6719867030494,966445
4809,6719867069179,6719868037087,967908
4810,6719868063995,6719869032107,968112
4811,6719869069088,6719870037459,968371
4812,6719870063811,6719871030460,966649
4813,6719871068941,6719872036461,967520
4814,6719872063775,6719873030813,967038
4815,6719873068832,6719874035573,966741
4816,6719874063592,6719875030500,966908
4817,6719875068704,6719876034760,966056
4818,6719876063482,6719877030242,966760
4819,6719877068612,6719878035206,966594
4820,6719878063354,6719879030077,966723
4821,6719879068484,6719880037207,968723
4822,6719880063281,6719881060504,997223
4823,6719881063597,6719882057412,993815
4824,6719882063616,6719883055969,992353
4825,6719883063654,6719884056469,992815
4826,6719884063506,6719885057507,994001
4827,6719885063359,6719886055119,991760
4828,6719886063378,6719887055175,991797
4829,6719887063379,6719888055176,991797
4830,6719888063194,6719889059603,996409
4831,6719889063195,6719890056251,993056
4832,6719890063011,6719891055382,992371
4833,6719891062956,6719892054160,991204
4834,6719892062975,6719893054883,991908
4835,6719893063235,6719894054903,991668
4836,6719894062865,6719895055014,992149
4837,6719895062996,6719896057719,994723
4838,6719896062682,6719897053590,990908
4839,6719897062645,6719898054757,992112
4840,6719898062628,6719899054888,992260
4841,6719899062573,6719900053370,990797
4842,6719900062333,6719901054056,991723
4843,6719901062500,6719902057001,994501
4844,6719902062353,6719903054465,992112
4845,6719903062557,6719904055484,992927
4846,6719904062391,6719905057059,994668
4847,6719905062151,6719906055596,993445
4848,6719906062096,6719907053542,991446
4849,6719907062079,6719908054283,992204
4850,6719908062153,6719909053784,991631
4851,6719909062025,6719910054155,992130
4852,6719910061970,6719911052582,990612
4853,6719911061859,6719912053879,992020
4854,6719912061767,6719913054287,992520
4855,6719913061787,6719914054139,992352
4856,6719914061658,6719915053844,992186
4857,6719915061696,6719916051789,990093
4858,6719916061641,6719917054253,992612
4859,6719917061623,6719918054013,992390
4860,6719918061457,6719919053624,992167
4861,6719919061421,6719920053662,992241
4862,6719920061458,6719921052144,990686
4863,6719921061163,6719922052201,991038
4864,6719922061275,6719923053257,991982
4865,6719923061164,6719924053850,992686
4866,6719924061239,6719925053499,992260
4867,6719925061110,6719926055092,993982
4868,6719926060759,6719927052482,991723
4869,6719927060982,6719928052205,991223
4870,6719928060927,6719929053669,992742
4871,6719929061113,6719930052947,991834
4872,6719930060873,6719931053466,992593
4873,6719931060781,6719932050893,990112
4874,6719932060652,6719933052505,991853
4875,6719933060635,6719934051858,991223
4876,6719934060580,6719935052784,992204
4877,6719935060636,6719936052174,991538
4878,6719936060748,6719937051360,990612
4879,6719937060378,6719938052231,991853
4880,6719938060397,6719939052657,992260
4881,6719939060232,6719940050547,990315
4882,6719940060306,6719941052363,992057
4883,6719941060566,6719942051326,990760
4884,6719942059900,6719943051549,991649
4885,6719943060086,6719944051606,991520
4886,6719944060031,6719945053032,993001
4887,6719945059958,6719946051440,991482
4888,6719946059848,6719947051682,991834
4889,6719947059830,6719948052997,993167
4890,6719948059720,6719949051054,991334
4891,6719949059480,6719950054758,995278
4892,6719950059610,6719951051574,991964
4893,6719951059777,6719952052741,992964
4894,6719952059593,6719953054094,994501
4895,6719953059353,6719954053372,994019
4896,6719954059354,6719955051891,992537
4897,6719955059391,6719956051799,992408
4898,6719956059336,6719957051337,992001
4899,6719957059263,6719958052264,993001
4900,6719958059208,6719959053876,994668
4901,6719959059024,6719960050339,991315
4902,6719960059154,6719961050155,991001
4903,6719961059044,6719962050470,991426
4904,6719962059045,6719963049842,990797
4905,6719963058879,6719964054213,995334
4906,6719964058824,6719965051176,992352
4907,6719965058787,6719966050381,991594
4908,6719966058770,6719967051363,992593
4909,6719967058678,6719968049938,991260
4910,6719968058697,6719969051605,992908
4911,6719969058494,6719970054828,996334
4912,6719970058458,6719971050588,992130
4913,6719971058514,6719972050441,991927
4914,6719972058459,6719973050349,991890
4915,6719973058312,6719974048720,990408
4916,6719974058257,6719975050573,992316
4917,6719975058239,6719976051036,992797
4918,6719976058184,6719977050981,992797
4919,6719977058148,6719978050408,992260
4920,6719978058019,6719979050316,992297
4921,6719979057946,6719980050187,992241
4922,6719980057928,6719981050466,992538
4923,6719981057818,6719982049781,991963
4924,6719982058133,6719983049412,991279
4925,6719983057708,6719984049764,992056
4926,6719984057542,6719985049117,991575
4927,6719985057635,6719986049321,991686
4928,6719986057599,6719987049989,992390
4929,6719987057526,6719988049323,991797
4930,6719988057489,6719989049620,992131
4931,6719989057342,6719990050417,993075
4932,6719990057269,6719991049177,991908
4933,6719991057251,6719992048955,991704
4934,6719992057344,6719993049419,992075
4935,6719993057178,6719994050105,992927
4936,6719994057216,6719995048309,991093
4937,6719995056994,6719996047995,991001
4938,6719996057069,6719997050070,993001
4939,6719997056922,6719998049423,992501
4940,6719998056960,6719999047757,990797
4941,6719999056849,6720000049702,992853
4942,6720000056813,6720001049203,992390
4943,6720001056740,6720002048648,991908
4944,6720002056703,6720003049482,992779
4945,6720003056611,6720004048871,992260
4946,6720004056575,6720005049039,992464
4947,6720005056261,6720006048262,992001
4948,6720006056484,6720007047485,991001
4949,6720007056355,6720008047819,991464
4950,6720008056467,6720009048356,991889
4951,6720009056301,6720010054042,997741
4952,6720010057950,6720011052265,994315
4953,6720011056173,6720012048211,992038
4954,6720012056099,6720013048378,992279
4955,6720013056045,6720014048268,992223
4956,6720014055990,6720015048231,992241
4957,6720015055953,6720016048288,992335
4958,6720016055825,6720017049918,994093
4959,6720017055696,6720018047807,992111
4960,6720018055789,6720019045882,990093
4961,6720019055679,6720020052383,996704
4962,6720020056309,6720021047680,991371
4963,6720021055810,6720022050662,994852
4964,6720022055422,6720023046978,991556
4965,6720023055478,6720024048497,993019
4966,6720024055441,6720025048757,993316
4967,6720025055405,6720026047406,992001
4968,6720026055295,6720027049499,994204
4969,6720027055129,6720028047093,991964
4970,6720028055185,6720029047019,991834
4971,6720029055149,6720030048742,993593
4972,6720030055075,6720031047632,992557
4973,6720031054947,6720032048781,993834
4974,6720032054855,6720033047281,992426
4975,6720033054892,6720034046541,991649
4976,6720034054838,6720035046394,991556
4977,6720035054820,6720036047765,992945
4978,6720036054654,6720037046840,992186
4979,6720037054673,6720038046266,991593
4980,6720038054563,6720039046267,991704
4981,6720039054545,6720040048416,993871
4982,6720040054435,6720041046454,992019
4983,6720041054435,6720042045325,990890
4984,6720042054343,6720043046103,991760
4985,6720043054381,6720044046456,992075
4986,6720044053993,6720045023031,969038
4987,6720045059086,6720046026050,966964
4988,6720046053680,6720047020421,966741
4989,6720047058810,6720048026700,967890
4990,6720048053607,6720049021756,968149
4991,6720049058737,6720050027034,968297
4992,6720050053423,6720051020183,966760
4993,6720051058572,6720052024832,966260
4994,6720052053351,6720053020129,966778
4995,6720053058444,6720054025148,966704
4996,6720054053186,6720055019316,966130
4997,6720055058297,6720056024872,966575
4998,6720056053150,6720057019928,966778
4999,6720057058206,6720058024855,966649
5000,6720058052966,6720059019411,966445
5001,6720059058189,6720060026597,968408
5002,6720060052912,6720061020857,967945
5003,6720061057968,6720062025802,967834
5004,6720062052691,6720063022248,969557
5005,6720063057840,6720064026174,968334
5006,6720064052637,6720065019342,966705
5007,6720065057731,6720066024046,966315
5008,6720066052491,6720067019510,967019
5009,6720067057621,6720068024418,966797
5010,6720068052473,6720069019511,967038
5011,6720069057548,6720070025790,968242
5012,6720070052271,6720071019068,966797
5013,6720071057457,6720072025921,968464
5014,6720072052217,6720073020329,968112
5015,6720073057273,6720074025367,968094
5016,6720074052052,6720075018960,966908
5017,6720075057145,6720076024850,967705
5018,6720076051979,6720077018776,966797
5019,6720077057091,6720078023944,966853
5020,6720078051814,6720079019167,967353
5021,6720079056963,6720080024334,967371
5022,6720080051797,6720081018687,966890
5023,6720081056872,6720082024021,967149
5024,6720082051595,6720083018466,966871
5025,6720083056725,6720084024615,967890
5026,6720084051541,6720085019597,968056
5027,6720085056597,6720086024246,967649
5028,6720086051338,6720087018043,966705
5029,6720087056487,6720088024340,967853
5030,6720088051266,6720089018229,966963
5031,6720089056452,6720090024212,967760
5032,6720090051119,6720091017972,966853
5033,6720091056249,6720092022621,966372
5034,6720092051121,6720093018362,967241
5035,6720093056158,6720094022807,966649
5036,6720094050863,6720095017456,966593
5037,6720095055993,6720096024012,968019
5038,6720096050827,6720097018920,968093
5039,6720097055920,6720098023884,967964
5040,6720098050662,6720099017700,967038
5041,6720099055774,6720100024312,968538
5042,6720100050626,6720101017683,967057
5043,6720101055701,6720102022220,966519
5044,6720102050424,6720103017332,966908
5045,6720103055554,6720104021963,966409
5046,6720104050389,6720105017352,966963
5047,6720105055482,6720106022260,966778
5048,6720106050205,6720107016891,966686
5049,6720107055335,6720108023503,968168
5050,6720108050151,6720109018003,967852
5051,6720109055226,6720110023893,968667
5052,6720110050023,6720111016634,966611
5053,6720111055097,6720112022672,967575
5054,6720112049876,6720113017210,967334
5055,6720113055006,6720114021488,966482
5056,6720114049729,6720115016674,966945
5057,6720115054841,6720116021268,966427
5058,6720116049712,6720117016731,967019
5059,6720117054750,6720118021695,966945
5060,6720118049473,6720119016418,966945
5061,6720119054640,6720120022585,967945
5062,6720120049474,6720121017530,968056
5063,6720121054512,6720122022513,968001
5064,6720122049309,6720123015550,966241
5065,6720123054421,6720124025014,970593
5066,6720124049199,6720125016533,967334
5067,6720125054293,6720126022849,968556
5068,6720126049071,6720127016164,967093
5069,6720127054165,6720128022424,968259
5070,6720128049091,6720129016907,967816
5071,6720129054110,6720130021944,967834
5072,6720130048870,6720131015630,966760
5073,6720131053964,6720132023242,969278
5074,6720132049835,6720133046854,997019
5075,6720133050836,6720134045762,994926
5076,6720134048984,6720135043170,994186
5077,6720135049152,6720136040967,991815
5078,6720136048930,6720137044801,995871
5079,6720137048931,6720138042543,993612
5080,6720138048747,6720139042062,993315
5081,6720139048747,6720140043822,995075
5082,6720140048637,6720141042378,993741
5083,6720141048656,6720142042972,994316
5084,6720142048601,6720143041676,993075
5085,6720143048417,6720144041010,992593
5086,6720144048436,6720145041326,992890
5087,6720145048400,6720146040623,992223
5088,6720146048623,6720147042049,993426
5089,6720147048235,6720148040698,992463
5090,6720148048235,6720149041384,993149
5091,6720149048180,6720150041755,993575
5092,6720150048089,6720151040645,992556
5093,6720151048108,6720152043794,995686
5094,6720152048423,6720153041609,993186
5095,6720153047869,6720154041332,993463
5096,6720154047869,6720155041203,993334
5097,6720155047889,6720156047463,999574
5098,6720156048186,6720157046168,997982
5099,6720157048409,6720158041854,993445
5100,6720158047669,6720159041373,993704
5101,6720159047558,6720160043207,995649
5102,6720160047577,6720161041430,993853
5103,6720161047597,6720162041505,993908
5104,6720162047449,6720163040950,993501
5105,6720163047302,6720164041673,994371
5106,6720164047247,6720165040211,992964
5107,6720165047211,6720166040748,993537
5108,6720166047193,6720167039934,992741
5109,6720167047101,6720168042454,995353
5110,6720168047065,6720169040343,993278
5111,6720169047010,6720170042492,995482
5112,6720170047066,6720171040456,993390
5113,6720171046826,6720172041197,994371
5114,6720172046938,6720173041254,994316
5115,6720173046754,6720174039995,993241
5116,6720174046736,6720175039922,993186
5117,6720175046718,6720176039515,992797
5118,6720176046589,6720177040182,993593
5119,6720177046553,6720178041165,994612
5120,6720178046553,6720179039832,993279
5121,6720179046517,6720180040536,994019
5122,6720180046370,6720181039833,993463
5123,6720181046370,6720182041279,994909
5124,6720182046260,6720183038650,992390
5125,6720183046187,6720184040206,994019
5126,6720184046187,6720185040207,994020
5127,6720185046188,6720186039541,993353
5128,6720186045948,6720187038375,992427
5129,6720187046041,6720188038394,992353
5130,6720188045950,6720189039376,993426
5131,6720189045839,6720190040229,994390
5132,6720190045803,6720191037859,992056
5133,6720191045711,6720192038897,993186
5134,6720192045786,6720193039750,993964
5135,6720193045731,6720194039750,994019
5136,6720194045547,6720195039844,994297
5137,6720195045473,6720196038048,992575
5138,6720196045474,6720197038938,993464
5139,6720197045493,6720198038586,993093
5140,6720198045346,6720199040384,995038
5141,6720199045235,6720200039847,994612
5142,6720200045366,6720201039015,993649
5143,6720201045181,6720202037034,991853
5144,6720202045108,6720203038368,993260
5145,6720203045053,6720204037239,992186
5146,6720204045072,6720205039055,993983
5147,6720205044943,6720206037833,992890
5148,6720206045018,6720207037056,992038
5149,6720207044815,6720208038334,993519
5150,6720208044816,6720209037817,993001
5151,6720209044724,6720210038058,993334
5152,6720210044725,6720211037448,992723
5153,6720211044577,6720212036726,992149
5154,6720212044504,6720213037746,993242
5155,6720213044486,6720214037580,993094
5156,6720214044431,6720215037043,992612
5157,6720215044432,6720216038655,994223
5158,6720216044155,6720217035934,991779
5159,6720217044230,6720218037564,993334
5160,6720218044231,6720219037935,993704
5161,6720219044176,6720220038473,994297
5162,6720220043862,6720221035511,991649
5163,6720221044066,6720222035678,991612
5164,6720222043956,6720223036697,992741
5165,6720223043957,6720224036457,992500
5166,6720224043902,6720225036421,992519
5167,6720225043754,6720226037662,993908
5168,6720226043755,6720227035626,991871
5169,6720227043645,6720228037812,994167
5170,6720228043701,6720229037590,993889
5171,6720229043628,6720230041276,997648
5172,6720230043239,6720231032333,989094
5173,6720231043203,6720232035852,992649
5174,6720232043445,6720233036816,993371
5175,6720233043279,6720234036076,992797
5176,6720234043335,6720235036465,993130
5177,6720235043243,6720236033633,990390
5178,6720236042947,6720237035078,992131
5179,6720237043189,6720238035949,992760
5180,6720238043060,6720239035524,992464
5181,6720239042987,6720240038636,995649
5182,6720240042784,6720241032747,989963
5183,6720241042840,6720242035507,992667
5184,6720242042859,6720243035823,992964
5185,6720243042804,6720244035268,992464
5186,6720244042731,6720245035639,992908
5187,6720245042658,6720246033177,990519
5188,6720246042547,6720247037178,994631
5189,6720247042604,6720248036308,993704
5190,6720248042419,6720249034179,991760
5191,6720249042364,6720250036106,993742
5192,6720250042402,6720251033125,990723
5193,6720251042329,6720252035792,993463
5194,6720252042255,6720253035256,993001
5195,6720253042164,6720254036183,994019
5196,6720254042109,6720255035202,993093
5197,6720255042072,6720256032999,990927
5198,6720256042055,6720257035685,993630
5199,6720257041926,6720258035297,993371
5200,6720258041889,6720259035872,993983
5201,6720259041835,6720260038335,996500
5202,6720260041761,6720261034632,992871
5203,6720261041762,6720262037189,995427
5204,6720262041614,6720263037689,996075
5205,6720263041578,6720264036597,995019
5206,6720264041523,6720265037098,995575
5207,6720265041413,6720266034266,992853
5208,6720266041469,6720267039248,997779
5209,6720267043266,6720268039637,996371
5210,6720268044026,6720269039934,995908
5211,6720269043379,6720270041120,997741
5212,6720270043398,6720271036010,992612
5213,6720271041140,6720272035807,994667
5214,6720272041085,6720273037530,996445
5215,6720273041141,6720274037216,996075
5216,6720274040938,6720275039235,998297
5217,6720275043309,6720276036884,993575
5218,6720276041254,6720277039033,997779
5219,6720277043051,6720278038126,995075
5220,6720278041571,6720279037682,996111
5221,6720279041479,6720280036461,994982
5222,6720280040442,6720281035832,995390
5223,6720281040295,6720282036333,996038
5224,6720282040481,6720283036870,996389
5225,6720283040537,6720284036575,996038
5226,6720284040205,6720285009131,968926
5227,6720285045446,6720286012854,967408
5228,6720286039891,6720287007281,967390
5229,6720287044985,6720288014652,969667
5230,6720288039800,6720289006875,967075
5231,6720289044875,6720290013042,968167
5232,6720290039635,6720291008691,969056
5233,6720291044747,6720292013192,968445
5234,6720292039581,6720293006970,967389
5235,6720293044581,6720294011619,967038
5236,6720294039378,6720295006268,966890
5237,6720295044490,6720296012176,967686
5238,6720296039343,6720297006973,967630
5239,6720297044399,6720298011307,966908
5240,6720298039141,6720299005456,966315
5241,6720299044253,6720300014550,970297
5242,6720300039105,6720301007180,968075
5243,6720301044143,6720302012236,968093
5244,6720302038903,6720303005663,966760
5245,6720303044015,6720304015182,971167
5246,6720304038867,6720305006646,967779
5247,6720305043924,6720306010776,966852
5248,6720306038665,6720307005906,967241
5249,6720307043795,6720308011963,968168
5250,6720308038629,6720309005815,967186
5251,6720309043704,6720310010612,966908
5252,6720310038464,6720311005761,967297
5253,6720311043576,6720312014151,970575
5254,6720312038373,6720313005318,966945
5255,6720313043448,6720314011393,967945
5256,6720314038245,6720315005468,967223
5257,6720315043357,6720316016506,973149
5258,6720316038246,6720317005136,966890
5259,6720317043229,6720318010044,966815
5260,6720318037989,6720319004749,966760
5261,6720319043100,6720320010434,967334
5262,6720320037953,6720321004435,966482
5263,6720321043009,6720322009695,966686
5264,6720322037788,6720323004474,966686
5265,6720323042881,6720324010382,967501
5266,6720324037697,6720325004771,967074
5267,6720325042771,6720326009402,966631
5268,6720326037513,6720327003977,966464
5269,6720327042625,6720328010477,967852
5270,6720328037477,6720329004052,966575
5271,6720329042534,6720330009201,966667
5272,6720330037275,6720331005239,967964
5273,6720331042442,6720332010573,968131
5274,6720332037295,6720333003648,966353
5275,6720333042277,6720334008815,966538
5276,6720334037056,6720335003408,966352
5277,6720335042186,6720336010798,968612
5278,6720336037020,6720337003669,966649
5279,6720337042058,6720338008910,966852
5280,6720338036818,6720339003263,966445
5281,6720339041967,6720340010430,968463
5282,6720340036801,6720341004727,967926
5283,6720341041839,6720342008839,967000
5284,6720342036580,6720343003470,966890
5285,6720343041710,6720344010267,968557
5286,6720344036563,6720345003379,966816
5287,6720345041582,6720346008305,966723
5288,6720346036379,6720347003176,966797
5289,6720347041491,6720348010455,968964
5290,6720348036307,6720349003159,966852
5291,6720349041400,6720350008123,966723
5292,6720350036141,6720351003735,967594
5293,6720351041290,6720352010124,968834
5294,6720352036106,6720353002866,966760
5295,6720353041162,6720354007978,966816
5296,6720354035904,6720355002312,966408
5297,6720355041052,6720356010738,969686
5298,6720356035887,6720357002480,966593
5299,6720357040906,6720358007721,966815
5300,6720358035666,6720359002389,966723
5301,6720359040796,6720360010778,969982
5302,6720360035649,6720361003520,967871
5303,6720361040724,6720362006521,965797
5304,6720362035465,6720363002169,966704
5305,6720363040558,6720364014855,974297
5306,6720364035429,6720365002226,966797
5307,6720365040504,6720366007375,966871
5308,6720366035209,6720367001524,966315
5309,6720367040357,6720368010284,969927
5310,6720368035229,6720369002192,966963
5311,6720369040248,6720370006730,966482
5312,6720370034971,6720371002694,967723
5313,6720371040120,6720372010398,970278
5314,6720372034972,6720373001714,966742
5315,6720373039973,6720374006251,966278
5316,6720374034770,6720375001548,966778
5317,6720375039882,6720376010568,970686
5318,6720376034679,6720377001420,966741
5319,6720377039791,6720378006310,966519
5320,6720378034514,6720379000977,966463
5321,6720379039681,6720380012534,972853
5322,6720380035793,6720381012571,976778
5323,6720381034534,6720382002202,967668
5324,6720382039517,6720383006943,967426
5325,6720383034258,6720384007388,973130
5326,6720384039425,6720385020463,981038
5327,6720385034574,6720386033427,998853
5328,6720386037316,6720387033650,996334
5329,6720387037428,6720388031095,993667
5330,6720388035058,6720389026911,991853
5331,6720389034355,6720390027652,993297
5332,6720390034282,6720391028819,994537
5333,6720391034282,6720392027431,993149
5334,6720392034209,6720393027636,993427
5335,6720393034099,6720394024451,990352
5336,6720394034099,6720395028304,994205
5337,6720395034045,6720396028193,994148
5338,6720396034008,6720397026564,992556
5339,6720397033916,6720398028084,994168
5340,6720398033880,6720399026566,992686
5341,6720399033788,6720400026622,992834
5342,6720400033826,6720401027253,993427
5343,6720401033660,6720402027790,994130
5344,6720402033661,6720403026624,992963
5345,6720403033624,6720404023366,989742
5346,6720404033570,6720405027033,993463
5347,6720405033478,6720406026960,993482
5348,6720406033515,6720407026646,993131
5349,6720407033331,6720408027387,994056
5350,6720408033276,6720409024629,991353
5351,6720409033184,6720410026278,993094
5352,6720410033167,6720411028538,995371
5353,6720411033112,6720412026779,993667
5354,6720412033038,6720413026946,993908
5355,6720413033002,6720414026095,993093
5356,6720414032651,6720415024985,992334
5357,6720415032837,6720416026763,993926
5358,6720416032782,6720417025264,992482
5359,6720417032598,6720418024969,992371
5360,6720418032728,6720419025914,993186
5361,6720419032673,6720420026970,994297
5362,6720420032526,6720421026100,993574
5363,6720421032471,6720422024027,991556
5364,6720422032527,6720423026361,993834
5365,6720423032417,6720424026936,994519
5366,6720424032214,6720424999714,967500
5367,6720425037085,6720426005197,968112
5368,6720426031845,6720427000920,969075
5369,6720427036957,6720428008068,971111
5370,6720428031772,6720428999995,968223
5371,6720429036828,6720430004477,967649
5372,6720430031570,6720431000589,969019
5373,6720431036719,6720432008257,971538
5374,6720432031571,6720432999831,968260
5375,6720433036572,6720434004573,968001
5376,6720434031351,6720434999111,967760
5377,6720435036537,6720436008241,971704
5378,6720436031315,6720436999723,968408
5379,6720437036371,6720438003502,967131
5380,6720438031113,6720438999206,968093
5381,6720439036243,6720440007133,970890
5382,6720440031077,6720440999652,968575
5383,6720441036115,6720442003801,967686
5384,6720442030912,6720442998487,967575
5385,6720443036042,6720444006321,970279
5386,6720444030858,6720444999136,968278
5387,6720445035914,6720446003415,967501
5388,6720446030656,6720446998064,967408
5389,6720447035768,6720448006953,971185
5390,6720448030583,6720448998010,967427
5391,6720449035676,6720450003288,967612
5392,6720450030399,6720450999030,968631
5393,6720451035530,6720452005993,970463
5394,6720452030290,6720452997901,967611
5395,6720453035420,6720454002550,967130
5396,6720454030124,6720454997477,967353
5397,6720455035273,6720456004867,969594
5398,6720456030070,6720456997386,967316
5399,6720457035182,6720458002331,967149
5400,6720458029924,6720458996461,966537
5401,6720459035054,6720460006295,971241
5402,6720460029833,6720460988444,958611
5403,6720461034667,6720461986056,951389
5404,6720462034556,6720462986353,951797
5405,6720463034501,6720463985724,951223
5406,6720464034465,6720464985966,951501
5407,6720465034392,6720465985929,951537
5408,6720466034337,6720466985726,951389
5409,6720467034282,6720467985598,951316
5410,6720468034246,6720468986043,951797
5411,6720469034154,6720469985729,951575
5412,6720470034136,6720470985915,951779
5413,6720471034081,6720471985323,951242
5414,6720472034008,6720472985120,951112
5415,6720473033953,6720473985046,951093
5416,6720474033861,6720474985195,951334
5417,6720475033806,6720475985214,951408
5418,6720476033789,6720476985012,951223
5419,6720477033697,6720477985271,951574
5420,6720478033642,6720478985087,951445
5421,6720479033606,6720479985014,951408
5422,6720480033551,6720480985237,951686
5423,6720481033496,6720481985182,951686
5424,6720482033404,6720482984516,951112
5425,6720483033368,6720483984683,951315
5426,6720484033331,6720484984684,951353
5427,6720485033258,6720485984222,950964
5428,6720486033166,6720486984482,951316
5429,6720487033148,6720487984075,950927
5430,6720488033131,6720488984409,951278
5431,6720489033057,6720489984354,951297
5432,6720490032965,6720490984262,951297
5433,6720491032892,6720491984300,951408
5434,6720492032874,6720492984264,951390
5435,6720493032801,6720493983968,951167
5436,6720494032728,6720494984025,951297
5437,6720495032673,6720495983970,951297
5438,6720496032655,6720496983674,951019
5439,6720497032600,6720497983897,951297
5440,6720498032490,6720498983620,951130
5441,6720499032453,6720499983843,951390
5442,6720500032436,6720500984103,951667
5443,6720501032344,6720501983511,951167
5444,6720502032270,6720502983623,951353
5445,6720503032197,6720503983124,950927
5446,6720504032198,6720504983587,951389
5447,6720505032124,6720505983292,951168
5448,6720506032033,6720506983181,951148
5449,6720507031978,6720507983182,951204
5450,6720508026793,6720508987183,960390
5451,6720509032090,6720509999813,967723
5452,6720510027036,6720510995073,968037
5453,6720511032684,6720511997296,964612
5454,6720512026833,6720512991760,964927
5455,6720513031982,6720513998927,966945
5456,6720514026761,6720514994169,967408
5457,6720515031947,6720515998373,966426
5458,6720516026521,6720516991559,965038
5459,6720517031763,6720517998023,966260
5460,6720518026467,6720518994357,967890
5461,6720519032264,6720519998876,966612
5462,6720520026302,6720520991321,965019
5463,6720521031469,6720521995248,963779
5464,6720522026266,6720522992156,965890
5465,6720523031434,6720523998435,967001
5466,6720524026009,6720524978620,952611
5467,6720525031009,6720525982492,951483
5468,6720526030918,6720526982233,951315
5469,6720527030881,6720527982086,951205
5470,6720528030808,6720528982068,951260
5471,6720529030753,6720529982180,951427
5472,6720530030698,6720530982810,952112
5473,6720531030699,6720531982033,951334
5474,6720532030626,6720532982071,951445
5475,6720533030534,6720533981849,951315
5476,6720534030460,6720534981739,951279
5477,6720535030424,6720535981758,951334
5478,6720536030369,6720536981759,951390
5479,6720537030296,6720537981445,951149
5480,6720538030241,6720538981427,951186
5481,6720539030186,6720539981594,951408
5482,6720540030131,6720540982354,952223
5483,6720541030077,6720541981577,951500
5484,6720542030022,6720542981356,951334
5485,6720543029967,6720543981282,951315
5486,6720544029912,6720544980894,950982
5487,6720545029839,6720545981321,951482
5488,6720546029784,6720546981229,951445
5489,6720547029618,6720547980952,951334
5490,6720548029656,6720548980805,951149
5491,6720549029638,6720549980602,950964
5492,6720550029546,6720550980880,951334
5493,6720551029510,6720551980807,951297
5494,6720552029455,6720552980882,951427
5495,6720553029382,6720553980660,951278
5496,6720554029308,6720554980364,951056
5497,6720555029253,6720555980587,951334
5498,6720556029199,6720556980255,951056
5499,6720557029125,6720557980311,951186
5500,6720558029089,6720558980275,951186
5501,6720559029053,6720559980257,951204
5502,6720560029016,6720560981684,952668
5503,6720561028943,6720561992592,963649
5504,6720562029203,6720562996667,967464
5505,6720563023963,6720563991445,967482
5506,6720564028945,6720564996205,967260
5507,6720565023853,6720565991132,967279
5508,6720566028984,6720566995707,966723
5509,6720567023707,6720567990689,966982
5510,6720568028855,6720568996078,967223
5511,6720569023615,6720569990209,966594
5512,6720570028727,6720570996395,967668
5513,6720571023543,6720571990673,967130
5514,6720572028747,6720572995952,967205
5515,6720573023396,6720573990749,967353
5516,6720574028452,6720574995509,967057
5517,6720575023249,6720575990472,967223
5518,6720576028417,6720576995510,967093
5519,6720577023140,6720577989733,966593
5520,6720578028233,6720578995604,967371
5521,6720579022993,6720579989901,966908
5522,6720580028160,6720580995383,967223
5523,6720581022920,6720581990625,967705
5524,6720582028014,6720582995107,967093
5525,6720583022792,6720583990089,967297
5526,6720584027960,6720584995516,967556
5527,6720585022720,6720585990239,967519
5528,6720586027813,6720586995517,967704
5529,6720587022554,6720587989833,967279
5530,6720588027722,6720588994704,966982
5531,6720589022463,6720589989483,967020
5532,6720590027557,6720590994706,967149
5533,6720591022354,6720591989910,967556
5534,6720592027466,6720592994300,966834
5535,6720593022207,6720593989634,967427
5536,6720594027356,6720594994690,967334
5537,6720595022097,6720595989617,967520
5538,6720596027246,6720596994802,967556
5539,6720597022006,6720597989174,967168
5540,6720598027062,6720598994248,967186
5541,6720599021859,6720599989008,967149
5542,6720600027008,6720600993583,966575
5543,6720601021768,6720601989251,967483
5544,6720602026862,6720602993807,966945
5545,6720603021622,6720603988900,967278
5546,6720604026789,6720604993771,966982
5547,6720605021512,6720605988920,967408
5548,6720606026624,6720606994328,967704
5549,6720607021402,6720607988847,967445
5550,6720608026533,6720608994367,967834
5551,6720609021330,6720609988867,967537
5552,6720610026442,6720610993664,967222
5553,6720611021165,6720611987443,966278
5554,6720612026332,6720612993684,967352
5555,6720613021055,6720613988111,967056
5556,6720614026185,6720614993223,967038
5557,6720615020927,6720615988131,967204
5558,6720616026094,6720616992984,966890
5559,6720617020854,6720617988077,967223
5560,6720618025929,6720618993170,967241
5561,6720619020726,6720619988393,967667
5562,6720620025856,6720620993783,967927
5563,6720621020598,6720621987561,966963
5564,6720622025710,6720622992951,967241
5565,6720623020470,6720623987322,966852
5566,6720624025600,6720624992693,967093
5567,6720625020397,6720625987712,967315
5568,6720626025472,6720626992584,967112
5569,6720627020250,6720627987658,967408
5570,6720628025418,6720628992455,967037
5571,6720629020122,6720629987289,967167
5572,6720630025252,6720630992512,967260
5573,6720631020012,6720631988902,968890
5574,6720632025272,6720633021477,996205
5575,6720633026403,6720634017385,990982
5576,6720634021607,6720635013163,991556
5577,6720635020238,6720636021701,1001463
5578,6720636019849,6720637011146,991297
5579,6720637020035,6720638012925,992890
5580,6720638019962,6720639017111,997149
5581,6720639020574,6720640018908,998334
5582,6720640020000,6720641014020,994020
5583,6720641019816,6720642013428,993612
5584,6720642019835,6720643013169,993334
5585,6720643019799,6720644015096,995297
5586,6720644019781,6720645013078,993297
5587,6720645019652,6720646012449,992797
5588,6720646019560,6720647012561,993001
5589,6720647019450,6720648013414,993964
5590,6720648019488,6720649012562,993074
5591,6720649019396,6720650014082,994686
5592,6720650019285,6720651012194,992909
5593,6720651019360,6720652019120,999760
5594,6720652019528,6720653012695,993167
5595,6720653019158,6720654012529,993371
5596,6720654019140,6720655012863,993723
5597,6720655019048,6720656013901,994853
5598,6720656018975,6720657010883,991908
5599,6720657018902,6720658011902,993000
5600,6720658018847,6720659012514,993667
5601,6720659018811,6720660014163,995352
5602,6720660018848,6720661011868,993020
5603,6720661018627,6720662013202,994575
5604,6720662018665,6720663009980,991315
5605,6720663018517,6720664016592,998075
5606,6720664018629,6720665013389,994760
5607,6720665018426,6720666011704,993278
5608,6720666018797,6720667011576,992779
5609,6720667018372,6720668013984,995612
5610,6720668018410,6720669010503,992093
5611,6720669018207,6720670011615,993408
5612,6720670018133,6720671011875,993742
5613,6720671018153,6720672016783,998630
5614,6720672017931,6720672986617,968686
5615,6720673022839,6720673989692,966853
5616,6720674017562,6720674984785,967223
5617,6720675022655,6720675989878,967223
5618,6720676017471,6720676985749,968278
5619,6720677022546,6720677989713,967167
5620,6720678017306,6720678984640,967334
5621,6720679022436,6720679989437,967001
5622,6720680017252,6720680983975,966723
5623,6720681022345,6720681991475,969130
5624,6720682017105,6720682984291,967186
5625,6720683022180,6720683989051,966871
5626,6720684017014,6720684983885,966871
5627,6720685022107,6720685989497,967390
5628,6720686016830,6720686983960,967130
5629,6720687021979,6720687989276,967297
5630,6720688016795,6720688983555,966760
5631,6720689021869,6720689988944,967075
5632,6720690016629,6720690983815,967186
5633,6720691021760,6720691990279,968519
5634,6720692016557,6720692983650,967093
5635,6720693021669,6720693988651,966982
5636,6720694016392,6720694983633,967241
5637,6720695021485,6720695988523,967038
5638,6720696016374,6720696983653,967279
5639,6720697021394,6720697988580,967186
5640,6720698016154,6720698983099,966945
5641,6720699021247,6720699988266,967019
5642,6720700016063,6720700982841,966778
5643,6720701021156,6720701989194,968038
5644,6720702015897,6720702983009,967112
5645,6720703021028,6720703987936,966908
5646,6720704015862,6720704982714,966852
5647,6720705020900,6720705987974,967074
5648,6720706015659,6720706982586,966927
5649,6720707020827,6720707987809,966982
5650,6720708015605,6720708982254,966649
5651,6720709020699,6720709988088,967389
5652,6720710015459,6720710982793,967334
5653,6720711020552,6720711988608,968056
5654,6720712015386,6720712982220,966834
5655,6720713020424,6720713987647,967223
5656,6720714015202,6720714982240,967038
5657,6720715020351,6720715987370,967019
5658,6720716015167,6720716981612,966445
5659,6720717020205,6720717987464,967259
5660,6720718014983,6720718982113,967130
5661,6720719020095,6720719987262,967167
5662,6720720014892,6720720981837,966945
5663,6720721020004,6720721988116,968112
5664,6720722014745,6720722981746,967001
5665,6720723019839,6720723986895,967056
5666,6720724014654,6720724981470,966816
5667,6720725019747,6720725986822,967075
5668,6720726014489,6720726981138,966649
5669,6720727019638,6720727986472,966834
5670,6720728014416,6720728981602,967186
5671,6720729019528,6720729986732,967204
5672,6720730014251,6720730981252,967001
5673,6720731019363,6720731986438,967075
5674,6720732014178,6720732981179,967001
5675,6720733019272,6720733986495,967223
5676,6720734014013,6720734980884,966871
5677,6720735019218,6720735986163,966945
5678,6720736013978,6720736980608,966630
5679,6720737019071,6720737986220,967149
5680,6720738013812,6720738980758,966946
5681,6720739018906,6720739985999,967093
5682,6720740013740,6720740980666,966926
5683,6720741018833,6720741986982,968149
5684,6720742013575,6720742980483,966908
5685,6720743018686,6720743985650,966964
5686,6720744013502,6720744979892,966390
5687,6720745018614,6720745985540,966926
5688,6720746013355,6720746980226,966871
5689,6720747018486,6720747985560,967074
5690,6720748013264,6720748979617,966353
5691,6720749018339,6720749985599,967260
5692,6720750013117,6720750980081,966964
5693,6720751018248,6720751986489,968241
5694,6720752013063,6720752979786,966723
5695,6720753018120,6720753985083,966963
5696,6720754012861,6720754979584,966723
5697,6720755017991,6720755984862,966871
5698,6720756012807,6720756979604,966797
5699,6720757017863,6720757984975,967112
5700,6720758012642,6720758979605,966963
5701,6720759017791,6720759984662,966871
5702,6720760013051,6720761006366,993315
5703,6720761012922,6720762008626,995704
5704,6720762012885,6720763005571,992686
5705,6720763012831,6720764010239,997408
5706,6720764012831,6720765006962,994131
5707,6720765012702,6720766006333,993631
5708,6720766012703,6720767006259,993556
5709,6720767012630,6720768010390,997760
5710,6720768012482,6720769005039,992557
5711,6720769012502,6720770006317,993815
5712,6720770012465,6720771006207,993742
5713,6720771012336,6720772010726,998390
5714,6720772012504,6720773004893,992389
5715,6720773012190,6720774005339,993149
5716,6720774012153,6720775006061,993908
5717,6720775012210,6720776009803,997593
5718,6720776012173,6720777004952,992779
5719,6720777011989,6720778005453,993464
5720,6720778011990,6720779004953,992963
5721,6720779011916,6720780009936,998020
5722,6720780011843,6720781005381,993538
5723,6720781011825,6720782006918,995093
5724,6720782011733,6720783004215,992482
5725,6720783011641,6720784010087,998446
5726,6720784011661,6720785004995,993334
5727,6720785011495,6720786002366,990871
5728,6720786011495,6720787005348,993853
5729,6720787011478,6720788013960,1002482
5730,6720788011478,6720789005220,993742
5731,6720789011294,6720790005035,993741
5732,6720790011295,6720791005684,994389
5733,6720791011221,6720792010333,999112
5734,6720792011278,6720793004149,992871
5735,6720793011112,6720794003538,992426
5736,6720794011038,6720795003261,992223
5737,6720795011039,6720796012910,1001871
5738,6720796011021,6720797004707,993686
5739,6720797010911,6720798003875,992964
5740,6720798010912,6720799002005,991093
5741,6720799010764,6720800008135,997371
5742,6720800010654,6720801004080,993426
5743,6720801010840,6720802005729,994889
5744,6720802010507,6720803003545,993038
5745,6720803010452,6720804005286,994834
5746,6720804010360,6720805002898,992538
5747,6720805010454,6720806004917,994463
5748,6720806010306,6720807003474,993168
5749,6720807010363,6720808006419,996056
5750,6720808010160,6720808999938,989778
5751,6720809010160,6720810003402,993242
5752,6720810010087,6720811003088,993001
5753,6720811010106,6720812006718,996612
5754,6720812010181,6720813003756,993575
5755,6720813009941,6720814000608,990667
5756,6720814009923,6720815003331,993408
5757,6720815009887,6720816005702,995815
5758,6720816009610,6720817002129,992519
5759,6720817009685,6720818003796,994111
5760,6720818009722,6720819001742,992020
5761,6720819009705,6720820005502,995797
5762,6720820009594,6720821002280,992686
5763,6720821009521,6720822004355,994834
5764,6720822009410,6720823002522,993112
5765,6720823009356,6720824003116,993760
5766,6720824009208,6720825001672,992464
5767,6720825009450,6720826004895,995445
5768,6720826009210,6720827003155,993945
5769,6720827009118,6720828006100,996982
5770,6720828009119,6720828999656,990537
5771,6720829009101,6720830002250,993149
5772,6720830009009,6720831002843,993834
5773,6720831008917,6720832006696,997779
5774,6720832008529,6720833000326,991797
5775,6720833008826,6720834000493,991667
5776,6720834008734,6720835002883,994149
5777,6720835008846,6720836003550,994704
5778,6720836008532,6720837001384,992852
5779,6720837008588,6720838001478,992890
5780,6720838008589,6720839002830,994241
5781,6720839008441,6720840003331,994890
5782,6720840008312,6720840998480,990168
5783,6720841008258,6720842002518,994260
5784,6720842008258,6720843002815,994557
5785,6720843008148,6720844004260,996112
5786,6720844008075,6720845001057,992982
5787,6720845008057,6720846000428,992371
5788,6720846008095,6720847001132,993037
5789,6720847008040,6720848011522,1003482
5790,6720848007855,6720848979708,971853
5791,6720849007504,6720849975079,967575
5792,6720850012598,6720850979746,967148
5793,6720851007357,6720851975340,967983
5794,6720852012525,6720852979192,966667
5795,6720853007248,6720853974563,967315
5796,6720854012360,6720854979601,967241
5797,6720855007120,6720855974046,966926
5798,6720856012287,6720856979899,967612
5799,6720857007029,6720857976214,969185
5800,6720858012196,6720858979530,967334
5801,6720859006863,6720859974234,967371
5802,6720860011864,6720860980698,968834
5803,6720861006828,6720861974884,968056
5804,6720862011921,6720862978737,966816
5805,6720863006644,6720863973682,967038
5806,6720864024793,6720864992645,967852
5807,6720865006534,6720865973702,967168
5808,6720866011665,6720866978610,966945
5809,6720867006425,6720867972314,965889
5810,6720868011555,6720868978334,966779
5811,6720869006297,6720869973260,966963
5812,6720870011408,6720870978150,966742
5813,6720871006205,6720871973910,967705
5814,6720872011317,6720872977985,966668
5815,6720873006059,6720873972559,966500
5816,6720874011208,6720874978190,966982
5817,6720875005930,6720875972857,966927
5818,6720876011098,6720876977969,966871
5819,6720877005858,6720877972599,966741
5820,6720878010970,6720878977933,966963
5821,6720879005730,6720879972397,966667
5822,6720880010897,6720880977657,966760
5823,6720881005602,6720881973676,968074
5824,6720882010713,6720882977473,966760
5825,6720883005492,6720883972215,966723
5826,6720884010696,6720884977197,966501
5827,6720885005364,6720885972068,966704
5828,6720886010513,6720886977495,966982
5829,6720887005254,6720887972088,966834
5830,6720888010366,6720888977015,966649
5831,6720889005144,6720889971997,966853
5832,6720890010275,6720890977275,967000
5833,6720891005053,6720891972517,967464
5834,6720892010165,6720892976814,966649
5835,6720893004925,6720893971574,966649
5836,6720894010018,6720894976815,966797
5837,6720895004815,6720895971446,966631
5838,6720896009946,6720896976817,966871
5839,6720897004669,6720897970188,965519
5840,6720898009781,6720898976411,966630
5841,6720899004559,6720899971282,966723
5842,6720900009967,6720900978653,968686
5843,6720901004449,6720901971376,966927
5844,6720902009561,6720902975043,965482
5845,6720903004340,6720903970785,966445
5846,6720904009452,6720904975952,966500
5847,6720905004212,6720905970972,966760
5848,6720906009323,6720906976454,967131
5849,6720907004102,6720907970658,966556
5850,6720908009251,6720908976122,966871
5851,6720909003992,6720909970808,966816
5852,6720910009104,6720910975716,966612
5853,6720911003883,6720911971531,967648
5854,6720912009050,6720912975662,966612
5855,6720913003754,6720913970570,966816
5856,6720914008885,6720914975811,966926
5857,6720915003645,6720915970312,966667
5858,6720916008775,6720916975276,966501
5859,6720917003554,6720917969869,966315
5860,6720918008665,6720918975407,966742
5861,6720919003407,6720919969982,966575
5862,6720920008556,6720920974779,966223
5863,6720921003260,6720921971076,967816
5864,6720922008409,6720922975039,966630
5865,6720923003169,6720923969836,966667
5866,6720924008318,6720924974782,966464
5867,6720925003022,6720925969431,966409
5868,6720926008190,6720926974802,966612
5869,6720927002931,6720927969469,966538
5870,6720928008099,6720928974581,966482
5871,6720929002822,6720929969545,966723
5872,6720930007952,6720930974675,966723
5873,6720931002712,6720931969916,967204
5874,6720932007842,6720932974528,966686
5875,6720933002602,6720933969214,966612
5876,6720934007733,6720934974085,966352
5877,6720935002474,6720935969104,966630
5878,6720936007642,6720936974198,966556
5879,6720937002383,6720937969254,966871
5880,6720938007513,6720938974107,966594
5881,6720939002236,6720939968885,966649
5882,6720940007367,6720940973497,966130
5883,6720941002127,6720941969053,966926
5884,6720942007276,6720942973739,966463
5885,6720943002035,6720943968777,966742
5886,6720944007203,6720944973630,966427
5887,6720945001963,6720945968482,966519
5888,6720946007019,6720946973594,966575
5889,6720947001798,6720947968298,966500
5890,6720948008817,6720948976003,967186
5891,6720949001762,6720949968596,966834
5892,6720950006855,6720950973689,966834
5893,6720951001597,6720951971412,969815
5894,6720952006727,6720952973895,967168
5895,6720953001524,6720953968266,966742
5896,6720954006618,6720954973248,966630
5897,6720955001396,6720955968434,967038
5898,6720956006508,6720956973083,966575
5899,6720957001286,6720957967824,966538
5900,6720958006380,6720958973010,966630
5901,6720959001158,6720959967844,966686
5902,6720960006289,6720960972845,966556
5903,6720961001012,6720961968160,967148
5904,6720962006179,6720962973106,966927
5905,6720963000939,6720963967421,966482
5906,6720964006032,6720964972422,966390
5907,6720965000792,6720965967348,966556
5908,6720966005941,6720966972590,966649
5909,6720967000664,6720967967572,966908
5910,6720968005794,6720968971980,966186
5911,6720969000554,6720969967259,966705
5912,6720970005703,6720970971278,965575
5913,6720971000426,6720971966964,966538
5914,6720972005575,6720972971557,965982
5915,6720973000335,6720973967169,966834
5916,6720974005447,6720974972392,966945
5917,6720975000207,6720975967152,966945
5918,6720976005374,6720976971301,965927
5919,6720977000097,6720977967228,967131
5920,6720978005246,6720978972043,966797
5921,6720978999988,6720979966970,966982
5922,6720980005099,6720980970804,965705
5923,6720980999896,6720981966619,966723
5924,6720982005008,6720982972972,967964
5925,6720982999750,6720983967121,967371
5926,6720984004899,6720984971844,966945
5927,6720984999659,6720985966382,966723
5928,6720986004770,6720986970549,965779
5929,6720986999530,6720987966272,966742
5930,6720988004698,6720988970587,965889
5931,6720988999421,6720989966033,966612
5932,6720990004533,6720990970348,965815
5933,6720990999293,6720991966034,966741
5934,6720992004256,6720992970313,966057
5935,6720992999201,6720993966110,966909
5936,6720994004276,6720994970055,965779
5937,6720994999073,6720995965741,966668
5938,6720996004315,6720996970315,966000
5939,6720996998964,6720997965927,966963
5940,6720998004094,6720998969817,965723
5941,6720998998835,6720999965614,966779
5942,6721000004225,6721000970115,965890
5943,6721000998744,6721001965430,966686
5944,6721002003856,6721002970875,967019
5945,6721002998598,6721003965228,966630
5946,6721004004228,6721004970395,966167
5947,6721004998469,6721005965322,966853
5948,6721006003618,6721006969508,965890
5949,6721006998378,6721007965120,966742
5950,6721008004175,6721008970120,965945
5951,6721008998232,6721009965214,966982
5952,6721010003380,6721010969140,965760
5953,6721010998140,6721011964993,966853
5954,6721012004345,6721013006031,1001686
5955,6721013010772,6721014004606,993834
5956,6721014008476,6721015000514,992038
5957,6721015005680,6721015998496,992816
5958,6721016002459,6721016998682,996223
5959,6721017002460,6721017995127,992667
5960,6721017998868,6721018990109,991241
5961,6721018998091,6721019990740,992649
5962,6721019998091,6721020993037,994946
5963,6721020997981,6721021990389,992408
5964,6721021997982,6721022996001,998019
5965,6721022999668,6721023992668,993000
5966,6721023997854,6721024992780,994926
5967,6721024997743,6721025989892,992149
5968,6721025997762,6721026990393,992631
5969,6721026997708,6721027989838,992130
5970,6721027997542,6721028993394,995852
5971,6721028997542,6721029990117,992575
5972,6721029997451,6721030990859,993408
5973,6721030997433,6721031989063,991630
5974,6721031997434,6721032996564,999130
5975,6721033000490,6721033991824,991334
5976,6721033997194,6721034988491,991297
5977,6721034997306,6721035989844,992538
5978,6721035997159,6721036975233,978074
5979,6721036996715,6721037964179,967464
5980,6721038001734,6721038969402,967668
5981,6721038996531,6721039963921,967390
5982,6721040001625,6721040970366,968741
5983,6721040996403,6721041963830,967427
5984,6721042001533,6721042969904,968371
5985,6721042996293,6721043963516,967223
5986,6721044001387,6721044969684,968297
5987,6721044996165,6721045963444,967279
5988,6721046001296,6721046967315,966019
5989,6721046996037,6721047963093,967056
5990,6721048001186,6721048968538,967352
5991,6721048995946,6721049963002,967056
5992,6721050001039,6721050966910,965871
5993,6721050995818,6721051962781,966963
5994,6721052000911,6721052968986,968075
5995,6721052995708,6721053962838,967130
5996,6721054000820,6721054966395,965575
5997,6721054995580,6721055962414,966834
5998,6721056000673,6721056969544,968871
5999,6721056995452,6721057962508,967056
6000,6721058000601,6721058966083,965482
6001,6721058995361,6721059962676,967315
6002,6721060000472,6721060968677,968205
6003,6721060995232,6721061962233,967001
6004,6721062000326,6721062967734,967408
6005,6721062995141,6721063961975,966834
6006,6721064000235,6721064968309,968074
6007,6721064994995,6721065961958,966963
6008,6721066000143,6721066966977,966834
6009,6721066994866,6721067961441,966575
6010,6721067999997,6721068968516,968519
6011,6721068994794,6721069961831,967037
6012,6721069999869,6721070966814,966945
6013,6721070994647,6721071961537,966890
6014,6721071999796,6721072972871,973075
6015,6721072994593,6721073961520,966927
6016,6721073999649,6721074966613,966964
6017,6721074994391,6721075961280,966889
6018,6721075999558,6721076968688,969130
6019,6721076994337,6721077961541,967204
6020,6721077999282,6721078966357,967075
6021,6721078994190,6721079961265,967075
6022,6721079999320,6721080967636,968316
6023,6721080994117,6721081961099,966982
6024,6721081999174,6721082967359,968185
6025,6721082993989,6721083960916,966927
6026,6721083999082,6721084967398,968316
6027,6721084993879,6721085961010,967131
6028,6721085998973,6721086965899,966926
6029,6721086993714,6721087960419,966705
6030,6721087998863,6721088968253,969390
6031,6721088993623,6721089960439,966816
6032,6721089998735,6721090965791,967056
6033,6721090993476,6721091960496,967020
6034,6721091998644,6721092968219,969575
6035,6721092993404,6721093960201,966797
6036,6721093998516,6721094965516,967000
6037,6721094993257,6721095960147,966890
6038,6721095998387,6721096967147,968760
6039,6721096993147,6721097959944,966797
6040,6721097998278,6721098965241,966963
6041,6721098993038,6721099959890,966852
6042,6721099998168,6721100966576,968408
6043,6721100992947,6721101959188,966241
6044,6721101998040,6721102965985,967945
6045,6721102992818,6721103959541,966723
6046,6721103997949,6721104966764,968815
6047,6721104992709,6721105959839,967130
6048,6721105997821,6721106964877,967056
6049,6721106992581,6721107959544,966963
6050,6721107997730,6721108966452,968722
6051,6721108992452,6721109959342,966890
6052,6721109997601,6721110964417,966816
6053,6721110992343,6721111959140,966797
6054,6721111997492,6721112967029,969537
6055,6721112992252,6721113959382,967130
6056,6721113997382,6721114964012,966630
6057,6721114992105,6721115959032,966927
6058,6721115997235,6721116966051,968816
6059,6721116992014,6721117959255,967241
6060,6721117997126,6721118964071,966945
6061,6721118991886,6721119958646,966760
6062,6721119996997,6721120965869,968872
6063,6721120991776,6721121958777,967001
6064,6721121996906,6721122964759,967853
6065,6721122991666,6721123958667,967001
6066,6721123996797,6721124965723,968926
6067,6721124991538,6721125958743,967205
6068,6721125996669,6721126963799,967130
6069,6721126991410,6721127958318,966908
6070,6721127996577,6721128965430,968853
6071,6721128991319,6721129958264,966945
6072,6721129996431,6721130963394,966963
6073,6721130991209,6721131958062,966853
6074,6721131996340,6721133001748,1005408
6075,6721133005081,6721133997934,992853
6076,6721134002045,6721134995490,993445
6077,6721134998879,6721135991250,992371
6078,6721135994768,6721136987880,993112
6079,6721136991973,6721137983881,991908
6080,6721137991288,6721138984289,993001
6081,6721138991215,6721139983660,992445
6082,6721139991142,6721140985142,994000
6083,6721140991050,6721141983476,992426
6084,6721141990995,6721142984959,993964
6085,6721142991292,6721143982811,991519
6086,6721143990941,6721144985960,995019
6087,6721144990960,6721145983387,992427
6088,6721145990868,6721146982962,992094
6089,6721146990758,6721147983092,992334
6090,6721147990759,6721148969185,978426
6091,6721148990370,6721149957871,967501
6092,6721149995353,6721150963242,967889
6093,6721150990113,6721151957650,967537
6094,6721151995187,6721152964873,969686
6095,6721152990040,6721153956930,966890
6096,6721153995096,6721154961838,966742
6097,6721154989838,6721155956727,966889
6098,6721155994968,6721156962895,967927
6099,6721156989747,6721157956395,966648
6100,6721157994821,6721158962063,967242
6101,6721158989581,6721159956267,966686
6102,6721159994712,6721160962712,968000
6103,6721160989527,6721161956806,967279
6104,6721161994602,6721162962677,968075
6105,6721162989362,6721163956233,966871
6106,6721163994492,6721164963326,968834
6107,6721164989271,6721165955975,966704
6108,6721165994383,6721166961180,966797
6109,6721166989124,6721167955940,966816
6110,6721167994292,6721168963163,968871
6111,6721168989033,6721169955849,966816
6112,6721169994163,6721170961053,966890
6113,6721170988905,6721171955683,966778
6114,6721171994035,6721172963943,969908
6115,6721172988832,6721173955759,966927
6116,6721173993926,6721174960815,966889
6117,6721174988667,6721175955316,966649
6118,6721175993779,6721176962335,968556
6119,6721176988576,6721177955373,966797
6120,6721177993669,6721178960633,966964
6121,6721178988429,6721179955189,966760
6122,6721179993578,6721180962542,968964
6123,6721180988338,6721181955357,967019
6124,6721181993450,6721182961654,968204
6125,6721182988210,6721183955285,967075
6126,6721183993340,6721184960100,966760
6127,6721184988082,6721185955194,967112
6128,6721185993175,6721186960157,966982
6129,6721186987991,6721187954880,966889
6130,6721187993065,6721188960048,966983
6131,6721188987862,6721189954789,966927
6132,6721189992993,6721190959975,966982
6133,6721190987734,6721191954550,966816
6134,6721191992883,6721192961662,968779
6135,6721192987680,6721193954699,967019
6136,6721193992736,6721194959885,967149
6137,6721194987533,6721195954071,966538
6138,6721195992590,6721196959350,966760
6139,6721196987405,6721197954406,967001
6140,6721197992554,6721198959351,966797
6141,6721198987296,6721199954185,966889
6142,6721199992426,6721200959630,967204
6143,6721200987186,6721201954205,967019
6144,6721201992298,6721202960243,967945
6145,6721202987095,6721203953929,966834
6146,6721203992170,6721204958930,966760
6147,6721204986930,6721205953856,966926
6148,6721205992041,6721206959061,967020
6149,6721206986801,6721207953506,966705
6150,6721207991932,6721208958840,966908
6151,6721208986710,6721209953693,966983
6152,6721209991859,6721210958841,966982
6153,6721210986601,6721211953416,966815
6154,6721211991713,6721212958843,967130
6155,6721212986528,6721213953270,966742
6156,6721213991640,6721214958622,966982
6157,6721214986363,6721215953327,966964
6158,6721215991493,6721216958457,966964
6159,6721216986253,6721217953272,967019
6160,6721217991365,6721218958125,966760
6161,6721218986144,6721219953052,966908
6162,6721219991255,6721220958089,966834
6163,6721220986015,6721221952812,966797
6164,6721221991127,6721222959091,967964
6165,6721222985906,6721223952832,966926
6166,6721223991055,6721224958000,966945
6167,6721224985778,6721225952760,966982
6168,6721225990926,6721226957927,967001
6169,6721226985649,6721227952594,966945
6170,6721227990780,6721228957873,967093
6171,6721228985577,6721229952411,966834
6172,6721229990707,6721230957449,966742
6173,6721230985449,6721231952171,966722
6174,6721231990542,6721232958394,967852
6175,6721232985357,6721233952191,966834
6176,6721233990451,6721234957118,966667
6177,6721234985229,6721235952674,967445
6178,6721235990360,6721236957508,967148
6179,6721236985101,6721237951528,966427
6180,6721237990231,6721238957195,966964
6181,6721238984973,6721239951788,966815
6182,6721239990103,6721240956882,966779
6183,6721240984900,6721241951919,967019
6184,6721241989994,6721242958124,968130
6185,6721242984772,6721243951402,966630
6186,6721243989884,6721244957274,967390
6187,6721244984644,6721245951571,966927
6188,6721245989756,6721246956627,966871
6189,6721246984516,6721247951294,966778
6190,6721247989646,6721248956628,966982
6191,6721248984462,6721249951518,967056
6192,6721249989536,6721250956241,966705
6193,6721250984278,6721251950927,966649
6194,6721251989408,6721252992816,1003408
6195,6721252996428,6721253990687,994259
6196,6721253995521,6721254991929,996408
6197,6721254995781,6721255992263,996482
6198,6721255996041,6721256997023,1000982
6199,6721257001097,6721257996690,995593
6200,6721258000061,6721258995691,995630
6201,6721259000765,6721259995081,994316
6202,6721259998655,6721260974081,975426
6203,6721260983822,6721261950786,966964
6204,6721261988841,6721262956861,968020
6205,6721262983620,6721263950454,966834
6206,6721263988732,6721264955658,966926
6207,6721264983510,6721265950215,966705
6208,6721265988641,6721266955364,966723
6209,6721266983364,6721267950179,966815
6210,6721267988512,6721268955106,966594
6211,6721268983272,6721269950032,966760
6212,6721269988384,6721270954941,966557
6213,6721270983126,6721271949997,966871
6214,6721271988256,6721272954961,966705
6215,6721272983035,6721273949665,966630
6216,6721273988146,6721274954795,966649
6217,6721274982944,6721275949444,966500
6218,6721275988037,6721276954556,966519
6219,6721276982815,6721277949483,966668
6220,6721277987909,6721278954595,966686
6221,6721278982687,6721279949021,966334
6222,6721279987818,6721280954670,966852
6223,6721280982577,6721281949374,966797
6224,6721281987671,6721282955375,967704
6225,6721282982449,6721283948913,966464
6226,6721283987561,6721284953877,966316
6227,6721284982340,6721285949007,966667
6228,6721285987452,6721286954082,966630
6229,6721286982211,6721287948564,966353
6230,6721287987323,6721288954028,966705
6231,6721288982102,6721289948695,966593
6232,6721289987214,6721290953770,966556
6233,6721290982011,6721291948400,966389
6234,6721291987104,6721292954623,967519
6235,6721292981864,6721293948272,966408
6236,6721293986957,6721294953365,966408
6237,6721294981736,6721295948329,966593
6238,6721295986885,6721296953552,966667
6239,6721296981608,6721297948182,966574
6240,6721297986738,6721298953016,966278
6241,6721298981498,6721299947906,966408
6242,6721299986610,6721300953148,966538
6243,6721300981444,6721301947926,966482
6244,6721301986500,6721302953816,967316
6245,6721302981279,6721303947557,966278
6246,6721303986428,6721304952799,966371
6247,6721304981169,6721305947596,966427
6248,6721305986299,6721306952707,966408
6249,6721306981041,6721307947560,966519
6250,6721307986171,6721308952524,966353
6251,6721308980931,6721309947450,966519
6252,6721309986043,6721310952618,966575
6253,6721310980822,6721311947007,966185
6254,6721311985952,6721312952212,966260
6255,6721312980730,6721313947509,966779
6256,6721313985842,6721314952213,966371
6257,6721314980565,6721315946936,966371
6258,6721315985714,6721316952955,967241
6259,6721316980511,6721317947104,966593
6260,6721317985604,6721318952198,966594
6261,6721318980383,6721319946958,966575
6262,6721319985458,6721320951958,966500
6263,6721320980255,6721321946941,966686
6264,6721321985422,6721322951849,966427
6265,6721322980108,6721323946831,966723
6266,6721323985294,6721324952128,966834
6267,6721324980035,6721325946666,966631
6268,6721325985147,6721326951500,966353
6269,6721326979907,6721327946686,966779
6270,6721327985038,6721328951520,966482
6271,6721328979816,6721329946632,966816
6272,6721329984909,6721330951392,966483
6273,6721330979669,6721331946040,966371
6274,6721331984855,6721332951782,966927
6275,6721332979578,6721333946394,966816
6276,6721333984690,6721334951506,966816
6277,6721334979432,6721335946154,966722
6278,6721335984580,6721336951155,966575
6279,6721336979359,6721337945860,966501
6280,6721337984471,6721338951009,966538
6281,6721338979212,6721339945676,966464
6282,6721339984324,6721340950695,966371
6283,6721340979103,6721341945807,966704
6284,6721341984233,6721342950456,966223
6285,6721342978993,6721343945271,966278
6286,6721343984123,6721344950643,966520
6287,6721344978883,6721345945847,966964
6288,6721345983995,6721346950292,966297
6289,6721346978774,6721347945385,966611
6290,6721347983885,6721348950238,966353
6291,6721348978664,6721349945461,966797
6292,6721349983739,6721350950462,966723
6293,6721350978536,6721351945074,966538
6294,6721351983666,6721352950000,966334
6295,6721352978445,6721353946094,967649
6296,6721353983556,6721354949946,966390
6297,6721354978316,6721355944725,966409
6298,6721355983410,6721356949892,966482
6299,6721356978225,6721357944782,966557
6300,6721357983300,6721358949542,966242
6301,6721358978079,6721359944616,966537
6302,6721359983190,6721360949932,966742
6303,6721360977969,6721361944581,966612
6304,6721361983099,6721362949822,966723
6305,6721362977841,6721363945416,967575
6306,6721363982990,6721364949324,966334
6307,6721364977731,6721365944139,966408
6308,6721365982862,6721366949510,966648
6309,6721366977603,6721367944067,966464
6310,6721367982752,6721368949512,966760
6311,6721368977530,6721369943846,966316
6312,6721369982605,6721370949032,966427
6313,6721370977402,6721371943773,966371
6314,6721371982496,6721372949015,966519
6315,6721372977255,6721373944349,967094
6316,6721373982423,6721374948868,966445
6317,6721374977146,6721375943795,966649
6318,6721375982276,6721376948462,966186
6319,6721376977055,6721377943537,966482
6320,6721377982167,6721378948093,965926
6321,6721378976908,6721379943335,966427
6322,6721379982038,6721380956372,974334
6323,6721380977224,6721381944336,967112
6324,6721381981984,6721382948948,966964
6325,6721382976707,6721383943838,967131
6326,6721383981838,6721384962301,980463
6327,6721384977042,6721385977635,1000593
6328,6721385981598,6721386978951,997353
6329,6721386982969,6721387980785,997816
6330,6721387984840,6721388982471,997631
6331,6721388986341,6721389980620,994279
6332,6721389983823,6721390980528,996705
6333,6721390984194,6721391981066,996872
6334,6721391985288,6721392980159,994871
6335,6721392983492,6721393981586,998094
6336,6721393985086,6721394980234,995148
6337,6721394983586,6721395984513,1000927
6338,6721395988143,6721396986106,997963
6339,6721396989958,6721397988200,998242
6340,6721397991866,6721398989923,998057
6341,6721398993886,6721399989108,995222
6342,6721399992683,6721400965942,973259
6343,6721400975776,6721401943221,967445
6344,6721401980777,6721402948296,967519
6345,6721402975518,6721403944389,968871
6346,6721403980685,6721404947594,966909
6347,6721404975464,6721405942076,966612
6348,6721405980520,6721406947058,966538
6349,6721406975262,6721407942133,966871
6350,6721407980429,6721408947059,966630
6351,6721408975208,6721409942171,966963
6352,6721409980301,6721410947135,966834
6353,6721410975079,6721411941913,966834
6354,6721411980210,6721412946692,966482
6355,6721412974970,6721413942489,967519
6356,6721413980082,6721414946582,966500
6357,6721414974842,6721415941824,966982
6358,6721415979953,6721416946232,966279
6359,6721416974713,6721417941344,966631
6360,6721417979844,6721418946641,966797
6361,6721418974585,6721419941234,966649
6362,6721419979716,6721420946587,966871
6363,6721420974531,6721421940976,966445
6364,6721421979606,6721422946162,966556
6365,6721422974366,6721423941700,967334
6366,6721423979533,6721424946127,966594
6367,6721424974275,6721425940775,966500
6368,6721425979350,6721426945943,966593
6369,6721426974128,6721427940610,966482
6370,6721427979258,6721428945796,966538
6371,6721428974037,6721429940704,966667
6372,6721429979149,6721430945483,966334
6373,6721430973909,6721431940335,966426
6374,6721431979021,6721432945392,966371
6375,6721432973799,6721433941337,967538
6376,6721433978929,6721434945208,966279
6377,6721434973708,6721435940375,966667
6378,6721435978820,6721436945691,966871
6379,6721436973561,6721437939988,966427
6380,6721437978692,6721438945100,966408
6381,6721438973433,6721439939897,966464
6382,6721439978712,6721440945731,967019
6383,6721440973342,6721441940250,966908
6384,6721441978435,6721442944695,966260
6385,6721442973177,6721443940770,967593
6386,6721443978363,6721444945530,967167
6387,6721444973123,6721445939753,966630
6388,6721445978234,6721446944920,966686
6389,6721446972957,6721447939625,966668
6390,6721447978106,6721448944588,966482
6391,6721448972885,6721449938978,966093
6392,6721449977997,6721450944590,966593
6393,6721450972757,6721451939535,966778
6394,6721451977850,6721452944665,966815
6395,6721452972647,6721453939518,966871
6396,6721453977796,6721454943389,965593
6397,6721454972519,6721455938797,966278
6398,6721455977668,6721456944168,966500
6399,6721456972428,6721457939077,966649
6400,6721457977502,6721458943003,965501
6401,6721458972337,6721459938837,966500
6402,6721459977393,6721460943097,965704
6403,6721460972190,6721461938468,966278
6404,6721461977357,6721462942543,965186
6405,6721462972062,6721463939636,967574
6406,6721463977192,6721464943841,966649
6407,6721464971989,6721465938656,966667
6408,6721465977045,6721466942694,965649
6409,6721466971842,6721467938380,966538
6410,6721467976973,6721468942399,965426
6411,6721468971733,6721469938530,966797
6412,6721469976807,6721470942179,965372
6413,6721470971586,6721471938253,966667
6414,6721471976753,6721472943087,966334
6415,6721472971495,6721473939329,967834
6416,6721473976625,6721474941830,965205
6417,6721474971367,6721475937793,966426
6418,6721475976479,6721476942942,966463
6419,6721476971238,6721477937924,966686
6420,6721477976369,6721478941944,965575
6421,6721478971129,6721479937463,966334
6422,6721479976278,6721480942741,966463
6423,6721480971019,6721481937520,966501
6424,6721481976131,6721482941761,965630
6425,6721482970910,6721483938355,967445
6426,6721483976040,6721484942707,966667
6427,6721484970800,6721485937467,966667
6428,6721485975912,6721486941598,965686
6429,6721486970672,6721487937339,966667
6430,6721487975802,6721488942044,966242
6431,6721488970562,6721489937396,966834
6432,6721489975674,6721490941063,965389
6433,6721490970434,6721491936509,966075
6434,6721491975564,6721492941120,965556
6435,6721492970361,6721493938232,967871
6436,6721493975473,6721494940955,965482
6437,6721494970215,6721495936697,966482
6438,6721495975326,6721496940864,965538
6439,6721496970105,6721497936717,966612
6440,6721497975254,6721498940217,964963
6441,6721498969977,6721499936292,966315
6442,6721499975107,6721500940682,965575
6443,6721500969886,6721501936701,966815
6444,6721501974979,6721502940202,965223
6445,6721502969739,6721503937036,967297
6446,6721503974888,6721504970222,995334
6447,6721504973333,6721505970760,997427
6448,6721505974056,6721506968057,994001
6449,6721506972260,6721507968668,996408
6450,6721507972687,6721508971188,998501
6451,6721508975688,6721509971503,995815
6452,6721509975040,6721510971448,996408
6453,6721510975263,6721511972727,997464
6454,6721511976857,6721512974728,997871
6455,6721512978931,6721513979302,1000371
6456,6721513983228,6721514981896,998668
6457,6721514985896,6721515987563,1001667
6458,6721515987693,6721516991842,1004149
6459,6721516974416,6721517980139,1005723
6460,6721517983861,6721518979491,995630
6461,6721518983176,6721519981325,998149
6462,6721519984973,6721520981585,996612
6463,6721520985863,6721521982012,996149
6464,6721521985475,6721522979642,994167
6465,6721522983198,6721523981050,997852
6466,6721523984402,6721524982699,998297
6467,6721524986699,6721525983848,997149
6468,6721525986515,6721526983553,997038
6469,6721526986442,6721527982961,996519
6470,6721527986442,6721528985647,999205
6471,6721528986202,6721529981092,994890
6472,6721529984481,6721530981593,997112
6473,6721530985352,6721531982278,996926
6474,6721531986093,6721532980446,994353
6475,6721532983353,6721533984224,1000871
6476,6721533986132,6721534984466,998334
6477,6721534986170,6721535984096,997926
6478,6721535986022,6721536987097,1001075
6479,6721536985690,6721537982968,997278
6480,6721537985894,6721538982339,996445
6481,6721538985802,6721539990488,1004686
6482,6721539973951,6721540979100,1005149
6483,6721540982211,6721541975934,993723
6484,6721541979860,6721542978046,998186
6485,6721542982490,6721543978065,995575
6486,6721543981472,6721544979843,998371
6487,6721544983899,6721545981826,997927
6488,6721545985418,6721546983382,997964
6489,6721546985363,6721547980938,995575
6490,6721547984586,6721548980661,996075
6491,6721548984587,6721549980588,996001
6492,6721549982866,6721550981126,998260
6493,6721550985015,6721551989367,1004352
6494,6721551972700,6721552978479,1005779
6495,6721552982609,6721553981332,998723
6496,6721553985183,6721554983703,998520
6497,6721554984869,6721555981333,996464
6498,6721555984852,6721556983260,998408
6499,6721556984945,6721557984112,999167
6500,6721557984686,6721558980057,995371
6501,6721558983557,6721559982503,998946
6502,6721559984373,6721560979429,995056
6503,6721560983281,6721561979856,996575
6504,6721561983597,6721562982320,998723
6505,6721562984468,6721563980876,996408
6506,6721563984376,6721564983247,998871
6507,6721564984228,6721565980155,995927
6508,6721565982674,6721566981045,998371
6509,6721566984359,6721567982879,998520
6510,6721567984119,6721568981139,997020
6511,6721568984009,6721569982788,998779
6512,6721569984065,6721570979492,995427
6513,6721570982159,6721571974919,992760
6514,6721571978678,6721572950938,972260
6515,6721572965827,6721573933642,967815
6516,6721573970902,6721574937217,966315
6517,6721574965643,6721575933570,967927
6518,6721575970773,6721576937404,966631
6519,6721576965552,6721577932164,966612
6520,6721577970664,6721578937127,966463
6521,6721578965442,6721579932647,967205
6522,6721579970517,6721580937296,966779
6523,6721580965333,6721581931833,966500
6524,6721581970407,6721582937075,966668
6525,6721582965186,6721583933094,967908
6526,6721583970298,6721584937261,966963
6527,6721584965076,6721585931540,966464
6528,6721585970188,6721586936726,966538
6529,6721586964930,6721587931504,966574
6530,6721587970078,6721588936431,966353
6531,6721588964838,6721589931339,966501
6532,6721589969950,6721590936081,966131
6533,6721590964692,6721591930952,966260
6534,6721591969804,6721592936138,966334
6535,6721592964619,6721593931694,967075
6536,6721593969731,6721594935991,966260
6537,6721594964491,6721595930751,966260
6538,6721595969621,6721596935622,966001
6539,6721596964418,6721597930789,966371
6540,6721597969475,6721598936012,966537
6541,6721598964235,6721599930383,966148
6542,6721599969383,6721600935440,966057
6543,6721600964162,6721601930626,966464
6544,6721601969237,6721602935849,966612
6545,6721602964034,6721603930423,966389
6546,6721603969164,6721604935202,966038
6547,6721604963924,6721605930462,966538
6548,6721605969017,6721606935426,966409
6549,6721606963777,6721607930223,966446
6550,6721607968908,6721608935075,966167
6551,6721608963686,6721609929946,966260
6552,6721609968817,6721610935095,966278
6553,6721610963558,6721611929781,966223
6554,6721611968688,6721612934689,966001
6555,6721612963448,6721613930875,967427
6556,6721613968560,6721614934950,966390
6557,6721614963339,6721615929469,966130
6558,6721615968432,6721616934562,966130
6559,6721616963248,6721617929619,966371
6560,6721617968341,6721618934508,966167
6561,6721618963101,6721619929546,966445
6562,6721619968213,6721620934510,966297
6563,6721620963010,6721621928844,965834
6564,6721621968103,6721622934567,966464
6565,6721622962863,6721623930308,967445
6566,6721623967994,6721624933846,965852
6567,6721624962772,6721625929310,966538
6568,6721625967865,6721626934662,966797
6569,6721626962625,6721627929089,966464
6570,6721627967737,6721628933386,965649
6571,6721628962571,6721629929165,966594
6572,6721629967646,6721630933017,965371
6573,6721630962406,6721631928610,966204
6574,6721631967536,6721632933148,965612
6575,6721632962296,6721633929519,967223
6576,6721633967445,6721634932576,965131
6577,6721634962187,6721635927928,965741
6578,6721635967317,6721636932966,965649
6579,6721636962114,6721637928430,966316
6580,6721637967189,6721638932171,964982
6581,6721638961967,6721639928301,966334
6582,6721639967098,6721640932524,965426
6583,6721640961839,6721641928155,966316
6584,6721641966951,6721642932192,965241
6585,6721642961730,6721643928156,966426
6586,6721643966860,6721644933472,966612
6587,6721644961620,6721645928121,966501
6588,6721645966695,6721646933195,966500
6589,6721646961473,6721647927418,965945
6590,6721647966604,6721648932641,966037
6591,6721648961382,6721649927290,965908
6592,6721649966457,6721650932754,966297
6593,6721650961254,6721651927792,966538
6594,6721651966366,6721652931903,965537
6595,6721652961163,6721653927386,966223
6596,6721653966238,6721654931849,965611
6597,6721654961035,6721655927591,966556
6598,6721655966146,6721656931517,965371
6599,6721656960906,6721657927426,966520
6600,6721657966018,6721658931112,965094
6601,6721658960797,6721659927223,966426
6602,6721659965927,6721660934076,968149
6603,6721660960669,6721661928466,967797
6604,6721661965817,6721662931985,966168
6605,6721662960540,6721663926486,965946
6606,6721663965708,6721664933153,967445
6607,6721664960486,6721665927080,966594
6608,6721665965580,6721666932284,966704
6609,6721666960321,6721667926600,966279
6610,6721667965451,6721668931656,966205
6611,6721668960230,6721669926897,966667
6612,6721669965342,6721670931917,966575
6613,6721670960083,6721671926251,966168
6614,6721671965214,6721672931325,966111
6615,6721672959992,6721673926104,966112
6616,6721673965104,6721674930919,965815
6617,6721674959864,6721675926105,966241
6618,6721675965013,6721676931273,966260
6619,6721676959773,6721677926218,966445
6620,6721677964885,6721678931293,966408
6621,6721678959626,6721679925960,966334
6622,6721679964775,6721680930794,966019
6623,6721680959535,6721681925980,966445
6624,6721681964665,6721682931055,966390
6625,6721682959407,6721683925852,966445
6626,6721683964537,6721684930704,966167
6627,6721684959297,6721685925557,966260
6628,6721685964446,6721686930947,966501
6629,6721686959169,6721687925688,966519
6630,6721687964299,6721688931022,966723
6631,6721688959059,6721689925541,966482
6632,6721689964171,6721690930690,966519
6633,6721690958839,6721691925154,966315
6634,6721691964099,6721692930581,966482
6635,6721692958858,6721693925322,966464
6636,6721693963952,6721694930656,966704
6637,6721694958730,6721695925250,966520
6638,6721695963824,6721696928806,964982
6639,6721696958602,6721697924899,966297
6640,6721697963714,6721698930344,966630
6641,6721698958474,6721699924919,966445
6642,6721699963623,6721700928901,965278
6643,6721700958401,6721701924661,966260
6644,6721701963495,6721702929125,965630
6645,6721702958236,6721703924866,966630
6646,6721703963385,6721704930015,966630
6647,6721704958164,6721705924479,966315
6648,6721705963238,6721706928369,965131
6649,6721706957998,6721707924518,966520
6650,6721707963147,6721708928592,965445
6651,6721708957926,6721709924334,966408
6652,6721709963038,6721710928575,965537
6653,6721710957797,6721711924020,966223
6654,6721711962909,6721712927910,965001
6655,6721712957688,6721713924263,966575
6656,6721713962800,6721714929689,966889
6657,6721714957560,6721715924153,966593
6658,6721715962690,6721716928006,965316
6659,6721716957487,6721717924025,966538
6660,6721717962654,6721718929063,966409
6661,6721718957322,6721719923952,966630
6662,6721719962452,6721720927675,965223
6663,6721720957231,6721721923787,966556
6664,6721721962324,6721722927677,965353
6665,6721722957084,6721723923048,965964
6666,6721723962233,6721724927919,965686
6667,6721724957011,6721725923716,966705
6668,6721725962105,6721726927383,965278
6669,6721726956865,6721727923310,966445
6670,6721727961995,6721728927477,965482
6671,6721728956774,6721729923200,966426
6672,6721729961885,6721730927182,965297
6673,6721730956645,6721731923146,966501
6674,6721731961757,6721732927221,965464
6675,6721732956554,6721733923277,966723
6676,6721733961629,6721734928759,967130
6677,6721734956408,6721735922742,966334
6678,6721735961593,6721736927076,965483
6679,6721736956335,6721737922799,966464
6680,6721737961428,6721738927929,966501
6681,6721738956170,6721739922615,966445
6682,6721739961300,6721740926616,965316
6683,6721740956079,6721741922505,966426
6684,6721741961172,6721742926099,964927
6685,6721742955950,6721743922655,966705
6686,6721743961062,6721744927452,966390
6687,6721744955859,6721745922304,966445
6688,6721745960953,6721746926064,965111
6689,6721746955713,6721747922010,966297
6690,6721747960843,6721748926251,965408
6691,6721748955640,6721749922141,966501
6692,6721749960715,6721750926290,965575
6693,6721750955475,6721751922049,966574
6694,6721751960624,6721752934272,973648
6695,6721752955735,6721753922681,966946
6696,6721753960551,6721754927644,967093
6697,6721754955292,6721755922034,966742
6698,6721755960404,6721756939312,978908
6699,6721756955331,6721757947646,992315
6700,6721757955498,6721758957777,1002279
6701,6721758960036,6721759956889,996853
6702,6721759960370,6721760957630,997260
6703,6721760960445,6721761956242,995797
6704,6721761958483,6721762954965,996482
6705,6721762958669,6721763955966,997297
6706,6721763959910,6721764934226,974316
6707,6721764954966,6721765922560,967594
6708,6721765959837,6721766927153,967316
6709,6721766954579,6721767921543,966964
6710,6721767959728,6721768926599,966871
6711,6721768954451,6721769921266,966815
6712,6721769959581,6721770926563,966982
6713,6721770954341,6721771921360,967019
6714,6721771959471,6721772926231,966760
6715,6721772954231,6721773921010,966779
6716,6721773959343,6721774927140,967797
6717,6721774954122,6721775920900,966778
6718,6721775959215,6721776925679,966464
6719,6721776953994,6721777920383,966389
6720,6721777959105,6721778926069,966964
6721,6721778953884,6721779920940,967056
6722,6721779959014,6721780925534,966520
6723,6721780953793,6721781920756,966963
6724,6721781958886,6721782925702,966816
6725,6721782953646,6721783920684,967038
6726,6721783958758,6721784925259,966501
6727,6721784953555,6721785920685,967130
6728,6721785958648,6721786925593,966945
6729,6721786953427,6721787920372,966945
6730,6721787958539,6721788927132,968593
6731,6721788953336,6721789920281,966945
6732,6721789958429,6721790926596,968167
6733,6721790953208,6721791920116,966908
6734,6721791958319,6721792926339,968020
6735,6721792953098,6721793919950,966852
6736,6721793958210,6721794926044,967834
6737,6721794952988,6721795919933,966945
6738,6721795958082,6721796924730,966648
6739,6721796952841,6721797919879,967038
6740,6721797957990,6721798925269,967279
6741,6721798952732,6721799919696,966964
6742,6721799957844,6721800924030,966186
6743,6721800952659,6721801919290,966631
6744,6721801957734,6721802924605,966871
6745,6721802952494,6721803919291,966797
6746,6721803957624,6721804925588,967964
6747,6721804952403,6721805919422,967019
6748,6721805957515,6721806924515,967000
6749,6721806952275,6721807918979,966704
6750,6721807957387,6721808924054,966667
6751,6721808952165,6721809919425,967260
6752,6721809957295,6721810924629,967334
6753,6721810952037,6721811919167,967130
6754,6721811957130,6721812924464,967334
6755,6721812951946,6721813919020,967074
6756,6721813957076,6721814924595,967519
6757,6721814951836,6721815918763,966927
6758,6721815956966,6721816924689,967723
6759,6721816951726,6721817919042,967316
6760,6721817956820,6721818923783,966963
6761,6721818951617,6721819918580,966963
6762,6721819956710,6721820923748,967038
6763,6721820951470,6721821917304,965834
6764,6721821956600,6721822923509,966909
6765,6721822951360,6721823918528,967168
6766,6721823956528,6721824926528,970000
6767,6721824951288,6721825918251,966963
6768,6721825956381,6721826923474,967093
6769,6721826951104,6721827917994,966890
6770,6721827956253,6721828922846,966593
6771,6721828950994,6721829918162,967168
6772,6721829956125,6721830922162,966037
6773,6721830950885,6721831917904,967019
6774,6721831956015,6721832923108,967093
6775,6721832950794,6721833918017,967223
6776,6721833955905,6721834924128,968223
6777,6721834950665,6721835917685,967020
6778,6721835955796,6721836922908,967112
6779,6721836950574,6721837917390,966816
6780,6721837955668,6721838922465,966797
6781,6721838950428,6721839915836,965408
6782,6721839955576,6721840922466,966890
6783,6721840950336,6721841917541,967205
6784,6721841955430,6721842922042,966612
6785,6721842950190,6721843916968,966778
6786,6721843955320,6721844922913,967593
6787,6721844950117,6721845917210,967093
6788,6721845955192,6721846921582,966390
6789,6721846949970,6721847916601,966631
6790,6721847955082,6721848921176,966094
6791,6721848949879,6721849917584,967705
6792,6721849954973,6721850922177,967204
6793,6721850949733,6721851916641,966908
6794,6721851954863,6721852921901,967038
6795,6721852949660,6721853916716,967056
6796,6721853954735,6721854922050,967315
6797,6721854949513,6721855916384,966871
6798,6721855954625,6721856921496,966871
6799,6721856949422,6721857915108,965686
6800,6721857954515,6721858921331,966816
6801,6721858949275,6721859916535,967260
6802,6721859954406,6721860921258,966852
6803,6721860949184,6721861916352,967168
6804,6721861954278,6721862921426,967148
6805,6721862949038,6721863916094,967056
6806,6721863954149,6721864922335,968186
6807,6721864948965,6721865916318,967353
6808,6721865954040,6721866920059,966019
6809,6721866948781,6721867916115,967334
6810,6721867953949,6721868921079,967130
6811,6721868948709,6721869915339,966630
6812,6721869953820,6721870921284,967464
6813,6721870948580,6721871915526,966946
6814,6721871953692,6721872920971,967279
6815,6721872948489,6721873915472,966983
6816,6721873953583,6721874921843,968260
6817,6721874948361,6721875914306,965945
6818,6721875953492,6721876920085,966593
6819,6721876948270,6721877915308,967038
6820,6721877953363,6721878920512,967149
6821,6721878948123,6721879915291,967168
6822,6721879953235,6721880946791,993556
6823,6721880950310,6721881942626,992316
6824,6721881948403,6721882942719,994316
6825,6721882948682,6721883942368,993686
6826,6721883948312,6721884944183,995871
6827,6721884948331,6721885941314,992983
6828,6721885948165,6721886942148,993983
6829,6721886948092,6721887941889,993797
6830,6721887948000,6721888941538,993538
6831,6721888947964,6721889941965,994001
6832,6721889948020,6721890942706,994686
6833,6721890947836,6721891942725,994889
6834,6721891947948,6721892941282,993334
6835,6721892947782,6721893941431,993649
6836,6721893947708,6721894940579,992871
6837,6721894947672,6721895942432,994760
6838,6721895947636,6721896938248,990612
6839,6721896947655,6721897940841,993186
6840,6721897947563,6721898941082,993519
6841,6721898947471,6721899939676,992205
6842,6721899947398,6721900943399,996001
6843,6721900947417,6721901944325,996908
6844,6721901947733,6721902941011,993278
6845,6721902947159,6721903940308,993149
6846,6721903947067,6721904939568,992501
6847,6721904947105,6721905944699,997594
6848,6721905948217,6721906943125,994908
6849,6721906947125,6721907939200,992075
6850,6721907946904,6721908940386,993482
6851,6721908946849,6721909940368,993519
6852,6721909946794,6721910941073,994279
6853,6721910946758,6721911943684,996926
6854,6721911947351,6721912940463,993112
6855,6721912946611,6721913937556,990945
6856,6721913946538,6721914943205,996667
6857,6721914946724,6721915939243,992519
6858,6721915946447,6721916936984,990537
6859,6721916946355,6721917940522,994167
6860,6721917946300,6721918940152,993852
6861,6721918946301,6721919940949,994648
6862,6721919946153,6721920939283,993130
6863,6721920946154,6721921940118,993964
6864,6721921945858,6721922938526,992668
6865,6721922946137,6721923939378,993241
6866,6721923946082,6721924939953,993871
6867,6721924945972,6721925937602,991630
6868,6721925945898,6721926939473,993575
6869,6721926945640,6721927938363,992723
6870,6721927945770,6721928939363,993593
6871,6721928945734,6721929938772,993038
6872,6721929945679,6721930937476,991797
6873,6721930945587,6721931939180,993593
6874,6721931945254,6721932937033,991779
6875,6721932945514,6721933939219,993705
6876,6721933945423,6721934939905,994482
6877,6721934945368,6721935937720,992352
6878,6721935945294,6721936938925,993631
6879,6721936945277,6721937942203,996926
6880,6721937945592,6721938937352,991760
6881,6721938945130,6721939938742,993612
6882,6721939945094,6721940939835,994741
6883,6721940945002,6721941938558,993556
6884,6721941944984,6721942938874,993890
6885,6721942944651,6721943934300,989649
6886,6721943944800,6721944940319,995519
6887,6721944944801,6721945939283,994482
6888,6721945944746,6721946938488,993742
6889,6721946944673,6721947938859,994186
6890,6721947944470,6721948937026,992556
6891,6721948944619,6721949937360,992741
6892,6721949944527,6721950939879,995352
6893,6721950944416,6721951938473,994057
6894,6721951944362,6721952937751,993389
6895,6721952944288,6721953938011,993723
6896,6721953944233,6721954937864,993631
6897,6721954944160,6721955939327,995167
6898,6721955944105,6721956936773,992668
6899,6721956944050,6721957937847,993797
6900,6721957944088,6721958938441,994353
6901,6721958943978,6721959935682,991704
6902,6721959943923,6721960937127,993204
6903,6721960943868,6721961938721,994853
6904,6721961944054,6721962937944,993890
6905,6721962943758,6721963939389,995631
6906,6721963943704,6721964938241,994537
6907,6721964943408,6721965936520,993112
6908,6721965943575,6721966937113,993538
6909,6721966943465,6721967936836,993371
6910,6721967943447,6721968935485,992038
6911,6721968943448,6721969938467,995019
6912,6721969943319,6721970936098,992779
6913,6721970943246,6721971936191,992945
6914,6721971943246,6721972937025,993779
6915,6721972943192,6721973936674,993482
6916,6721973943044,6721974940675,997631
6917,6721974943378,6721975936175,992797
6918,6721975942953,6721976936935,993982
6919,6721976943065,6721977938121,995056
6920,6721977942825,6721978936844,994019
6921,6721978942826,6721979936419,993593
6922,6721979942623,6721980934123,991500
6923,6721980942809,6721981936143,993334
6924,6721981942680,6721982934662,991982
6925,6721982942699,6721983936755,994056
6926,6721983942589,6721984935330,992741
6927,6721984942312,6721985934997,992685
6928,6721985942497,6721986935887,993390
6929,6721986942387,6721987935406,993019
6930,6721987942203,6721988914000,971797
6931,6721988942037,6721989909426,967389
6932,6721989946963,6721990913705,966742
6933,6721990941705,6721991908928,967223
6934,6721991946835,6721992914151,967316
6935,6721992941558,6721993908448,966890
6936,6721993946688,6721994914097,967409
6937,6721994941448,6721995907745,966297
6938,6721995946560,6721996913413,966853
6939,6721996941320,6721997908210,966890
6940,6721997946451,6721998913340,966889
6941,6721998941192,6721999908285,967093
6942,6721999946322,6722000913045,966723
6943,6722000941101,6722001907972,966871
6944,6722001946213,6722002913047,966834
6945,6722002940973,6722003907788,966815
6946,6722003946122,6722004913937,967815
6947,6722004940882,6722005908197,967315
6948,6722005945993,6722006912365,966372
6949,6722006940753,6722007907606,966853
6950,6722007945865,6722008912422,966557
6951,6722008940644,6722009907570,966926
6952,6722009945756,6722010912627,966871
6953,6722010940386,6722011907516,967130
6954,6722011945646,6722012912424,966778
6955,6722012940443,6722013907203,966760
6956,6722013945425,6722014912167,966742
6957,6722014940278,6722015907223,966945
6958,6722015945390,6722016911816,966426
6959,6722016940187,6722017907372,967185
6960,6722017945298,6722018911429,966131
6961,6722018940040,6722019906652,966612
6962,6722019945189,6722020911819,966630
6963,6722020939930,6722021906949,967019
6964,6722021945079,6722022911821,966742
6965,6722022939821,6722023906432,966611
6966,6722023944914,6722024915118,970204
6967,6722024939711,6722025907323,967612
6968,6722025944860,6722026911453,966593
6969,6722026939583,6722027906287,966704
6970,6722027944713,6722028911732,967019
6971,6722028939510,6722029905992,966482
6972,6722029944603,6722030910789,966186
6973,6722030939363,6722031906068,966705
6974,6722031944457,6722032911217,966760
6975,6722032939254,6722033906477,967223
6976,6722033944366,6722034910626,966260
6977,6722034939126,6722035905941,966815
6978,6722035944237,6722036910609,966372
6979,6722036939016,6722037905035,966019
6980,6722037944146,6722038910962,966816
6981,6722038938906,6722039905851,966945
6982,6722039944037,6722040910260,966223
6983,6722040938889,6722041905020,966131
6984,6722041943890,6722042910817,966927
6985,6722042938706,6722043905447,966741
6986,6722043943817,6722044910670,966853
6987,6722044938596,6722045905615,967019
6988,6722045943726,6722046910357,966631
6989,6722046938449,6722047905191,966742
6990,6722047943542,6722048910358,966816
6991,6722048938377,6722049905192,966815
6992,6722049943433,6722050910063,966630
6993,6722050938193,6722051905268,967075
6994,6722051943342,6722052910139,966797
6995,6722052938083,6722053904639,966556
6996,6722053943751,6722054916566,972815
6997,6722054938177,6722055906752,968575
6998,6722055943196,6722056910549,967353
6999,6722056937882,6722057904457,966575
7000,6722057942939,6722058909828,966889
7001,6722058937773,6722059904866,967093
7002,6722059942866,6722060909607,966741
7003,6722060937645,6722061904330,966685
7004,6722061942775,6722062909609,966834
7005,6722062937498,6722063904054,966556
7006,6722063942628,6722064909166,966538
7007,6722064937425,6722065905426,968001
7008,6722065942537,6722066909464,966927
7009,6722066937297,6722067904187,966890
7010,6722067942390,6722068912317,969927
7011,6722068937243,6722069903744,966501
7012,6722069942318,6722070908504,966186
7013,6722070937078,6722071903745,966667
7014,6722071942171,6722072908690,966519
7015,6722072936950,6722073903802,966852
7016,6722073942080,6722074908988,966908
7017,6722074936821,6722075904044,967223
7018,6722075942007,6722076908452,966445
7019,6722076936712,6722077903472,966760
7020,6722077941824,6722078908546,966722
7021,6722078936584,6722079903158,966574
7022,6722079941732,6722080908585,966853
7023,6722080936492,6722081902993,966501
7024,6722081941586,6722082908160,966574
7025,6722082936346,6722083903087,966741
7026,6722083941495,6722084907699,966204
7027,6722084936273,6722085903737,967464
7028,6722085941385,6722086907682,966297
7029,6722086936126,6722087902720,966594
7030,6722087941257,6722088908072,966815
7031,6722088936035,6722089902703,966668
7032,6722089941166,6722090907666,966500
7033,6722090935907,6722091902426,966519
7034,6722091941019,6722092907890,966871
7035,6722092935797,6722093902428,966631
7036,6722093940909,6722094907595,966686
7037,6722094935669,6722095902688,967019
7038,6722095940818,6722096907763,966945
7039,6722096935560,6722097902097,966537
7040,6722097940708,6722098906654,965946
7041,6722098935413,6722099902228,966815
7042,6722099940543,6722100908359,967816
7043,6722100935322,6722101901785,966463
7044,6722101940452,6722102906953,966501
7045,6722102935212,6722103901213,966001
7046,6722103940324,6722104907584,967260
7047,6722104935102,6722105902918,967816
7048,6722105940251,6722106906771,966520
7049,6722106934993,6722107901716,966723
7050,6722107940105,6722108907957,967852
7051,6722108934865,6722109900958,966093
7052,6722109940013,6722110906699,966686
7053,6722110934755,6722111901367,966612
7054,6722111939867,6722112910534,970667
7055,6722112934664,6722113901535,966871
7056,6722113939757,6722114906406,966649
7057,6722114934499,6722115902481,967982
7058,6722115939666,6722116908204,968538
7059,6722116934407,6722117901019,966612
7060,6722117939538,6722118906242,966704
7061,6722118934298,6722119901039,966741
7062,6722119939410,6722120907244,967834
7063,6722120934188,6722121901078,966890
7064,6722121939319,6722122905893,966574
7065,6722122934060,6722123900801,966741
7066,6722123939172,6722124907061,967889
7067,6722124933950,6722125901858,967908
7068,6722125939081,6722126905730,966649
7069,6722126933822,6722127900304,966482
7070,6722127938971,6722128939157,1000186
7071,6722128943379,6722129937065,993686
7072,6722129940454,6722130934455,994001
7073,6722130938455,6722131932437,993982
7074,6722131936344,6722132932789,996445
7075,6722132936845,6722133930309,993464
7076,6722133934216,6722134927032,992816
7077,6722134933754,6722135928958,995204
7078,6722135933773,6722136929570,995797
7079,6722136933792,6722137928238,994446
7080,6722137933534,6722138927201,993667
7081,6722138933627,6722139928220,994593
7082,6722139933609,6722140929629,996020
7083,6722140933684,6722141928074,994390
7084,6722141933426,6722142926482,993056
7085,6722142933334,6722143928409,995075
7086,6722143933297,6722144927539,994242
7087,6722144933224,6722145928632,995408
7088,6722145933169,6722146925300,992131
7089,6722146933133,6722147927856,994723
7090,6722147933060,6722148928764,995704
7091,6722148933023,6722149925117,992094
7092,6722149932987,6722150926136,993149
7093,6722150932932,6722151927396,994464
7094,6722151932877,6722152928063,995186
7095,6722152932804,6722153926064,993260
7096,6722153932768,6722154926917,994149
7097,6722154932657,6722155927102,994445
7098,6722155932584,6722156928288,995704
7099,6722156932603,6722157927104,994501
7100,6722157932511,6722158925790,993279
7101,6722158932438,6722159925679,993241
7102,6722159932420,6722160928976,996556
7103,6722160933310,6722161926107,992797
7104,6722161932311,6722162925793,993482
7105,6722162932237,6722163925886,993649
7106,6722163932108,6722164927350,995242
7107,6722164932090,6722165924628,992538
7108,6722165932091,6722166925962,993871
7109,6722166932036,6722167925704,993668
7110,6722167931945,6722168927167,995222
7111,6722168931982,6722169924483,992501
7112,6722169931835,6722170925058,993223
7113,6722170931743,6722171928096,996353
7114,6722171931873,6722172931633,999760
7115,6722172934170,6722173916819,982649
7116,6722173931208,6722174900413,969205
7117,6722174937283,6722175905154,967871
7118,6722175931006,6722176902451,971445
7119,6722176931081,6722177896415,965334
7120,6722177936137,6722178901471,965334
7121,6722178930915,6722179897324,966409
7122,6722179936601,6722180905028,968427
7123,6722180930732,6722181896047,965315
7124,6722181935936,6722182901455,965519
7125,6722182930659,6722183897141,966482
7126,6722183935808,6722184902235,966427
7127,6722184930661,6722185896661,966000
7128,6722185935624,6722186904681,969057
7129,6722186930384,6722187897792,967408
7130,6722187935515,6722188906423,970908
7131,6722188930386,6722189897979,967593
7132,6722189936183,6722190903017,966834
7133,6722190930221,6722191897851,967630
7134,6722191935647,6722192903500,967853
7135,6722192930037,6722193897797,967760
7136,6722193935556,6722194901668,966112
7137,6722194929983,6722195896780,966797
7138,6722195935261,6722196903392,968131
7139,6722196929910,6722197897559,967649
7140,6722197935244,6722198902949,967705
7141,6722198929837,6722199897616,967779
7142,6722199935394,6722200904506,969112
7143,6722200929450,6722201893728,964278
7144,6722201934729,6722202898507,963778
7145,6722202929470,6722203897360,967890
7146,6722203935286,6722204905175,969889
7147,6722204929416,6722205895768,966352
7148,6722205934491,6722206902047,967556
7149,6722206929288,6722207896825,967537
7150,6722207934603,6722208903252,968649
7151,6722208929178,6722209895234,966056
7152,6722209934382,6722210900346,965964
7153,6722210929050,6722211894143,965093
7154,6722211934180,6722212902218,968038
7155,6722212928977,6722213894719,965742
7156,6722213934126,6722214899756,965630
7157,6722214928775,6722215895646,966871
7158,6722215934331,6722216902091,967760
7159,6722216928647,6722217897407,968760
7160,6722217935166,6722218903315,968149
7161,6722218928556,6722219894982,966426
7162,6722219933723,6722220901446,967723
7163,6722220928465,6722221894150,965685
7164,6722221933632,6722222898966,965334
7165,6722222928392,6722223894059,965667
7166,6722223933467,6722224900856,967389
7167,6722224928319,6722225894542,966223
7168,6722225933894,6722226899117,965223
7169,6722226928080,6722227895470,967390
7170,6722227933266,6722228901230,967964
7171,6722228927970,6722229893971,966001
7172,6722229933230,6722230899194,965964
7173,6722230927953,6722231892991,965038
7174,6722231933047,6722232900825,967778
7175,6722232927751,6722233895233,967482
7176,6722233932918,6722234899252,966334
7177,6722234927678,6722235894587,966909
7178,6722235932790,6722236890050,957260
7179,6722236932476,6722237883940,951464
7180,6722237932347,6722238884015,951668
7181,6722238932274,6722239883626,951352
7182,6722239932201,6722240883831,951630
7183,6722240932146,6722241883369,951223
7184,6722241932091,6722242883147,951056
7185,6722242932018,6722243883166,951148
7186,6722243931981,6722244883241,951260
7187,6722244931926,6722245883409,951483
7188,6722245931872,6722246882613,950741
7189,6722246931817,6722247882873,951056
7190,6722247931780,6722248882707,950927
7191,6722248931726,6722249883004,951278
7192,6722249931634,6722250882690,951056
7193,6722250931597,6722251882469,950872
7194,6722251931506,6722252882599,951093
7195,6722252931469,6722253882470,951001
7196,6722253931414,6722254881841,950427
7197,6722254931360,6722255882971,951611
7198,6722255931305,6722256882157,950852
7199,6722256931268,6722257882343,951075
7200,6722257931195,6722258882455,951260
7201,6722258931122,6722259882345,951223
7202,6722259931085,6722260882308,951223
7203,6722260931012,6722261882087,951075
7204,6722261930920,6722262882162,951242
7205,6722262930865,6722263881125,950260
7206,6722263930848,6722264881571,950723
7207,6722264930793,6722265881812,951019
7208,6722265930738,6722266881831,951093
7209,6722266930665,6722267881628,950963
7210,6722267930591,6722268881555,950964
7211,6722268930555,6722269881445,950890
7212,6722269930482,6722270881390,950908
7213,6722270930427,6722271881465,951038
7214,6722271930372,6722272880965,950593
7215,6722272930354,6722273881466,951112
7216,6722273930244,6722274890856,960612
7217,6722274930522,6722275897986,967464
7218,6722275925282,6722276891246,965964
7219,6722276930450,6722277897506,967056
7220,6722277925210,6722278891914,966704
7221,6722278930284,6722279897007,966723
7222,6722279925063,6722280891879,966816
7223,6722280930230,6722281896176,965946
7224,6722281924935,6722282891695,966760
7225,6722282930102,6722283897325,967223
7226,6722283924825,6722284891622,966797
7227,6722284929956,6722285897919,967963
7228,6722285924734,6722286891809,967075
7229,6722286929846,6722287896124,966278
7230,6722287924606,6722288891458,966852
7231,6722288929755,6722289896848,967093
7232,6722289924515,6722290893830,969315
7233,6722290929960,6722291897294,967334
7234,6722291924368,6722292901628,977260
7235,6722292924498,6722293892147,967649
7236,6722293929425,6722294896759,967334
7237,6722294924222,6722295892704,968482
7238,6722295929352,6722296896594,967242
7239,6722296924131,6722297891224,967093
7240,6722297929224,6722298896318,967094
7241,6722298924021,6722299891633,967612
7242,6722299929115,6722300896208,967093
7243,6722300923893,6722301891116,967223
7244,6722301928986,6722302896228,967242
7245,6722302923728,6722303890766,967038
7246,6722303928877,6722304895563,966686
7247,6722304923637,6722305890897,967260
7248,6722305928786,6722306896212,967426
7249,6722306923546,6722307891046,967500
7250,6722307928676,6722308895769,967093
7251,6722308923436,6722309890381,966945
7252,6722309928529,6722310895511,966982
7253,6722310923289,6722311890123,966834
7254,6722311928420,6722312895976,967556
7255,6722312923217,6722313890884,967667
7256,6722313928328,6722314895533,967205
7257,6722314923070,6722315891330,968260
7258,6722315928182,6722316895423,967241
7259,6722316922960,6722317890442,967482
7260,6722317928091,6722318895202,967111
7261,6722318922832,6722319890425,967593
7262,6722319927981,6722320894871,966890
7263,6722320922759,6722321889871,967112
7264,6722321927834,6722322895113,967279
7265,6722322922631,6722323889799,967168
7266,6722323927725,6722324894966,967241
7267,6722324922522,6722325890930,968408
7268,6722325927615,6722326894912,967297
7269,6722326922338,6722327889727,967389
7270,6722327927524,6722328894062,966538
7271,6722328922247,6722329889414,967167
7272,6722329927377,6722330894544,967167
7273,6722330922193,6722331889360,967167
7274,6722331927249,6722332894379,967130
7275,6722332922046,6722333888787,966741
7276,6722333927121,6722334893640,966519
7277,6722334921899,6722335889807,967908
7278,6722335926993,6722336893586,966593
7279,6722336921808,6722337888994,967186
7280,6722337926920,6722338893569,966649
7281,6722338921661,6722339888329,966668
7282,6722339926773,6722340893404,966631
7283,6722340921589,6722341888423,966834
7284,6722341926645,6722342893535,966890
7285,6722342921442,6722343888535,967093
7286,6722343926554,6722344893314,966760
7287,6722344921351,6722345888333,966982
7288,6722345926407,6722346893556,967149
7289,6722346921186,6722347887983,966797
7290,6722347926372,6722348893058,966686
7291,6722348921095,6722349888188,967093
7292,6722349926188,6722350892726,966538
7293,6722350920966,6722351888152,967186
7294,6722351926097,6722352892801,966704
7295,6722352920857,6722353887857,967000
7296,6722353926006,6722354892988,966982
7297,6722354920747,6722355887489,966742
7298,6722355925859,6722356893119,967260
7299,6722356920637,6722357887731,967094
7300,6722357925768,6722358892732,966964
7301,6722358920528,6722359887510,966982
7302,6722359925621,6722360892289,966668
7303,6722360920418,6722361887345,966927
7304,6722361925511,6722362892586,967075
7305,6722362920271,6722363887457,967186
7306,6722363925439,6722364892125,966686
7307,6722364920162,6722365887033,966871
7308,6722365925311,6722366892534,967223
7309,6722366920071,6722367887071,967000
7310,6722367925164,6722368891980,966816
7311,6722368919942,6722369887184,967242
7312,6722369925073,6722370891814,966741
7313,6722370919814,6722371886426,966612
7314,6722371924908,6722372891390,966482
7315,6722372919705,6722373886854,967149
7316,6722373924835,6722374891688,966853
7317,6722374919558,6722375886188,966630
7318,6722375924725,6722376899615,974890
7319,6722376919837,6722377886745,966908
7320,6722377924634,6722378891524,966890
7321,6722378919394,6722379886376,966982
7322,6722379924488,6722380900433,975945
7323,6722380919488,6722381910915,991427
7324,6722381919637,6722382911823,992186
7325,6722382919619,6722383910935,991316
7326,6722383919546,6722384912158,992612
7327,6722384919473,6722385914918,995445
7328,6722385919381,6722386911419,992038
7329,6722386919474,6722387911586,992112
7330,6722387919308,6722388909920,990612
7331,6722388919216,6722389911532,992316
7332,6722389919254,6722390910903,991649
7333,6722390919218,6722391911589,992371
7334,6722391919089,6722392911516,992427
7335,6722392918997,6722393912775,993778
7336,6722393918905,6722394910998,992093
7337,6722394918887,6722395910795,991908
7338,6722395918814,6722396909648,990834
7339,6722396918722,6722397913149,994427
7340,6722397918667,6722398909964,991297
7341,6722398918612,6722399912132,993520
7342,6722399918576,6722400909669,991093
7343,6722400918651,6722401912744,994093
7344,6722401918411,6722402910282,991871
7345,6722402918467,6722403910486,992019
7346,6722403918431,6722404911413,992982
7347,6722404918302,6722405912932,994630
7348,6722405918284,6722406911748,993464
7349,6722406918118,6722407910323,992205
7350,6722407918230,6722408911138,992908
7351,6722408918027,6722409909528,991501
7352,6722409917972,6722410911566,993594
7353,6722410917880,6722411909085,991205
7354,6722411917937,6722412907863,989926
7355,6722412917900,6722413911975,994075
7356,6722413917790,6722414910069,992279
7357,6722414917791,6722415909329,991538
7358,6722415917680,6722416908607,990927
7359,6722416917700,6722417911737,994037
7360,6722417917552,6722418909960,992408
7361,6722418917534,6722419909943,992409
7362,6722419917461,6722420908869,991408
7363,6722420917425,6722421912092,994667
7364,6722421917277,6722422909185,991908
7365,6722422917334,6722423909112,991778
7366,6722423917279,6722424909724,992445
7367,6722424917113,6722425909077,991964
7368,6722425917058,6722426910429,993371
7369,6722426917003,6722427909411,992408
7370,6722427917059,6722428910005,992946
7371,6722428916875,6722429908802,991927
7372,6722429916894,6722430910839,993945
7373,6722430916765,6722431908951,992186
7374,6722431916785,6722432907267,990482
7375,6722432916730,6722433910916,994186
7376,6722433916545,6722434908990,992445
7377,6722434916713,6722435909028,992315
7378,6722435916510,6722436908640,992130
7379,6722436916529,6722437907974,991445
7380,6722437916419,6722438910049,993630
7381,6722438916290,6722439908327,992037
7382,6722439916364,6722440909421,993057
7383,6722440916217,6722441908959,992742
7384,6722441916125,6722442908737,992612
7385,6722442916200,6722443908978,992778
7386,6722443916053,6722444908461,992408
7387,6722444915942,6722445909573,993631
7388,6722445915887,6722446909388,993501
7389,6722446915962,6722447906907,990945
7390,6722447915833,6722448908334,992501
7391,6722448915723,6722449909538,993815
7392,6722449915631,6722450910113,994482
7393,6722450915632,6722451906910,991278
7394,6722451915614,6722452906522,990908
7395,6722452915596,6722453908634,993038
7396,6722453915412,6722454907820,992408
7397,6722454915487,6722455907802,992315
7398,6722455915432,6722456907303,991871
7399,6722456915284,6722457908748,993464
7400,6722457915192,6722458906897,991705
7401,6722458915230,6722459909194,993964
7402,6722459915138,6722460906120,990982
7403,6722460915102,6722461908843,993741
7404,6722461914936,6722462906048,991112
7405,6722462914918,6722463909363,994445
7406,6722463914882,6722464907309,992427
7407,6722464914920,6722465907161,992241
7408,6722465914883,6722466912458,997575
7409,6722466916143,6722467908089,991946
7410,6722467914644,6722468904978,990334
7411,6722468914663,6722469907164,992501
7412,6722469914609,6722470907276,992667
7413,6722470914665,6722471906628,991963
7414,6722471914443,6722472904407,989964
7415,6722472914500,6722473907297,992797
7416,6722473914241,6722474906871,992630
7417,6722474914205,6722475905613,991408
7418,6722475914298,6722476910891,996593
7419,6722476914577,6722477905577,991000
7420,6722477914059,6722478905745,991686
7421,6722478914078,6722479906912,992834
7422,6722479914005,6722480904913,990908
7423,6722480913968,6722481905451,991483
7424,6722481913877,6722482908266,994389
7425,6722482913766,6722483905878,992112
7426,6722483913804,6722484904656,990852
7427,6722484913731,6722485907898,994167
7428,6722485913546,6722486907010,993464
7429,6722486913621,6722487905418,991797
7430,6722487913603,6722488904715,991112
7431,6722488913511,6722489905790,992279
7432,6722489913438,6722490905846,992408
7433,6722490913309,6722491904439,991130
7434,6722491913273,6722492905347,992074
7435,6722492913273,6722493906959,993686
7436,6722493913144,6722494904830,991686
7437,6722494913090,6722495906850,993760
7438,6722495913072,6722496904795,991723
7439,6722496913091,6722497904147,991056
7440,6722497913129,6722498904852,991723
7441,6722498912944,6722499906686,993742
7442,6722499912538,6722500902483,989945
7443,6722500912798,6722501906354,993556
7444,6722501912650,6722502904577,991927
7445,6722502912633,6722503904689,992056
7446,6722503912670,6722504902301,989631
7447,6722504912578,6722505906616,994038
7448,6722505912431,6722506909135,996704
7449,6722506912858,6722507904358,991500
7450,6722507912451,6722508903322,990871
7451,6722508912359,6722509903415,991056
7452,6722509912193,6722510904268,992075
7453,6722510912249,6722511902917,990668
7454,6722511912213,6722512903732,991519
7455,6722512912121,6722513905640,993519
7456,6722513911974,6722514903419,991445
7457,6722514911975,6722515903568,991593
7458,6722515911957,6722516906291,994334
7459,6722516911883,6722517902884,991001
7460,6722517911773,6722518903792,992019
7461,6722518911811,6722519902663,990852
7462,6722519911589,6722520902497,990908
7463,6722520911905,6722521903702,991797
7464,6722521911406,6722522902591,991185
7465,6722522911703,6722523904814,993111
7466,6722523911351,6722524902778,991427
7467,6722524911426,6722525903723,992297
7468,6722525911371,6722526907557,996186
7469,6722526911298,6722527903040,991742
7470,6722527911206,6722528903540,992334
7471,6722528911188,6722529902430,991242
7472,6722529911115,6722530902727,991612
7473,6722530911338,6722531902931,991593
7474,6722531911005,6722532901802,990797
7475,6722532910988,6722533902951,991963
7476,6722533911248,6722534903378,992130
7477,6722534910804,6722535904453,993649
7478,6722535910490,6722536901194,990704
7479,6722536910768,6722537902954,992186
7480,6722537910788,6722538903048,992260
7481,6722538910714,6722539905030,994316
7482,6722539910493,6722540901605,991112
7483,6722540910531,6722541904290,993759
7484,6722541910383,6722542901939,991556
7485,6722542910402,6722543904607,994205
7486,6722543910255,6722544901107,990852
7487,6722544910293,6722545904053,993760
7488,6722545910145,6722546903627,993482
7489,6722546910350,6722547902091,991741
7490,6722547910184,6722548900221,990037
7491,6722548910036,6722549901407,991371
7492,6722549909963,6722550901241,991278
7493,6722550909908,6722551901705,991797
7494,6722551909872,6722552900076,990204
7495,6722552909873,6722553902021,992148
7496,6722553909799,6722554902281,992482
7497,6722554909430,6722555899986,990556
7498,6722555909615,6722556891801,982186
7499,6722556909542,6722557902654,993112
7500,6722557909376,6722558902432,993056
7501,6722558909470,6722559901970,992500
7502,6722559909433,6722560901008,991575
7503,6722560909415,6722561900879,991464
7504,6722561909324,6722562899250,989926
7505,6722562909009,6722563901344,992335
7506,6722563909195,6722564900215,991020
7507,6722564909122,6722565900234,991112
7508,6722565909030,6722566901216,992186
7509,6722566908975,6722567899569,990594
7510,6722567908698,6722568898847,990149
7511,6722568908903,6722569901515,992612
7512,6722569908829,6722570900015,991186
7513,6722570908812,6722571899997,991185
7514,6722571908683,6722572901461,992778
7515,6722572908443,6722573899277,990834
7516,6722573908610,6722574899777,991167
7517,6722574908555,6722575900426,991871
7518,6722575908482,6722576899779,991297
7519,6722576908649,6722577901872,993223
7520,6722577908206,6722578897614,989408
7521,6722578908299,6722579900818,992519
7522,6722579908300,6722580898782,990482
7523,6722580908208,6722581900153,991945
7524,6722581908116,6722582901672,993556
7525,6722582908005,6722583900599,992594
7526,6722583907969,6722584900729,992760
7527,6722584907877,6722585901489,993612
7528,6722585907822,6722586901842,994020
7529,6722586907638,6722587899731,992093
7530,6722587907787,6722588883325,975538
7531,6722588907380,6722589874585,967205
7532,6722589912418,6722590879530,967112
7533,6722590907159,6722591874364,967205
7534,6722591912308,6722592879087,966779
7535,6722592907068,6722593874143,967075
7536,6722593912199,6722594878792,966593
7537,6722594906940,6722595873515,966575
7538,6722595912052,6722596880127,968075
7539,6722596906812,6722597873757,966945
7540,6722597911961,6722598878350,966389
7541,6722598906702,6722599873870,967168
7542,6722599911833,6722600878500,966667
7543,6722600906593,6722601873371,966778
7544,6722601911704,6722602878409,966705
7545,6722602906446,6722603872058,965612
7546,6722603911576,6722604878188,966612
7547,6722604906355,6722605872874,966519
7548,6722605911448,6722606879616,968168
7549,6722606906282,6722607873338,967056
7550,6722607911357,6722608878228,966871
7551,6722608906135,6722609872951,966816
7552,6722609911266,6722610878192,966926
7553,6722610906007,6722611872564,966557
7554,6722611911138,6722612877175,966037
7555,6722612905916,6722613872935,967019
7556,6722613911010,6722614878399,967389
7557,6722614905788,6722615872770,966982
7558,6722615910900,6722616878086,967186
7559,6722616905697,6722617872605,966908
7560,6722617910809,6722618877680,966871
7561,6722618905550,6722619872310,966760
7562,6722619910662,6722620877107,966445
7563,6722620905478,6722621872608,967130
7564,6722621910571,6722622877757,967186
7565,6722622905312,6722623872165,966853
7566,6722623910443,6722624877036,966593
7567,6722624905203,6722625872092,966889
7568,6722625910333,6722626878037,967704
7569,6722626905112,6722627871538,966426
7570,6722627910242,6722628876724,966482
7571,6722628904983,6722629871873,966890
7572,6722629910095,6722630876707,966612
7573,6722630904855,6722631871763,966908
7574,6722631909986,6722632876764,966778
7575,6722632904764,6722633871598,966834
7576,6722633909876,6722634876710,966834
7577,6722634904617,6722635871859,967242
7578,6722635909785,6722636877860,968075
7579,6722636904563,6722637871286,966723
7580,6722637909657,6722638876583,966926
7581,6722638904398,6722639870602,966204
7582,6722639909510,6722640875899,966389
7583,6722640904270,6722641870974,966704
7584,6722641909382,6722642876160,966778
7585,6722642904142,6722643871050,966908
7586,6722643909291,6722644875680,966389
7587,6722644904051,6722645870625,966574
7588,6722645909162,6722646876774,967612
7589,6722646903904,6722647870553,966649
7590,6722647909034,6722648875461,966427
7591,6722648903794,6722649870480,966686
7592,6722649908925,6722650875092,966167
7593,6722650903666,6722651870352,966686
7594,6722651908759,6722652875093,966334
7595,6722652903556,6722653870242,966686
7596,6722653908668,6722654875484,966816
7597,6722654903428,6722655870021,966593
7598,6722655908577,6722656875559,966982
7599,6722656903374,6722657870097,966723
7600,6722657908486,6722658875209,966723
7601,6722658903209,6722659870080,966871
7602,6722659908339,6722660874673,966334
7603,6722660903118,6722661869933,966815
7604,6722661908267,6722662874434,966167
7605,6722662902971,6722663869509,966538
7606,6722663908027,6722664874269,966242
7607,6722664902861,6722665869640,966779
7608,6722665907992,6722666876011,968019
7609,6722666902770,6722667869308,966538
7610,6722667907901,6722668874142,966241
7611,6722668902661,6722669869550,966889
7612,6722669907791,6722670874588,966797
7613,6722670902532,6722671869515,966983
7614,6722671907681,6722672874663,966982
7615,6722672902423,6722673869294,966871
7616,6722673907553,6722674874332,966779
7617,6722674902295,6722675869110,966815
7618,6722675907425,6722676874611,967186
7619,6722676902203,6722677869186,966983
7620,6722677907278,6722678873723,966445
7621,6722678902038,6722679868761,966723
7622,6722679907206,6722680873780,966574
7623,6722680901966,6722681868855,966889
7624,6722681907077,6722682874134,967057
7625,6722682901837,6722683868579,966742
7626,6722683906949,6722684872950,966001
7627,6722684901728,6722685868599,966871
7628,6722685906858,6722686874266,967408
7629,6722686901618,6722687868045,966427
7630,6722687906767,6722688873527,966760
7631,6722688901527,6722689868287,966760
7632,6722689906639,6722690873454,966815
7633,6722690901399,6722691868066,966667
7634,6722691906511,6722692873178,966667
7635,6722692901289,6722693867642,966353
7636,6722693906382,6722694873235,966853
7637,6722694901124,6722695867921,966797
7638,6722695906254,6722696873662,967408
7639,6722696901033,6722697867811,966778
7640,6722697906182,6722698873034,966852
7641,6722698900960,6722699867294,966334
7642,6722699906035,6722700876091,970056
7643,6722700900851,6722701867629,966778
7644,6722701905925,6722702876926,971001
7645,6722702900778,6722703868019,967241
7646,6722703905834,6722704872335,966501
7647,6722704900594,6722705867502,966908
7648,6722705905725,6722706873744,968019
7649,6722706900485,6722707867744,967259
7650,6722707905559,6722708871893,966334
7651,6722708900319,6722709866876,966557
7652,6722709905468,6722710872265,966797
7653,6722710900228,6722711866784,966556
7654,6722711905340,6722712871822,966482
7655,6722712900100,6722713866730,966630
7656,6722713905230,6722714872009,966779
7657,6722714899972,6722715866676,966704
7658,6722715905121,6722716872010,966889
7659,6722716899899,6722717866863,966964
7660,6722717904993,6722718871623,966630
7661,6722718899752,6722719866531,966779
7662,6722719904883,6722720871587,966704
7663,6722720899661,6722721866421,966760
7664,6722721904736,6722722871404,966668
7665,6722722899533,6722723866423,966890
7666,6722723904626,6722724871349,966723
7667,6722724899461,6722725866276,966815
7668,6722725904572,6722726872518,967946
7669,6722726899332,6722727865870,966538
7670,6722727904407,6722728870815,966408
7671,6722728899186,6722729865890,966704
7672,6722729904279,6722730870650,966371
7673,6722730899076,6722731865540,966464
7674,6722731904188,6722732870652,966464
7675,6722732898966,6722733865800,966834
7676,6722733904134,6722734870746,966612
7677,6722734898820,6722735865728,966908
7678,6722735903969,6722736871173,967204
7679,6722736898766,6722737865729,966963
7680,6722737903822,6722738869211,965389
7681,6722738898619,6722739865305,966686
7682,6722739903749,6722740869435,965686
7683,6722740898491,6722741865084,966593
7684,6722741903603,6722742869066,965463
7685,6722742898344,6722743864882,966538
7686,6722743903474,6722744869086,965612
7687,6722744898253,6722745865031,966778
7688,6722745903383,6722746869421,966038
7689,6722746898199,6722747865162,966963
7690,6722747903255,6722748868885,965630
7691,6722748898015,6722749864442,966427
7692,6722749903182,6722750868961,965779
7693,6722750897905,6722751864795,966890
7694,6722751903036,6722752889888,986852
7695,6722752898425,6722753892389,993964
7696,6722753898241,6722754889760,991519
7697,6722754898186,6722755891539,993353
7698,6722755898039,6722756890947,992908
7699,6722756898206,6722757891003,992797
7700,6722757897910,6722758889911,992001
7701,6722758897874,6722759891282,993408
7702,6722759897838,6722760890061,992223
7703,6722760898172,6722761889339,991167
7704,6722761897747,6722762891766,994019
7705,6722762897766,6722763889044,991278
7706,6722763897637,6722764889064,991427
7707,6722764897638,6722765889768,992130
7708,6722765897546,6722766891732,994186
7709,6722766897454,6722767890899,993445
7710,6722767897418,6722768888918,991500
7711,6722768897400,6722769890308,992908
7712,6722769897327,6722770889142,991815
7713,6722770897253,6722771891569,994316
7714,6722771897087,6722772887958,990871
7715,6722772897199,6722773889292,992093
7716,6722773897089,6722774888645,991556
7717,6722774897034,6722775889738,992704
7718,6722775896979,6722776888184,991205
7719,6722776896869,6722777888369,991500
7720,6722777896888,6722778889833,992945
7721,6722778896741,6722779889667,992926
7722,6722779896723,6722780889779,993056
7723,6722780896649,6722781889132,992483
7724,6722781896576,6722782890058,993482
7725,6722782896336,6722783890374,994038
7726,6722783896448,6722784889300,992852
7727,6722784896541,6722785889097,992556
7728,6722785896449,6722786888969,992520
7729,6722786896320,6722787888895,992575
7730,6722787896321,6722788887711,991390
7731,6722788896266,6722789888730,992464
7732,6722789896267,6722790888823,992556
7733,6722790896046,6722791887639,991593
7734,6722791896139,6722792887399,991260
7735,6722792895973,6722793887437,991464
7736,6722793896029,6722794890715,994686
7737,6722794895771,6722795888105,992334
7738,6722795895827,6722796886846,991019
7739,6722796895828,6722797887903,992075
7740,6722797895662,6722798887329,991667
7741,6722798895551,6722799888052,992501
7742,6722799895515,6722800886812,991297
7743,6722800895553,6722801887424,991871
7744,6722801895461,6722802888369,992908
7745,6722802895295,6722803888148,992853
7746,6722803895407,6722804886759,991352
7747,6722804895315,6722805887964,992649
7748,6722805895205,6722806887428,992223
7749,6722806895113,6722807887669,992556
7750,6722807895076,6722808887003,991927
7751,6722808895040,6722809887689,992649
7752,6722809894930,6722810886708,991778
7753,6722810894930,6722811886283,991353
7754,6722811894894,6722812886469,991575
7755,6722812894895,6722813887136,992241
7756,6722813894803,6722814886674,991871
7757,6722814894711,6722815887453,992742
7758,6722815894675,6722816885009,990334
7759,6722816894713,6722817885695,990982
7760,6722817894565,6722818886936,992371
7761,6722818894492,6722819886474,991982
7762,6722819894493,6722820885123,990630
7763,6722820894290,6722821885753,991463
7764,6722821894401,6722822885439,991038
7765,6722822894310,6722823886236,991926
7766,6722823894144,6722824887181,993037
7767,6722824894163,6722825887293,993130
7768,6722825894127,6722826886127,992000
7769,6722826894035,6722827885443,991408
7770,6722827893943,6722828870295,976352
7771,6722828893758,6722829861537,967779
7772,6722829898592,6722830866075,967483
7773,6722830893315,6722831860909,967594
7774,6722831898464,6722832865576,967112
7775,6722832893243,6722833861040,967797
7776,6722833898355,6722834866189,967834
7777,6722834893096,6722835860430,967334
7778,6722835898263,6722836865412,967149
7779,6722836893023,6722837862469,969446
7780,6722837898358,6722838865580,967222
7781,6722838892877,6722839860377,967500
7782,6722839898007,6722840864952,966945
7783,6722840892823,6722841860231,967408
7784,6722841897897,6722842865509,967612
7785,6722842892620,6722843859880,967260
7786,6722843897751,6722844864844,967093
7787,6722844892511,6722845859678,967167
7788,6722845897623,6722846864568,966945
7789,6722846892401,6722847860402,968001
7790,6722847897550,6722848864588,967038
7791,6722848892328,6722849859588,967260
7792,6722849897422,6722850864589,967167
7793,6722850892163,6722851859460,967297
7794,6722851897275,6722852864091,966816
7795,6722852892054,6722853859165,967111
7796,6722853897202,6722854864444,967242
7797,6722854891962,6722855859167,967205
7798,6722855897074,6722856863816,966742
7799,6722856891853,6722857859113,967260
7800,6722857896965,6722858864058,967093
7801,6722858891706,6722859858781,967075
7802,6722859896818,6722860863522,966704
7803,6722860891671,6722861858634,966963
7804,6722861896708,6722862863820,967112
7805,6722862891468,6722863858469,967001
7806,6722863896599,6722864863081,966482
7807,6722864891377,6722865858452,967075
7808,6722865896508,6722866863490,966982
7809,6722866891267,6722867859435,968168
7810,6722867896342,6722868863121,966779
7811,6722868891158,6722869858307,967149
7812,6722869896270,6722870863715,967445
7813,6722870891030,6722871858345,967315
7814,6722871896104,6722872863346,967242
7815,6722872890939,6722873857736,966797
7816,6722873896032,6722874863607,967575
7817,6722874890792,6722875857885,967093
7818,6722875895904,6722876863423,967519
7819,6722876890682,6722877858683,968001
7820,6722877895794,6722878862647,966853
7821,6722878890554,6722879857203,966649
7822,6722879895703,6722880863407,967704
7823,6722880890500,6722881857538,967038
7824,6722881895593,6722882861001,965408
7825,6722882890316,6722883857224,966908
7826,6722883895465,6722884861966,966501
7827,6722884890225,6722885857004,966779
7828,6722885895355,6722886860856,965501
7829,6722886890097,6722887857801,967704
7830,6722887895227,6722888861839,966612
7831,6722888890006,6722889857062,967056
7832,6722889895099,6722890860748,965649
7833,6722890889840,6722891856823,966983
7834,6722891895008,6722892861564,966556
7835,6722892889749,6722893856732,966983
7836,6722893894898,6722894860529,965631
7837,6722894889640,6722895856640,967000
7838,6722895894770,6722896861512,966742
7839,6722896889512,6722897858049,968537
7840,6722897894679,6722898861531,966852
7841,6722898889402,6722899855051,965649
7842,6722899894514,6722900860940,966426
7843,6722900889311,6722901856682,967371
7844,6722901894441,6722902861053,966612
7845,6722902889164,6722903855924,966760
7846,6722903894313,6722904860536,966223
7847,6722904889054,6722905855888,966834
7848,6722905894185,6722906861315,967130
7849,6722906888945,6722907856594,967649
7850,6722907894075,6722908860872,966797
7851,6722908888835,6722909855743,966908
7852,6722909893965,6722910860614,966649
7853,6722910888707,6722911855504,966797
7854,6722911893837,6722912860375,966538
7855,6722912888616,6722913855542,966926
7856,6722913893746,6722914860543,966797
7857,6722914888469,6722915855062,966593
7858,6722915893618,6722916860359,966741
7859,6722916888415,6722917855323,966908
7860,6722917893490,6722918860305,966815
7861,6722918888231,6722919854843,966612
7862,6722919893399,6722920859677,966278
7863,6722920888159,6722921854826,966667
7864,6722921893270,6722922859864,966594
7865,6722922888030,6722923854809,966779
7866,6722923893124,6722924859365,966241
7867,6722924887921,6722925854514,966593
7868,6722925893051,6722926859644,966593
7869,6722926887811,6722927855608,967797
7870,6722927892904,6722928859961,967057
7871,6722928887701,6722929854610,966909
7872,6722929892813,6722930859684,966871
7873,6722930887555,6722931854352,966797
7874,6722931892704,6722932859130,966426
7875,6722932887445,6722933854557,967112
7876,6722933892575,6722934859317,966742
7877,6722934887335,6722935854021,966686
7878,6722935892447,6722936859078,966631
7879,6722936887226,6722937855226,968000
7880,6722937892356,6722938859005,966649
7881,6722938887098,6722939854172,967074
7882,6722939892228,6722940859562,967334
7883,6722940887044,6722941853711,966667
7884,6722941892137,6722942858841,966704
7885,6722942886860,6722943852972,966112
7886,6722943891972,6722944857972,966000
7887,6722944886769,6722945853492,966723
7888,6722945891880,6722946858696,966816
7889,6722946886659,6722947854123,967464
7890,6722947891752,6722948858753,967001
7891,6722948886549,6722949853494,966945
7892,6722949891661,6722950858106,966445
7893,6722950886329,6722951852996,966667
7894,6722951891533,6722952858237,966704
7895,6722952886330,6722953853331,967001
7896,6722953891460,6722954858202,966742
7897,6722954886183,6722955853091,966908
7898,6722955891277,6722956857944,966667
7899,6722956886074,6722957853945,967871
7900,6722957891186,6722958857686,966500
7901,6722958885945,6722959852742,966797
7902,6722959891039,6722960857484,966445
7903,6722960885854,6722961852392,966538
7904,6722961890966,6722962857485,966519
7905,6722962885708,6722963852412,966704
7906,6722963890857,6722964857524,966667
7907,6722964885617,6722965852136,966519
7908,6722965890728,6722966857414,966686
7909,6722966885470,6722967853082,967612
7910,6722967890637,6722968856619,965982
7911,6722968885397,6722969851916,966519
7912,6722969890491,6722970857084,966593
7913,6722970885251,6722971851992,966741
7914,6722971890362,6722972857400,967038
7915,6722972885159,6722973852253,967094
7916,6722973890290,6722974857161,966871
7917,6722974885050,6722975851884,966834
7918,6722975890125,6722976856884,966759
7919,6722976884940,6722977851959,967019
7920,6722977890033,6722978856738,966705
7921,6722978884775,6722979851627,966852
7922,6722979889905,6722980856628,966723
7923,6722980884684,6722981851333,966649
7924,6722981889833,6722982856241,966408
7925,6722982884556,6722983851278,966722
7926,6722983889667,6722984856075,966408
7927,6722984884483,6722985851298,966815
7928,6722985889595,6722986856151,966556
7929,6722986884318,6722987852004,967686
7930,6722987889467,6722988855671,966204
7931,6722988884245,6722989851061,966816
7932,6722989889357,6722990855802,966445
7933,6722990884098,6722991850895,966797
7934,6722991889229,6722992855637,966408
7935,6722992883989,6722993850601,966612
7936,6722993889101,6722994855842,966741
7937,6722994883879,6722995850491,966612
7938,6722995888972,6722996855455,966483
7939,6722996883769,6722997851640,967871
7940,6722997888918,6722998855493,966575
7941,6722998883641,6722999850346,966705
7942,6722999888772,6723000855495,966723
7943,6723000883550,6723001850773,967223
7944,6723001888662,6723002855311,966649
7945,6723002883403,6723003850330,966927
7946,6723003888515,6723004880257,991742
7947,6723004884405,6723005878517,994112
7948,6723005883832,6723006877610,993778
7949,6723006883629,6723007878537,994908
7950,6723007883629,6723008876148,992519
7951,6723008883537,6723009878853,995316
7952,6723009883538,6723010876372,992834
7953,6723010883372,6723011876169,992797
7954,6723011883317,6723012876133,992816
7955,6723012883244,6723013876226,992982
7956,6723013883189,6723014876449,993260
7957,6723014883227,6723015876561,993334
7958,6723015883117,6723016874951,991834
7959,6723016883080,6723017877137,994057
7960,6723017883044,6723018876137,993093
7961,6723018882915,6723019876119,993204
7962,6723019882934,6723020875028,992094
7963,6723020883065,6723021875380,992315
7964,6723021882880,6723022876288,993408
7965,6723022882751,6723023877289,994538
7966,6723023882474,6723024874512,992038
7967,6723024882660,6723025876328,993668
7968,6723025882642,6723026875736,993094
7969,6723026882476,6723027877125,994649
7970,6723027882440,6723028875867,993427
7971,6723028882089,6723029874942,992853
7972,6723029882330,6723030876072,993742
7973,6723030882220,6723031875887,993667
7974,6723031882165,6723032874240,992075
7975,6723032882499,6723033876907,994408
7976,6723033882185,6723034876279,994094
7977,6723034882056,6723035875372,993316
7978,6723035882020,6723036874632,992612
7979,6723036881965,6723037876873,994908
7980,6723037881855,6723038874096,992241
7981,6723038881781,6723039876819,995038
7982,6723039881764,6723040857450,975686
7983,6723040881542,6723041849024,967482
7984,6723041886376,6723042853895,967519
7985,6723042881099,6723043848600,967501
7986,6723043886304,6723044853675,967371
7987,6723044881045,6723045848638,967593
7988,6723045886157,6723046853472,967315
7989,6723046880917,6723047849918,969001
7990,6723047886029,6723048852844,966815
7991,6723048880789,6723049848326,967537
7992,6723049885863,6723050853327,967464
7993,6723050880679,6723051847772,967093
7994,6723051885791,6723052852588,966797
7995,6723052880569,6723053848329,967760
7996,6723053885663,6723054853256,967593
7997,6723054880441,6723055847201,966760
7998,6723055885590,6723056852572,966982
7999,6723056880350,6723057848906,968556
8000,6723057885443,6723058852851,967408
8001,6723058880185,6723059848371,968186
8002,6723059885315,6723060852779,967464
8003,6723060880075,6723061847428,967353
8004,6723061885187,6723062852299,967112
8005,6723062879966,6723063846874,966908
8006,6723063885096,6723064851985,966889
8007,6723064879874,6723065847338,967464
8008,6723065884986,6723066851691,966705
8009,6723066879783,6723067847765,967982
8010,6723067884858,6723068852137,967279
8011,6723068879637,6723069846637,967000
8012,6723069884748,6723070851657,966909
8013,6723070879527,6723071846472,966945
8014,6723071884639,6723072851288,966649
8015,6723072879399,6723073846381,966982
8016,6723073884511,6723074851530,967019
8017,6723074879252,6723075845716,966464
8018,6723075884382,6723076850753,966371
8019,6723076879161,6723077846199,967038
8020,6723077884310,6723078850940,966630
8021,6723078879033,6723079846552,967519
8022,6723079884163,6723080851071,966908
8023,6723080878942,6723081846183,967241
8024,6723081884053,6723082850887,966834
8025,6723082878832,6723083845870,967038
8026,6723083883944,6723084850667,966723
8027,6723084878685,6723085845612,966927
8028,6723085883797,6723086850724,966927
8029,6723086878576,6723087846780,968204
8030,6723087883706,6723088850299,966593
8031,6723088878466,6723089845300,966834
8032,6723089883578,6723090850690,967112
8033,6723090878356,6723091845209,966853
8034,6723091883487,6723092850376,966889
8035,6723092878265,6723093845358,967093
8036,6723093883340,6723094850100,966760
8037,6723094878100,6723095845119,967019
8038,6723095883267,6723096849509,966242
8039,6723096878027,6723097846158,968131
8040,6723097883139,6723098850010,966871
8041,6723098877899,6723099845104,967205
8042,6723099883011,6723100849752,966741
8043,6723100877789,6723101845105,967316
8044,6723101882883,6723102849809,966926
8045,6723102877661,6723103844699,967038
8046,6723103882755,6723104849403,966648
8047,6723104877570,6723105844645,967075
8048,6723105882719,6723106849553,966834
8049,6723106877423,6723107845369,967946
8050,6723107882554,6723108848647,966093
8051,6723108877351,6723109844259,966908
8052,6723109882407,6723110849204,966797
8053,6723110877186,6723111844149,966963
8054,6723111882297,6723112848761,966464
8055,6723112877113,6723113844225,967112
8056,6723113882188,6723114849022,966834
8057,6723114876985,6723115843708,966723
8058,6723115882152,6723116848468,966316
8059,6723116876857,6723117843839,966982
8060,6723117881968,6723118848988,967020
8061,6723118876710,6723119843525,966815
8062,6723119881859,6723120848748,966889
8063,6723120876656,6723121843582,966926
8064,6723121881731,6723122848787,967056
8065,6723122876509,6723123843102,966593
8066,6723123881658,6723124848325,966667
8067,6723124876418,6723125843808,967390
8068,6723125881511,6723126848364,966853
8069,6723126876253,6723127846976,970723
8070,6723127881420,6723128848254,966834
8071,6723128876162,6723129842903,966741
8072,6723129881273,6723130848459,967186
8073,6723130876052,6723131842960,966908
8074,6723131881164,6723132867831,986667
8075,6723132876442,6723133869702,993260
8076,6723133876369,6723134869333,992964
8077,6723134876259,6723135868907,992648
8078,6723135876259,6723136868408,992149
8079,6723136876001,6723137870464,994463
8080,6723137876205,6723138868984,992779
8081,6723138875984,6723139867966,991982
8082,6723139876003,6723140866893,990890
8083,6723140875911,6723141867449,991538
8084,6723141875856,6723142868524,992668
8085,6723142875764,6723143869061,993297
8086,6723143875802,6723144865655,989853
8087,6723144875747,6723145869211,993464
8088,6723145875711,6723146867675,991964
8089,6723146875415,6723147867805,992390
8090,6723147875509,6723148866584,991075
8091,6723148875510,6723149867807,992297
8092,6723149875399,6723150867992,992593
8093,6723150875400,6723151867678,992278
8094,6723151875327,6723152865290,989963
8095,6723152875235,6723153868013,992778
8096,6723153875180,6723154868588,993408
8097,6723154875125,6723155867181,992056
8098,6723155875070,6723156867349,992279
8099,6723156875052,6723157867849,992797
8100,6723157874738,6723158866813,992075
8101,6723158874850,6723159866295,991445
8102,6723159874851,6723160866722,991871
8103,6723160874740,6723161868334,993594
8104,6723161874686,6723162865612,990926
8105,6723162874649,6723163868169,993520
8106,6723163874502,6723164867780,993278
8107,6723164874466,6723165867263,992797
8108,6723165874429,6723166866597,992168
8109,6723166874504,6723167870486,995982
8110,6723167874301,6723168865783,991482
8111,6723168874450,6723169867543,993093
8112,6723169874210,6723170869414,995204
8113,6723170874229,6723171866730,992501
8114,6723171874156,6723172865490,991334
8115,6723172874212,6723173867343,993131
8116,6723173874139,6723174867288,993149
8117,6723174873936,6723175870511,996575
8118,6723175874381,6723176865400,991019
8119,6723176873919,6723177866919,993000
8120,6723177873808,6723178866068,992260
8121,6723178873698,6723179866958,993260
8122,6723179873717,6723180865181,991464
8123,6723180873644,6723181866330,992686
8124,6723181873608,6723182865201,991593
8125,6723182873516,6723183865665,992149
8126,6723183873702,6723184864591,990889
8127,6723184873425,6723185867055,993630
8128,6723185873277,6723186864963,991686
8129,6723186873241,6723187865871,992630
8130,6723187873205,6723188864483,991278
8131,6723188873224,6723189865225,992001
8132,6723189873336,6723190864910,991574
8133,6723190873059,6723191865726,992667
8134,6723191872948,6723192849023,976075
8135,6723192872782,6723193839764,966982
8136,6723193877672,6723194844247,966575
8137,6723194872432,6723195839710,967278
8138,6723195877581,6723196844896,967315
8139,6723196872285,6723197839545,967260
8140,6723197877416,6723198846287,968871
8141,6723198872138,6723199839232,967094
8142,6723199877269,6723200845899,968630
8143,6723200872084,6723201839159,967075
8144,6723201877141,6723202843641,966500
8145,6723202871901,6723203838605,966704
8146,6723203877050,6723204842995,965945
8147,6723204871847,6723205838718,966871
8148,6723205876884,6723206843385,966501
8149,6723206871700,6723207838497,966797
8150,6723207876812,6723208844368,967556
8151,6723208871572,6723209838609,967037
8152,6723209876684,6723210843295,966611
8153,6723210871406,6723211838000,966594
8154,6723211876574,6723212842889,966315
8155,6723212871352,6723213838168,966816
8156,6723213876446,6723214843132,966686
8157,6723214871224,6723215837392,966168
8158,6723215876392,6723216843096,966704
8159,6723216871152,6723217837967,966815
8160,6723217876208,6723218843672,967464
8161,6723218871005,6723219837672,966667
8162,6723219876117,6723220842377,966260
8163,6723220870914,6723221837563,966649
8164,6723221876007,6723222842211,966204
8165,6723222870749,6723223837564,966815
8166,6723223875879,6723224842250,966371
8167,6723224870657,6723225837195,966538
8168,6723225875751,6723226842307,966556
8169,6723226870529,6723227837197,966668
8170,6723227875623,6723228842253,966630
8171,6723228870457,6723229837642,967185
8172,6723229875513,6723230842328,966815
8173,6723230870310,6723231837107,966797
8174,6723231875422,6723232842182,966760
8175,6723232870200,6723233837182,966982
8176,6723233875275,6723234841702,966427
8177,6723234870072,6723235837165,967093
8178,6723235875165,6723236841703,966538
8179,6723236869962,6723237836759,966797
8180,6723237875093,6723238842668,967575
8181,6723238869834,6723239836557,966723
8182,6723239874946,6723240841521,966575
8183,6723240869743,6723241836540,966797
8184,6723241874725,6723242841393,966668
8185,6723242869596,6723243836412,966816
8186,6723243874745,6723244841209,966464
8187,6723244869505,6723245836432,966927
8188,6723245874599,6723246841266,966667
8189,6723246869359,6723247836285,966926
8190,6723247874507,6723248842008,967501
8191,6723248869267,6723249835398,966131
8192,6723249874379,6723250841139,966760
8193,6723250869139,6723251835899,966760
8194,6723251874233,6723252840733,966500
8195,6723252869048,6723253835308,966260
8196,6723253874178,6723254840327,966149
8197,6723254868901,6723255835513,966612
8198,6723255874069,6723256840329,966260
8199,6723256868829,6723257835329,966500
8200,6723257873904,6723258841219,967315
8201,6723258868701,6723259835386,966685
8202,6723259873812,6723260840276,966464
8203,6723260868554,6723261834925,966371
8204,6723261873684,6723262840407,966723
8205,6723262868426,6723263834963,966537
8206,6723263873556,6723264839890,966334
8207,6723264868353,6723265834854,966501
8208,6723265873465,6723266839910,966445
8209,6723266868188,6723267834818,966630
8210,6723267873355,6723268840708,967353
8211,6723268868134,6723269834542,966408
8212,6723269873283,6723270839783,966500
8213,6723270867987,6723271834803,966816
8214,6723271873117,6723272838989,965872
8215,6723272867877,6723273834656,966779
8216,6723273872989,6723274839694,966705
8217,6723274867786,6723275834713,966927
8218,6723275872843,6723276839288,966445
8219,6723276867658,6723277834548,966890
8220,6723277872788,6723278840067,967279
8221,6723278867530,6723279834345,966815
8222,6723279872642,6723280839291,966649
8223,6723280867420,6723281834106,966686
8224,6723281872514,6723282839070,966556
8225,6723282867274,6723283834145,966871
8226,6723283872441,6723284838757,966316
8227,6723284867220,6723285833924,966704
8228,6723285872313,6723286839110,966797
8229,6723286867054,6723287833907,966853
8230,6723287872185,6723288839667,967482
8231,6723288866945,6723289833760,966815
8232,6723289872075,6723290838391,966316
8233,6723290866816,6723291833262,966446
8234,6723291871965,6723292838022,966057
8235,6723292866725,6723293833485,966760
8236,6723293871856,6723294838282,966426
8237,6723294866616,6723295833227,966611
8238,6723295871728,6723296838191,966463
8239,6723296866543,6723297833322,966779
8240,6723297871599,6723298838193,966594
8241,6723298866378,6723299833212,966834
8242,6723299871508,6723300837676,966168
8243,6723300866268,6723301832547,966279
8244,6723301871380,6723302837399,966019
8245,6723302866140,6723303832863,966723
8246,6723303871270,6723304837567,966297
8247,6723304866030,6723305832901,966871
8248,6723305871161,6723306837735,966574
8249,6723306865902,6723307832440,966538
8250,6723307871033,6723308838422,967389
8251,6723308865811,6723309832701,966890
8252,6723309870923,6723310837257,966334
8253,6723310865664,6723311832258,966594
8254,6723311870813,6723312837129,966316
8255,6723312865555,6723313831666,966111
8256,6723313870667,6723314837501,966834
8257,6723314865445,6723315831890,966445
8258,6723315870594,6723316836946,966352
8259,6723316865354,6723317832188,966834
8260,6723317870466,6723318838096,967630
8261,6723318865207,6723319831893,966686
8262,6723319870338,6723320839468,969130
8263,6723320865153,6723321831950,966797
8264,6723321870246,6723322837710,967464
8265,6723322864988,6723323831748,966760
8266,6723323870137,6723324837360,967223
8267,6723324864915,6723325831249,966334
8268,6723325869990,6723326836565,966575
8269,6723326864750,6723327831677,966927
8270,6723327869880,6723328837863,967983
8271,6723328864677,6723329831567,966890
8272,6723329869789,6723330836605,966816
8273,6723330864512,6723331830994,966482
8274,6723331869680,6723332835995,966315
8275,6723332864458,6723333831237,966779
8276,6723333869551,6723334836200,966649
8277,6723334864293,6723335830868,966575
8278,6723335869442,6723336835572,966130
8279,6723336864202,6723337831202,967000
8280,6723337869314,6723338837166,967852
8281,6723338864092,6723339830908,966816
8282,6723339869204,6723340835723,966519
8283,6723340863945,6723341830761,966816
8284,6723341869094,6723342835391,966297
8285,6723342863836,6723343830448,966612
8286,6723343868985,6723344835856,966871
8287,6723344863763,6723345830782,967019
8288,6723345868856,6723346835728,966872
8289,6723346863635,6723347830154,966519
8290,6723347868747,6723348836155,967408
8291,6723348863488,6723349830378,966890
8292,6723349868582,6723350835379,966797
8293,6723350863397,6723351830139,966742
8294,6723351868490,6723352834991,966501
8295,6723352863269,6723353829992,966723
8296,6723353868399,6723354834770,966371
8297,6723354863159,6723355830104,966945
8298,6723355868271,6723356834679,966408
8299,6723356863068,6723357829865,966797
8300,6723357868143,6723358834866,966723
8301,6723358862940,6723359829126,966186
8302,6723359868052,6723360834256,966204
8303,6723360862849,6723361829738,966889
8304,6723361867887,6723362834591,966704
8305,6723362862665,6723363829258,966593
8306,6723363867833,6723364834333,966500
8307,6723364862574,6723365829223,966649
8308,6723365867686,6723366834075,966389
8309,6723366862464,6723367829243,966779
8310,6723367867576,6723368835077,967501
8311,6723368862392,6723369829355,966963
8312,6723369867448,6723370834097,966649
8313,6723370862226,6723371829227,967001
8314,6723371867375,6723372834080,966705
8315,6723372862098,6723373828395,966297
8316,6723373867247,6723374834026,966779
8317,6723374861989,6723375828545,966556
8318,6723375867100,6723376833657,966557
8319,6723376861879,6723377828583,966704
8320,6723377867009,6723378834769,967760
8321,6723378861788,6723379828474,966686
8322,6723379866918,6723380859382,992464
8323,6723380862974,6723381855549,992575
8324,6723381862123,6723382854291,992168
8325,6723382861957,6723383852662,990705
8326,6723383861717,6723384852533,990816
8327,6723384861996,6723385855552,993556
8328,6723385861756,6723386853627,991871
8329,6723386861794,6723387856257,994463
8330,6723387861646,6723388855684,994038
8331,6723388861573,6723389855703,994130
8332,6723389861518,6723390853352,991834
8333,6723390861537,6723391853260,991723
8334,6723391861538,6723392853650,992112
8335,6723392861557,6723393854169,992612
8336,6723393861391,6723394853411,992020
8337,6723394861318,6723395854152,992834
8338,6723395861282,6723396853245,991963
8339,6723396861208,6723397851524,990316
8340,6723397861079,6723398854654,993575
8341,6723398861062,6723399852729,991667
8342,6723399861099,6723400854174,993075
8343,6723400860859,6723401852230,991371
8344,6723401860823,6723402851231,990408
8345,6723402860861,6723403852899,992038
8346,6723403860787,6723404837177,976390
8347,6723404860418,6723405827937,967519
8348,6723405865400,6723406832327,966927
8349,6723406860160,6723407827531,967371
8350,6723407865309,6723408833347,968038
8351,6723408860050,6723409826884,966834
8352,6723409865162,6723410832015,966853
8353,6723410859941,6723411826756,966815
8354,6723411865071,6723412831720,966649
8355,6723412859850,6723413826739,966889
8356,6723413864906,6723414831777,966871
8357,6723414859684,6723415826315,966631
8358,6723415864833,6723416831056,966223
8359,6723416859612,6723417826131,966519
8360,6723417864705,6723418832391,967686
8361,6723418859447,6723419826058,966611
8362,6723419864577,6723420831078,966501
8363,6723420859374,6723421826393,967019
8364,6723421864467,6723422831301,966834
8365,6723422859264,6723423825821,966557
8366,6723423864339,6723424830710,966371
8367,6723424859155,6723425826229,967074
8368,6723425864248,6723426830934,966686
8369,6723426859008,6723427825768,966760
8370,6723427864120,6723428831732,967612
8371,6723428858880,6723429825788,966908
8372,6723429863973,6723430830715,966742
8373,6723430858752,6723431825067,966315
8374,6723431863882,6723432830179,966297
8375,6723432858642,6723433825328,966686
8376,6723433863772,6723434830569,966797
8377,6723434858532,6723435824866,966334
8378,6723435863626,6723436829978,966352
8379,6723436858460,6723437825127,966667
8380,6723437863534,6723438829350,965816
8381,6723438858313,6723439824628,966315
8382,6723439863425,6723440830148,966723
8383,6723440858240,6723441824963,966723
8384,6723441863315,6723442828686,965371
8385,6723442858057,6723443824446,966389
8386,6723443863168,6723444829891,966723
8387,6723444857965,6723445824448,966483
8388,6723445863040,6723446828522,965482
8389,6723446857837,6723447824357,966520
8390,6723447862968,6723448829468,966500
8391,6723448857728,6723449824247,966519
8392,6723449862839,6723450828340,965501
8393,6723450857599,6723451824415,966816
8394,6723451862730,6723452829453,966723
8395,6723452857508,6723453824305,966797
8396,6723453862602,6723454828121,965519
8397,6723454857362,6723455823973,966611
8398,6723455862510,6723456828659,966149
8399,6723456857289,6723457823993,966704
8400,6723457862345,6723458829253,966908
8401,6723458857124,6723459823736,966612
8402,6723459862254,6723460828033,965779
8403,6723460857051,6723461823663,966612
8404,6723461862163,6723462827904,965741
8405,6723462856923,6723463823053,966130
8406,6723463862016,6723464827832,965816
8407,6723464856813,6723465823518,966705
8408,6723465861944,6723466827611,965667
8409,6723466856667,6723467823297,966630
8410,6723467861778,6723468827964,966186
8411,6723468856538,6723469823354,966816
8412,6723469861706,6723470827466,965760
8413,6723470856429,6723471823207,966778
8414,6723471861578,6723472827060,965482
8415,6723472856338,6723473823116,966778
8416,6723473861468,6723474827061,965593
8417,6723474856209,6723475822581,966372
8418,6723475861321,6723476827044,965723
8419,6723476856118,6723477823026,966908
8420,6723477861230,6723478826786,965556
8421,6723478855953,6723479822750,966797
8422,6723479861139,6723480826918,965779
8423,6723480855881,6723481822715,966834
8424,6723481861011,6723482826586,965575
8425,6723482855752,6723483822475,966723
8426,6723483860864,6723484826476,965612
8427,6723484855680,6723485822458,966778
8428,6723485860736,6723486825977,965241
8429,6723486855496,6723487822441,966945
8430,6723487860645,6723488826220,965575
8431,6723488855423,6723489822887,967464
8432,6723489860535,6723490826351,965816
8433,6723490855314,6723491821981,966667
8434,6723491860407,6723492827093,966686
8435,6723492855186,6723493822075,966889
8436,6723493860279,6723494827261,966982
8437,6723494855039,6723495821965,966926
8438,6723495860206,6723496826911,966705
8439,6723496854985,6723497821671,966686
8440,6723497860060,6723498825171,965111
8441,6723498854820,6723499822765,967945
8442,6723499859931,6723500826562,966631
8443,6723500854765,6723501821655,966890
8444,6723501859840,6723502825693,965853
8445,6723502854619,6723503821286,966667
8446,6723503859694,6723504833954,974260
8447,6723504854750,6723505821732,966982
8448,6723505859695,6723506825418,965723
8449,6723506854381,6723507820826,966445
8450,6723507859530,6723508838253,978723
8451,6723508854493,6723509851587,997094
8452,6723509855124,6723510850217,995093
8453,6723510854550,6723511850736,996186
8454,6723511854607,6723512851774,997167
8455,6723512856126,6723513852775,996649
8456,6723513856682,6723514854350,997668
8457,6723514858387,6723515855036,996649
8458,6723515859073,6723516854888,995815
8459,6723516858296,6723517854759,996463
8460,6723517858000,6723518859445,1001445
8461,6723518863001,6723519860409,997408
8462,6723519864131,6723520860576,996445
8463,6723520864836,6723521861336,996500
8464,6723521864558,6723522858874,994316
8465,6723522862522,6723523862097,999575
8466,6723523864338,6723524860764,996426
8467,6723524864950,6723525862135,997185
8468,6723525866284,6723526862636,996352
8469,6723526866377,6723527860730,994353
8470,6723527864211,6723528858952,994741
8471,6723528862878,6723529858935,996057
8472,6723529862490,6723530860306,997816
8473,6723530864435,6723531863547,999112
8474,6723531866788,6723532861029,994241
8475,6723532864844,6723533860956,996112
8476,6723533864789,6723534858698,993909
8477,6723534862420,6723535857939,995519
8478,6723535861754,6723536857125,995371
8479,6723536860292,6723537856089,995797
8480,6723537859774,6723538855330,995556
8481,6723538859404,6723539857664,998260
8482,6723539860386,6723540852720,992334
8483,6723540856850,6723541852462,995612
8484,6723541856351,6723542852277,995926
8485,6723542856166,6723543853593,997427
8486,6723543857630,6723544850649,993019
8487,6723544853334,6723545849743,996409
8488,6723545853539,6723546850206,996667
8489,6723546854262,6723547848559,994297
8490,6723547852429,6723548849504,997075
8491,6723548852208,6723549849505,997297
8492,6723549852394,6723550847672,995278
8493,6723550852302,6723551847154,994852
8494,6723551852265,6723552847766,995501
8495,6723552852229,6723553848526,996297
8496,6723553852156,6723554848212,996056
8497,6723554852175,6723555848028,995853
8498,6723555852120,6723556826973,974853
8499,6723556851714,6723557817881,966167
8500,6723557856696,6723558822826,966130
8501,6723558851437,6723559821456,970019
8502,6723559856568,6723560823494,966926
8503,6723560851309,6723561818328,967019
8504,6723561856421,6723562822829,966408
8505,6723562851181,6723563817719,966538
8506,6723563856311,6723564822627,966316
8507,6723564851071,6723565817535,966464
8508,6723565856202,6723566822702,966500
8509,6723566850962,6723567817610,966648
8510,6723567856073,6723568823667,967594
8511,6723568850907,6723569818593,967686
8512,6723569856001,6723570822687,966686
8513,6723570850687,6723571817428,966741
8514,6723571855854,6723572822003,966149
8515,6723572850614,6723573817263,966649
8516,6723573855689,6723574822245,966556
8517,6723574850486,6723575817061,966575
8518,6723575855635,6723576822061,966426
8519,6723576850395,6723577816618,966223
8520,6723577855581,6723578822063,966482
8521,6723578850248,6723579817156,966908
8522,6723579855397,6723580800305,944908
8523,6723580855342,6723581821954,966612
8524,6723581850102,6723582817084,966982
8525,6723582855214,6723583821492,966278
8526,6723583849955,6723584816845,966890
8527,6723584855104,6723585821642,966538
8528,6723585849883,6723586816346,966463
8529,6723586854995,6723587821384,966389
8530,6723587849736,6723588816348,966612
8531,6723588854866,6723589822293,967427
8532,6723589849645,6723590816072,966427
8533,6723590854738,6723591820943,966205
8534,6723591849517,6723592815777,966260
8535,6723592854629,6723593821074,966445
8536,6723593849389,6723594815982,966593
8537,6723594854519,6723595820834,966315
8538,6723595849279,6723596815539,966260
8539,6723596854409,6723597821077,966668
8540,6723597849169,6723598815448,966279
8541,6723598854281,6723599821819,967538
8542,6723599849041,6723600814986,965945
8543,6723600854134,6723601820746,966612
8544,6723601848931,6723602814895,965964
8545,6723602854062,6723603820285,966223
8546,6723603848785,6723604815471,966686
8547,6723604853971,6723605820323,966352
8548,6723605848712,6723606814898,966186
8549,6723606853824,6723607820380,966556
8550,6723607848584,6723608815140,966556
8551,6723608853714,6723609820567,966853
8552,6723609848474,6723610814494,966020
8553,6723610853586,6723611819568,965982
8554,6723611848309,6723612814180,965871
8555,6723612853458,6723613819811,966353
8556,6723613848218,6723614814441,966223
8557,6723614853330,6723615819182,965852
8558,6723615848108,6723616814165,966057
8559,6723616853257,6723617819350,966093
8560,6723617847980,6723618814073,966093
8561,6723618853092,6723619819537,966445
8562,6723619847889,6723620814186,966297
8563,6723620853019,6723621818742,965723
8564,6723621847761,6723622814243,966482
8565,6723622852873,6723623819170,966297
8566,6723623847633,6723624813448,965815
8567,6723624852800,6723625819097,966297
8568,6723625847523,6723626813913,966390
8569,6723626852635,6723627818710,966075
8570,6723627847395,6723628813025,965630
8571,6723628852562,6723629819896,967334
8572,6723629847304,6723630813082,965778
8573,6723630852415,6723631818453,966038
8574,6723631847175,6723632842658,995483
8575,6723632847528,6723633839918,992390
8576,6723633847492,6723634847863,1000371
8577,6723634851215,6723635847586,996371
8578,6723635851345,6723636842624,991279
8579,6723636847475,6723637845365,997890
8580,6723637849198,6723638847662,998464
8581,6723638851699,6723639851292,999593
8582,6723639854478,6723640849904,995426
8583,6723640853904,6723641852646,998742
8584,6723641855405,6723642849683,994278
8585,6723642853887,6723643852240,998353
8586,6723643856314,6723644853685,997371
8587,6723644858203,6723645855945,997742
8588,6723645860112,6723646861742,1001630
8589,6723646864335,6723647861113,996778
8590,6723647864409,6723648860058,995649
8591,6723648864095,6723649869707,1005612
8592,6723649852077,6723650857652,1005575
8593,6723650861282,6723651857764,996482
8594,6723651861560,6723652858469,996909
8595,6723652862394,6723653861673,999279
8596,6723653864191,6723654858692,994501
8597,6723654862026,6723655858174,996148
8598,6723655862267,6723656861786,999519
8599,6723656864120,6723657863250,999130
8600,6723657863991,6723658860528,996537
8601,6723658863640,6723659860770,997130
8602,6723659863659,6723660859048,995389
8603,6723660862900,6723661858382,995482
8604,6723661862345,6723662860568,998223
8605,6723662863457,6723663861328,997871
8606,6723663863365,6723664859551,996186
8607,6723664863551,6723665860422,996871
8608,6723665863330,6723666861312,997982
8609,6723666863664,6723667862072,998408
8610,6723667863294,6723668858313,995019
8611,6723668862110,6723669860296,998186
8612,6723669863129,6723670858833,995704
8613,6723670862796,6723671860445,997649
8614,6723671862816,6723672860113,997297
8615,6723672862946,6723673861150,998204
8616,6723673862632,6723674858855,996223
8617,6723674862281,6723675857522,995241
8618,6723675861263,6723676858356,997093
8619,6723676862338,6723677860894,998556
8620,6723677862709,6723678860524,997815
8621,6723678862432,6723679859414,996982
8622,6723679862488,6723680857452,994964
8623,6723680861581,6723681858878,997297
8624,6723681862545,6723682862250,999705
8625,6723682862527,6723683858528,996001
8626,6723683861750,6723684857140,995390
8627,6723684861066,6723685857511,996445
8628,6723685861233,6723686855215,993982
8629,6723686858604,6723687854494,995890
8630,6723687858346,6723688859198,1000852
8631,6723688862050,6723689863644,1001594
8632,6723689861736,6723690855274,993538
8633,6723690858755,6723691854775,996020
8634,6723691858627,6723692857386,998759
8635,6723692861553,6723693856998,995445
8636,6723693860406,6723694857851,997445
8637,6723694860258,6723695854259,994001
8638,6723695857889,6723696855982,998093
8639,6723696860371,6723697858409,998038
8640,6723697861483,6723698857372,995889
8641,6723698860724,6723699857706,996982
8642,6723699861058,6723700859855,998797
8643,6723700861318,6723701858263,996945
8644,6723701861189,6723702858838,997649
8645,6723702861283,6723703856839,995556
8646,6723703860265,6723704857154,996889
8647,6723704861043,6723705858989,997946
8648,6723705861026,6723706856674,995648
8649,6723706860637,6723707857416,996779
8650,6723707860990,6723708859509,998519
8651,6723708860861,6723709857788,996927
8652,6723709860584,6723710857233,996649
8653,6723710860807,6723711864511,1003704
8654,6723711848011,6723712847734,999723
8655,6723712851679,6723713849791,998112
8656,6723713854846,6723714851995,997149
8657,6723714856032,6723715854311,998279
8658,6723715857218,6723716849811,992593
8659,6723716854237,6723717855053,1000816
8660,6723717858923,6723718857017,998094
8661,6723718860294,6723719856128,995834
8662,6723719859517,6723720854259,994742
8663,6723720858499,6723721856667,998168
8664,6723721859982,6723722856797,996815
8665,6723722860149,6723723854928,994779
8666,6723723858409,6723724855132,996723
8667,6723724859465,6723725859577,1000112
8668,6723725859892,6723726854059,994167
8669,6723726857967,6723727856375,998408
8670,6723727859708,6723728865672,1005964
8671,6723728849042,6723729856525,1007483
8672,6723729859673,6723730856062,996389
8673,6723730859581,6723731857785,998204
8674,6723731859341,6723732852175,992834
8675,6723732856286,6723733854546,998260
8676,6723733858287,6723734856195,997908
8677,6723734859361,6723735857807,998446
8678,6723735859566,6723736855141,995575
8679,6723736858826,6723737855678,996852
8680,6723737859197,6723738856013,996816
8681,6723738859142,6723739858476,999334
8682,6723739858958,6723740854588,995630
8683,6723740858292,6723741855311,997019
8684,6723741858959,6723742854534,995575
8685,6723742858552,6723743856831,998279
8686,6723743858905,6723744856609,997704
8687,6723744858850,6723745857684,998834
8688,6723745858703,6723746863000,1004297
8689,6723746846037,6723747850260,1004223
8690,6723747853945,6723748849168,995223
8691,6723748853242,6723749849613,996371
8692,6723749853354,6723750850781,997427
8693,6723750854892,6723751853207,998315
8694,6723751857115,6723752852300,995185
8695,6723752855893,6723753852023,996130
8696,6723753855635,6723754852487,996852
8697,6723754856172,6723755852266,996094
8698,6723755856025,6723756853507,997482
8699,6723756857729,6723757856249,998520
8700,6723757858045,6723758855990,997945
8701,6723758857823,6723759853343,995520
8702,6723759857287,6723760855510,998223
8703,6723760857917,6723761854659,996742
8704,6723761857826,6723762853530,995704
8705,6723762857530,6723763854957,997427
8706,6723763857438,6723764849994,992556
8707,6723764854346,6723765852365,998019
8708,6723765856217,6723766854866,998649
8709,6723766857496,6723767851571,994075
8710,6723767855108,6723768850275,995167
8711,6723768854534,6723769853054,998520
8712,6723769856480,6723770854165,997685
8713,6723770857314,6723771853555,996241
8714,6723771857148,6723772853908,996760
8715,6723772857389,6723773856260,998871
8716,6723773857001,6723774848816,991815
8717,6723774852909,6723775850465,997556
8718,6723775854632,6723776851540,996908
8719,6723776855781,6723777853985,998204
8720,6723777856819,6723778854468,997649
8721,6723778856949,6723779854598,997649
8722,6723779856783,6723780852506,995723
8723,6723780856432,6723781854692,998260
8724,6723781856673,6723782853545,996872
8725,6723782856545,6723783854490,997945
8726,6723783856508,6723784853694,997186
8727,6723784856435,6723785852676,996241
8728,6723785856084,6723786851696,995612
8729,6723786855584,6723787853622,998038
8730,6723787856215,6723788850493,994278
8731,6723788854160,6723789852105,997945
8732,6723789855790,6723790853939,998149
8733,6723790856124,6723791852088,995964
8734,6723791855792,6723792851126,995334
8735,6723792854478,6723793850608,996130
8736,6723793854275,6723794852590,998315
8737,6723794855942,6723795853906,997964
8738,6723795855906,6723796847184,991278
8739,6723796851295,6723797849963,998668
8740,6723797853592,6723798850149,996557
8741,6723798854019,6723799852612,998593
8742,6723799855668,6723800832872,977204
8743,6723800837724,6723801805206,967482
8744,6723801842669,6723802809948,967279
8745,6723802837392,6723803804578,967186
8746,6723803842523,6723804809949,967426
8747,6723804837227,6723805804487,967260
8748,6723805842376,6723806809284,966908
8749,6723806837173,6723807803803,966630
8750,6723807842285,6723808809174,966889
8751,6723808837045,6723809805416,968371
8752,6723809842175,6723810809602,967427
8753,6723810836880,6723811804158,967278
8754,6723811842029,6723812809363,967334
8755,6723812836789,6723813803808,967019
8756,6723813841863,6723814808383,966520
8757,6723814836660,6723815803550,966890
8758,6723815841772,6723816808810,967038
8759,6723816836569,6723817803477,966908
8760,6723817841700,6723818808867,967167
8761,6723818836441,6723819803053,966612
8762,6723819841590,6723820808480,966890
8763,6723820836368,6723821803480,967112
8764,6723821841443,6723822808351,966908
8765,6723822836185,6723823803056,966871
8766,6723823841334,6723824808131,966797
8767,6723824836112,6723825803187,967075
8768,6723825841224,6723826808373,967149
8769,6723826835984,6723827803022,967038
8770,6723827841133,6723828807245,966112
8771,6723828835837,6723829803745,967908
8772,6723829840986,6723830807728,966742
8773,6723830835783,6723831802969,967186
8774,6723831840876,6723832807896,967020
8775,6723832835636,6723833802989,967353
8776,6723833840767,6723834807823,967056
8777,6723834835508,6723835802694,967186
8778,6723835840620,6723836807695,967075
8779,6723836835417,6723837802770,967353
8780,6723837840510,6723838807141,966631
8781,6723838835270,6723839803401,968131
8782,6723839840419,6723840807327,966908
8783,6723840835216,6723841802680,967464
8784,6723841840310,6723842807384,967074
8785,6723842835070,6723843801922,966852
8786,6723843840163,6723844807090,966927
8787,6723844834960,6723845801331,966371
8788,6723845840072,6723846807072,967000
8789,6723846834813,6723847801481,966668
8790,6723847839962,6723848806241,966279
8791,6723848834722,6723849802297,967575
8792,6723849839834,6723850806835,967001
8793,6723850834575,6723851801558,966983
8794,6723851839743,6723852806373,966630
8795,6723852834503,6723853801318,966815
8796,6723853839615,6723854806560,966945
8797,6723854834319,6723855801357,967038
8798,6723855839486,6723856806561,967075
8799,6723856834265,6723857801136,966871
8800,6723857839358,6723858806081,966723
8801,6723858834118,6723859800156,966038
8802,6723859839267,6723860806194,966927
8803,6723860834027,6723861801028,967001
8804,6723861839139,6723862805880,966741
8805,6723862833880,6723863800603,966723
8806,6723863838992,6723864805845,966853
8807,6723864833808,6723865800716,966908
8808,6723865838920,6723866805439,966519
8809,6723866833643,6723867800569,966926
8810,6723867838773,6723868805292,966519
8811,6723868833570,6723869800219,966649
8812,6723869838682,6723870805257,966575
8813,6723870833442,6723871800239,966797
8814,6723871838535,6723872804980,966445
8815,6723872833332,6723873800000,966668
8816,6723873838444,6723874805000,966556
8817,6723874833167,6723875800001,966834
8818,6723875838334,6723876804798,966464
8819,6723876833113,6723877800077,966964
8820,6723877838188,6723878804688,966500
8821,6723878832985,6723879799874,966889
8822,6723879838097,6723880831412,993315
8823,6723880834801,6723881828987,994186
8824,6723881833209,6723882830265,997056
8825,6723882833876,6723883829803,995927
8826,6723883833340,6723884831433,998093
8827,6723884835656,6723885833601,997945
8828,6723885837693,6723886834676,996983
8829,6723886838157,6723887836343,998186
8830,6723887840158,6723888835603,995445
8831,6723888839659,6723889839456,999797
8832,6723889841845,6723890837419,995574
8833,6723890840790,6723891840439,999649
8834,6723891842939,6723892839865,996926
8835,6723892843939,6723893840625,996686
8836,6723893844607,6723894842478,997871
8837,6723894846330,6723895844016,997686
8838,6723895847608,6723896844331,996723
8839,6723896848201,6723897846721,998520
8840,6723897849998,6723898846129,996131
8841,6723898849907,6723899852185,1002278
8842,6723899849815,6723900844686,994871
8843,6723900848927,6723901847020,998093
8844,6723901849594,6723902846206,996612
8845,6723902849447,6723903845577,996130
8846,6723903849373,6723904847670,998297
8847,6723904849707,6723905847819,998112
8848,6723905849449,6723906847116,997667
8849,6723906849431,6723907853135,1003704
8850,6723907836728,6723908840044,1003316
8851,6723908844006,6723909841266,997260
8852,6723909845544,6723910845563,1000019
8853,6723910849193,6723911846379,997186
8854,6723911849175,6723912845583,996408
8855,6723912848861,6723913847695,998834
8856,6723913848992,6723914844992,996000
8857,6723914848992,6723915847012,998020
8858,6723915849049,6723916845697,996648
8859,6723916848938,6723917846920,997982
8860,6723917848902,6723918846421,997519
8861,6723918848754,6723919844181,995427
8862,6723919847607,6723920843274,995667
8863,6723920847404,6723921844960,997556
8864,6723921848201,6723922845424,997223
8865,6723922848498,6723923853147,1004649
8866,6723923836703,6723924840574,1003871
8867,6723924844407,6723925843167,998760
8868,6723925846908,6723926845223,998315
8869,6723926848501,6723927843817,995316
8870,6723927847113,6723928843206,996093
8871,6723928847095,6723929842762,995667
8872,6723929846633,6723930848893,1002260
8873,6723930847911,6723931844505,996594
8874,6723931847968,6723932845191,997223
8875,6723932848061,6723933844858,996797
8876,6723933847858,6723934845192,997334
8877,6723934847803,6723935843989,996186
8878,6723935847693,6723936843749,996056
8879,6723936848045,6723937845583,997538
8880,6723937847694,6723938843825,996131
8881,6723938846991,6723939842122,995131
8882,6723939845733,6723940841363,995630
8883,6723940845382,6723941843623,998241
8884,6723941847512,6723942844142,996630
8885,6723942847309,6723943843291,995982
8886,6723943846736,6723944842514,995778
8887,6723944846144,6723945842163,996019
8888,6723945845848,6723946843645,997797
8889,6723946847219,6723947843053,995834
8890,6723947846276,6723948841684,995408
8891,6723948845665,6723949843444,997779
8892,6723949846444,6723950838907,992463
8893,6723950843389,6723951841464,998075
8894,6723951845519,6723952822983,977464
8895,6723952828816,6723953796576,967760
8896,6723953833947,6723954800595,966648
8897,6723954828595,6723955795281,966686
8898,6723955833744,6723956801115,967371
8899,6723956828504,6723957795375,966871
8900,6723957833635,6723958800580,966945
8901,6723958828376,6723959795006,966630
8902,6723959833488,6723960801192,967704
8903,6723960828248,6723961795212,966964
8904,6723961833360,6723962800064,966704
8905,6723962828120,6723963795102,966982
8906,6723963833232,6723964800769,967537
8907,6723964828010,6723965794603,966593
8908,6723965833122,6723966800363,967241
8909,6723966827882,6723967794716,966834
8910,6723967833031,6723968800865,967834
8911,6723968827791,6723969794606,966815
8912,6723969832903,6723970799700,966797
8913,6723970827681,6723971794700,967019
8914,6723971832774,6723972798720,965946
8915,6723972827590,6723973794646,967056
8916,6723973832683,6723974799147,966464
8917,6723974827462,6723975794296,966834
8918,6723975832592,6723976799352,966760
8919,6723976827334,6723977794279,966945
8920,6723977832464,6723978799150,966686
8921,6723978827224,6723979794188,966964
8922,6723979832299,6723980799151,966852
8923,6723980827077,6723981793708,966631
8924,6723981832208,6723982799060,966852
8925,6723982827005,6723983794005,967000
8926,6723983832098,6723984799654,967556
8927,6723984826858,6723985793544,966686
8928,6723985832007,6723986799026,967019
8929,6723986826730,6723987792360,965630
8930,6723987831842,6723988799398,967556
8931,6723988826620,6723989793325,966705
8932,6723989831714,6723990798455,966741
8933,6723990826511,6723991820437,993926
8934,6723991827196,6723992803882,976686
8935,6723992826512,6723993793513,967001
8936,6723993831568,6723994799180,967612
8937,6723994826310,6723995793792,967482
8938,6723995831422,6723996800756,969334
8939,6723996826219,6723997793719,967500
8940,6723997831312,6723998798535,967223
8941,6723998826090,6723999793165,967075
8942,6723999831221,6724000799796,968575
8943,6724000825944,6724001793018,967074
8944,6724001831093,6724002798538,967445
8945,6724002825853,6724003792909,967056
8946,6724003830983,6724004801650,970667
8947,6724004825743,6724005793133,967390
8948,6724005830855,6724006798133,967278
8949,6724006825652,6724007792745,967093
8950,6724007830745,6724008799616,968871
8951,6724008825542,6724009793080,967538
8952,6724009830635,6724010800303,969668
8953,6724010825451,6724011792933,967482
8954,6724011830544,6724012798749,968205
8955,6724012825249,6724013792990,967741
8956,6724013830453,6724014797861,967408
8957,6724014825139,6724015792288,967149
8958,6724015830306,6724016798103,967797
8959,6724016825066,6724017792549,967483
8960,6724017830178,6724018797383,967205
8961,6724018824938,6724019792106,967168
8962,6724019830069,6724020800273,970204
8963,6724020824847,6724021792144,967297
8964,6724021829996,6724022797145,967149
8965,6724022824737,6724023791997,967260
8966,6724023829831,6724024798869,969038
8967,6724024824591,6724025791795,967204
8968,6724025829758,6724026796203,966445
8969,6724026824481,6724027791797,967316
8970,6724027829611,6724028799149,969538
8971,6724028824353,6724029791743,967390
8972,6724029829502,6724030797280,967778
8973,6724030824225,6724031791596,967371
8974,6724031829355,6724032798171,968816
8975,6724032824134,6724033791394,967260
8976,6724033829245,6724034796246,967001
8977,6724034824043,6724035791395,967352
8978,6724035829099,6724036797488,968389
8979,6724036823859,6724037790767,966908
8980,6724037828989,6724038795805,966816
8981,6724038823749,6724039790565,966816
8982,6724039828898,6724040798195,969297
8983,6724040823658,6724041790992,967334
8984,6724041828770,6724042795659,966889
8985,6724042823530,6724043790475,966945
8986,6724043828660,6724044797365,968705
8987,6724044823402,6724045790736,967334
8988,6724045828532,6724046795625,967093
8989,6724046823310,6724047790496,967186
8990,6724047828441,6724048797016,968575
8991,6724048823164,6724049790442,967278
8992,6724049828257,6724050796462,968205
8993,6724050823091,6724051790481,967390
8994,6724051828166,6724052796852,968686
8995,6724052822907,6724053790279,967372
8996,6724053828112,6724054795150,967038
8997,6724054822816,6724055790039,967223
8998,6724055827984,6724056797225,969241
8999,6724056822744,6724057790522,967778
9000,6724057827837,6724058795115,967278
9001,6724058822634,6724059790820,968186
9002,6724059827783,6724060797673,969890
9003,6724060822506,6724061789988,967482
9004,6724061827618,6724062795711,968093
9005,6724062822378,6724063790156,967778
9006,6724063827490,6724064801046,973556
9007,6724064822268,6724065789102,966834
9008,6724065827380,6724066794751,967371
9009,6724066822158,6724067789122,966964
9010,6724067827270,6724068795475,968205
9011,6724068822030,6724069789253,967223
9012,6724069827142,6724070794939,967797
9013,6724070821921,6724071789088,967167
9014,6724071827069,6724072795885,968816
9015,6724072821792,6724073788941,967149
9016,6724073826923,6724074794053,967130
9017,6724074821683,6724075789072,967389
9018,6724075826795,6724076795203,968408
9019,6724076821573,6724077788777,967204
9020,6724077826685,6724078793815,967130
9021,6724078821463,6724079788612,967149
9022,6724079826594,6724080795669,969075
9023,6724080821354,6724081788780,967426
9024,6724081826447,6724082793818,967371
9025,6724082821226,6724083788486,967260
9026,6724083826356,6724084794968,968612
9027,6724084821116,6724085788543,967427
9028,6724085826191,6724086793247,967056
9029,6724086820988,6724087788544,967556
9030,6724087826100,6724088794693,968593
9031,6724088820897,6724089788286,967389
9032,6724089825990,6724090793435,967445
9033,6724090820768,6724091787862,967094
9034,6724091825880,6724092794362,968482
9035,6724092820659,6724093788122,967463
9036,6724093825752,6724094792919,967167
9037,6724094820531,6724095788161,967630
9038,6724095825698,6724096794291,968593
9039,6724096820402,6724097787773,967371
9040,6724097825514,6724098792867,967353
9041,6724098820293,6724099787553,967260
9042,6724099825386,6724100794535,969149
9043,6724100820183,6724101787480,967297
9044,6724101825332,6724102792647,967315
9045,6724102820203,6724103788407,968204
9046,6724103825204,6724104794982,969778
9047,6724104819945,6724105787113,967168
9048,6724105824964,6724106792021,967057
9049,6724106819836,6724107787077,967241
9050,6724107824947,6724108793411,968464
9051,6724108819726,6724109787116,967390
9052,6724109824856,6724110793394,968538
9053,6724110819635,6724111786543,966908
9054,6724111824728,6724112793655,968927
9055,6724112819470,6724113786748,967278
9056,6724113824600,6724114791860,967260
9057,6724114819341,6724115786564,967223
9058,6724115824490,6724116793324,968834
9059,6724116819287,6724117786788,967501
9060,6724117824362,6724118791344,966982
9061,6724118819122,6724119786234,967112
9062,6724119824289,6724120793920,969631
9063,6724120818920,6724121786384,967464
9064,6724121824143,6724122790903,966760
9065,6724122818921,6724123785607,966686
9066,6724123824015,6724124823349,999334
9067,6724124827552,6724125822905,995353
9068,6724125826701,6724126819313,992612
9069,6724126824554,6724127816647,992093
9070,6724127819740,6724128816592,996852
9071,6724128819722,6724129812908,993186
9072,6724129818926,6724130814297,995371
9073,6724130818853,6724131812502,993649
9074,6724131818835,6724132813262,994427
9075,6724132818780,6724133810226,991446
9076,6724133818596,6724134812134,993538
9077,6724134818689,6724135811746,993057
9078,6724135818653,6724136815339,996686
9079,6724136819228,6724137813006,993778
9080,6724137818525,6724138811433,992908
9081,6724138818211,6724139811174,992963
9082,6724139818397,6724140815379,996982
9083,6724140818916,6724141813120,994204
9084,6724141818194,6724142810214,992020
9085,6724142818140,6724143811048,992908
9086,6724143817881,6724144814752,996871
9087,6724144818585,6724145812938,994353
9088,6724145817994,6724146810735,992741
9089,6724146817957,6724147812014,994057
9090,6724147817958,6724148814699,996741
9091,6724148818959,6724149811145,992186
9092,6724149817756,6724150813331,995575
9093,6724150817701,6724151810202,992501
9094,6724151817646,6724152813313,995667
9095,6724152817684,6724153811073,993389
9096,6724153817536,6724154809574,992038
9097,6724154817519,6724155811093,993574
9098,6724155817482,6724156813909,996427
9099,6724156818039,6724157811521,993482
9100,6724157817354,6724158810651,993297
9101,6724158817262,6724159809152,991890
9102,6724159817152,6724160814134,996982
9103,6724160818449,6724161810950,992501
9104,6724161817061,6724162810765,993704
9105,6724162817043,6724163810988,993945
9106,6724163816988,6724164818230,1001242
9107,6724164821081,6724165814193,993112
9108,6724165817971,6724166811768,993797
9109,6724166816787,6724167809213,992426
9110,6724167816787,6724168813307,996520
9111,6724168817510,6724169810492,992982
9112,6724169816604,6724170812512,995908
9113,6724170816512,6724171811438,994926
9114,6724171816475,6724172814347,997872
9115,6724172818328,6724173812162,993834
9116,6724173816384,6724174808589,992205
9117,6724174816329,6724175808719,992390
9118,6724175816256,6724176811572,995316
9119,6724176816164,6724177809943,993779
9120,6724177816202,6724178808777,992575
9121,6724178816184,6724179809741,993557
9122,6724179816055,6724180813612,997557
9123,6724180818093,6724181812427,994334
9124,6724181816112,6724182809946,993834
9125,6724182815909,6724183809966,994057
9126,6724183815817,6724184815115,999298
9127,6724184819670,6724185812430,992760
9128,6724185816023,6724186809616,993593
9129,6724186815690,6724187809376,993686
9130,6724187815654,6724188811729,996075
9131,6724188815469,6724189811285,995816
9132,6724189815433,6724190809526,994093
9133,6724190815397,6724191807508,992111
9134,6724191815323,6724192792620,977297
9135,6724192815028,6724193782640,967612
9136,6724193820047,6724194787288,967241
9137,6724194814770,6724195782030,967260
9138,6724195819937,6724196786994,967057
9139,6724196814679,6724197781735,967056
9140,6724197819828,6724198786921,967093
9141,6724198814551,6724199781755,967204
9142,6724199819700,6724200787700,968000
9143,6724200814422,6724201781664,967242
9144,6724201819553,6724202786887,967334
9145,6724202814313,6724203781517,967204
9146,6724203819425,6724204786444,967019
9147,6724204814203,6724205781315,967112
9148,6724205819296,6724206785945,966649
9149,6724206814038,6724207781002,966964
9150,6724207819205,6724208786095,966890
9151,6724208813965,6724209781114,967149
9152,6724209819059,6724210787300,968241
9153,6724210813837,6724211781042,967205
9154,6724211818986,6724212785876,966890
9155,6724212813727,6724213780265,966538
9156,6724213818839,6724214785914,967075
9157,6724214813599,6724215780581,966982
9158,6724215818730,6724216785267,966537
9159,6724216813527,6724217780472,966945
9160,6724217818620,6724218785454,966834
9161,6724218813380,6724219780195,966815
9162,6724219818492,6724220787252,968760
9163,6724220813307,6724221781641,968334
9164,6724221818401,6724222785272,966871
9165,6724222813161,6724223780347,967186
9166,6724223818254,6724224785792,967538
9167,6724224813032,6724225780441,967409
9168,6724225818163,6724226785386,967223
9169,6724226812923,6724227780535,967612
9170,6724227818035,6724228785535,967500
9171,6724228812813,6724229779925,967112
9172,6724229817944,6724230786296,968352
9173,6724230812704,6724231780167,967463
9174,6724231817815,6724232785186,967371
9175,6724232812594,6724233779335,966741
9176,6724233817724,6724234784725,967001
9177,6724234812466,6724235779615,967149
9178,6724235817615,6724236784763,967148
9179,6724236812338,6724237779301,966963
9180,6724237817449,6724238784506,967057
9181,6724238812228,6724239779192,966964
9182,6724239817340,6724240785266,967926
9183,6724240812118,6724241779249,967131
9184,6724241817230,6724242784416,967186
9185,6724242812009,6724243779065,967056
9186,6724243817102,6724244785306,968204
9187,6724244811880,6724245778603,966723
9188,6724245817011,6724246784289,967278
9189,6724246811789,6724247778679,966890
9190,6724247816901,6724248783846,966945
9191,6724248811661,6724249778162,966501
9192,6724249816773,6724250784477,967704
9193,6724250811570,6724251778756,967186
9194,6724251816626,6724252784405,967779
9195,6724252811479,6724253780091,968612
9196,6724253816572,6724254783832,967260
9197,6724254811332,6724255778592,967260
9198,6724255816407,6724256784685,968278
9199,6724256811185,6724257778593,967408
9200,6724257816334,6724258783298,966964
9201,6724258811076,6724259778039,966963
9202,6724259816188,6724260784022,967834
9203,6724260811003,6724261778041,967038
9204,6724261816115,6724262783190,967075
9205,6724262810838,6724263777542,966704
9206,6724263815987,6724264782969,966982
9207,6724264810747,6724265777951,967204
9208,6724265815840,6724266783230,967390
9209,6724266810600,6724267777638,967038
9210,6724267815749,6724268782972,967223
9211,6724268810527,6724269777565,967038
9212,6724269815602,6724270783529,967927
9213,6724270810399,6724271777604,967205
9214,6724271815493,6724272782438,966945
9215,6724272810290,6724273777364,967074
9216,6724273815383,6724274782458,967075
9217,6724274810143,6724275777014,966871
9218,6724275815255,6724276782274,967019
9219,6724276810033,6724277777108,967075
9220,6724277815164,6724278782146,966982
9221,6724278809905,6724279776535,966630
9222,6724279815054,6724280781925,966871
9223,6724280809814,6724281777148,967334
9224,6724281814963,6724282781871,966908
9225,6724282809686,6724283776890,967204
9226,6724283814816,6724284781521,966705
9227,6724284809595,6724285776429,966834
9228,6724285814725,6724286781355,966630
9229,6724286809448,6724287776578,967130
9230,6724287814578,6724288782135,967557
9231,6724288809357,6724289776765,967408
9232,6724289814487,6724290782284,967797
9233,6724290809247,6724291776396,967149
9234,6724291814340,6724292781397,967057
9235,6724292809100,6724293776194,967094
9236,6724293814249,6724294781287,967038
9237,6724294809009,6724295775991,966982
9238,6724295814103,6724296781103,967000
9239,6724296808881,6724297776271,967390
9240,6724297814030,6724298780494,966464
9241,6724298808753,6724299775754,967001
9242,6724299813865,6724300781828,967963
9243,6724300808699,6724301774718,966019
9244,6724301813792,6724302780830,967038
9245,6724302808534,6724303775571,967037
9246,6724303813664,6724304780331,966667
9247,6724304808424,6724305775406,966982
9248,6724305813554,6724306780499,966945
9249,6724306808296,6724307775778,967482
9250,6724307813445,6724308782112,968667
9251,6724308808223,6724309775909,967686
9252,6724309813316,6724310781262,967946
9253,6724310808076,6724311775522,967446
9254,6724311813207,6724312780208,967001
9255,6724312807985,6724313775023,967038
9256,6724313813097,6724314780024,966927
9257,6724314807857,6724315774339,966482
9258,6724315812988,6724316779877,966889
9259,6724316807729,6724317774711,966982
9260,6724317812896,6724318779619,966723
9261,6724318807619,6724319774935,967316
9262,6724319812731,6724320779621,966890
9263,6724320807510,6724321774566,967056
9264,6724321812622,6724322779807,967185
9265,6724322807381,6724323774382,967001
9266,6724323812512,6724324779364,966852
9267,6724324807272,6724325774439,967167
9268,6724325812402,6724326779421,967019
9269,6724326807144,6724327773737,966593
9270,6724327812311,6724328779275,966964
9271,6724328807053,6724329774072,967019
9272,6724329812164,6724330777869,965705
9273,6724330806887,6724331774295,967408
9274,6724331812018,6724332778518,966500
9275,6724332806796,6724333773723,966927
9276,6724333811945,6724334779038,967093
9277,6724334806687,6724335773669,966982
9278,6724335811835,6724336778577,966742
9279,6724336806595,6724337773744,967149
9280,6724337811689,6724338778578,966889
9281,6724338806430,6724339773283,966853
9282,6724339811561,6724340777839,966278
9283,6724340806358,6724341773562,967204
9284,6724341811469,6724342777600,966131
9285,6724342806211,6724343773415,967204
9286,6724343811341,6724344777286,965945
9287,6724344806101,6724345772843,966742
9288,6724345811232,6724346777084,965852
9289,6724346805992,6724347772826,966834
9290,6724347811103,6724348777215,966112
9291,6724348805882,6724349772975,967093
9292,6724349811012,6724350776957,965945
9293,6724350805772,6724351772569,966797
9294,6724351810866,6724352777644,966778
9295,6724352805663,6724353772034,966371
9296,6724353810774,6724354776664,965890
9297,6724354805534,6724355772498,966964
9298,6724355810665,6724356776351,965686
9299,6724356805425,6724357772148,966723
9300,6724357810537,6724358777482,966945
9301,6724358805334,6724359772538,967204
9302,6724359810427,6724360776242,965815
9303,6724360805205,6724361773410,968205
9304,6724361810336,6724362777522,967186
9305,6724362805059,6724363771911,966852
9306,6724363810152,6724364776375,966223
9307,6724364804968,6724365772005,967037
9308,6724365810061,6724366775839,965778
9309,6724366804839,6724367772081,967242
9310,6724367809970,6724368796156,986186
9311,6724368805267,6724369798323,993056
9312,6724369805082,6724370796028,990946
9313,6724370805102,6724371801676,996574
9314,6724371805547,6724372801251,995704
9315,6724372805733,6724373796011,990278
9316,6724373804845,6724374798456,993611
9317,6724374804827,6724375797883,993056
9318,6724375804790,6724376798217,993427
9319,6724376804661,6724377798218,993557
9320,6724377804625,6724378796496,991871
9321,6724378804607,6724379798497,993890
9322,6724379804571,6724380797331,992760
9323,6724380804479,6724381800258,995779
9324,6724381804498,6724382796073,991575
9325,6724382804351,6724383795333,990982
9326,6724383804278,6724384796927,992649
9327,6724384804260,6724385796650,992390
9328,6724385804150,6724386798169,994019
9329,6724386804132,6724387797762,993630
9330,6724387804077,6724388795059,990982
9331,6724388804041,6724389797875,993834
9332,6724389803967,6724390797524,993557
9333,6724390803949,6724391798895,994946
9334,6724391803821,6724392795803,991982
9335,6724392803821,6724393798507,994686
9336,6724393803674,6724394796582,992908
9337,6724394803638,6724395796805,993167
9338,6724395803546,6724396795102,991556
9339,6724396803546,6724397797195,993649
9340,6724397803547,6724398796900,993353
9341,6724398803511,6724399796845,993334
9342,6724399803400,6724400796364,992964
9343,6724400803420,6724401800717,997297
9344,6724401804587,6724402797792,993205
9345,6724402803366,6724403796477,993111
9346,6724403803237,6724404796719,993482
9347,6724404803089,6724405796090,993001
9348,6724405803109,6724406794757,991648
9349,6724406802961,6724407796517,993556
9350,6724407802980,6724408782981,980001
9351,6724408802555,6724409770426,967871
9352,6724409807556,6724410775242,967686
9353,6724410802334,6724411772483,970149
9354,6724411808354,6724412775299,966945
9355,6724412802206,6724413769966,967760
9356,6724413807355,6724414774485,967130
9357,6724414802078,6724415769745,967667
9358,6724415807190,6724416775950,968760
9359,6724416801950,6724417770062,968112
9360,6724417807117,6724418774711,967594
9361,6724418801822,6724419769341,967519
9362,6724419806934,6724420774768,967834
9363,6724420801731,6724421770824,969093
9364,6724421806898,6724422774843,967945
9365,6724422801602,6724423769622,968020
9366,6724423806733,6724424774437,967704
9367,6724424801511,6724425769586,968075
9368,6724425806623,6724426774772,968149
9369,6724426801346,6724427769124,967778
9370,6724427806476,6724428774384,967908
9371,6724428801310,6724429769181,967871
9372,6724429806404,6724430774145,967741
9373,6724430801127,6724431769887,968760
9374,6724431806257,6724432774221,967964
9375,6724432801054,6724433768407,967353
9376,6724433806184,6724434773241,967057
9377,6724434800907,6724435768667,967760
9378,6724435806056,6724436773501,967445
9379,6724436800798,6724437768447,967649
9380,6724437805928,6724438773503,967575
9381,6724438800670,6724439768429,967759
9382,6724439805800,6724440772671,966871
9383,6724440800578,6724441768024,967446
9384,6724441805709,6724442773191,967482
9385,6724442800432,6724443768006,967574
9386,6724443805581,6724444773192,967611
9387,6724444800341,6724445767989,967648
9388,6724445805471,6724446773138,967667
9389,6724446800194,6724447767787,967593
9390,6724447805361,6724448772510,967149
9391,6724448800103,6724449767603,967500
9392,6724449805252,6724450773030,967778
9393,6724450799993,6724451767957,967964
9394,6724451805123,6724452772217,967094
9395,6724452799902,6724453767217,967315
9396,6724453805051,6724454772422,967371
9397,6724454799737,6724455767256,967519
9398,6724455804886,6724456772053,967167
9399,6724456799701,6724457767554,967853
9400,6724457804794,6724458772295,967501
9401,6724458799499,6724459766981,967482
9402,6724459804666,6724460771963,967297
9403,6724460799426,6724461766871,967445
9404,6724461804557,6724462772039,967482
9405,6724462799298,6724463765910,966612
9406,6724463804410,6724464770855,966445
9407,6724464799207,6724465766708,967501
9408,6724465804300,6724466771505,967205
9409,6724466799042,6724467766431,967389
9410,6724467804209,6724468771858,967649
9411,6724468798951,6724469766451,967500
9412,6724469804099,6724470771452,967353
9413,6724470798841,6724471767453,968612
9414,6724471803971,6724472771213,967242
9415,6724472798713,6724473765547,966834
9416,6724473803843,6724474770751,966908
9417,6724474798603,6724475766067,967464
9418,6724475803733,6724476770605,966872
9419,6724476798512,6724477766253,967741
9420,6724477803624,6724478771217,967593
9421,6724478798402,6724479765755,967353
9422,6724479803496,6724480770793,967297
9423,6724480798256,6724481766793,968537
9424,6724481803405,6724482770794,967389
9425,6724482798146,6724483765869,967723
9426,6724483803258,6724484770536,967278
9427,6724484798036,6724485765259,967223
9428,6724485803167,6724486770890,967723
9429,6724486797890,6724487765427,967537
9430,6724487803038,6724488770354,967316
9431,6724488797798,6724489765133,967335
9432,6724489802910,6724490770670,967760
9433,6724490797689,6724491765986,968297
9434,6724491802801,6724492798875,996074
9435,6724492803079,6724493799098,996019
9436,6724493802524,6724494801136,998612
9437,6724494805025,6724495803767,998742
9438,6724495807581,6724496808582,1001001
9439,6724496812397,6724497808842,996445
9440,6724497812453,6724498809398,996945
9441,6724498812917,6724499808751,995834
9442,6724499811862,6724500807326,995464
9443,6724500811715,6724501810771,999056
9444,6724501814382,6724502810068,995686
9445,6724502813846,6724503810495,996649
9446,6724503814365,6724504813088,998723
9447,6724504814977,6724505811718,996741
9448,6724505814737,6724506813404,998667
9449,6724506814663,6724507811201,996538
9450,6724507814775,6724508814424,999649
9451,6724508815257,6724509810073,994816
9452,6724509813795,6724510810722,996927
9453,6724510814629,6724511809834,995205
9454,6724511813797,6724512813612,999815
9455,6724512814390,6724513810391,996001
9456,6724513813372,6724514810225,996853
9457,6724514813910,6724515811763,997853
9458,6724515814281,6724516811060,996779
9459,6724516814282,6724517812690,998408
9460,6724517814338,6724518809135,994797
9461,6724518812857,6724519809525,996668
9462,6724519813191,6724520807414,994223
9463,6724520811507,6724521809471,997964
9464,6724521812397,6724522807638,995241
9465,6724522811268,6724523807657,996389
9466,6724523811472,6724524807806,996334
9467,6724524812047,6724525809529,997482
9468,6724525813492,6724526808826,995334
9469,6724526812419,6724527811568,999149
9470,6724527813679,6724528813679,1000000
9471,6724528813494,6724529809291,995797
9472,6724529812754,6724530812699,999945
9473,6724530814033,6724531810867,996834
9474,6724531813515,6724532809793,996278
9475,6724532813330,6724533810109,996779
9476,6724533813313,6724534811054,997741
9477,6724534813295,6724535808018,994723
9478,6724535811573,6724536807741,996168
9479,6724536811945,6724537806353,994408
9480,6724537810501,6724538807742,997241
9481,6724538811668,6724539809428,997760
9482,6724539812984,6724540816447,1003463
9483,6724540800281,6724541807281,1007000
9484,6724541811189,6724542808430,997241
9485,6724542812301,6724543809524,997223
9486,6724543812764,6724544812450,999686
9487,6724544813265,6724545811062,997797
9488,6724545812710,6724546808341,995631
9489,6724546811859,6724547808564,996705
9490,6724547811915,6724548807583,995668
9491,6724548811750,6724549811917,1000167
9492,6724549812213,6724550807140,994927
9493,6724550811140,6724551807992,996852
9494,6724551811363,6724552810049,998686
9495,6724552812271,6724553809309,997038
9496,6724553812179,6724554809328,997149
9497,6724554812069,6724555808403,996334
9498,6724555812106,6724556808626,996520
9499,6724556812070,6724557808163,996093
9500,6724557811552,6724558806998,995446
9501,6724558811090,6724559806276,995186
9502,6724559808091,6724560806906,998815
9503,6724560810277,6724561810555,1000278
9504,6724561811944,6724562806334,994390
9505,6724562809797,6724563805001,995204
9506,6724563808779,6724564802743,993964
9507,6724564806428,6724565801447,995019
9508,6724565805040,6724566801207,996167
9509,6724566805114,6724567801115,996001
9510,6724567804949,6724568802023,997074
9511,6724568806283,6724569799246,992963
9512,6724569803339,6724570801488,998149
9513,6724570805321,6724571801970,996649
9514,6724571805988,6724572802619,996631
9515,6724572806915,6724573802082,995167
9516,6724573805508,6724574800935,995427
9517,6724574804176,6724575797677,993501
9518,6724575801232,6724576796974,995742
9519,6724576800733,6724577795567,994834
9520,6724577798937,6724578795531,996594
9521,6724578799364,6724579793402,994038
9522,6724579796994,6724580792514,995520
9523,6724580796439,6724581794533,998094
9524,6724581798422,6724582794274,995852
9525,6724582797978,6724583794034,996056
9526,6724583798053,6724584791887,993834
9527,6724584795961,6724585791832,995871
9528,6724585795554,6724586791203,995649
9529,6724586794944,6724587793037,998093
9530,6724587795315,6724588791371,996056
9531,6724588795205,6724589792946,997741
9532,6724589796983,6724590794095,997112
9533,6724590797317,6724591794873,997556
9534,6724591797318,6724592775893,978575
9535,6724592791911,6724593758819,966908
9536,6724593796949,6724594763709,966760
9537,6724594791690,6724595758506,966816
9538,6724595796802,6724596763155,966353
9539,6724596791581,6724597758341,966760
9540,6724597796711,6724598763304,966593
9541,6724598791453,6724599758064,966611
9542,6724599796583,6724600763343,966760
9543,6724600791343,6724601759177,967834
9544,6724601796529,6724602763067,966538
9545,6724602791233,6724603757678,966445
9546,6724603796345,6724604749864,953519
9547,6724604796290,6724605763384,967094
9548,6724605791050,6724606758032,966982
9549,6724606796181,6724607762681,966500
9550,6724607790922,6724608757701,966779
9551,6724608796052,6724609762738,966686
9552,6724609790831,6724610757276,966445
9553,6724610795943,6724611763221,967278
9554,6724611790721,6724612756500,965779
9555,6724612795833,6724613762352,966519
9556,6724613790593,6724614756964,966371
9557,6724614795705,6724615762317,966612
9558,6724615790446,6724616756540,966094
9559,6724616795595,6724617762151,966556
9560,6724617790355,6724618756541,966186
9561,6724618795504,6724619762060,966556
9562,6724619790246,6724620756709,966463
9563,6724620795376,6724621762099,966723
9564,6724621790154,6724622756470,966316
9565,6724622795248,6724623761378,966130
9566,6724623790026,6724624756434,966408
9567,6724624795138,6724625761454,966316
9568,6724625789898,6724626756343,966445
9569,6724626795010,6724627761585,966575
9570,6724627789788,6724628755771,965983
9571,6724628794919,6724629761623,966704
9572,6724629789679,6724630756272,966593
9573,6724630794772,6724631762495,967723
9574,6724631789551,6724632755959,966408
9575,6724632794681,6724633760015,965334
9576,6724633789441,6724634755849,966408
9577,6724634794534,6724635759276,964742
9578,6724635789350,6724636755462,966112
9579,6724636794462,6724637759870,965408
9580,6724637789203,6724638755963,966760
9581,6724638794352,6724639759649,965297
9582,6724639789075,6724640755057,965982
9583,6724640794224,6724641760521,966297
9584,6724641789002,6724642755744,966742
9585,6724642794077,6724643759596,965519
9586,6724643788856,6724644755079,966223
9587,6724644793967,6724645759153,965186
9588,6724645788764,6724646754765,966001
9589,6724646793858,6724647759136,965278
9590,6724647788618,6724648755211,966593
9591,6724648793785,6724649760249,966464
9592,6724649788527,6724650754916,966389
9593,6724650793620,6724651759769,966149
9594,6724651788380,6724652755010,966630
9595,6724652793492,6724653758604,965112
9596,6724653788270,6724654754475,966205
9597,6724654793419,6724655758587,965168
9598,6724655788161,6724656754809,966648
9599,6724656793309,6724657758218,964909
9600,6724657788069,6724658754626,966557
9601,6724658793163,6724659758626,965463
9602,6724659787904,6724660754294,966390
9603,6724660793072,6724661758443,965371
9604,6724661787832,6724662754258,966426
9605,6724662792925,6724663758389,965464
9606,6724663787685,6724664754000,966315
9607,6724664792852,6724665757983,965131
9608,6724665787594,6724666754113,966519
9609,6724666792706,6724667758040,965334
9610,6724667787466,6724668753522,966056
9611,6724668792596,6724669757800,965204
9612,6724669787375,6724670753709,966334
9613,6724670792486,6724671757839,965353
9614,6724671787228,6724672753377,966149
9615,6724672792395,6724673757526,965131
9616,6724673787137,6724674753600,966463
9617,6724674792267,6724675758897,966630
9618,6724675786990,6724676753157,966167
9619,6724676792157,6724677757436,965279
9620,6724677786917,6724678753066,966149
9621,6724678792029,6724679757308,965279
9622,6724679786771,6724680753197,966426
9623,6724680791938,6724681756883,964945
9624,6724681786680,6724682753439,966759
9625,6724682791810,6724683757311,965501
9626,6724683786570,6724684752737,966167
9627,6724684791700,6724685758442,966742
9628,6724685786460,6724686752905,966445
9629,6724686791535,6724687756813,965278
9630,6724687786295,6724688751944,965649
9631,6724688791462,6724689756389,964927
9632,6724689786222,6724690752575,966353
9633,6724690791390,6724691756446,965056
9634,6724691786076,6724692752225,966149
9635,6724692791225,6724693756466,965241
9636,6724693785985,6724694752411,966426
9637,6724694791115,6724695756430,965315
9638,6724695785875,6724696752190,966315
9639,6724696790987,6724697756210,965223
9640,6724697785747,6724698752192,966445
9641,6724698790859,6724699756156,965297
9642,6724699785619,6724700752230,966611
9643,6724700790767,6724701756176,965409
9644,6724701785509,6724702751361,965852
9645,6724702790658,6724703755547,964889
9646,6724703785399,6724704751715,966316
9647,6724704790548,6724705755678,965130
9648,6724705785290,6724706751605,966315
9649,6724706790420,6724707755772,965352
9650,6724707785180,6724708751625,966445
9651,6724708790310,6724709756737,966427
9652,6724709785033,6724710751571,966538
9653,6724710790164,6724711756738,966574
9654,6724711784942,6724712752239,967297
9655,6724712790054,6724713757203,967149
9656,6724713784814,6724714751981,967167
9657,6724714789944,6724715756389,966445
9658,6724715784704,6724716750760,966056
9659,6724716789853,6724717756317,966464
9660,6724717784595,6724718751225,966630
9661,6724718789706,6724719756170,966464
9662,6724719784466,6724720751837,967371
9663,6724720789634,6724721755912,966278
9664,6724721784375,6724722752080,967705
9665,6724722789506,6724723756006,966500
9666,6724723784247,6724724750563,966316
9667,6724724789414,6724725755674,966260
9668,6724725784156,6724726750453,966297
9669,6724726789249,6724727755731,966482
9670,6724727784028,6724728750454,966426
9671,6724728789158,6724729755603,966445
9672,6724729783918,6724730750308,966390
9673,6724730789030,6724731755420,966390
9674,6724731783790,6724732751309,967519
9675,6724732788957,6724733754236,965279
9676,6724733783662,6724734750088,966426
9677,6724734788774,6724735755145,966371
9678,6724735783552,6724736749664,966112
9679,6724736788720,6724737755091,966371
9680,6724737783461,6724738749665,966204
9681,6724738788591,6724739755074,966483
9682,6724739783314,6724740772037,988723
9683,6724740783871,6724741779723,995852
9684,6724741783705,6724742781039,997334
9685,6724742784668,6724743781169,996501
9686,6724743784817,6724744780096,995279
9687,6724744783892,6724745781485,997593
9688,6724745784800,6724746781153,996353
9689,6724746784930,6724747782450,997520
9690,6724747786302,6724748785043,998741
9691,6724748789228,6724749782822,993594
9692,6724749786729,6724750788841,1002112
9693,6724750792433,6724751789990,997557
9694,6724751793434,6724752790342,996908
9695,6724752794250,6724753792158,997908
9696,6724753796047,6724754793677,997630
9697,6724754797659,6724755795270,997611
9698,6724755799363,6724756796030,996667
9699,6724756800567,6724757797272,996705
9700,6724757800494,6724758795421,994927
9701,6724758798791,6724759796051,997260
9702,6724759799866,6724760796774,996908
9703,6724760800385,6724761797478,997093
9704,6724761800275,6724762797590,997315
9705,6724762800127,6724763798406,998279
9706,6724763800017,6724764794721,994704
9707,6724764798444,6724765799611,1001167
9708,6724765800852,6724766797260,996408
9709,6724766799667,6724767793575,993908
9710,6724767797075,6724768797187,1000112
9711,6724768799891,6724769797132,997241
9712,6724769799484,6724770794652,995168
9713,6724770798448,6724771795078,996630
9714,6724771798745,6724772794616,995871
9715,6724772798690,6724773796080,997390
9716,6724773799580,6724774797229,997649
9717,6724774799580,6724775796692,997112
9718,6724775799433,6724776794008,994575
9719,6724776797767,6724777794323,996556
9720,6724777798323,6724778795361,997038
9721,6724778799361,6724779796343,996982
9722,6724779799140,6724780795363,996223
9723,6724780799289,6724781796956,997667
9724,6724781799252,6724782793994,994742
9725,6724782797975,6724783795476,997501
9726,6724783798939,6724784802254,1003315
9727,6724784786217,6724785790644,1004427
9728,6724785794533,6724786792311,997778
9729,6724786796237,6724787793331,997094
9730,6724787797460,6724788794831,997371
9731,6724788798702,6724789792980,994278
9732,6724789796573,6724790793240,996667
9733,6724790797092,6724791794352,997260
9734,6724791798371,6724792799186,1000815
9735,6724792798279,6724793793872,995593
9736,6724793797576,6724794802428,1004852
9737,6724794786076,6724795787429,1001353
9738,6724795792596,6724796771152,978556
9739,6724796780189,6724797758097,977908
9740,6724797780134,6724798757005,976871
9741,6724798780079,6724799757784,977705
9742,6724799780006,6724800757729,977723
9743,6724800780451,6724801758896,978445
9744,6724801779767,6724802757416,977649
9745,6724802779842,6724803758046,978204
9746,6724803779861,6724804754880,975019
9747,6724804779732,6724805757381,977649
9748,6724805779825,6724806758900,979075
9749,6724806779622,6724807756586,976964
9750,6724807779271,6724808753642,974371
9751,6724808779550,6724809757050,977500
9752,6724809779698,6724810756644,976946
9753,6724810779329,6724811757755,978426
9754,6724811779033,6724812752553,973520
9755,6724812779256,6724813755683,976427
9756,6724813779350,6724814747295,967945
9757,6724814785221,6724815749629,964408
9758,6724815778981,6724816744092,965111
9759,6724816783944,6724817748667,964723
9760,6724817778834,6724818744205,965371
9761,6724818784001,6724819747909,963908
9762,6724819778687,6724820745688,967001
9763,6724820783818,6724821750522,966704
9764,6724821778633,6724822746634,968001
9765,6724822784208,6724823749561,965353
9766,6724823778523,6724824743895,965372
9767,6724824783635,6724825748932,965297
9768,6724825778358,6724826745007,966649
9769,6724826783618,6724827750323,966705
9770,6724827778341,6724828743027,964686
9771,6724828783453,6724829748528,965075
9772,6724829777954,6724830742843,964889
9773,6724830783232,6724831749900,966668
9774,6724831778066,6724832742011,963945
9775,6724832783030,6724833748123,965093
9776,6724833777938,6724834743272,965334
9777,6724834782883,6724835746606,963723
9778,6724835784625,6724836750533,965908
9779,6724836777718,6724837745663,967945
9780,6724837783700,6724838750257,966557
9781,6724838777683,6724839743702,966019
9782,6724839782794,6724840749017,966223
9783,6724840777536,6724841743925,966389
9784,6724841782703,6724842748667,965964
9785,6724842777463,6724843742112,964649
9786,6724843782520,6724844747039,964519
9787,6724844777150,6724845743669,966519
9788,6724845782410,6724846746985,964575
9789,6724846776985,6724847742245,965260
9790,6724847782300,6724848748653,966353
9791,6724848777060,6724849742172,965112
9792,6724849782228,6724850746562,964334
9793,6724850776913,6724851743655,966742
9794,6724851782136,6724852749822,967686
9795,6724852776822,6724853744193,967371
9796,6724853782064,6724854746972,964908
9797,6724854776824,6724855741491,964667
9798,6724855781676,6724856745844,964168
9799,6724856776585,6724857742548,965963
9800,6724857781845,6724858747808,965963
9801,6724858776475,6724859743179,966704
9802,6724859781846,6724860748236,966390
9803,6724860776328,6724861742884,966556
9804,6724861781496,6724862749756,968260
9805,6724862776274,6724863744441,968167
9806,6724863782219,6724864746998,964779
9807,6724864775979,6724865740647,964668
9808,6724865781184,6724866747703,966519
9809,6724866775851,6724867740592,964741
9810,6724867781055,6724868747260,966205
9811,6724868776019,6724869741538,965519
9812,6724869781038,6724870746058,965020
9813,6724870775798,6724871744595,968797
9814,6724871782484,6724872748818,966334
9815,6724872775670,6724873742912,967242
9816,6724873780912,6724874747190,966278
9817,6724874775561,6724875741228,965667
9818,6724875780709,6724876748543,967834
9819,6724876775469,6724877742692,967223
9820,6724877780785,6724878747008,966223
9821,6724878775934,6724879742749,966815
9822,6724879780601,6724880744491,963890
9823,6724880775324,6724881740751,965427
9824,6724881780177,6724882744511,964334
9825,6724882775085,6724883739715,964630
9826,6724883780289,6724884744031,963742
9827,6724884774938,6724885741198,966260
9828,6724885780161,6724886746143,965982
9829,6724886774977,6724887742663,967686
9830,6724887780181,6724888749237,969056
9831,6724888774737,6724889743757,969020
9832,6724889781423,6724890746998,965575
9833,6724890774609,6724891742703,968094
9834,6724891780703,6724892748685,967982
9835,6724892774555,6724893741519,966964
9836,6724893779648,6724894746205,966557
9837,6724894774427,6724895741317,966890
9838,6724895779520,6724896769799,990279
9839,6724896774854,6724897771522,996668
9840,6724897775355,6724898772634,997279
9841,6724898775467,6724899772079,996612
9842,6724899775894,6724900773691,997797
9843,6724900776802,6724901774358,997556
9844,6724901778358,6724902776285,997927
9845,6724902780192,6724903776989,996797
9846,6724903781100,6724904778360,997260
9847,6724904782064,6724905779139,997075
9848,6724905783046,6724906779880,996834
9849,6724906784380,6724907782214,997834
9850,6724907786140,6724908783233,997093
9851,6724908787530,6724909785605,998075
9852,6724909789549,6724910786402,996853
9853,6724910790457,6724911787662,997205
9854,6724911791643,6724912789662,998019
9855,6724912791625,6724913785941,994316
9856,6724913789385,6724914785460,996075
9857,6724914789219,6724915783127,993908
9858,6724915786572,6724916782147,995575
9859,6724916786147,6724917783258,997111
9860,6724917787129,6724918784241,997112
9861,6724918788185,6724919785186,997001
9862,6724919789019,6724920786335,997316
9863,6724920790501,6724921787021,996520
9864,6724921791058,6724922790429,999371
9865,6724922790836,6724923786411,995575
9866,6724923788874,6724924784375,995501
9867,6724924788338,6724925783672,995334
9868,6724925787653,6724926784895,997242
9869,6724926789024,6724927784747,995723
9870,6724927788951,6724928785711,996760
9871,6724928790155,6724929786804,996649
9872,6724929790601,6724930786527,995926
9873,6724930790361,6724931787102,996741
9874,6724931790417,6724932787936,997519
9875,6724932790436,6724933786603,996167
9876,6724933790307,6724934786660,996353
9877,6724934790363,6724935787568,997205
9878,6724935790179,6724936784513,994334
9879,6724936788402,6724937784403,996001
9880,6724937788217,6724938785218,997001
9881,6724938789422,6724939786571,997149
9882,6724939790256,6724940787386,997130
9883,6724940790016,6724941786887,996871
9884,6724941789924,6724942786054,996130
9885,6724942789536,6724943785814,996278
9886,6724943789629,6724944784000,994371
9887,6724944787797,6724945784020,996223
9888,6724945787853,6724946784483,996630
9889,6724946788539,6724947785521,996982
9890,6724947789540,6724948787040,997500
9891,6724948789374,6724949786263,996889
9892,6724949789374,6724950784079,994705
9893,6724950787412,6724951783154,995742
9894,6724951787024,6724952784321,997297
9895,6724952788488,6724953785322,996834
9896,6724953789192,6724954785674,996482
9897,6724954789082,6724955785860,996778
9898,6724955788990,6724956784213,995223
9899,6724956788528,6724957785121,996593
9900,6724957789047,6724958785659,996612
9901,6724958788862,6724959785530,996668
9902,6724959788771,6724960783456,994685
9903,6724960787031,6724961783513,996482
9904,6724961787161,6724962785458,998297
9905,6724962788625,6724963784922,996297
9906,6724963788625,6724964784941,996316
9907,6724964788607,6724965785682,997075
9908,6724965788460,6724966785590,997130
9909,6724966788498,6724967785536,997038
9910,6724967788369,6724968782759,994390
9911,6724968786536,6724969782537,996001
9912,6724969786370,6724970784390,998020
9913,6724970788186,6724971785335,997149
9914,6724971788094,6724972787891,999797
9915,6724972787798,6724973783114,995316
9916,6724973786355,6724974782430,996075
9917,6724974786096,6724975782504,996408
9918,6724975786615,6724976782727,996112
9919,6724976787098,6724977782728,995630
9920,6724977787043,6724978784544,997501
9921,6724978787692,6724979784841,997149
9922,6724979787618,6724980784341,996723
9923,6724980787527,6724981785601,998074
9924,6724981787546,6724982785787,998241
9925,6724982787417,6724983783455,996038
9926,6724983786621,6724984784733,998112
9927,6724984787437,6724985783752,996315
9928,6724985787271,6724986783623,996352
9929,6724986787401,6724987784346,996945
9930,6724987787606,6724988784514,996908
9931,6724988787106,6724989784755,997649
9932,6724989786940,6724990784312,997372
9933,6724990787015,6724991784979,997964
9934,6724991787127,6724992785220,998093
9935,6724992786980,6724993784258,997278
9936,6724993786925,6724994784537,997612
9937,6724994786852,6724995782537,995685
9938,6724995785537,6724996781964,996427
9939,6724996786316,6724997787243,1000927
9940,6724997787335,6724998785299,997964
9941,6724998786503,6724999782355,995852
9942,6724999786170,6725000782837,996667
9943,6725000786578,6725001784245,997667
9944,6725001786431,6725002784820,998389
9945,6725002786543,6725003783488,996945
9946,6725003786340,6725004785785,999445
9947,6725004786322,6725005781360,995038
9948,6725005784656,6725006781138,996482
9949,6725006785138,6725007782268,997130
9950,6725007786065,6725008764084,978019
9951,6725008769010,6725009736622,967612
9952,6725009773048,6725010741122,968074
9953,6725010767771,6725011735234,967463
9954,6725011772919,6725012741605,968686
9955,6725012767716,6725013734754,967038
9956,6725013772773,6725014740218,967445
9957,6725014767551,6725015734941,967390
9958,6725015772700,6725016739793,967093
9959,6725016767460,6725017734368,966908
9960,6725017772553,6725018739776,967223
9961,6725018767425,6725019734647,967222
9962,6725019772462,6725020739407,966945
9963,6725020767222,6725021734612,967390
9964,6725021772334,6725022739446,967112
9965,6725022767094,6725023734132,967038
9966,6725023772187,6725024738855,966668
9967,6725024766984,6725025733837,966853
9968,6725025772078,6725026739375,967297
9969,6725026766838,6725027733561,966723
9970,6725027771950,6725028738413,966463
9971,6725028766765,6725029734044,967279
9972,6725029771858,6725030739174,967316
9973,6725030766618,6725031733601,966983
9974,6725031771730,6725032739620,967890
9975,6725032766546,6725033733491,966945
9976,6725033771658,6725034738547,966889
9977,6725034766381,6725035733400,967019
9978,6725035771511,6725036739901,968390
9979,6725036766289,6725037734586,968297
9980,6725037771401,6725038738383,966982
9981,6725038766161,6725039733218,967057
9982,6725039771310,6725040738255,966945
9983,6725040766070,6725041733238,967168
9984,6725041771182,6725042739294,968112
9985,6725042765923,6725043732739,966816
9986,6725043771091,6725044738073,966982
9987,6725044765869,6725045732814,966945
9988,6725045770944,6725046737760,966816
9989,6725046765704,6725047732779,967075
9990,6725047770834,6725048737761,966927
9991,6725048765650,6725049732743,967093
9992,6725049770725,6725050737614,966889
9993,6725050765503,6725051732560,967057
9994,6725051770615,6725052740394,969779
9995,6725052765394,6725053732320,966926
9996,6725053770524,6725054737599,967075
9997,6725054765303,6725055732507,967204
9998,6725055770396,6725056738304,967908
9999,6725056765211,6725057732712,967501
10000,6725057770305,6725058737565,967260
10001,6725058765046,6725059734028,968982
10002,6725059770177,6725060737066,966889
10003,6725060764937,6725061732122,967185
10004,6725061770067,6725062740068,970001
10005,6725062764827,6725063731939,967112
10006,6725063769939,6725064738088,968149
10007,6725064764754,6725065731440,966686
10008,6725065769699,6725066736867,967168
10009,6725066764626,6725067731516,966890
10010,6725067769738,6725068736776,967038
10011,6725068764479,6725069731239,966760
10012,6725069769684,6725070736592,966908
10013,6725070764351,6725071731019,966668
10014,6725071769500,6725072737130,967630
10015,6725072764297,6725073731001,966704
10016,6725073769372,6725074736206,966834
10017,6725074764169,6725075731040,966871
10018,6725075769318,6725076737059,967741
10019,6725076764022,6725077730597,966575
10020,6725077769134,6725078735838,966704
10021,6725078763894,6725079730580,966686
10022,6725079769043,6725080736081,967038
10023,6725080763673,6725081730118,966445
10024,6725081768933,6725082736656,967723
10025,6725082763656,6725083730268,966612
10026,6725083768675,6725084735139,966464
10027,6725084763584,6725085730325,966741
10028,6725085768695,6725086735529,966834
10029,6725086763455,6725087730308,966853
10030,6725087768604,6725088734716,966112
10031,6725088763327,6725089730050,966723
10032,6725089768458,6725090735032,966574
10033,6725090763199,6725091730015,966816
10034,6725091768366,6725092734349,965983
10035,6725092763145,6725093729331,966186
10036,6725093768257,6725094734517,966260
10037,6725094762980,6725095729443,966463
10038,6725095768110,6725096734592,966482
10039,6725096762889,6725097729741,966852
10040,6725097768019,6725098734649,966630
10041,6725098762760,6725099729132,966372
10042,6725099767909,6725100734743,966834
10043,6725100762651,6725101728874,966223
10044,6725101767781,6725102735300,967519
10045,6725102762541,6725103729116,966575
10046,6725103767671,6725104734506,966835
10047,6725104762431,6725105729173,966742
10048,6725105767562,6725106734303,966741
10049,6725106762322,6725107728897,966575
10050,6725107767434,6725108734583,967149
10051,6725108762194,6725109729065,966871
10052,6725109767343,6725110733936,966593
10053,6725110762065,6725111728881,966816
10054,6725111767233,6725112735734,968501
10055,6725112761993,6725113728845,966852
10056,6725113767086,6725114733772,966686
10057,6725114761883,6725115728217,966334
10058,6725115766995,6725116763366,996371
10059,6725116767885,6725117765885,998000
10060,6725117769219,6725118765275,996056
10061,6725118769108,6725119765239,996131
10062,6725119768776,6725120764554,995778
10063,6725120768610,6725121764833,996223
10064,6725121768740,6725122769945,1001205
10065,6725122772778,6725123766297,993519
10066,6725123770371,6725124767946,997575
10067,6725124772094,6725125770317,998223
10068,6725125774225,6725126767873,993648
10069,6725126771596,6725127769874,998278
10070,6725127773837,6725128770727,996890
10071,6725128774134,6725129770616,996482
10072,6725129774246,6725130769543,995297
10073,6725130773265,6725131770710,997445
10074,6725131774044,6725132772952,998908
10075,6725132776081,6725133773138,997057
10076,6725133776860,6725134773083,996223
10077,6725134776787,6725135773361,996574
10078,6725135777176,6725136774658,997482
10079,6725136778473,6725137775270,996797
10080,6725137778715,6725138775215,996500
10081,6725138778623,6725139775290,996667
10082,6725139778531,6725140777013,998482
10083,6725140778624,6725141771532,992908
10084,6725141775440,6725142772996,997556
10085,6725142776515,6725143772238,995723
10086,6725143776293,6725144776405,1000112
10087,6725144778368,6725145773850,995482
10088,6725145777332,6725146775703,998371
10089,6725146777981,6725147773870,995889
10090,6725147777259,6725148773945,996686
10091,6725148778001,6725149775760,997759
10092,6725149778075,6725150774372,996297
10093,6725150777798,6725151774873,997075
10094,6725151777817,6725152774892,997075
10095,6725152777522,6725153774300,996778
10096,6725153777708,6725154775523,997815
10097,6725154777746,6725155775765,998019
10098,6725155777635,6725156773414,995779
10099,6725156777173,6725157774433,997260
10100,6725157777396,6725158772934,995538
10101,6725158776415,6725159772731,996316
10102,6725159776657,6725160775102,998445
10103,6725160777398,6725161776899,999501
10104,6725161777177,6725162774826,997649
10105,6725162776900,6725163773215,996315
10106,6725163777104,6725164773049,995945
10107,6725164776901,6725165773791,996890
10108,6725165776939,6725166775477,998538
10109,6725166777051,6725167773811,996760
10110,6725167776866,6725168773552,996686
10111,6725168776941,6725169771905,994964
10112,6725169775460,6725170772220,996760
10113,6725170776091,6725171774980,998889
10114,6725171776628,6725172772518,995890
10115,6725172776111,6725173771722,995611
10116,6725173775537,6725174774464,998927
10117,6725174776464,6725175773224,996760
10118,6725175776465,6725176772688,996223
10119,6725176776169,6725177771485,995316
10120,6725177775188,6725178773522,998334
10121,6725178776356,6725179772079,995723
10122,6725179775560,6725180769950,994390
10123,6725180773876,6725181770432,996556
10124,6725181774247,6725182770377,996130
10125,6725182773396,6725183769915,996519
10126,6725183773563,6725184770564,997001
10127,6725184774397,6725185771083,996686
10128,6725185774861,6725186771750,996889
10129,6725186775787,6725187771603,995816
10130,6725187775566,6725188772918,997352
10131,6725188775696,6725189769864,994168
10132,6725189773438,6725190769994,996556
10133,6725190773401,6725191769661,996260
10134,6725191773421,6725192774699,1001278
10135,6725192775273,6725193774255,998982
10136,6725193775404,6725194773627,998223
10137,6725194775108,6725195771609,996501
10138,6725195775109,6725196771776,996667
10139,6725196775202,6725197771295,996093
10140,6725197774555,6725198770889,996334
10141,6725198774741,6725199773741,999000
10142,6725199774815,6725200771390,996575
10143,6725200774872,6725201771021,996149
10144,6725201775039,6725202772799,997760
10145,6725202775225,6725203771170,995945
10146,6725203774503,6725204771412,996909
10147,6725204774708,6725205771023,996315
10148,6725205774357,6725206770728,996371
10149,6725206774672,6725207770136,995464
10150,6725207773562,6725208770822,997260
10151,6725208774544,6725209770137,995593
10152,6725209773656,6725210770360,996704
10153,6725210773823,6725211772102,998279
10154,6725211774398,6725212769732,995334
10155,6725212774084,6725213773918,999834
10156,6725213774326,6725214774215,999889
10157,6725214774660,6725215772346,997686
10158,6725215774105,6725216769105,995000
10159,6725216772920,6725217768995,996075
10160,6725217772773,6725218773477,1000704
10161,6725218773811,6725219772626,998815
10162,6725219774034,6725220769627,995593
10163,6725220773238,6725221769017,995779
10164,6725221772776,6725222767332,994556
10165,6725222769888,6725223768129,998241
10166,6725223771833,6725224767500,995667
10167,6725224771204,6725225768223,997019
10168,6725225772001,6725226767446,995445
10169,6725226770983,6725227767447,996464
10170,6725227771002,6725228767540,996538
10171,6725228771466,6725229767485,996019
10172,6725229771430,6725230767060,995630
10173,6725230770708,6725231766857,996149
10174,6725231770672,6725232767043,996371
10175,6725232770802,6725233769451,998649
10176,6725233772970,6725234769267,996297
10177,6725234773119,6725235770619,997500
10178,6725235773193,6725236767824,994631
10179,6725236771676,6725237767750,996074
10180,6725237771195,6725238767770,996575
10181,6725238771510,6725239770530,999020
10182,6725239772733,6725240769030,996297
10183,6725240772716,6725241770531,997815
10184,6725241772772,6725242766254,993482
10185,6725242770180,6725243766218,996038
10186,6725243769792,6725244765607,995815
10187,6725244769570,6725245768367,998797
10188,6725245772701,6725246770979,998278
10189,6725246772442,6725247765480,993038
10190,6725247769387,6725248764314,994927
10191,6725248767851,6725249768055,1000204
10192,6725249770222,6725250766871,996649
10193,6725250770686,6725251766279,995593
10194,6725251769983,6725252765484,995501
10195,6725252769909,6725253770151,1000242
10196,6725253772040,6725254770115,998075
10197,6725254771948,6725255767171,995223
10198,6725255770745,6725256766542,995797
10199,6725256770783,6725257766006,995223
10200,6725257769339,6725258765025,995686
10201,6725258768969,6725259767637,998668
10202,6725259771359,6725260749693,978334
10203,6725260754545,6725261721916,967371
10204,6725261758620,6725262725120,966500
10205,6725262753324,6725263721806,968482
10206,6725263758473,6725264728196,969723
10207,6725264753270,6725265720289,967019
10208,6725265758382,6725266725512,967130
10209,6725266753123,6725267720346,967223
10210,6725267758254,6725268726958,968704
10211,6725268753014,6725269720125,967111
10212,6725269758125,6725270725015,966890
10213,6725270752923,6725271719608,966685
10214,6725271757997,6725272726554,968557
10215,6725272752776,6725273721406,968630
10216,6725273757943,6725274725166,967223
10217,6725274752648,6725275719778,967130
10218,6725275757797,6725276727594,969797
10219,6725276752594,6725277720335,967741
10220,6725277757687,6725278725243,967556
10221,6725278752447,6725279719633,967186
10222,6725279757559,6725280726633,969074
10223,6725280752319,6725281719245,966926
10224,6725281757486,6725282724431,966945
10225,6725282752190,6725283719932,967742
10226,6725283757376,6725284725692,968316
10227,6725284752081,6725285719433,967352
10228,6725285757211,6725286724082,966871
10229,6725286751990,6725287719120,967130
10230,6725287757083,6725288726047,968964
10231,6725288751899,6725289718955,967056
10232,6725289757010,6725290724085,967075
10233,6725290751733,6725291718901,967168
10234,6725291756864,6725292725920,969056
10235,6725292751642,6725293718736,967094
10236,6725293756754,6725294723884,967130
10237,6725294751496,6725295718718,967222
10238,6725295756626,6725296725386,968760
10239,6725296751404,6725297718387,966983
10240,6725297756535,6725298723480,966945
10241,6725298751313,6725299718277,966964
10242,6725299756425,6725300729815,973390
10243,6725300751185,6725301718315,967130
10244,6725301756297,6725302723112,966815
10245,6725302751075,6725303719558,968483
10246,6725303756150,6725304724169,968019
10247,6725304751003,6725305718152,967149
10248,6725305756096,6725306723208,967112
10249,6725306750856,6725307717894,967038
10250,6725307755986,6725308726635,970649
10251,6725308750746,6725309718155,967409
10252,6725309755858,6725310723063,967205
10253,6725310750618,6725311717841,967223
10254,6725311755712,6725312725546,969834
10255,6725312750509,6725313720065,969556
10256,6725313755639,6725314723825,968186
10257,6725314750417,6725315717474,967057
10258,6725315755492,6725316723456,967964
10259,6725316750308,6725317717512,967204
10260,6725317755401,6725318722735,967334
10261,6725318750180,6725319717236,967056
10262,6725319755273,6725320723218,967945
10263,6725320750051,6725321717293,967242
10264,6725321755145,6725322722460,967315
10265,6725322749942,6725323717905,967963
10266,6725323755035,6725324724221,969186
10267,6725324749795,6725325716851,967056
10268,6725325754944,6725326722926,967982
10269,6725326749685,6725327716649,966964
10270,6725327754779,6725328723742,968963
10271,6725328749576,6725329716836,967260
10272,6725329754706,6725330722040,967334
10273,6725330749448,6725331716708,967260
10274,6725331754596,6725332724079,969483
10275,6725332749338,6725333717265,967927
10276,6725333754431,6725334721525,967094
10277,6725334749247,6725335716081,966834
10278,6725335754340,6725336722304,967964
10279,6725336749100,6725337715805,966705
10280,6725337754230,6725338721213,966983
10281,6725338748972,6725339716065,967093
10282,6725339754084,6725340720584,966500
10283,6725340748844,6725341716122,967278
10284,6725341753974,6725342721549,967575
10285,6725342748734,6725343716494,967760
10286,6725343753864,6725344721810,967946
10287,6725344748624,6725345715310,966686
10288,6725345753773,6725346721015,967242
10289,6725346748515,6725347715404,966889
10290,6725347753608,6725348720516,966908
10291,6725348748405,6725349715610,967205
10292,6725349753536,6725350720333,966797
10293,6725350748277,6725351715481,967204
10294,6725351753426,6725352720186,966760
10295,6725352748186,6725353715594,967408
10296,6725353753335,6725354720650,967315
10297,6725354748058,6725355715021,966963
10298,6725355753188,6725356720041,966853
10299,6725356747967,6725357714764,966797
10300,6725357753060,6725358719894,966834
10301,6725358747857,6725359714987,967130
10302,6725359752969,6725360740303,987334
10303,6725360747969,6725361739544,991575
10304,6725361748026,6725362741378,993352
10305,6725362747878,6725363742398,994520
10306,6725363747879,6725364741232,993353
10307,6725364747898,6725365742269,994371
10308,6725365747936,6725366743622,995686
10309,6725366747863,6725367741697,993834
10310,6725367747845,6725368741531,993686
10311,6725368747735,6725369739717,991982
10312,6725369747643,6725370741847,994204
10313,6725370747643,6725371741718,994075
10314,6725371747737,6725372744904,997167
10315,6725372749163,6725373743516,994353
10316,6725373747405,6725374741794,994389
10317,6725374747387,6725375741703,994316
10318,6725375747406,6725376743592,996186
10319,6725376747888,6725377741000,993112
10320,6725377747185,6725378742131,994946
10321,6725378747168,6725379739483,992315
10322,6725379747039,6725380744114,997075
10323,6725380748521,6725381740911,992390
10324,6725381746948,6725382739004,992056
10325,6725382746930,6725383741949,995019
10326,6725383746894,6725384742005,995111
10327,6725384746746,6725385741562,994816
10328,6725385746710,6725386740433,993723
10329,6725386746655,6725387740730,994075
10330,6725387746637,6725388740805,994168
10331,6725388746545,6725389737250,990705
10332,6725389746657,6725390740528,993871
10333,6725390746473,6725391741159,994686
10334,6725391746455,6725392742456,996001
10335,6725392746733,6725393741234,994501
10336,6725393746216,6725394738235,992019
10337,6725394746365,6725395739717,993352
10338,6725395746217,6725396729588,983371
10339,6725396745940,6725397713644,967704
10340,6725397750848,6725398718164,967316
10341,6725398745627,6725399712924,967297
10342,6725399750720,6725400717443,966723
10343,6725400745443,6725401712462,967019
10344,6725401750573,6725402717759,967186
10345,6725402745333,6725403713427,968094
10346,6725403750445,6725404718946,968501
10347,6725404745224,6725405712465,967241
10348,6725405750373,6725406717947,967574
10349,6725406745132,6725407713096,967964
10350,6725407750226,6725408718319,968093
10351,6725408744967,6725409712449,967482
10352,6725409750116,6725410717302,967186
10353,6725410744858,6725411711544,966686
10354,6725411749988,6725412716804,966816
10355,6725412744748,6725413712989,968241
10356,6725413749897,6725414716786,966889
10357,6725414744657,6725415711843,967186
10358,6725415749750,6725416716677,966927
10359,6725416744547,6725417711640,967093
10360,6725417749659,6725418716641,966982
10361,6725418744419,6725419711697,967278
10362,6725419749494,6725420716532,967038
10363,6725420744309,6725421711236,966927
10364,6725421749458,6725422716311,966853
10365,6725422744181,6725423711756,967575
10366,6725423749349,6725424716034,966685
10367,6725424744072,6725425711313,967241
10368,6725425749202,6725426716240,967038
10369,6725426743943,6725427711277,967334
10370,6725427749055,6725428716260,967205
10371,6725428743834,6725429711445,967611
10372,6725429748964,6725430716409,967445
10373,6725430743705,6725431710614,966909
10374,6725431748854,6725432715781,966927
10375,6725432743651,6725433711689,968038
10376,6725433748726,6725434715968,967242
10377,6725434743486,6725435710505,967019
10378,6725435748617,6725436715339,966722
10379,6725436743395,6725437710636,967241
10380,6725437748544,6725438715285,966741
10381,6725438743248,6725439709953,966705
10382,6725439748397,6725440715361,966964
10383,6725440743157,6725441710176,967019
10384,6725441748288,6725442715288,967000
10385,6725442743029,6725443709993,966964
10386,6725443748141,6725444714827,966686
10387,6725444742938,6725445709735,966797
10388,6725445748087,6725446715032,966945
10389,6725446742810,6725447710125,967315
10390,6725447747959,6725448714385,966426
10391,6725448742700,6725449709590,966890
10392,6725449747830,6725450714979,967149
10393,6725450742590,6725451709869,967279
10394,6725451747702,6725452714462,966760
10395,6725452742462,6725453711018,968556
10396,6725453747630,6725454714297,966667
10397,6725454742353,6725455709538,967185
10398,6725455747464,6725456714595,967131
10399,6725456742243,6725457709392,967149
10400,6725457747392,6725458714541,967149
10401,6725458742133,6725459709227,967094
10402,6725459747227,6725460714301,967074
10403,6725460742024,6725461708395,966371
10404,6725461747154,6725462714173,967019
10405,6725462741877,6725463710415,968538
10406,6725463747044,6725464714045,967001
10407,6725464741804,6725465708935,967131
10408,6725465746916,6725466713880,966964
10409,6725466741658,6725467709010,967352
10410,6725467746788,6725468715196,968408
10411,6725468741566,6725469709678,968112
10412,6725469746678,6725470714031,967353
10413,6725470741438,6725471708846,967408
10414,6725471746569,6725472713514,966945
10415,6725472741329,6725473709237,967908
10416,6725473746459,6725474713515,967056
10417,6725474741200,6725475708127,966927
10418,6725475746294,6725476713517,967223
10419,6725476741109,6725477707925,966816
10420,6725477746240,6725478713370,967130
10421,6725478740981,6725479708223,967242
10422,6725479746093,6725480714242,968149
10423,6725480740760,6725481707724,966964
10424,6725481746002,6725482713465,967463
10425,6725482740743,6725483708170,967427
10426,6725483745855,6725484737097,991242
10427,6725484741245,6725485740301,999056
10428,6725485744357,6725486740394,996037
10429,6725486743524,6725487740062,996538
10430,6725487743951,6725488737803,993852
10431,6725488741822,6725489739804,997982
10432,6725489743785,6725490742194,998409
10433,6725490745712,6725491741454,995742
10434,6725491744639,6725492740139,995500
10435,6725492744584,6725493738511,993927
10436,6725493741048,6725494736122,995074
10437,6725494740530,6725495738975,998445
10438,6725495742697,6725496741087,998390
10439,6725496745402,6725497740976,995574
10440,6725497744310,6725498739792,995482
10441,6725498743718,6725499740626,996908
10442,6725499744070,6725500742479,998409
10443,6725500746608,6725501742998,996390
10444,6725501746868,6725502742776,995908
10445,6725502746165,6725503743055,996890
10446,6725503745666,6725504725352,979686
10447,6725504739648,6725505706871,967223
10448,6725505744667,6725506711631,966964
10449,6725506739427,6725507706447,967020
10450,6725507744558,6725508712892,968334
10451,6725508739299,6725509706967,967668
10452,6725509744411,6725510711301,966890
10453,6725510739153,6725511706227,967074
10454,6725511744301,6725512710969,966668
10455,6725512739080,6725513705581,966501
10456,6725513744155,6725514712618,968463
10457,6725514738952,6725515705693,966741
10458,6725515744064,6725516710824,966760
10459,6725516738805,6725517705750,966945
10460,6725517743935,6725518710418,966483
10461,6725518738658,6725519705548,966890
10462,6725519743807,6725520712067,968260
10463,6725520738567,6725521704883,966316
10464,6725521743698,6725522710458,966760
10465,6725522738476,6725523705347,966871
10466,6725523743588,6725524712070,968482
10467,6725524738366,6725525705645,967279
10468,6725525743478,6725526710386,966908
10469,6725526738220,6725527705146,966926
10470,6725527743350,6725528710406,967056
10471,6725528738129,6725529705000,966871
10472,6725529743240,6725530709741,966501
10473,6725530737963,6725531704279,966316
10474,6725531743149,6725532709372,966223
10475,6725532737891,6725533704725,966834
10476,6725533743021,6725534710281,967260
10477,6725534737763,6725535704671,966908
10478,6725535742874,6725536710690,967816
10479,6725536737671,6725537705524,967853
10480,6725537742783,6725538709191,966408
10481,6725538737525,6725539703840,966315
10482,6725539742674,6725540709230,966556
10483,6725540737434,6725541704175,966741
10484,6725541742545,6725542709287,966742
10485,6725542737287,6725543704010,966723
10486,6725543742417,6725544708751,966334
10487,6725544737177,6725545703752,966575
10488,6725545742308,6725546708938,966630
10489,6725546737068,6725547703735,966667
10490,6725547742179,6725548709458,967279
10491,6725548736976,6725549703607,966631
10492,6725549742088,6725550708237,966149
10493,6725550736811,6725551703571,966760
10494,6725551741979,6725552708498,966519
10495,6725552736739,6725553703554,966815
10496,6725553741850,6725554709740,967890
10497,6725554736610,6725555703426,966816
10498,6725555741704,6725556707945,966241
10499,6725556736501,6725557702501,966000
10500,6725557741650,6725558708150,966500
10501,6725558736391,6725559704447,968056
10502,6725559741521,6725560708152,966631
10503,6725560736263,6725561703004,966741
10504,6725561741393,6725562708468,967075
10505,6725562736135,6725563703543,967408
10506,6725563741265,6725564708784,967519
10507,6725564736062,6725565703044,966982
10508,6725565741155,6725566707915,966760
10509,6725566735915,6725567702527,966612
10510,6725567741027,6725568707861,966834
10511,6725568735806,6725569702584,966778
10512,6725569740955,6725570707770,966815
10513,6725570735696,6725571702252,966556
10514,6725571740827,6725572707327,966500
10515,6725572735587,6725573702180,966593
10516,6725573740717,6725574708181,967464
10517,6725574735458,6725575702311,966853
10518,6725575740570,6725576706663,966093
10519,6725576735349,6725577701942,966593
10520,6725577740479,6725578706813,966334
10521,6725578735221,6725579702055,966834
10522,6725579740388,6725580707148,966760
10523,6725580735129,6725581702056,966927
10524,6725581740241,6725582706816,966575
10525,6725582735020,6725583702094,967074
10526,6725583740113,6725584708058,967945
10527,6725584734892,6725585701559,966667
10528,6725585740022,6725586706800,966778
10529,6725586734763,6725587700986,966223
10530,6725587739931,6725588706357,966426
10531,6725588734672,6725589701506,966834
10532,6725589739784,6725590705748,965964
10533,6725590734600,6725591701137,966537
10534,6725591739693,6725592706175,966482
10535,6725592734508,6725593701287,966779
10536,6725593739565,6725594707399,967834
10537,6725594734325,6725595700659,966334
10538,6725595739455,6725596705882,966427
10539,6725596734215,6725597700475,966260
10540,6725597739364,6725598705976,966612
10541,6725598734087,6725599700662,966575
10542,6725599739217,6725600705644,966427
10543,6725600733996,6725601700700,966704
10544,6725601739108,6725602705886,966778
10545,6725602733868,6725603700590,966722
10546,6725603738998,6725604705925,966927
10547,6725604733739,6725605700592,966853
10548,6725605738870,6725606705704,966834
10549,6725606733630,6725607700390,966760
10550,6725607738742,6725608705890,967148
10551,6725608733520,6725609699724,966204
10552,6725609738650,6725610705336,966686
10553,6725610733410,6725611700207,966797
10554,6725611738522,6725612706356,967834
10555,6725612733338,6725613700413,967075
10556,6725613738413,6725614728413,990000
10557,6725614733599,6725615724914,991315
10558,6725615733710,6725616724156,990446
10559,6725616733470,6725617725434,991964
10560,6725617733545,6725618725472,991927
10561,6725618733435,6725619729047,995612
10562,6725619733324,6725620724158,990834
10563,6725620733251,6725621724492,991241
10564,6725621733104,6725622724549,991445
10565,6725622733197,6725623724920,991723
10566,6725623733124,6725624726809,993685
10567,6725624733013,6725625724792,991779
10568,6725625733051,6725626724292,991241
10569,6725626732700,6725627724034,991334
10570,6725627732904,6725628716238,983334
10571,6725628732868,6725629725332,992464
10572,6725629732813,6725630725499,992686
10573,6725630732777,6725631725481,992704
10574,6725631732500,6725632721778,989278
10575,6725632732630,6725633723927,991297
10576,6725633732575,6725634727576,995001
10577,6725634732557,6725635724280,991723
10578,6725635732447,6725636722392,989945
10579,6725636732355,6725637724800,992445
10580,6725637732319,6725638724597,992278
10581,6725638732375,6725639723339,990964
10582,6725639732246,6725640723914,991668
10583,6725640732173,6725641724248,992075
10584,6725641732118,6725642723323,991205
10585,6725642731989,6725643723490,991501
10586,6725643731971,6725644724861,992890
10587,6725644731935,6725645723177,991242
10588,6725645731806,6725646724900,993094
10589,6725646731751,6725647723493,991742
10590,6725647731678,6725648724420,992742
10591,6725648731623,6725649724828,993205
10592,6725649731550,6725650721662,990112
10593,6725650731551,6725651726329,994778
10594,6725651731718,6725652724885,993167
10595,6725652731459,6725653725794,994335
10596,6725653731479,6725654725831,994352
10597,6725654731091,6725655723036,991945
10598,6725655731351,6725656725166,993815
10599,6725656731240,6725657724426,993186
10600,6725657731204,6725658725705,994501
10601,6725658731038,6725659722446,991408
10602,6725659731150,6725660724706,993556
10603,6725660730984,6725661725503,994519
10604,6725661730892,6725662723096,992204
10605,6725662730874,6725663724782,993908
10606,6725663730838,6725664722876,992038
10607,6725664730746,6725665725302,994556
10608,6725665730636,6725666725340,994704
10609,6725666730618,6725667725285,994667
10610,6725667730637,6725668723082,992445
10611,6725668730527,6725669722453,991926
10612,6725669730490,6725670725806,995316
10613,6725670730528,6725671724658,994130
10614,6725671730362,6725672724604,994242
10615,6725672730363,6725673723215,992852
10616,6725673730215,6725674723513,993298
10617,6725674730179,6725675725476,995297
10618,6725675730161,6725676723440,993279
10619,6725676730218,6725677724255,994037
10620,6725677730033,6725678724423,994390
10621,6725678729997,6725679722998,993001
10622,6725679729701,6725680722072,992371
10623,6725680729906,6725681724925,995019
10624,6725681729814,6725682723463,993649
10625,6725682729574,6725683722834,993260
10626,6725683729889,6725684724520,994631
10627,6725684729761,6725685723391,993630
10628,6725685729687,6725686723299,993612
10629,6725686729558,6725687722966,993408
10630,6725687729263,6725688721375,992112
10631,6725688729430,6725689722431,993001
10632,6725689729283,6725690721228,991945
10633,6725690729246,6725691721377,992131
10634,6725691729229,6725692719692,990463
10635,6725692728989,6725693720582,991593
10636,6725693729156,6725694721768,992612
10637,6725694729120,6725695720806,991686
10638,6725695728972,6725696720084,991112
10639,6725696728954,6725697720566,991612
10640,6725697728677,6725698720382,991705
10641,6725698728882,6725699720920,992038
10642,6725699728771,6725700720772,992001
10643,6725700728754,6725701719977,991223
10644,6725701728680,6725702719348,990668
10645,6725702728348,6725703719700,991352
10646,6725703728608,6725704721757,993149
10647,6725704728442,6725705720628,992186
10648,6725705728424,6725706721184,992760
10649,6725706728388,6725707718074,989686
10650,6725707728296,6725708719519,991223
10651,6725708728408,6725709721168,992760
10652,6725709728205,6725710720316,992111
10653,6725710728298,6725711720799,992501
10654,6725711728132,6725712719929,991797
10655,6725712728133,6725713719541,991408
10656,6725713727930,6725714721375,993445
10657,6725714727875,6725715719635,991760
10658,6725715727820,6725716718710,990890
10659,6725716727821,6725717719636,991815
10660,6725717727710,6725718719693,991983
10661,6725718727693,6725719720212,992519
10662,6725719727767,6725720719083,991316
10663,6725720727676,6725721718584,990908
10664,6725721727510,6725722718344,990834
10665,6725722727455,6725723719993,992538
10666,6725723727344,6725724719956,992612
10667,6725724727364,6725725719624,992260
10668,6725725727216,6725726720235,993019
10669,6725726727217,6725727718384,991167
10670,6725727727199,6725728718681,991482
10671,6725728727255,6725729719219,991964
10672,6725729727145,6725730719275,992130
10673,6725730727053,6725731718813,991760
10674,6725731726961,6725732716832,989871
10675,6725732726832,6725733719000,992168
10676,6725733726870,6725734719593,992723
10677,6725734726815,6725735718686,991871
10678,6725735726798,6725736718724,991926
10679,6725736726687,6725737717040,990353
10680,6725737726577,6725738719207,992630
10681,6725738726596,6725739718800,992204
10682,6725739726430,6725740718690,992260
10683,6725740726635,6725741717820,991185
10684,6725741726487,6725742717858,991371
10685,6725742726321,6725743718840,992519
10686,6725743726248,6725744719082,992834
10687,6725744726230,6725745718694,992464
10688,6725745726120,6725746718269,992149
10689,6725746726232,6725747717436,991204
10690,6725747726010,6725748718585,992575
10691,6725748726011,6725749718586,992575
10692,6725749725993,6725750717901,991908
10693,6725750725827,6725751717883,992056
10694,6725751725809,6725752717125,991316
10695,6725752725828,6725753717348,991520
10696,6725753725588,6725754716515,990927
10697,6725754725645,6725755717923,992278
10698,6725755725627,6725756719387,993760
10699,6725756725461,6725757717628,992167
10700,6725757725647,6725758717759,992112
10701,6725758725351,6725759716408,991057
10702,6725759725371,6725760704094,978723
10703,6725760725112,6725761692298,967186
10704,6725761730020,6725762697262,967242
10705,6725762724743,6725763691836,967093
10706,6725763729836,6725764698263,968427
10707,6725764724633,6725765691338,966705
10708,6725765729708,6725766696246,966538
10709,6725766724468,6725767690876,966408
10710,6725767729636,6725768696396,966760
10711,6725768724377,6725769691174,966797
10712,6725769729507,6725770696490,966983
10713,6725770724267,6725771691027,966760
10714,6725771729361,6725772696362,967001
10715,6725772724158,6725773690992,966834
10716,6725773729251,6725774696937,967686
10717,6725774724030,6725775690938,966908
10718,6725775729123,6725776695901,966778
10719,6725776723920,6725777690717,966797
10720,6725777729013,6725778695681,966668
10721,6725778723792,6725779690311,966519
10722,6725779728922,6725780695719,966797
10723,6725780723719,6725781690498,966779
10724,6725781728813,6725782695221,966408
10725,6725782723591,6725783690425,966834
10726,6725783728684,6725784695981,967297
10727,6725784723463,6725785690389,966926
10728,6725785728593,6725786695446,966853
10729,6725786723353,6725787690261,966908
10730,6725787728447,6725788695688,967241
10731,6725788723262,6725789689818,966556
10732,6725789728355,6725790695356,967001
10733,6725790723115,6725791689690,966575
10734,6725791728264,6725792694783,966519
10735,6725792723006,6725793689395,966389
10736,6725793728099,6725794694340,966241
10737,6725794722840,6725795689656,966816
10738,6725795728008,6725796694546,966538
10739,6725796722768,6725797689435,966667
10740,6725797727861,6725798694399,966538
10741,6725798722603,6725799689344,966741
10742,6725799727789,6725800694845,967056
10743,6725800722604,6725801688809,966205
10744,6725801727679,6725802694291,966612
10745,6725802722420,6725803689440,967020
10746,6725803727532,6725804694496,966964
10747,6725804722329,6725805688663,966334
10748,6725805727404,6725806694220,966816
10749,6725806722164,6725807689091,966927
10750,6725807727294,6725808693906,966612
10751,6725808722073,6725809688814,966741
10752,6725809727166,6725810693926,966760
10753,6725810721982,6725811688482,966500
10754,6725811727075,6725812694020,966945
10755,6725812721835,6725813688225,966390
10756,6725813726965,6725814693466,966501
10757,6725814721725,6725815688411,966686
10758,6725815726837,6725816692912,966075
10759,6725816721616,6725817688746,967130
10760,6725817726746,6725818693636,966890
10761,6725818721469,6725819688285,966816
10762,6725819726599,6725820693433,966834
10763,6725820721396,6725821687916,966520
10764,6725821726471,6725822693157,966686
10765,6725822721231,6725823687750,966519
10766,6725823726380,6725824692547,966167
10767,6725824721177,6725825688733,967556
10768,6725825726270,6725826692864,966594
10769,6725826721030,6725827687698,966668
10770,6725827726142,6725828692828,966686
10771,6725828720921,6725829687496,966575
10772,6725829726014,6725830692422,966408
10773,6725830720811,6725831687867,967056
10774,6725831725923,6725832692053,966130
10775,6725832720683,6725833687813,967130
10776,6725833725813,6725834692592,966779
10777,6725834720592,6725835687130,966538
10778,6725835725704,6725836692093,966389
10779,6725836720464,6725837687464,967000
10780,6725837725575,6725838692447,966872
10781,6725838720354,6725839687077,966723
10782,6725839725466,6725840692059,966593
10783,6725840720263,6725841687004,966741
10784,6725841725356,6725842691764,966408
10785,6725842720116,6725843686913,966797
10786,6725843725228,6725844692747,967519
10787,6725844720006,6725845687415,967409
10788,6725845725118,6725846692378,967260
10789,6725846719878,6725847686675,966797
10790,6725847724972,6725848693972,969000
10791,6725848719787,6725849687640,967853
10792,6725849724880,6725850691233,966353
10793,6725850719659,6725851686345,966686
10794,6725851724771,6725852691586,966815
10795,6725852719568,6725853686217,966649
10796,6725853724661,6725854690866,966205
10797,6725854719440,6725855687570,968130
10798,6725855724570,6725856690941,966371
10799,6725856719330,6725857685831,966501
10800,6725857724442,6725858691035,966593
10801,6725858719239,6725859685943,966704
10802,6725859724332,6725860707203,982871
10803,6725860719463,6725861712815,993352
10804,6725861719500,6725862713464,993964
10805,6725862719464,6725863712835,993371
10806,6725863719391,6725864713243,993852
10807,6725864719151,6725865712781,993630
10808,6725865719300,6725866716115,996815
10809,6725866719652,6725867712653,993001
10810,6725867719153,6725868712061,992908
10811,6725868719135,6725869711988,992853
10812,6725869719117,6725870711155,992038
10813,6725870718970,6725871712526,993556
10814,6725871718971,6725872713490,994519
10815,6725872719082,6725873711120,992038
10816,6725873718787,6725874712917,994130
10817,6725874718750,6725875714122,995372
10818,6725875718585,6725876710659,992074
10819,6725876718567,6725877710364,991797
10820,6725877718642,6725878710865,992223
10821,6725878718642,6725879711921,993279
10822,6725879718513,6725880709255,990742
10823,6725880718403,6725881711682,993279
10824,6725881718367,6725882710275,991908
10825,6725882718293,6725883711442,993149
10826,6725883718220,6725884710628,992408
10827,6725884718147,6725885711203,993056
10828,6725885718092,6725886711574,993482
10829,6725886718093,6725887712167,994074
10830,6725887717964,6725888713946,995982
10831,6725888718261,6725889711224,992963
10832,6725889717835,6725890712744,994909
10833,6725890717707,6725891710244,992537
10834,6725891717744,6725892709838,992094
10835,6725892717838,6725893711042,993204
10836,6725893717746,6725894710969,993223
10837,6725894717580,6725895710803,993223
10838,6725895717544,6725896708804,991260
10839,6725896717526,6725897711193,993667
10840,6725897717434,6725898710305,992871
10841,6725898717249,6725899710861,993612
10842,6725899717306,6725900709806,992500
10843,6725900717362,6725901709085,991723
10844,6725901717233,6725902711789,994556
10845,6725902717178,6725903710846,993668
10846,6725903717123,6725904710402,993279
10847,6725904717087,6725905711477,994390
10848,6725905717032,6725906709848,992816
10849,6725906716903,6725907710589,993686
10850,6725907716904,6725908697497,980593
10851,6725908716646,6725909683868,967222
10852,6725909721517,6725910688869,967352
10853,6725910716221,6725911682740,966519
10854,6725911721426,6725912689685,968259
10855,6725912716093,6725913684168,968075
10856,6725913721223,6725914688391,967168
10857,6725914715983,6725915684428,968445
10858,6725915721132,6725916688318,967186
10859,6725916715892,6725917682689,966797
10860,6725917720985,6725918687542,966557
10861,6725918715745,6725919682413,966668
10862,6725919720876,6725920687617,966741
10863,6725920715691,6725921682507,966816
10864,6725921720748,6725922687230,966482
10865,6725922715508,6725923681860,966352
10866,6725923720619,6725924687398,966779
10867,6725924715602,6725925683973,968371
10868,6725925720528,6725926687362,966834
10869,6725926715307,6725927681104,965797
10870,6725927720419,6725928687827,967408
10871,6725928715216,6725929681976,966760
10872,6725929720309,6725930686550,966241
10873,6725930715069,6725931681533,966464
10874,6725931720181,6725932686552,966371
10875,6725932714978,6725933681830,966852
10876,6725933720127,6725934686757,966630
10877,6725934714831,6725935682313,967482
10878,6725935719999,6725936686759,966760
10879,6725936714703,6725937681370,966667
10880,6725937719833,6725938686445,966612
10881,6725938714593,6725939681020,966427
10882,6725939719724,6725940686280,966556
10883,6725940714484,6725941681799,967315
10884,6725941719614,6725942686392,966778
10885,6725942714374,6725943681301,966927
10886,6725943719486,6725944685801,966315
10887,6725944714246,6725945682321,968075
10888,6725945719358,6725946686210,966852
10889,6725946714136,6725947681192,967056
10890,6725947719248,6725948685971,966723
10891,6725948714027,6725949681064,967037
10892,6725949719157,6725950685602,966445
10893,6725950713898,6725951680769,966871
10894,6725951719010,6725952687159,968149
10895,6725952713807,6725953681845,968038
10896,6725953718919,6725954686068,967149
10897,6725954713661,6725955681161,967500
10898,6725955718809,6725956685273,966464
10899,6725956713588,6725957680607,967019
10900,6725957718681,6725958685386,966705
10901,6725958713460,6725959680368,966908
10902,6725959718590,6725960684961,966371
10903,6725960713387,6725961679851,966464
10904,6725961718480,6725962684518,966038
10905,6725962713203,6725963680111,966908
10906,6725963718334,6725964686075,967741
10907,6725964713149,6725965679928,966779
10908,6725965718243,6725966685299,967056
10909,6725966713003,6725967679855,966852
10910,6725967718151,6725968686189,968038
10911,6725968712911,6725969679838,966927
10912,6725969718042,6725970684839,966797
10913,6725970712746,6725971679506,966760
10914,6725971717858,6725972684525,966667
10915,6725972712655,6725973679471,966816
10916,6725973717785,6725974684564,966779
10917,6725974712582,6725975680824,968242
10918,6725975717639,6725976684121,966482
10919,6725976712454,6725977679529,967075
10920,6725977717529,6725978683789,966260
10921,6725978712308,6725979678993,966685
10922,6725979717401,6725980684976,967575
10923,6725980712198,6725981680088,967890
10924,6725981717310,6725982684329,967019
10925,6725982712088,6725983678774,966686
10926,6725983717256,6725984683830,966574
10927,6725984711960,6725985679794,967834
10928,6725985717090,6725986683443,966353
10929,6725986711887,6725987678592,966705
10930,6725987716981,6725988704667,987686
10931,6725988712074,6725989705593,993519
10932,6725989712149,6725990708113,995964
10933,6725990712464,6725991707187,994723
10934,6725991712224,6725992705947,993723
10935,6725992712040,6725993703300,991260
10936,6725993711985,6725994705690,993705
10937,6725994711893,6725995706987,995094
10938,6725995711838,6725996704191,992353
10939,6725996711710,6725997705340,993630
10940,6725997711673,6725998702692,991019
10941,6725998711674,6725999705656,993982
10942,6725999711582,6726000707824,996242
10943,6726000712009,6726001705954,993945
10944,6726001711491,6726002703603,992112
10945,6726002711418,6726003703826,992408
10946,6726003711307,6726004705660,994353
10947,6726004711215,6726005705809,994594
10948,6726005711253,6726006705235,993982
10949,6726006711291,6726007702884,991593
10950,6726007711106,6726008702737,991631
10951,6726008711070,6726009704441,993371
10952,6726009710904,6726010704127,993223
10953,6726010710849,6726011703795,992946
10954,6726011710813,6726012703666,992853
10955,6726012710851,6726013702574,991723
10956,6726013710777,6726014705130,994353
10957,6726014710797,6726015705686,994889
10958,6726015710631,6726016695113,984482
10959,6726016710409,6726017676114,965705
10960,6726017715188,6726018679726,964538
10961,6726018709874,6726019673189,963315
10962,6726019715208,6726020678579,963371
10963,6726020716783,6726021682080,965297
10964,6726021709950,6726022674080,964130
10965,6726022714951,6726023679266,964315
10966,6726023709711,6726024676008,966297
10967,6726024714860,6726025681768,966908
10968,6726025709582,6726026673991,964409
10969,6726026714787,6726027680195,965408
10970,6726027709473,6726028674325,964852
10971,6726028714548,6726029679271,964723
10972,6726029709289,6726030674086,964797
10973,6726030714586,6726031679068,964482
10974,6726031709235,6726032673365,964130
10975,6726032714458,6726033678699,964241
10976,6726033709088,6726034673070,963982
10977,6726034714200,6726035678516,964316
10978,6726035709016,6726036672553,963537
10979,6726036714128,6726037677962,963834
10980,6726037715684,6726038679518,963834
10981,6726038708870,6726039672944,964074
10982,6726039714019,6726040676353,962334
10983,6726040714353,6726041679576,965223
10984,6726041708724,6726042673984,965260
10985,6726042713836,6726043677503,963667
10986,6726043715281,6726044679374,964093
10987,6726044708541,6726045673282,964741
10988,6726045713653,6726046680264,966611
10989,6726046708468,6726047673913,965445
10990,6726047713506,6726048677803,964297
10991,6726048708247,6726049672730,964483
10992,6726049713359,6726050677027,963668
10993,6726050714934,6726051679009,964075
10994,6726051708120,6726052671602,963482
10995,6726052713176,6726053677640,964464
10996,6726053707973,6726054673659,965686
10997,6726054713196,6726055677345,964149
10998,6726055707882,6726056672309,964427
10999,6726056713049,6726057677198,964149
11000,6726057707809,6726058672088,964279
11001,6726058712977,6726059678218,965241
11002,6726059707663,6726060672460,964797
11003,6726060712830,6726061677349,964519
11004,6726061707535,6726062671943,964408
11005,6726062712609,6726063676517,963908
11006,6726063707425,6726064672833,965408
11007,6726064712555,6726065677704,965149
11008,6726065707315,6726066672557,965242
11009,6726066712353,6726067676891,964538
11010,6726067707169,6726068671521,964352
11011,6726068712299,6726069676114,963815
11012,6726069707077,6726070671411,964334
11013,6726070712171,6726071674597,962426
11014,6726071712412,6726072676709,964297
11015,6726072707265,6726073671210,963945
11016,6726073712006,6726074677137,965131
11017,6726074706877,6726075672934,966057
11018,6726075711878,6726076675212,963334
11019,6726076713471,6726077677139,963668
11020,6726077706583,6726078672158,965575
11021,6726078711769,6726079675270,963501
11022,6726079713085,6726080675808,962723
11023,6726080706308,6726081669642,963334
11024,6726081711494,6726082675272,963778
11025,6726082713198,6726083677199,964001
11026,6726083706273,6726084670811,964538
11027,6726084711422,6726085676867,965445
11028,6726085706089,6726086668682,962593
11029,6726086711256,6726087675813,964557
11030,6726087706016,6726088671628,965612
11031,6726088711184,6726089674573,963389
11032,6726089712296,6726090677222,964926
11033,6726090705945,6726091670093,964148
11034,6726091711112,6726092675205,964093
11035,6726092705761,6726093671039,965278
11036,6726093710947,6726094675466,964519
11037,6726094705651,6726095669559,963908
11038,6726095710689,6726096674541,963852
11039,6726096705504,6726097671301,965797
11040,6726097710709,6726098675080,964371
11041,6726098705413,6726099670007,964594
11042,6726099710525,6726100675193,964668
11043,6726100705248,6726101668027,962779
11044,6726101710397,6726102674879,964482
11045,6726102705064,6726103669380,964316
11046,6726103710343,6726104675510,965167
11047,6726104705047,6726105670548,965501
11048,6726105710270,6726106675697,965427
11049,6726106704771,6726107667698,962927
11050,6726107710050,6726108674532,964482
11051,6726108704809,6726109670310,965501
11052,6726109709921,6726110675163,965242
11053,6726110704663,6726111669071,964408
11054,6726111709738,6726112671923,962185
11055,6726112710146,6726113674332,964186
11056,6726113704591,6726114668721,964130
11057,6726114709629,6726115674759,965130
11058,6726115704426,6726116669075,964649
11059,6726116709630,6726117685316,975686
11060,6726117704853,6726118699076,994223
11061,6726118704724,6726119698151,993427
11062,6726119704725,6726120698189,993464
11063,6726120704689,6726121697152,992463
11064,6726121704374,6726122697634,993260
11065,6726122704523,6726123698172,993649
11066,6726123704431,6726124698062,993631
11067,6726124704414,6726125699951,995537
11068,6726125704359,6726126695415,991056
11069,6726126704156,6726127696471,992315
11070,6726127704453,6726128697787,993334
11071,6726128704231,6726129698473,994242
11072,6726129704103,6726130697585,993482
11073,6726130704085,6726131696456,992371
11074,6726131703826,6726132696105,992279
11075,6726132704068,6726133698105,994037
11076,6726133703920,6726134697514,993594
11077,6726134703847,6726135697625,993778
11078,6726135703737,6726136694997,991260
11079,6726136703700,6726137697460,993760
11080,6726137703645,6726138696757,993112
11081,6726138703609,6726139697554,993945
11082,6726139703573,6726140695870,992297
11083,6726140703425,6726141696074,992649
11084,6726141703389,6726142697205,993816
11085,6726142703353,6726143696742,993389
11086,6726143703298,6726144696132,992834
11087,6726144703317,6726145697670,994353
11088,6726145703299,6726146693596,990297
11089,6726146703170,6726147697356,994186
11090,6726147703079,6726148696153,993074
11091,6726148702987,6726149696450,993463
11092,6726149702969,6726150698007,995038
11093,6726150702896,6726151693156,990260
11094,6726151702859,6726152696564,993705
11095,6726152702804,6726153695564,992760
11096,6726153702805,6726154696602,993797
11097,6726154702695,6726155698696,996001
11098,6726155702510,6726156692178,989668
11099,6726156702548,6726157696604,994056
11100,6726157702530,6726158695846,993316
11101,6726158702420,6726159697235,994815
11102,6726159702365,6726160695921,993556
11103,6726160702310,6726161694348,992038
11104,6726161702404,6726162696812,994408
11105,6726162702330,6726163696220,993890
11106,6726163702201,6726164696184,993983
11107,6726164702295,6726165697999,995704
11108,6726165702166,6726166692629,990463
11109,6726166702074,6726167696945,994871
11110,6726167701704,6726168693686,991982
11111,6726168701779,6726169695761,993982
11112,6726169701780,6726170695484,993704
11113,6726170701762,6726171693448,991686
11114,6726171701781,6726172695930,994149
11115,6726172701708,6726173694190,992482
11116,6726173701579,6726174695154,993575
11117,6726174701487,6726175696321,994834
11118,6726175701562,6726176689952,988390
11119,6726176701507,6726177695730,994223
11120,6726177701304,6726178694323,993019
11121,6726178701323,6726179694787,993464
11122,6726179701287,6726180694547,993260
11123,6726180701288,6726181691844,990556
11124,6726181701196,6726182695400,994204
11125,6726182701123,6726183695457,994334
11126,6726183701031,6726184681105,980074
11127,6726184700735,6726185668069,967334
11128,6726185705717,6726186674033,968316
11129,6726186700403,6726187667348,966945
11130,6726187705534,6726188672219,966685
11131,6726188700312,6726189667572,967260
11132,6726189705442,6726190672406,966964
11133,6726190700165,6726191667074,966909
11134,6726191705296,6726192671389,966093
11135,6726192700074,6726193666982,966908
11136,6726193705168,6726194671983,966815
11137,6726194699928,6726195666854,966926
11138,6726195705058,6726196672207,967149
11139,6726196699873,6726197666745,966872
11140,6726197704967,6726198671005,966038
11141,6726198699690,6726199665968,966278
11142,6726199704820,6726200671062,966242
11143,6726200699599,6726201666433,966834
11144,6726201704729,6726202671433,966704
11145,6726202699489,6726203666323,966834
11146,6726203704619,6726204671694,967075
11147,6726204699361,6726205667732,968371
11148,6726205704528,6726206673158,968630
11149,6726206699288,6726207666567,967279
11150,6726207704344,6726208672771,968427
11151,6726208699141,6726209665920,966779
11152,6726209704290,6726210671180,966890
11153,6726210699013,6726211665644,966631
11154,6726211704162,6726212670459,966297
11155,6726212698922,6726213665145,966223
11156,6726213704015,6726214670627,966612
11157,6726214698794,6726215665295,966501
11158,6726215703906,6726216672277,968371
11159,6726216698684,6726217666592,967908
11160,6726217703833,6726218670464,966631
11161,6726218698593,6726219665335,966742
11162,6726219703668,6726220670854,967186
11163,6726220698465,6726221665281,966816
11164,6726221703614,6726222670392,966778
11165,6726222698337,6726223665060,966723
11166,6726223703486,6726224669579,966093
11167,6726224698227,6726225665024,966797
11168,6726225703358,6726226670710,967352
11169,6726226698136,6726227664785,966649
11170,6726227703229,6726228669915,966686
11171,6726228697989,6726229664601,966612
11172,6726229703138,6726230669880,966742
11173,6726230697880,6726231664491,966611
11174,6726231702992,6726232669677,966685
11175,6726232697770,6726233664400,966630
11176,6726233702919,6726234668883,965964
11177,6726234697623,6726235664198,966575
11178,6726235702754,6726236671958,969204
11179,6726236697569,6726237664885,967316
11180,6726237702644,6726238670589,967945
11181,6726238697404,6726239664182,966778
11182,6726239702516,6726240668442,965926
11183,6726240697294,6726241663832,966538
11184,6726241702443,6726242668962,966519
11185,6726242697185,6726243663945,966760
11186,6726243702334,6726244669797,967463
11187,6726244697094,6726245663946,966852
11188,6726245702205,6726246669447,967242
11189,6726246697002,6726247663411,966409
11190,6726247702059,6726248669800,967741
11191,6726248696874,6726249664319,967445
11192,6726249701968,6726250669709,967741
11193,6726250696709,6726251663395,966686
11194,6726251701858,6726252668081,966223
11195,6726252696618,6726253663341,966723
11196,6726253701748,6726254668601,966853
11197,6726254696490,6726255663213,966723
11198,6726255701602,6726256670028,968426
11199,6726256696417,6726257662788,966371
11200,6726257701510,6726258668011,966501
11201,6726258696252,6726259662938,966686
11202,6726259701364,6726260667920,966556
11203,6726260696161,6726261662735,966574
11204,6726261701273,6726262667570,966297
11205,6726262695996,6726263662255,966259
11206,6726263701163,6726264669793,968630
11207,6726264695941,6726265662757,966816
11208,6726265701053,6726266667684,966631
11209,6726266695850,6726267662870,967020
11210,6726267700907,6726268669852,968945
11211,6726268695704,6726269663501,967797
11212,6726269700834,6726270668316,967482
11213,6726270695575,6726271662132,966557
11214,6726271700706,6726272670762,970056
11215,6726272695503,6726273662244,966741
11216,6726273700596,6726274667282,966686
11217,6726274695338,6726275662098,966760
11218,6726275700486,6726276670265,969779
11219,6726276695265,6726277661710,966445
11220,6726277700377,6726278667044,966667
11221,6726278695118,6726279661008,965890
11222,6726279700212,6726280668046,967834
11223,6726280695046,6726281661898,966852
11224,6726281700157,6726282666399,966242
11225,6726282694880,6726283661363,966483
11226,6726283700011,6726284667956,967945
11227,6726284694808,6726285661420,966612
11228,6726285699901,6726286666161,966260
11229,6726286694680,6726287660625,965945
11230,6726287699791,6726288667274,967483
11231,6726288694514,6726289660904,966390
11232,6726289699682,6726290666034,966352
11233,6726290694442,6726291660850,966408
11234,6726291699572,6726292667202,967630
11235,6726292694332,6726293660500,966168
11236,6726293699444,6726294665982,966538
11237,6726294694204,6726295660871,966667
11238,6726295699334,6726296672391,973057
11239,6726296694150,6726297660799,966649
11240,6726297699206,6726298665651,966445
11241,6726298694003,6726299660893,966890
11242,6726299699096,6726300668005,968909
11243,6726300693894,6726301661616,967722
11244,6726301699024,6726302666673,967649
11245,6726302693728,6726303659988,966260
11246,6726303698896,6726304666767,967871
11247,6726304693656,6726305660286,966630
11248,6726305698768,6726306666250,967482
11249,6726306693546,6726307659121,965575
11250,6726307698658,6726308667455,968797
11251,6726308693436,6726309659400,965964
11252,6726309698567,6726310664919,966352
11253,6726310693290,6726311659846,966556
11254,6726311698439,6726312666310,967871
11255,6726312693199,6726313659884,966685
11256,6726313698329,6726314664700,966371
11257,6726314693052,6726315659238,966186
11258,6726315698182,6726316667146,968964
11259,6726316692979,6726317659461,966482
11260,6726317698073,6726318664444,966371
11261,6726318692833,6726319659444,966611
11262,6726319697963,6726320665593,967630
11263,6726320692723,6726321659316,966593
11264,6726321697816,6726322664261,966445
11265,6726322692576,6726323659077,966501
11266,6726323697707,6726324665263,967556
11267,6726324692485,6726325659523,967038
11268,6726325697597,6726326665320,967723
11269,6726326692394,6726327658858,966464
11270,6726327697469,6726328666655,969186
11271,6726328692266,6726329658803,966537
11272,6726329697396,6726330663675,966279
11273,6726330692100,6726331658731,966631
11274,6726331697286,6726332664861,967575
11275,6726332692065,6726333658529,966464
11276,6726333697121,6726334663418,966297
11277,6726334691918,6726335658382,966464
11278,6726335697049,6726336668142,971093
11279,6726336691827,6726337658346,966519
11280,6726337696976,6726338664014,967038
11281,6726338691699,6726339658607,966908
11282,6726339696774,6726340664274,967500
11283,6726340691589,6726341657997,966408
11284,6726341696683,6726342663017,966334
11285,6726342691443,6726343657999,966556
11286,6726343696610,6726344665444,968834
11287,6726344691333,6726345658315,966982
11288,6726345696482,6726346663742,967260
11289,6726346691260,6726347658242,966982
11290,6726347696335,6726348664151,967816
11291,6726348691132,6726349657651,966519
11292,6726349696262,6726350662152,965890
11293,6726350690985,6726351657412,966427
11294,6726351696116,6726352663616,967500
11295,6726352690894,6726353656043,965149
11296,6726353696006,6726354662359,966353
11297,6726354690766,6726355657082,966316
11298,6726355695878,6726356689619,993741
11299,6726356693397,6726357690120,996723
11300,6726357693639,6726358688769,995130
11301,6726358693991,6726359692936,998945
11302,6726359696862,6726360690308,993446
11303,6726360694511,6726361687327,992816
11304,6726361691308,6726362683457,992149
11305,6726362690698,6726363682810,992112
11306,6726363690717,6726364685033,994316
11307,6726364690570,6726365683070,992500
11308,6726365690533,6726366691608,1001075
11309,6726366695016,6726367687405,992389
11310,6726367691313,6726368692017,1000704
11311,6726368695073,6726369690333,995260
11312,6726369693814,6726370687315,993501
11313,6726370691259,6726371684112,992853
11314,6726371690223,6726372686409,996186
11315,6726372690409,6726373683632,993223
11316,6726373690206,6726374684929,994723
11317,6726374690077,6726375681522,991445
11318,6726375690115,6726376688319,998204
11319,6726376692504,6726377686987,994483
11320,6726377690561,6726378683191,992630
11321,6726378689784,6726379682618,992834
11322,6726379689877,6726380685415,995538
11323,6726380689729,6726381682823,993094
11324,6726381689638,6726382683323,993685
11325,6726382689601,6726383681658,992057
11326,6726383689546,6726384685714,996168
11327,6726384689862,6726385683696,993834
11328,6726385689437,6726386684623,995186
11329,6726386689308,6726387684346,995038
11330,6726387689272,6726388685143,995871
11331,6726388689328,6726389682606,993278
11332,6726389689180,6726390681866,992686
11333,6726390689163,6726391681737,992574
11334,6726391689200,6726392684294,995094
11335,6726392689146,6726393682072,992926
11336,6726393688961,6726394682332,993371
11337,6726394688999,6726395681203,992204
11338,6726395688944,6726396686389,997445
11339,6726396690389,6726397684779,994390
11340,6726397689612,6726398679687,990075
11341,6726398688817,6726399681021,992204
11342,6726399688688,6726400687096,998408
11343,6726400691337,6726401684411,993074
11344,6726401688522,6726402680690,992168
11345,6726402688579,6726403683135,994556
11346,6726403688413,6726404683988,995575
11347,6726404688358,6726405681062,992704
11348,6726405688248,6726406682619,994371
11349,6726406688285,6726407681119,992834
11350,6726407688119,6726408683416,995297
11351,6726408688120,6726409681176,993056
11352,6726409688176,6726410681103,992927
11353,6726410688029,6726411681548,993519
11354,6726411688085,6726412683271,995186
11355,6726412687845,6726413680772,992927
11356,6726413687809,6726414681569,993760
11357,6726414687939,6726415680255,992316
11358,6726415687718,6726416686700,998982
11359,6726416690589,6726417683164,992575
11360,6726417687553,6726418678720,991167
11361,6726418687535,6726419680054,992519
11362,6726419687424,6726420683944,996520
11363,6726420688314,6726421681815,993501
11364,6726421687315,6726422680538,993223
11365,6726422687408,6726423680057,992649
11366,6726423687205,6726424670039,982834
11367,6726424687336,6726425654966,967630
11368,6726425691929,6726426660485,968556
11369,6726426686670,6726427653523,966853
11370,6726427691764,6726428658801,967037
11371,6726428686542,6726429653895,967353
11372,6726429691654,6726430658525,966871
11373,6726430686414,6726431653544,967130
11374,6726431691563,6726432659082,967519
11375,6726432686323,6726433653490,967167
11376,6726433691416,6726434658713,967297
11377,6726434686176,6726435653603,967427
11378,6726435691306,6726436658863,967557
11379,6726436686066,6726437652975,966909
11380,6726437691197,6726438657864,966667
11381,6726438685957,6726439652865,966908
11382,6726439691087,6726440657514,966427
11383,6726440685884,6726441652885,967001
11384,6726441690977,6726442657812,966835
11385,6726442685719,6726443652738,967019
11386,6726443690849,6726444657998,967149
11387,6726444685628,6726445652703,967075
11388,6726445690721,6726446658703,967982
11389,6726446685537,6726447652611,967074
11390,6726447690593,6726448657834,967241
11391,6726448685371,6726449652798,967427
11392,6726449690483,6726450657540,967057
11393,6726450685243,6726451652022,966779
11394,6726451690355,6726452657634,967279
11395,6726452685134,6726453652875,967741
11396,6726453690245,6726454657117,966872
11397,6726454685005,6726455652136,967131
11398,6726455690154,6726456657007,966853
11399,6726456684914,6726457651730,966816
11400,6726457690026,6726458656971,966945
11401,6726458684749,6726459651861,967112
11402,6726459689935,6726460657325,967390
11403,6726460684676,6726461651473,966797
11404,6726461689770,6726462656956,967186
11405,6726462684567,6726463651364,966797
11406,6726463689679,6726464656402,966723
11407,6726464684457,6726465651458,967001
11408,6726465689569,6726466657625,968056
11409,6726466684292,6726467651107,966815
11410,6726467689441,6726468656349,966908
11411,6726468684219,6726469651257,967038
11412,6726469689313,6726470656110,966797
11413,6726470684073,6726471650907,966834
11414,6726471689222,6726472657370,968148
11415,6726472683982,6726473651334,967352
11416,6726473689112,6726474656779,967667
11417,6726474683872,6726475650798,966926
11418,6726475688965,6726476657651,968686
11419,6726476683744,6726477650930,967186
11420,6726477688874,6726478655819,966945
11421,6726478683634,6726479650579,966945
11422,6726479688783,6726480655469,966686
11423,6726480683524,6726481650303,966779
11424,6726481688636,6726482655137,966501
11425,6726482683433,6726483650286,966853
11426,6726483688527,6726484656694,968167
11427,6726484683305,6726485651713,968408
11428,6726485688435,6726486656936,968501
11429,6726486683158,6726487650233,967075
11430,6726487688289,6726488654975,966686
11431,6726488683067,6726489650401,967334
11432,6726489688179,6726490655180,967001
11433,6726490682921,6726491649662,966741
11434,6726491688069,6726492654811,966742
11435,6726492682829,6726493649830,967001
11436,6726493687960,6726494655053,967093
11437,6726494682701,6726495649813,967112
11438,6726495687850,6726496654925,967075
11439,6726496682647,6726497649777,967130
11440,6726497687740,6726498654704,966964
11441,6726498682519,6726499649353,966834
11442,6726499687612,6726500656131,968519
11443,6726500682391,6726501650410,968019
11444,6726501687540,6726502655818,968278
11445,6726502682263,6726503649541,967278
11446,6726503687393,6726504653986,966593
11447,6726504682171,6726505649376,967205
11448,6726505687265,6726506654284,967019
11449,6726506682043,6726507649359,967316
11450,6726507687155,6726508653637,966482
11451,6726508681915,6726509648860,966945
11452,6726509687027,6726510654157,967130
11453,6726510681805,6726511649065,967260
11454,6726511686917,6726512655622,968705
11455,6726512681696,6726513649715,968019
11456,6726513686808,6726514654031,967223
11457,6726514681568,6726515648346,966778
11458,6726515686679,6726516653736,967057
11459,6726516681458,6726517648570,967112
11460,6726517686588,6726518653533,966945
11461,6726518681330,6726519648164,966834
11462,6726519686479,6726520653109,966630
11463,6726520681257,6726521648017,966760
11464,6726521686369,6726522653222,966853
11465,6726522681092,6726523648185,967093
11466,6726523686241,6726524652779,966538
11467,6726524681019,6726525649927,968908
11468,6726525686150,6726526653428,967278
11469,6726526680891,6726527648466,967575
11470,6726527686021,6726528654430,968409
11471,6726528680781,6726529648078,967297
11472,6726529685875,6726530654005,968130
11473,6726530680653,6726531647524,966871
11474,6726531685802,6726532653470,967668
11475,6726532680544,6726533647563,967019
11476,6726533685655,6726534652638,966983
11477,6726534680415,6726535647527,967112
11478,6726535685583,6726536652306,966723
11479,6726536680324,6726537648603,968279
11480,6726537685436,6726538652511,967075
11481,6726538680196,6726539646919,966723
11482,6726539685289,6726540651827,966538
11483,6726540680086,6726541646809,966723
11484,6726541685217,6726542652051,966834
11485,6726542679958,6726543646737,966779
11486,6726543685107,6726544652256,967149
11487,6726544679886,6726545646757,966871
11488,6726545684998,6726546651702,966704
11489,6726546679739,6726547647517,967778
11490,6726547684832,6726548651018,966186
11491,6726548679629,6726549646426,966797
11492,6726549684760,6726550651520,966760
11493,6726550679501,6726551646298,966797
11494,6726551684632,6726552651188,966556
11495,6726552679410,6726553646392,966982
11496,6726553684522,6726554651078,966556
11497,6726554679282,6726555646079,966797
11498,6726555684412,6726556652672,968260
11499,6726556679172,6726557648136,968964
11500,6726557684284,6726558651396,967112
11501,6726558679063,6726559647804,968741
11502,6726559684193,6726560651231,967038
11503,6726560678916,6726561646176,967260
11504,6726561684065,6726562650843,966778
11505,6726562678806,6726563645751,966945
11506,6726563683937,6726564650530,966593
11507,6726564678715,6726565645679,966964
11508,6726565683827,6726566650791,966964
11509,6726566678568,6726567645384,966816
11510,6726567683736,6726568651681,967945
11511,6726568678477,6726569646274,967797
11512,6726569683571,6726570651442,967871
11513,6726570678405,6726571645535,967130
11514,6726571683498,6726572651313,967815
11515,6726572678258,6726573645277,967019
11516,6726573683388,6726574650167,966779
11517,6726574678148,6726575644871,966723
11518,6726575683242,6726576650076,966834
11519,6726576678020,6726577646095,968075
11520,6726577683169,6726578650170,967001
11521,6726578677892,6726579644930,967038
11522,6726579683041,6726580649245,966204
11523,6726580677801,6726581644746,966945
11524,6726581682931,6726582649691,966760
11525,6726582677673,6726583644340,966667
11526,6726583682803,6726584651118,968315
11527,6726584677563,6726585645897,968334
11528,6726585682693,6726586649657,966964
11529,6726586677453,6726587644806,967353
11530,6726587682547,6726588649084,966537
11531,6726588677344,6726589644270,966926
11532,6726589682492,6726590649271,966779
11533,6726590677234,6726591643864,966630
11534,6726591682346,6726592648902,966556
11535,6726592677087,6726593643940,966853
11536,6726593682218,6726594648737,966519
11537,6726594676996,6726595643830,966834
11538,6726595682126,6726596650609,968483
11539,6726596676868,6726597645146,968278
11540,6726597681998,6726598649592,967594
11541,6726598676777,6726599643574,966797
11542,6726599681889,6726600649371,967482
11543,6726600676649,6726601643112,966463
11544,6726601681779,6726602648335,966556
11545,6726602676520,6726603643021,966501
11546,6726603681651,6726604648429,966778
11547,6726604676466,6726605643615,967149
11548,6726605681541,6726606648264,966723
11549,6726606676320,6726607644469,968149
11550,6726607681432,6726608665858,984426
11551,6726608676673,6726609671266,994593
11552,6726609676637,6726610668248,991611
11553,6726610676341,6726611667916,991575
11554,6726611676508,6726612669565,993057
11555,6726612676491,6726613668899,992408
11556,6726613676436,6726614669011,992575
11557,6726614676400,6726615667271,990871
11558,6726615676178,6726616666808,990630
11559,6726616676253,6726617668994,992741
11560,6726617676180,6726618668310,992130
11561,6726618676032,6726619667329,991297
11562,6726619676033,6726620666348,990315
11563,6726620675793,6726621667145,991352
11564,6726621675942,6726622667831,991889
11565,6726622675850,6726623667999,992149
11566,6726623675795,6726624669777,993982
11567,6726624675703,6726625667259,991556
11568,6726625675871,6726626666630,990759
11569,6726626675575,6726627669446,993871
11570,6726627675613,6726628667613,992000
11571,6726628675539,6726629667355,991816
11572,6726629675466,6726630670596,995130
11573,6726630675319,6726631666467,991148
11574,6726631675338,6726632656227,980889
11575,6726632674987,6726633642043,967056
11576,6726633680024,6726634647340,967316
11577,6726634674729,6726635641378,966649
11578,6726635679859,6726636648230,968371
11579,6726636674601,6726637643916,969315
11580,6726637679731,6726638646695,966964
11581,6726638674473,6726639641084,966611
11582,6726639679603,6726640647289,967686
11583,6726640674381,6726641641364,966983
11584,6726641679530,6726642646475,966945
11585,6726642674253,6726643640958,966705
11586,6726643679402,6726644646051,966649
11587,6726644674144,6726645640792,966648
11588,6726645679274,6726646646034,966760
11589,6726646674015,6726647641053,967038
11590,6726647679146,6726648645572,966426
11591,6726648673924,6726649640869,966945
11592,6726649679036,6726650645407,966371
11593,6726650673815,6726651641075,967260
11594,6726651678963,6726652640279,961316
11595,6726652678890,6726653645669,966779
11596,6726653673650,6726654640817,967167
11597,6726654678780,6726655645670,966890
11598,6726655673503,6726656641356,967853
11599,6726656678634,6726657647672,969038
11600,6726657673431,6726658640135,966704
11601,6726658678524,6726659645395,966871
11602,6726659673284,6726660640914,967630
11603,6726660678414,6726661645063,966649
11604,6726661673193,6726662640027,966834
11605,6726662678305,6726663645306,967001
11606,6726663673065,6726664639880,966815
11607,6726664678195,6726665645066,966871
11608,6726665672955,6726666639808,966853
11609,6726666678067,6726667644512,966445
11610,6726667672845,6726668639476,966631
11611,6726668677994,6726669645051,967057
11612,6726669672736,6726670639088,966352
11613,6726670677848,6726671644367,966519
11614,6726671672608,6726672639608,967000
11615,6726672677775,6726673643739,965964
11616,6726673672498,6726674639239,966741
11617,6726674677628,6726675644240,966612
11618,6726675672351,6726676638482,966131
11619,6726676677537,6726677645131,967594
11620,6726677672260,6726678639076,966816
11621,6726678677372,6726679644095,966723
11622,6726679672132,6726680638207,966075
11623,6726680677299,6726681644022,966723
11624,6726681672022,6726682638560,966538
11625,6726682677153,6726683643839,966686
11626,6726683671894,6726684637710,965816
11627,6726684677080,6726685643655,966575
11628,6726685671840,6726686638563,966723
11629,6726686676915,6726687644601,967686
11630,6726687671656,6726688637842,966186
11631,6726688676805,6726689643732,966927
11632,6726689671584,6726690638084,966500
11633,6726690676677,6726691643381,966704
11634,6726691671437,6726692638419,966982
11635,6726692676604,6726693643494,966890
11636,6726693671346,6726694638087,966741
11637,6726694676458,6726695642718,966260
11638,6726695671236,6726696637515,966279
11639,6726696676348,6726697643719,967371
11640,6726697671108,6726698637572,966464
11641,6726698676220,6726699642813,966593
11642,6726699670998,6726700637166,966168
11643,6726700676166,6726701642870,966704
11644,6726701670870,6726702637334,966464
11645,6726702676001,6726703642298,966297
11646,6726703670798,6726704636798,966000
11647,6726704675909,6726705642595,966686
11648,6726705670669,6726706637411,966742
11649,6726706675763,6726707643023,967260
11650,6726707670597,6726708637209,966612
11651,6726708675690,6726709642246,966556
11652,6726709670395,6726710637117,966722
11653,6726710675525,6726711642229,966704
11654,6726711670322,6726712636767,966445
11655,6726712675452,6726713641101,965649
11656,6726713670212,6726714636991,966779
11657,6726714675306,6726715640899,965593
11658,6726715670066,6726716636418,966352
11659,6726716675214,6726717641604,966390
11660,6726717669956,6726718636660,966704
11661,6726718675086,6726719640161,965075
11662,6726719669865,6726720635958,966093
11663,6726720674977,6726721640533,965556
11664,6726721669737,6726722636237,966500
11665,6726722674830,6726723640275,965445
11666,6726723669627,6726724635813,966186
11667,6726724674757,6726725641869,967112
11668,6726725669499,6726726636296,966797
11669,6726726674648,6726727641519,966871
11670,6726727669426,6726728636742,967316
11671,6726728674519,6726729641224,966705
11672,6726729669242,6726730635354,966112
11673,6726730674373,6726731639725,965352
11674,6726731669151,6726732656522,987371
11675,6726732669633,6726733660690,991057
11676,6726733669560,6726734661672,992112
11677,6726734669413,6726735664043,994630
11678,6726735669469,6726736661433,991964
11679,6726736669433,6726737663322,993889
11680,6726737669322,6726738661601,992279
11681,6726738669249,6726739661583,992334
11682,6726739669194,6726740659510,990316
11683,6726740669176,6726741660751,991575
11684,6726741669029,6726742663456,994427
11685,6726742668974,6726743661234,992260
11686,6726743669086,6726744660087,991001
11687,6726744668957,6726745661902,992945
11688,6726745668587,6726746660162,991575
11689,6726746668736,6726747662552,993816
11690,6726747668700,6726748661349,992649
11691,6726748668627,6726749661590,992963
11692,6726749668572,6726750660684,992112
11693,6726750668517,6726751665184,996667
11694,6726751668907,6726752661204,992297
11695,6726752668370,6726753660945,992575
11696,6726753668427,6726754659909,991482
11697,6726754668390,6726755660187,991797
11698,6726755668224,6726756662225,994001
11699,6726756668132,6726757661226,993094
11700,6726757668096,6726758660893,992797
11701,6726758668375,6726759661153,992778
11702,6726759668042,6726760659080,991038
11703,6726760668024,6726761659858,991834
11704,6726761667692,6726762659100,991408
11705,6726762667859,6726763660934,993075
11706,6726763667823,6726764658083,990260
11707,6726764667694,6726765658972,991278
11708,6726765667657,6726766661936,994279
11709,6726766667621,6726767660974,993353
11710,6726767667585,6726768662086,994501
11711,6726768667437,6726769659660,992223
11712,6726769667605,6726770659902,992297
11713,6726770667328,6726771659569,992241
11714,6726771667329,6726772658644,991315
11715,6726772667255,6726773660200,992945
11716,6726773667182,6726774659312,992130
11717,6726774667108,6726775660739,993631
11718,6726775667091,6726776658425,991334
11719,6726776667388,6726777661222,993834
11720,6726777666962,6726778661834,994872
11721,6726778666871,6726779657908,991037
11722,6726779666927,6726780658020,991093
11723,6726780666835,6726781657743,990908
11724,6726781666873,6726782660485,993612
11725,6726782666670,6726783659652,992982
11726,6726783666652,6726784659708,993056
11727,6726784666634,6726785658283,991649
11728,6726785666487,6726786658302,991815
11729,6726786666506,6726787659525,993019
11730,6726787666359,6726788647026,980667
11731,6726788666063,6726789633897,967834
11732,6726789671045,6726790638750,967705
11733,6726790665787,6726791633028,967241
11734,6726791670917,6726792638899,967982
11735,6726792665714,6726793632863,967149
11736,6726793670789,6726794637530,966741
11737,6726794665549,6726795632716,967167
11738,6726795670679,6726796645458,974779
11739,6726796665550,6726797634144,968594
11740,6726797670570,6726798640441,969871
11741,6726798665404,6726799633164,967760
11742,6726799670441,6726800637072,966631
11743,6726800665257,6726801632554,967297
11744,6726801670332,6726802637092,966760
11745,6726802665129,6726803632204,967075
11746,6726803670259,6726804636890,966631
11747,6726804665038,6726805632112,967074
11748,6726805670094,6726806637039,966945
11749,6726806664872,6726807633188,968316
11750,6726807670021,6726808636763,966742
11751,6726808664800,6726809631782,966982
11752,6726809669893,6726810636912,967019
11753,6726810664672,6726811631432,966760
11754,6726811669821,6726812636562,966741
11755,6726812664562,6726813631655,967093
11756,6726813669655,6726814636656,967001
11757,6726814664415,6726815631305,966890
11758,6726815669527,6726816636380,966853
11759,6726816664324,6726817632103,967779
11760,6726817669399,6726818636177,966778
11761,6726818664196,6726819631308,967112
11762,6726819669326,6726820635642,966316
11763,6726820664086,6726821631124,967038
11764,6726821669198,6726822636032,966834
11765,6726822663958,6726823630774,966816
11766,6726823669089,6726824635478,966389
11767,6726824663886,6726825630997,967111
11768,6726825668997,6726826635924,966927
11769,6726826663720,6726827631017,967297
11770,6726827668851,6726828635185,966334
11771,6726828663648,6726829630667,967019
11772,6726829668741,6726830635742,967001
11773,6726830663538,6726831630520,966982
11774,6726831668613,6726832634965,966352
11775,6726832663428,6726833630540,967112
11776,6726833668485,6726834635504,967019
11777,6726834663282,6726835630190,966908
11778,6726835668431,6726836634672,966241
11779,6726836663154,6726837631284,968130
11780,6726837668265,6726838635062,966797
11781,6726838663025,6726839629711,966686
11782,6726839668156,6726840635268,967112
11783,6726840662934,6726841629972,967038
11784,6726841668028,6726842634713,966685
11785,6726842662788,6726843629770,966982
11786,6726843667918,6726844634307,966389
11787,6726844662696,6726845629234,966538
11788,6726845667790,6726846634661,966871
11789,6726846662550,6726847630513,967963
11790,6726847667699,6726848634644,966945
11791,6726848662533,6726849629256,966723
11792,6726849667570,6726850634460,966890
11793,6726850662386,6726851629313,966927
11794,6726851667479,6726852633869,966390
11795,6726852662239,6726853629425,967186
11796,6726853667314,6726854634259,966945
11797,6726854662093,6726855628927,966834
11798,6726855667241,6726856655501,988260
11799,6726856662446,6726857659261,996815
11800,6726857662317,6726858655151,992834
11801,6726858662355,6726859655485,993130
11802,6726859662318,6726860655634,993316
11803,6726860662245,6726861655838,993593
11804,6726861662209,6726862655358,993149
11805,6726862662135,6726863656210,994075
11806,6726863662081,6726864653359,991278
11807,6726864661915,6726865655267,993352
11808,6726865661878,6726866654305,992427
11809,6726866661935,6726867656898,994963
11810,6726867661583,6726868651418,989835
11811,6726868661769,6726869653659,991890
11812,6726869661752,6726870656363,994611
11813,6726870661623,6726871654327,992704
11814,6726871661586,6726872653957,992371
11815,6726872661513,6726873654662,993149
11816,6726873661588,6726874655570,993982
11817,6726874661422,6726875653904,992482
11818,6726875661423,6726876653553,992130
11819,6726876661386,6726877657443,996057
11820,6726877661294,6726878650925,989631
11821,6726878661203,6726879653166,991963
11822,6726879661259,6726880653593,992334
11823,6726880661130,6726881654279,993149
11824,6726881661075,6726882653298,992223
11825,6726882661002,6726883654299,993297
11826,6726883660984,6726884652522,991538
11827,6726884660911,6726885652652,991741
11828,6726885660819,6726886653357,992538
11829,6726886660782,6726887654617,993835
11830,6726887660709,6726888652006,991297
11831,6726888660710,6726889652914,992204
11832,6726889660488,6726890653341,992853
11833,6726890660563,6726891652786,992223
11834,6726891660508,6726892651972,991464
11835,6726892660491,6726893655176,994685
11836,6726893660306,6726894653214,992908
11837,6726894660288,6726895651733,991445
11838,6726895660252,6726896651456,991204
11839,6726896660271,6726897655216,994945
11840,6726897660050,6726898652976,992926
11841,6726898660013,6726899652533,992520
11842,6726899659940,6726900651607,991667
11843,6726900659978,6726901653738,993760
11844,6726901659849,6726902652905,993056
11845,6726902659794,6726903652221,992427
11846,6726903659702,6726904652314,992612
11847,6726904659740,6726905652296,992556
11848,6726905659667,6726906651982,992315
11849,6726906659593,6726907651205,991612
11850,6726907659538,6726908651484,991946
11851,6726908659502,6726909652207,992705
11852,6726909659410,6726910652115,992705
11853,6726910659355,6726911652171,992816
11854,6726911659375,6726912653153,993778
11855,6726912659357,6726913652247,992890
11856,6726913659135,6726914652377,993242
11857,6726914659173,6726915651841,992668
11858,6726915659063,6726916651638,992575
11859,6726916659101,6726917652527,993426
11860,6726917658990,6726918651269,992279
11861,6726918658898,6726919651603,992705
11862,6726919658918,6726920650900,991982
11863,6726920658789,6726921651493,992704
11864,6726921658789,6726922650420,991631
11865,6726922658642,6726923650865,992223
11866,6726923658606,6726924650366,991760
11867,6726924658421,6726925652015,993594
11868,6726925658570,6726926650923,992353
11869,6726926658534,6726927651349,992815
11870,6726927658386,6726928651350,992964
11871,6726928658294,6726929651036,992742
11872,6726929658277,6726930651407,993130
11873,6726930658259,6726931650889,992630
11874,6726931658204,6726932648760,990556
11875,6726932658131,6726933652891,994760
11876,6726933658039,6726934649780,991741
11877,6726934657928,6726935649855,991927
11878,6726935657966,6726936651856,993890
11879,6726936657837,6726937650320,992483
11880,6726937657912,6726938649913,992001
11881,6726938657765,6726939650321,992556
11882,6726939657710,6726940650525,992815
11883,6726940657600,6726941649841,992241
11884,6726941657619,6726942653231,995612
11885,6726942657471,6726943649268,991797
11886,6726943657546,6726944649065,991519
11887,6726944657825,6726945652603,994778
11888,6726945657325,6726946649993,992668
11889,6726946657289,6726947649993,992704
11890,6726947657290,6726948653716,996426
11891,6726948657865,6726949649865,992000
11892,6726949657088,6726950649514,992426
11893,6726950657088,6726951649348,992260
11894,6726951657070,6726952648960,991890
11895,6726952657016,6726953649535,992519
11896,6726953656905,6726954648647,991742
11897,6726954656850,6726955650203,993353
11898,6726955656722,6726956648778,992056
11899,6726956656667,6726957648204,991537
11900,6726957656686,6726958653520,996834
11901,6726958657224,6726959648891,991667
11902,6726959656521,6726960648207,991686
11903,6726960656558,6726961648818,992260
11904,6726961656485,6726962649245,992760
11905,6726962656375,6726963649672,993297
11906,6726963656450,6726964647728,991278
11907,6726964656228,6726965649247,993019
11908,6726965656192,6726966649304,993112
11909,6726966656211,6726967648286,992075
11910,6726967656415,6726968649546,993131
11911,6726968655990,6726969648658,992668
11912,6726969655972,6726970648232,992260
11913,6726970655936,6726971648381,992445
11914,6726971655807,6726972646734,990927
11915,6726972655919,6726973647920,992001
11916,6726973655864,6726974648069,992205
11917,6726974655698,6726975646921,991223
11918,6726975655736,6726976649052,993316
11919,6726976655552,6726977647219,991667
11920,6726977655441,6726978647275,991834
11921,6726978655405,6726979647720,992315
11922,6726979655406,6726980649055,993649
11923,6726980655369,6726981647796,992427
11924,6726981655240,6726982648000,992760
11925,6726982655241,6726983647131,991890
11926,6726983655372,6726984648335,992963
11927,6726984655113,6726985646910,991797
11928,6726985655095,6726986649540,994445
11929,6726986654985,6726987647097,992112
11930,6726987654948,6726988651190,996242
11931,6726988655283,6726989647468,992185
11932,6726989654802,6726990646969,992167
11933,6726990654914,6726991646303,991389
11934,6726991654822,6726992645971,991149
11935,6726992654600,6726993647564,992964
11936,6726993654620,6726994646120,991500
11937,6726994654583,6726995647065,992482
11938,6726995654510,6726996646233,991723
11939,6726996654381,6726997646437,992056
11940,6726997654419,6726998651086,996667
11941,6726998654716,6726999646735,992019
11942,6726999654235,6727000645439,991204
11943,6727000654402,6727001645885,991483
11944,6727001654273,6727002646885,992612
11945,6727002654126,6727003646201,992075
11946,6727003654034,6727004644442,990408
11947,6727004654090,6727005646017,991927
11948,6727005654313,6727006648203,993890
11949,6727006653777,6727007646074,992297
11950,6727007653815,6727008646686,992871
11951,6727008653686,6727009645650,991964
11952,6727009653761,6727010645947,992186
11953,6727010653613,6727011645873,992260
11954,6727011653651,6727012644893,991242
11955,6727012653485,6727013645708,992223
11956,6727013653745,6727014646005,992260
11957,6727014653394,6727015647339,993945
11958,6727015653302,6727016644673,991371
11959,6727016653303,6727017635952,982649
11960,6727017652767,6727018620175,967408
11961,6727018657934,6727019624009,966075
11962,6727019652675,6727020617732,965057
11963,6727020657843,6727021621658,963815
11964,6727021659140,6727022624270,965130
11965,6727022652474,6727023617419,964945
11966,6727023657586,6727024622272,964686
11967,6727024652383,6727025618661,966278
11968,6727025657587,6727026624292,966705
11969,6727026652625,6727027618218,965593
11970,6727027657681,6727028623256,965575
11971,6727028652163,6727029617183,965020
11972,6727029657275,6727030623776,966501
11973,6727030652017,6727031617851,965834
11974,6727031657166,6727032623055,965889
11975,6727032651963,6727033617278,965315
11976,6727033656871,6727034621779,964908
11977,6727034651779,6727035616928,965149
11978,6727035656891,6727036620892,964001
11979,6727036651669,6727037617633,965964
11980,6727037657263,6727038622541,965278
11981,6727038651560,6727039616283,964723
11982,6727039656671,6727040620265,963594
11983,6727040658154,6727041622969,964815
11984,6727041651395,6727042616655,965260
11985,6727042656581,6727043620693,964112
11986,6727043651285,6727044617120,965835
11987,6727044656249,6727045621842,965593
11988,6727045651157,6727046616565,965408
11989,6727046656288,6727047622233,965945
11990,6727047651029,6727048616178,965149
11991,6727048656178,6727049621716,965538
11992,6727049650882,6727050616976,966094
11993,6727050656365,6727051621310,964945
11994,6727051650810,6727052617551,966741
11995,6727052655774,6727053619978,964204
11996,6727053650682,6727054617293,966611
11997,6727054655849,6727055621257,965408
11998,6727055650628,6727056610499,959871
11999,6727056655647,6727057607314,951667
12000,6727057655388,6727058608093,952705
12001,6727058655296,6727059611075,955779
12002,6727059655482,6727060607409,951927
12003,6727060655224,6727061607687,952463
12004,6727061655132,6727062607170,952038
12005,6727062655040,6727063607244,952204
12006,6727063655022,6727064606616,951594
12007,6727064654986,6727065606635,951649
12008,6727065654894,6727066606673,951779
12009,6727066654839,6727067606433,951594
12010,6727067654821,6727068606248,951427
12011,6727068654748,6727069605804,951056
12012,6727069654693,6727070606324,951631
12013,6727070654601,6727071606435,951834
12014,6727071654547,6727072607214,952667
12015,6727072654529,6727073607381,952852
12016,6727073654437,6727074606234,951797
12017,6727074654382,6727075606235,951853
12018,6727075654309,6727076606624,952315
12019,6727076654291,6727077606366,952075
12020,6727077654181,6727078606792,952611
12021,6727078654144,6727079605830,951686
12022,6727079654108,6727080605479,951371
12023,6727080654035,6727081605443,951408
12024,6727081653980,6727082605610,951630
12025,6727082653925,6727083605444,951519
12026,6727083653889,6727084605204,951315
12027,6727084653815,6727085605464,951649
12028,6727085653742,6727086605557,951815
12029,6727086653687,6727087605447,951760
12030,6727087653632,6727088604911,951279
12031,6727088653596,6727089604930,951334
12032,6727089653504,6727090605042,951538
12033,6727090653468,6727091604617,951149
12034,6727091653413,6727092604562,951149
12035,6727092653340,6727093604822,951482
12036,6727093653303,6727094604748,951445
12037,6727094653211,6727095604545,951334
12038,6727095653194,6727096604824,951630
12039,6727096653120,6727097604473,951353
12040,6727097653084,6727098605066,951982
12041,6727098652992,6727099604271,951279
12042,6727099652919,6727100604771,951852
12043,6727100652882,6727101604513,951631
12044,6727101652828,6727102604236,951408
12045,6727102652754,6727103604311,951557
12046,6727103652699,6727104603867,951168
12047,6727104652645,6727105604368,951723
12048,6727105652571,6727106604035,951464
12049,6727106652516,6727107603499,950983
12050,6727107652462,6727108603629,951167
12051,6727108652407,6727109603889,951482
12052,6727109652352,6727110603908,951556
12053,6727110652297,6727111603853,951556
12054,6727111652224,6727112604187,951963
12055,6727112652188,6727113603910,951722
12056,6727113652096,6727114603374,951278
12057,6727114652041,6727115603560,951519
12058,6727115652005,6727116603505,951500
12059,6727116651968,6727117603247,951279
12060,6727117651876,6727118612025,960149
12061,6727118652136,6727119619378,967242
12062,6727119646915,6727120614193,967278
12063,6727120652027,6727121619324,967297
12064,6727121646787,6727122614213,967426
12065,6727122651917,6727123618158,966241
12066,6727123646677,6727124614270,967593
12067,6727124651770,6727125618790,967020
12068,6727125646549,6727126614050,967501
12069,6727126651698,6727127618958,967260
12070,6727127646439,6727128613310,966871
12071,6727128651588,6727129618885,967297
12072,6727129646348,6727130613478,967130
12073,6727130651460,6727131618683,967223
12074,6727131646201,6727132613443,967242
12075,6727132651313,6727133617203,965890
12076,6727133646110,6727134613166,967056
12077,6727134651204,6727135616908,965704
12078,6727135645963,6727136612298,966335
12079,6727136651131,6727137616206,965075
12080,6727137645835,6727138613929,968094
12081,6727138650966,6727139618522,967556
12082,6727139645744,6727140612282,966538
12083,6727140650875,6727141616912,966037
12084,6727141645635,6727142612728,967093
12085,6727142650728,6727143617266,966538
12086,6727143645506,6727144612063,966557
12087,6727144650655,6727145616452,965797
12088,6727145645415,6727146612601,967186
12089,6727146650527,6727147617398,966871
12090,6727147645269,6727148613010,967741
12091,6727148650436,6727149616677,966241
12092,6727149645177,6727150612308,967131
12093,6727150650308,6727151617308,967000
12094,6727151645068,6727152611772,966704
12095,6727152650198,6727153616180,965982
12096,6727153644940,6727154612496,967556
12097,6727154650070,6727155616904,966834
12098,6727155644811,6727156611257,966446
12099,6727156649960,6727157615831,965871
12100,6727157644683,6727158612702,968019
12101,6727158649832,6727159617629,967797
12102,6727159644592,6727160611852,967260
12103,6727160649741,6727161615760,966019
12104,6727161644464,6727162611779,967315
12105,6727162649594,6727163616725,967131
12106,6727163644373,6727164611170,966797
12107,6727164649503,6727165615356,965853
12108,6727165644245,6727166610449,966204
12109,6727166649375,6727167615487,966112
12110,6727167644153,6727168613080,968927
12111,6727168649302,6727169615359,966057
12112,6727169644062,6727170611248,967186
12113,6727170649174,6727171615879,966705
12114,6727171643916,6727172610787,966871
12115,6727172649046,6727173615102,966056
12116,6727173643806,6727174611047,967241
12117,6727174648899,6727175616196,967297
12118,6727175643715,6727176610419,966704
12119,6727176648808,6727177615050,966242
12120,6727177643568,6727178611106,967538
12121,6727178648680,6727179615829,967149
12122,6727179643458,6727180609959,966501
12123,6727180648589,6727181614497,965908
12124,6727181643330,6727182609942,966612
12125,6727182648461,6727183614406,965945
12126,6727183643221,6727184610110,966889
12127,6727184648351,6727185613889,965538
12128,6727185643092,6727186610204,967112
12129,6727186648223,6727187615020,966797
12130,6727187643001,6727188609428,966427
12131,6727188648150,6727189613651,965501
12132,6727189642892,6727190609540,966648
12133,6727190647985,6727191614819,966834
12134,6727191642763,6727192609394,966631
12135,6727192647912,6727193613728,965816
12136,6727193642654,6727194609636,966982
12137,6727194647766,6727195614803,967037
12138,6727195642526,6727196608971,966445
12139,6727196647656,6727197613323,965667
12140,6727197642397,6727198610491,968094
12141,6727198647565,6727199613880,966315
12142,6727199642288,6727200608844,966556
12143,6727200647455,6727201612993,965538
12144,6727201642197,6727202609142,966945
12145,6727202647327,6727203613254,965927
12146,6727203642106,6727204608088,965982
12147,6727204647217,6727205613107,965890
12148,6727205641977,6727206608848,966871
12149,6727206647052,6727207613220,966168
12150,6727207641849,6727208609942,968093
12151,6727208647035,6727209612962,965927
12152,6727209641740,6727210608851,967111
12153,6727210646870,6727211612852,965982
12154,6727211641611,6727212607760,966149
12155,6727212646760,6727213612983,966223
12156,6727213641539,6727214608428,966889
12157,6727214646614,6727215612299,965685
12158,6727215641411,6727216607819,966408
12159,6727216646578,6727217612486,965908
12160,6727217641301,6727218609079,967778
12161,6727218646413,6727219613765,967352
12162,6727219641154,6727220607877,966723
12163,6727220646303,6727221612489,966186
12164,6727221641045,6727222608212,967167
12165,6727222646212,6727223613194,966982
12166,6727223640935,6727224607176,966241
12167,6727224646084,6727225612029,965945
12168,6727225640825,6727226608067,967242
12169,6727226645937,6727227611882,965945
12170,6727227640697,6727228607642,966945
12171,6727228645827,6727229611976,966149
12172,6727229640569,6727230607440,966871
12173,6727230645699,6727231611589,965890
12174,6727231640478,6727232615960,975482
12175,6727232640775,6727233607275,966500
12176,6727233645627,6727234612554,966927
12177,6727234640332,6727235607647,967315
12178,6727235645462,6727236612778,967316
12179,6727236640222,6727237607389,967167
12180,6727237645334,6727238627075,981741
12181,6727238640557,6727239634928,994371
12182,6727239640465,6727240633558,993093
12183,6727240640503,6727241633985,993482
12184,6727241640429,6727242633134,992705
12185,6727242640301,6727243631431,991130
12186,6727243640283,6727244632950,992667
12187,6727244640265,6727245634043,993778
12188,6727245640173,6727246633378,993205
12189,6727246640081,6727247633045,992964
12190,6727247640008,6727248634953,994945
12191,6727248640009,6727249633861,993852
12192,6727249639917,6727250633084,993167
12193,6727250639843,6727251631122,991279
12194,6727251639789,6727252632252,992463
12195,6727252639752,6727253634271,994519
12196,6727253639623,6727254634272,994649
12197,6727254639717,6727255632866,993149
12198,6727255639551,6727256630366,990815
12199,6727256639477,6727257633682,994205
12200,6727257639552,6727258631775,992223
12201,6727258639423,6727259634591,995168
12202,6727259639350,6727260631740,992390
12203,6727260639277,6727261633333,994056
12204,6727261639018,6727262630167,991149
12205,6727262639093,6727263632649,993556
12206,6727263639075,6727264631391,992316
12207,6727264638854,6727265631965,993111
12208,6727265638965,6727266631577,992612
12209,6727266638855,6727267631541,992686
12210,6727267638819,6727268635208,996389
12211,6727268638894,6727269630153,991259
12212,6727269638542,6727270630376,991834
12213,6727270638728,6727271632673,993945
12214,6727271638618,6727272630452,991834
12215,6727272638637,6727273631842,993205
12216,6727273638601,6727274631287,992686
12217,6727274638268,6727275630880,992612
12218,6727275638473,6727276631177,992704
12219,6727276638325,6727277630826,992501
12220,6727277638289,6727278630919,992630
12221,6727278638438,6727279632050,993612
12222,6727279637920,6727280629143,991223
12223,6727280638217,6727281632403,994186
12224,6727281638144,6727282630626,992482
12225,6727282637996,6727283632145,994149
12226,6727283637960,6727284630276,992316
12227,6727284637738,6727285630313,992575
12228,6727285637961,6727286631666,993705
12229,6727286637795,6727287631870,994075
12230,6727287637870,6727288630464,992594
12231,6727288637649,6727289629816,992167
12232,6727289637390,6727290629447,992057
12233,6727290637558,6727291629892,992334
12234,6727291637521,6727292630615,993094
12235,6727292637504,6727293630115,992611
12236,6727293637412,6727294629542,992130
12237,6727294637098,6727295629358,992260
12238,6727295637358,6727296623210,985852
12239,6727296636951,6727297605933,968982
12240,6727297641896,6727298609323,967427
12241,6727298636693,6727299605620,968927
12242,6727299641786,6727300609620,967834
12243,6727300636546,6727301603214,966668
12244,6727301641658,6727302608900,967242
12245,6727302636400,6727303603752,967352
12246,6727303641530,6727304608383,966853
12247,6727304636327,6727305603569,967242
12248,6727305641457,6727306608310,966853
12249,6727306636199,6727307603477,967278
12250,6727307641348,6727308607774,966426
12251,6727308636089,6727309604664,968575
12252,6727309641183,6727310608591,967408
12253,6727310635924,6727311603351,967427
12254,6727311641054,6727312607370,966316
12255,6727312635851,6727313603148,967297
12256,6727313640963,6727314608112,967149
12257,6727314635705,6727315602983,967278
12258,6727315640854,6727316607910,967056
12259,6727316635595,6727317602855,967260
12260,6727317640744,6727318607948,967204
12261,6727318635467,6727319602949,967482
12262,6727319640616,6727320607691,967075
12263,6727320635394,6727321602932,967538
12264,6727321640525,6727322607785,967260
12265,6727322635248,6727323602230,966982
12266,6727323640378,6727324607434,967056
12267,6727324635193,6727325602602,967409
12268,6727325640268,6727326607528,967260
12269,6727326635028,6727327602047,967019
12270,6727327640159,6727328608048,967889
12271,6727328634919,6727329603382,968463
12272,6727329640049,6727330607290,967241
12273,6727330634827,6727331601773,966946
12274,6727331639958,6727332608255,968297
12275,6727332634718,6727333601978,967260
12276,6727333639811,6727334607034,967223
12277,6727334634553,6727335601664,967111
12278,6727335639701,6727336606536,966835
12279,6727336634461,6727337601758,967297
12280,6727337639592,6727338606704,967112
12281,6727338634333,6727339602501,968168
12282,6727339639464,6727340605946,966482
12283,6727340634224,6727341600947,966723
12284,6727341639373,6727342605947,966574
12285,6727342634114,6727343601467,967353
12286,6727343639244,6727344607430,968186
12287,6727344634041,6727345602486,968445
12288,6727345639116,6727346606413,967297
12289,6727346633876,6727347601099,967223
12290,6727347638988,6727348606785,967797
12291,6727348633766,6727349602193,968427
12292,6727349638915,6727350606342,967427
12293,6727350633675,6727351601046,967371
12294,6727351638787,6727352605566,966779
12295,6727352633566,6727353600307,966741
12296,6727353638715,6727354605993,967278
12297,6727354633438,6727355600586,967148
12298,6727355638549,6727356605532,966983
12299,6727356633328,6727357600588,967260
12300,6727357638477,6727358605700,967223
12301,6727358633181,6727359601330,968149
12302,6727359638349,6727360606831,968482
12303,6727360633109,6727361601609,968500
12304,6727361638220,6727362605406,967186
12305,6727362632980,6727363600000,967020
12306,6727363638074,6727364606130,968056
12307,6727364632871,6727365599520,966649
12308,6727365638020,6727366605446,967426
12309,6727366632761,6727367599669,966908
12310,6727367637873,6727368604522,966649
12311,6727368632688,6727369600911,968223
12312,6727369637800,6727370604857,967057
12313,6727370632505,6727371599450,966945
12314,6727371637635,6727372603765,966130
12315,6727372632432,6727373599581,967149
12316,6727373637544,6727374604137,966593
12317,6727374632285,6727375599342,967057
12318,6727375637434,6727376604287,966853
12319,6727376632194,6727377599139,966945
12320,6727377637306,6727378604510,967204
12321,6727378632066,6727379599400,967334
12322,6727379637178,6727380603882,966704
12323,6727380631938,6727381598846,966908
12324,6727381637068,6727382604087,967019
12325,6727382631810,6727383598644,966834
12326,6727383636959,6727384603756,966797
12327,6727384631719,6727385598442,966723
12328,6727385636830,6727386603294,966464
12329,6727386631572,6727387598369,966797
12330,6727387636702,6727388604944,968242
12331,6727388631499,6727389599481,967982
12332,6727389636667,6727390603019,966352
12333,6727390631371,6727391598650,967279
12334,6727391636520,6727392604724,968204
12335,6727392631243,6727393599281,968038
12336,6727393636355,6727394603411,967056
12337,6727394631133,6727395597745,966612
12338,6727395636245,6727396604024,967779
12339,6727396631005,6727397598191,967186
12340,6727397636154,6727398603321,967167
12341,6727398630895,6727399599081,968186
12342,6727399636026,6727400601878,965852
12343,6727400630804,6727401596842,966038
12344,6727401635916,6727402602935,967019
12345,6727402630658,6727403597103,966445
12346,6727403635788,6727404602733,966945
12347,6727404630548,6727405597567,967019
12348,6727405635697,6727406602420,966723
12349,6727406630475,6727407597680,967205
12350,6727407635569,6727408601829,966260
12351,6727408630329,6727409598533,968204
12352,6727409635477,6727410602330,966853
12353,6727410630200,6727411597053,966853
12354,6727411635331,6727412601998,966667
12355,6727412630109,6727413596332,966223
12356,6727413635221,6727414602166,966945
12357,6727414629981,6727415597037,967056
12358,6727415635111,6727416601871,966760
12359,6727416629890,6727417596798,966908
12360,6727417634983,6727418601521,966538
12361,6727418629743,6727419597614,967871
12362,6727419634911,6727420603634,968723
12363,6727420629689,6727421598079,968390
12364,6727421634764,6727422602209,967445
12365,6727422629524,6727423596784,967260
12366,6727423634654,6727424602562,967908
12367,6727424629451,6727425596211,966760
12368,6727425634526,6727426601768,967242
12369,6727426629305,6727427596731,967426
12370,6727427634398,6727428602380,967982
12371,6727428629214,6727429598622,969408
12372,6727429634381,6727430601715,967334
12373,6727430629104,6727431596345,967241
12374,6727431634179,6727432601939,967760
12375,6727432628994,6727433596291,967297
12376,6727433634106,6727434601385,967279
12377,6727434628848,6727435596330,967482
12378,6727435633959,6727436600238,966279
12379,6727436628775,6727437596016,967241
12380,6727437633868,6727438601221,967353
12381,6727438628665,6727439596573,967908
12382,6727439633759,6727440600148,966389
12383,6727440628519,6727441595204,966685
12384,6727441633612,6727442600779,967167
12385,6727442628409,6727443595336,966927
12386,6727443633502,6727444601947,968445
12387,6727444628281,6727445596800,968519
12388,6727445633411,6727446600486,967075
12389,6727446628171,6727447595116,966945
12390,6727447633246,6727448601561,968315
12391,6727448628043,6727449596247,968204
12392,6727449633210,6727450600526,967316
12393,6727450627915,6727451595064,967149
12394,6727451633045,6727452600935,967890
12395,6727452627842,6727453595806,967964
12396,6727453632935,6727454599510,966575
12397,6727454627677,6727455594826,967149
12398,6727455632807,6727456600456,967649
12399,6727456627604,6727457594642,967038
12400,6727457632716,6727458599883,967167
12401,6727458627476,6727459595699,968223
12402,6727459632569,6727460599348,966779
12403,6727460627366,6727461594275,966909
12404,6727461632497,6727462599497,967000
12405,6727462627220,6727463593980,966760
12406,6727463632387,6727464598906,966519
12407,6727464627129,6727465593759,966630
12408,6727465632240,6727466599426,967186
12409,6727466627000,6727467594112,967112
12410,6727467632149,6727468600409,968260
12411,6727468626928,6727469596188,969260
12412,6727469632077,6727470598966,966889
12413,6727470626781,6727471593948,967167
12414,6727471631948,6727472600134,968186
12415,6727472626690,6727473594839,968149
12416,6727473631802,6727474598543,966741
12417,6727474626543,6727475593081,966538
12418,6727475631655,6727476599656,968001
12419,6727476626471,6727477594657,968186
12420,6727477631601,6727478598565,966964
12421,6727478626305,6727479594343,968038
12422,6727479631491,6727480599751,968260
12423,6727480626233,6727481593196,966963
12424,6727481631326,6727482598382,967056
12425,6727482626068,6727483593161,967093
12426,6727483631216,6727484619402,988186
12427,6727484626347,6727485618107,991760
12428,6727485626329,6727486618922,992593
12429,6727486626274,6727487621682,995408
12430,6727487626256,6727488617590,991334
12431,6727488626202,6727489621517,995315
12432,6727489626184,6727490619629,993445
12433,6727490626147,6727491619352,993205
12434,6727491625982,6727492618149,992167
12435,6727492625945,6727493618853,992908
12436,6727493625890,6727494618373,992483
12437,6727494625836,6727495618688,992852
12438,6727495625762,6727496618189,992427
12439,6727496625726,6727497619171,993445
12440,6727497625634,6727498619968,994334
12441,6727498625413,6727499620136,994723
12442,6727499625598,6727500617488,991890
12443,6727500625544,6727501617637,992093
12444,6727501625452,6727502617990,992538
12445,6727502625471,6727503619120,993649
12446,6727503625324,6727504606713,981389
12447,6727504625010,6727505592529,967519
12448,6727505630066,6727506597622,967556
12449,6727506624789,6727507592215,967426
12450,6727507629901,6727508596846,966945
12451,6727508624624,6727509593309,968685
12452,6727509629791,6727510596718,966927
12453,6727510624495,6727511591663,967168
12454,6727511629644,6727512596663,967019
12455,6727512624367,6727513591572,967205
12456,6727513629498,6727514596813,967315
12457,6727514624239,6727515590962,966723
12458,6727515629351,6727516596037,966686
12459,6727516624166,6727517591186,967020
12460,6727517629315,6727518596242,966927
12461,6727518624020,6727519591169,967149
12462,6727519629187,6727520595669,966482
12463,6727520623947,6727521590929,966982
12464,6727521629077,6727522596189,967112
12465,6727522623800,6727523591283,967483
12466,6727523628931,6727524595950,967019
12467,6727524623709,6727525591728,968019
12468,6727525628821,6727526595433,966612
12469,6727526623581,6727527590415,966834
12470,6727527628730,6727528596471,967741
12471,6727528623453,6727529591676,968223
12472,6727529628583,6727530595825,967242
12473,6727530623362,6727531590381,967019
12474,6727531628474,6727532595141,966667
12475,6727532623234,6727533590308,967074
12476,6727533628382,6727534595235,966853
12477,6727534623161,6727535589902,966741
12478,6727535628273,6727536596125,967852
12479,6727536623033,6727537589608,966575
12480,6727537628163,6727538594960,966797
12481,6727538622923,6727539590590,967667
12482,6727539627998,6727540594832,966834
12483,6727540622795,6727541589703,966908
12484,6727541627907,6727542594648,966741
12485,6727542622667,6727543589593,966926
12486,6727543627816,6727544594409,966593
12487,6727544622539,6727545589558,967019
12488,6727545627650,6727546594484,966834
12489,6727546622447,6727547589485,967038
12490,6727547627541,6727548594671,967130
12491,6727548622356,6727549589524,967168
12492,6727549627505,6727550594654,967149
12493,6727550622228,6727551589118,966890
12494,6727551627340,6727552593785,966445
12495,6727552622081,6727553589101,967020
12496,6727553627212,6727554594027,966815
12497,6727554621953,6727555589028,967075
12498,6727555627102,6727556594307,967205
12499,6727556621862,6727557588918,967056
12500,6727557626992,6727558593919,966927
12501,6727558621771,6727559589457,967686
12502,6727559626846,6727560593032,966186
12503,6727560621643,6727561588551,966908
12504,6727561626755,6727562593737,966982
12505,6727562621515,6727563588552,967037
12506,6727563626626,6727564593312,966686
12507,6727564621423,6727565588165,966742
12508,6727565626554,6727566593480,966926
12509,6727566621277,6727567588092,966815
12510,6727567626426,6727568592834,966408
12511,6727568621149,6727569587760,966611
12512,6727569626298,6727570593187,966889
12513,6727570621057,6727571587595,966538
12514,6727571626169,6727572592763,966594
12515,6727572620948,6727573587930,966982
12516,6727573626078,6727574592949,966871
12517,6727574620820,6727575587617,966797
12518,6727575625969,6727576592728,966759
12519,6727576620729,6727577587526,966797
12520,6727577625840,6727578592897,967057
12521,6727578620619,6727579587249,966630
12522,6727579625712,6727580592231,966519
12523,6727580620472,6727581587288,966816
12524,6727581625640,6727582592288,966648
12525,6727582620400,6727583586530,966130
12526,6727583625511,6727584591938,966427
12527,6727584620234,6727585587235,967001
12528,6727585625365,6727586592217,966852
12529,6727586620143,6727587586996,966853
12530,6727587625274,6727588591996,966722
12531,6727588620015,6727589587312,967297
12532,6727589625145,6727590591442,966297
12533,6727590619924,6727591586943,967019
12534,6727591625017,6727592591666,966649
12535,6727592619777,6727593586611,966834
12536,6727593624908,6727594591223,966315
12537,6727594619668,6727595586242,966574
12538,6727595624779,6727596591169,966390
12539,6727596619576,6727597586133,966557
12540,6727597624688,6727598591541,966853
12541,6727598619467,6727599586097,966630
12542,6727599624597,6727600591746,967149
12543,6727600619320,6727601585969,966649
12544,6727601624469,6727602591247,966778
12545,6727602619229,6727603586007,966778
12546,6727603624341,6727604590656,966315
12547,6727604619101,6727605585787,966686
12548,6727605624231,6727606590602,966371
12549,6727606618973,6727607585807,966834
12550,6727607624103,6727608590678,966575
12551,6727608618881,6727609585401,966520
12552,6727609623993,6727610591864,967871
12553,6727610618790,6727611585235,966445
12554,6727611623865,6727612610162,986297
12555,6727612618940,6727613609533,990593
12556,6727613618959,6727614610719,991760
12557,6727614618978,6727615611646,992668
12558,6727615619035,6727616611646,992611
12559,6727616618721,6727617613406,994685
12560,6727617618777,6727618614481,995704
12561,6727618618759,6727619611260,992501
12562,6727619618760,6727620613242,994482
12563,6727620618668,6727621610780,992112
12564,6727621618595,6727622609595,991000
12565,6727622618558,6727623610615,992057
12566,6727623618448,6727624610967,992519
12567,6727624618504,6727625611672,993168
12568,6727625618542,6727626611765,993223
12569,6727626618228,6727627611877,993649
12570,6727627618210,6727628609803,991593
12571,6727628618285,6727629610137,991852
12572,6727629618119,6727630610175,992056
12573,6727630618101,6727631610324,992223
12574,6727631618083,6727632609899,991816
12575,6727632618066,6727633609418,991352
12576,6727633617955,6727634609641,991686
12577,6727634617845,6727635609660,991815
12578,6727635617827,6727636611068,993241
12579,6727636617698,6727637610606,992908
12580,6727637617402,6727638608496,991094
12581,6727638617570,6727639609774,992204
12582,6727639617626,6727640613886,996260
12583,6727640617979,6727641609646,991667
12584,6727641617479,6727642610110,992631
12585,6727642617499,6727643609962,992463
12586,6727643617388,6727644608759,991371
12587,6727644617389,6727645609334,991945
12588,6727645617242,6727646608205,990963
12589,6727646617205,6727647610984,993779
12590,6727647617076,6727648609577,992501
12591,6727648616985,6727649608115,991130
12592,6727649616967,6727650613727,996760
12593,6727650617134,6727651608431,991297
12594,6727651616820,6727652607210,990390
12595,6727652616913,6727653609710,992797
12596,6727653616673,6727654608007,991334
12597,6727654616693,6727655608897,992204
12598,6727655616675,6727656607398,990723
12599,6727656616620,6727657608787,992167
12600,6727657616584,6727658609362,992778
12601,6727658616325,6727659609622,993297
12602,6727659616344,6727660610067,993723
12603,6727660616438,6727661608790,992352
12604,6727661616253,6727662609495,993242
12605,6727662616254,6727663609125,992871
12606,6727663615977,6727664611255,995278
12607,6727664616052,6727665608071,992019
12608,6727665616145,6727666609757,993612
12609,6727666615998,6727667608832,992834
12610,6727667615998,6727668608684,992686
12611,6727668615832,6727669609963,994131
12612,6727669615815,6727670608778,992963
12613,6727670615834,6727671609686,993852
12614,6727671615631,6727672606909,991278
12615,6727672615724,6727673608429,992705
12616,6727673615669,6727674608244,992575
12617,6727674615633,6727675607523,991890
12618,6727675615486,6727676597338,981852
12619,6727676615431,6727677609802,994371
12620,6727677615302,6727678606377,991075
12621,6727678615284,6727679607415,992131
12622,6727679615044,6727680607897,992853
12623,6727680615212,6727681608842,993630
12624,6727681615064,6727682607250,992186
12625,6727682615102,6727683607158,992056
12626,6727683615103,6727684606140,991037
12627,6727684614955,6727685607641,992686
12628,6727685614863,6727686606049,991186
12629,6727686614883,6727687605809,990926
12630,6727687614698,6727688605291,990593
12631,6727688614847,6727689605088,990241
12632,6727689614792,6727690610293,995501
12633,6727690614608,6727691605571,990963
12634,6727691614645,6727692604498,989853
12635,6727692614517,6727693607832,993315
12636,6727693614388,6727694607092,992704
12637,6727694614462,6727695606019,991557
12638,6727695614297,6727696607371,993074
12639,6727696614242,6727697606539,992297
12640,6727697614335,6727698605280,990945
12641,6727698614169,6727699607485,993316
12642,6727699614022,6727700605541,991519
12643,6727700614096,6727701605634,991538
12644,6727701614042,6727702605876,991834
12645,6727702614228,6727703606543,992315
12646,6727703613913,6727704604099,990186
12647,6727704613803,6727705607841,994038
12648,6727705613711,6727706607138,993427
12649,6727706613619,6727707604990,991371
12650,6727707613731,6727708604121,990390
12651,6727708613695,6727709606307,992612
12652,6727709613473,6727710605678,992205
12653,6727710613511,6727711606771,993260
12654,6727711613438,6727712604253,990815
12655,6727712613346,6727713605013,991667
12656,6727713613439,6727714604181,990742
12657,6727714613051,6727715605293,992242
12658,6727715613144,6727716604830,991686
12659,6727716613164,6727717603646,990482
12660,6727717613313,6727718604961,991648
12661,6727718613017,6727719606629,993612
12662,6727719612907,6727720603870,990963
12663,6727720612926,6727721604723,991797
12664,6727721612667,6727722604687,992020
12665,6727722612853,6727723604613,991760
12666,6727723613021,6727724606336,993315
12667,6727724612651,6727725604781,992130
12668,6727725612652,6727726603986,991334
12669,6727726612412,6727727603172,990760
12670,6727727612801,6727728602746,989945
12671,6727728612617,6727729606358,993741
12672,6727729612358,6727730606470,994112
12673,6727730612340,6727731604471,992131
12674,6727731612286,6727732602786,990500
12675,6727732612268,6727733604657,992389
12676,6727733612102,6727734604473,992371
12677,6727734612158,6727735604696,992538
12678,6727735612029,6727736603752,991723
12679,6727736612012,6727737602975,990963
12680,6727737611901,6727738603606,991705
12681,6727738611957,6727739602866,990909
12682,6727739611829,6727740604848,993019
12683,6727740611829,6727741603423,991594
12684,6727741611663,6727742603127,991464
12685,6727742611645,6727743602517,990872
12686,6727743611628,6727744593314,981686
12687,6727744611295,6727745578574,967279
12688,6727745616296,6727746583574,967278
12689,6727746611037,6727747577945,966908
12690,6727747616168,6727748582891,966723
12691,6727748610928,6727749577743,966815
12692,6727749616021,6727750584114,968093
12693,6727750610799,6727751577671,966872
12694,6727751615911,6727752582838,966927
12695,6727752610708,6727753577709,967001
12696,6727753615820,6727754583006,967186
12697,6727754610562,6727755577359,966797
12698,6727755615655,6727756582470,966815
12699,6727756610433,6727757577342,966909
12700,6727757615564,6727758583065,967501
12701,6727758610361,6727759577158,966797
12702,6727759615417,6727760583122,967705
12703,6727760610214,6727761577419,967205
12704,6727761615307,6727762582475,967168
12705,6727762610067,6727763576901,966834
12706,6727763615235,6727764581921,966686
12707,6727764609995,6727765577014,967019
12708,6727765615088,6727766582144,967056
12709,6727766609867,6727767577053,967186
12710,6727767614997,6727768581850,966853
12711,6727768609738,6727769576961,967223
12712,6727769614869,6727770582258,967389
12713,6727770609610,6727771576426,966816
12714,6727771614722,6727772581556,966834
12715,6727772609501,6727773576427,966926
12716,6727773614631,6727774581909,967278
12717,6727774609372,6727775576781,967409
12718,6727775614484,6727776581096,966612
12719,6727776609300,6727777576338,967038
12720,6727777614393,6727778581227,966834
12721,6727778609135,6727779576061,966926
12722,6727779614265,6727780581303,967038
12723,6727780609062,6727781575970,966908
12724,6727781614192,6727782581008,966816
12725,6727782608915,6727783575953,967038
12726,6727783614046,6727784581176,967130
12727,6727784608824,6727785575955,967131
12728,6727785613936,6727786580881,966945
12729,6727786608640,6727787575660,967020
12730,6727787613789,6727788580346,966557
12731,6727788608586,6727789575531,966945
12732,6727789613735,6727790581866,968131
12733,6727790608440,6727791575496,967056
12734,6727791613570,6727792580163,966593
12735,6727792608404,6727793575108,966704
12736,6727793613479,6727794580109,966630
12737,6727794608220,6727795575184,966964
12738,6727795613332,6727796579703,966371
12739,6727796608129,6727797575222,967093
12740,6727797613223,6727798579945,966722
12741,6727798607964,6727799575187,967223
12742,6727799613150,6727800581336,968186
12743,6727800607910,6727801574725,966815
12744,6727801612966,6727802579930,966964
12745,6727802607763,6727803574542,966779
12746,6727803612894,6727804579061,966167
12747,6727804607654,6727805574562,966908
12748,6727805612784,6727806579970,967186
12749,6727806607507,6727807574378,966871
12750,6727807612637,6727808579823,967186
12751,6727808607527,6727809574157,966630
12752,6727809612546,6727810580639,968093
12753,6727810607288,6727811573992,966704
12754,6727811612455,6727812579067,966612
12755,6727812607196,6727813574364,967168
12756,6727813612308,6727814579013,966705
12757,6727814607087,6727815573458,966371
12758,6727815612217,6727816578588,966371
12759,6727816606996,6727817573607,966611
12760,6727817612089,6727818578756,966667
12761,6727818606849,6727819573646,966797
12762,6727819611961,6727820578943,966982
12763,6727820606739,6727821573684,966945
12764,6727821611870,6727822578685,966815
12765,6727822606611,6727823573297,966686
12766,6727823611741,6727824578038,966297
12767,6727824606520,6727825573335,966815
12768,6727825611613,6727826578207,966594
12769,6727826606392,6727827572578,966186
12770,6727827611522,6727828578078,966556
12771,6727828606264,6727829573320,967056
12772,6727829611394,6727830578913,967519
12773,6727830606172,6727831573044,966872
12774,6727831611266,6727832577563,966297
12775,6727832606063,6727833573045,966982
12776,6727833611193,6727834577953,966760
12777,6727834605879,6727835572991,967112
12778,6727835611046,6727836577640,966594
12779,6727836605806,6727837572381,966575
12780,6727837610937,6727838577734,966797
12781,6727838605678,6727839572346,966668
12782,6727839610827,6727840578272,967445
12783,6727840605643,6727841571977,966334
12784,6727841610699,6727842577496,966797
12785,6727842605459,6727843572330,966871
12786,6727843610608,6727844578997,968389
12787,6727844605312,6727845573313,968001
12788,6727845610480,6727846579517,969037
12789,6727846605240,6727847572259,967019
12790,6727847610351,6727848576963,966612
12791,6727848605148,6727849572557,967409
12792,6727849610242,6727850577502,967260
12793,6727850605020,6727851571743,966723
12794,6727851610151,6727852576614,966463
12795,6727852604948,6727853571374,966426
12796,6727853610004,6727854576894,966890
12797,6727854604764,6727855571561,966797
12798,6727855609894,6727856576432,966538
12799,6727856604654,6727857571711,967057
12800,6727857609785,6727858576674,966889
12801,6727858604563,6727859571453,966890
12802,6727859609675,6727860577102,967427
12803,6727860604491,6727861571473,966982
12804,6727861609565,6727862576548,966983
12805,6727862604307,6727863571030,966723
12806,6727863609437,6727864588308,978871
12807,6727864604530,6727865595383,990853
12808,6727865604568,6727866596884,992316
12809,6727866604587,6727867598792,994205
12810,6727867604514,6727868596719,992205
12811,6727868604626,6727869596127,991501
12812,6727869604386,6727870597498,993112
12813,6727870604090,6727871594702,990612
12814,6727871604276,6727872596962,992686
12815,6727872604240,6727873598241,994001
12816,6727873604278,6727874596667,992389
12817,6727874603853,6727875595501,991648
12818,6727875604001,6727876586095,982094
12819,6727876603724,6727877571633,967909
12820,6727877608744,6727878576337,967593
12821,6727878603485,6727879570782,967297
12822,6727879608560,6727880577079,968519
12823,6727880603431,6727881570654,967223
12824,6727881608469,6727882576062,967593
12825,6727882603210,6727883570007,966797
12826,6727883608359,6727884575249,966890
12827,6727884603082,6727885570675,967593
12828,6727885608231,6727886575695,967464
12829,6727886602972,6727887570214,967242
12830,6727887608103,6727888575270,967167
12831,6727888602918,6727889570234,967316
12832,6727889608012,6727890575698,967686
12833,6727890602735,6727891570569,967834
12834,6727891607865,6727892575088,967223
12835,6727892602662,6727893570218,967556
12836,6727893607774,6727894575200,967426
12837,6727894602534,6727895569794,967260
12838,6727895607664,6727896574943,967279
12839,6727896602424,6727897569462,967038
12840,6727897607554,6727898574500,966946
12841,6727898602314,6727899569334,967020
12842,6727899607408,6727900574168,966760
12843,6727900602205,6727901570224,968019
12844,6727901607335,6727902574595,967260
12845,6727902602058,6727903569337,967279
12846,6727903607170,6727904574041,966871
12847,6727904601948,6727905569301,967353
12848,6727905607097,6727906573839,966742
12849,6727906601820,6727907568932,967112
12850,6727907606951,6727908574007,967056
12851,6727908601748,6727909569637,967889
12852,6727909606859,6727910574305,967446
12853,6727910601601,6727911569268,967667
12854,6727911606787,6727912574139,967352
12855,6727912601528,6727913568844,967316
12856,6727913606603,6727914574345,967742
12857,6727914601382,6727915568475,967093
12858,6727915606531,6727916573828,967297
12859,6727916601272,6727917568532,967260
12860,6727917606384,6727918573903,967519
12861,6727918601144,6727919567922,966778
12862,6727919606256,6727920573738,967482
12863,6727920601034,6727921568127,967093
12864,6727921606146,6727922573295,967149
12865,6727922600887,6727923568147,967260
12866,6727923605999,6727924573000,967001
12867,6727924600833,6727925568390,967557
12868,6727925605927,6727926573187,967260
12869,6727926600705,6727927567298,966593
12870,6727927605799,6727928573207,967408
12871,6727928600614,6727929568318,967704
12872,6727929605763,6727930573319,967556
12873,6727930600449,6727931569098,968649
12874,6727931605561,6727932572765,967204
12875,6727932600321,6727933567803,967482
12876,6727933605488,6727934572489,967001
12877,6727934600192,6727935566878,966686
12878,6727935605323,6727936572083,966760
12879,6727936600083,6727937567806,967723
12880,6727937605213,6727938572529,967316
12881,6727938599973,6727939567363,967390
12882,6727939605104,6727940571567,966463
12883,6727940599864,6727941568142,968278
12884,6727941605012,6727942572402,967390
12885,6727942599735,6727943567051,967316
12886,6727943604829,6727944571903,967074
12887,6727944599644,6727945566960,967316
12888,6727945604756,6727946572072,967316
12889,6727946599479,6727947566646,967167
12890,6727947604665,6727948571369,966704
12891,6727948599425,6727949566592,967167
12892,6727949604537,6727950571649,967112
12893,6727950599278,6727951567390,968112
12894,6727951604427,6727952571483,967056
12895,6727952599187,6727953566188,967001
12896,6727953604317,6727954571485,967168
12897,6727954599040,6727955566337,967297
12898,6727955604171,6727956570986,966815
12899,6727956598949,6727957566376,967427
12900,6727957604080,6727958571451,967371
12901,6727958598821,6727959566081,967260
12902,6727959603951,6727960570841,966890
12903,6727960598748,6727961566157,967409
12904,6727961603823,6727962571157,967334
12905,6727962598565,6727963565806,967241
12906,6727963603714,6727964571214,967500
12907,6727964598511,6727965566048,967537
12908,6727965603604,6727966571216,967612
12909,6727966598382,6727967565457,967075
12910,6727967603494,6727968570791,967297
12911,6727968598236,6727969565773,967537
12912,6727969603385,6727970570608,967223
12913,6727970598163,6727971566442,968279
12914,6727971603238,6727972569776,966538
12915,6727972598035,6727973565480,967445
12916,6727973603165,6727974570722,967557
12917,6727974597907,6727975564722,966815
12918,6727975603037,6727976570593,967556
12919,6727976597834,6727977565335,967501
12920,6727977602890,6727978570447,967557
12921,6727978597669,6727979565058,967389
12922,6727979602836,6727980569467,966631
12923,6727980597559,6727981566097,968538
12924,6727981602727,6727982570153,967426
12925,6727982597431,6727983564802,967371
12926,6727983602561,6727984569747,967186
12927,6727984597358,6727985564970,967612
12928,6727985602452,6727986569601,967149
12929,6727986597193,6727987564620,967427
12930,6727987602342,6727988569306,966964
12931,6727988597139,6727989564732,967593
12932,6727989602214,6727990569455,967241
12933,6727990596974,6727991565456,968482
12934,6727991602141,6727992592161,990020
12935,6727992597086,6727993595309,998223
12936,6727993598772,6727994596458,997686
12937,6727994599458,6727995595107,995649
12938,6727995598607,6727996594867,996260
12939,6727996598756,6727997592220,993464
12940,6727997597053,6727998593517,996464
12941,6727998597313,6727999594147,996834
12942,6727999597832,6728000592852,995020
12943,6728000596833,6728001593204,996371
12944,6728001596612,6728002592131,995519
12945,6728002596797,6728003594132,997335
12946,6728003598039,6728004592317,994278
12947,6728004596651,6728005592485,995834
12948,6728005596596,6728006594374,997778
12949,6728006598282,6728007594468,996186
12950,6728007598283,6728008593654,995371
12951,6728008597894,6728009594636,996742
12952,6728009597951,6728010594007,996056
12953,6728010597840,6728011593304,995464
12954,6728011596823,6728012591953,995130
12955,6728012595916,6728013592787,996871
12956,6728013596305,6728014590436,994131
12957,6728014596047,6728015592622,996575
12958,6728015596159,6728016591845,995686
12959,6728016596197,6728017594197,998000
12960,6728017597660,6728018593735,996075
12961,6728018597568,6728019593958,996390
12962,6728019597551,6728020593033,995482
12963,6728020596977,6728021593034,996057
12964,6728021595848,6728022590886,995038
12965,6728022595590,6728023592016,996426
12966,6728023595942,6728024591980,996038
12967,6728024595888,6728025590314,994426
12968,6728025595370,6728026589296,993926
12969,6728026595315,6728027590927,995612
12970,6728027595279,6728028592353,997074
12971,6728028596483,6728029591428,994945
12972,6728029595150,6728030590707,995557
12973,6728030595133,6728031593263,998130
12974,6728031597096,6728032590856,993760
12975,6728032595523,6728033590505,994982
12976,6728033594950,6728034591376,996426
12977,6728034595043,6728035591581,996538
12978,6728035595340,6728036588359,993019
12979,6728036594711,6728037589693,994982
12980,6728037594860,6728038592083,997223
12981,6728038595601,6728039591991,996390
12982,6728039595806,6728040592214,996408
12983,6728040594955,6728041593178,998223
12984,6728041596789,6728042593882,997093
12985,6728042596901,6728043592142,995241
12986,6728043595679,6728044590013,994334
12987,6728044594402,6728045589884,995482
12988,6728045594310,6728046590478,996168
12989,6728046594404,6728047591367,996963
12990,6728047594238,6728048587979,993741
12991,6728048594183,6728049594258,1000075
12992,6728049596591,6728050592943,996352
12993,6728050596832,6728051592463,995631
12994,6728051595852,6728052591704,995852
12995,6728052595538,6728053590149,994611
12996,6728053594223,6728054588372,994149
12997,6728054593706,6728055591373,997667
12998,6728055595317,6728056591503,996186
12999,6728056595818,6728057590689,994871
13000,6728057594356,6728058589634,995278
13001,6728058593505,6728059587302,993797
13002,6728059593413,6728060592043,998630
13003,6728060595673,6728061594007,998334
13004,6728061596970,6728062594137,997167
13005,6728062597860,6728063593971,996111
13006,6728063597934,6728064592102,994168
13007,6728064596065,6728065597732,1001667
13008,6728065601565,6728066598622,997057
13009,6728066602548,6728067596715,994167
13010,6728067600160,6728068595920,995760
13011,6728068600105,6728069593754,993649
13012,6728069597235,6728070591699,994464
13013,6728070595421,6728071594181,998760
13014,6728071598255,6728072593867,995612
13015,6728072598311,6728073593275,994964
13016,6728073596590,6728074593887,997297
13017,6728074597072,6728075592314,995242
13018,6728075596276,6728076591944,995668
13019,6728076596444,6728077590722,994278
13020,6728077594093,6728078590630,996537
13021,6728078594408,6728079592002,997594
13022,6728079595428,6728080589873,994445
13023,6728080594095,6728081590447,996352
13024,6728081593873,6728082593078,999205
13025,6728082595578,6728083592134,996556
13026,6728083595912,6728084592061,996149
13027,6728084595672,6728085590969,995297
13028,6728085594339,6728086590859,996520
13029,6728086594747,6728087592433,997686
13030,6728087594748,6728088590286,995538
13031,6728088594490,6728089588861,994371
13032,6728089592398,6728090586991,994593
13033,6728090591695,6728091590751,999056
13034,6728091594807,6728092591307,996500
13035,6728092593974,6728093590401,996427
13036,6728093594178,6728094589290,995112
13037,6728094592827,6728095587995,995168
13038,6728095591643,6728096588088,996445
13039,6728096592570,6728097585274,992704
13040,6728097591274,6728098590312,999038
13041,6728098592645,6728099589609,996964
13042,6728099593220,6728100585146,991926
13043,6728100591276,6728101589555,998279
13044,6728101593462,6728102588518,995056
13045,6728102592074,6728103587389,995315
13046,6728103591204,6728104586279,995075
13047,6728104591020,6728105586243,995223
13048,6728105590891,6728106587521,996630
13049,6728106591725,6728107587059,995334
13050,6728107590670,6728108574689,984019
13051,6728108590412,6728109558949,968537
13052,6728109595431,6728110563320,967889
13053,6728110590154,6728111559673,969519
13054,6728111595377,6728112562303,966926
13055,6728112590044,6728113557971,967927
13056,6728113595137,6728114563027,967890
13057,6728114589860,6728115557546,967686
13058,6728115595028,6728116562158,967130
13059,6728116589769,6728117557307,967538
13060,6728117594881,6728118562252,967371
13061,6728118589678,6728119557420,967742
13062,6728119594753,6728120562124,967371
13063,6728120589568,6728121557180,967612
13064,6728121594717,6728122562162,967445
13065,6728122589422,6728123556756,967334
13066,6728123594571,6728124561479,966908
13067,6728124589312,6728125557257,967945
13068,6728125594424,6728126561517,967093
13069,6728126589184,6728127556462,967278
13070,6728127594333,6728128560963,966630
13071,6728128589111,6728129555945,966834
13072,6728129594205,6728130561428,967223
13073,6728130588965,6728131556891,967926
13074,6728131594113,6728132561262,967149
13075,6728132588855,6728133556300,967445
13076,6728133594004,6728134561153,967149
13077,6728134588764,6728135555727,966963
13078,6728135593857,6728136561321,967464
13079,6728136588636,6728137556081,967445
13080,6728137593766,6728138561007,967241
13081,6728138588489,6728139555045,966556
13082,6728139593638,6728140561027,967389
13083,6728140588398,6728141556806,968408
13084,6728141593528,6728142560936,967408
13085,6728142588325,6728143555363,967038
13086,6728143593400,6728144561030,967630
13087,6728144588197,6728145556568,968371
13088,6728145593309,6728146560439,967130
13089,6728146588050,6728147555366,967316
13090,6728147593162,6728148560978,967816
13091,6728148587978,6728149555849,967871
13092,6728149593071,6728150560868,967797
13093,6728150587831,6728151555147,967316
13094,6728151592943,6728152560851,967908
13095,6728152587740,6728153555537,967797
13096,6728153592852,6728154559001,966149
13097,6728154587612,6728155555075,967463
13098,6728155592724,6728156560021,967297
13099,6728156587502,6728157553429,965927
13100,6728157592632,6728158560040,967408
13101,6728158587374,6728159554393,967019
13102,6728159592467,6728160564357,971890
13103,6728160587264,6728161555895,968631
13104,6728161592395,6728162560025,967630
13105,6728162587117,6728163553433,966316
13106,6728163592248,6728164560619,968371
13107,6728164587026,6728165554249,967223
13108,6728165592138,6728166559435,967297
13109,6728166586880,6728167554417,967537
13110,6728167592010,6728168559437,967427
13111,6728168586789,6728169553567,966778
13112,6728169591919,6728170559308,967389
13113,6728170586660,6728171554494,967834
13114,6728171591791,6728172559328,967537
13115,6728172586551,6728173553977,967426
13116,6728173591663,6728174559015,967352
13117,6728174586423,6728175553238,966815
13118,6728175591516,6728176564739,973223
13119,6728176586331,6728177554814,968483
13120,6728177591443,6728178559944,968501
13121,6728178586185,6728179554778,968593
13122,6728179591315,6728180559705,968390
13123,6728180586094,6728181553816,967722
13124,6728181591224,6728182558243,967019
13125,6728182585947,6728183553151,967204
13126,6728183591077,6728184558819,967742
13127,6728184585837,6728185552690,966853
13128,6728185591023,6728186558265,967242
13129,6728186585690,6728187552784,967094
13130,6728187590839,6728188559618,968779
13131,6728188585636,6728189553174,967538
13132,6728189590748,6728190558101,967353
13133,6728190585490,6728191553416,967926
13134,6728191590620,6728192558621,968001
13135,6728192585417,6728193552621,967204
13136,6728193590547,6728194557844,967297
13137,6728194585270,6728195552753,967483
13138,6728195590438,6728196558290,967852
13139,6728196585179,6728197552550,967371
13140,6728197590291,6728198557718,967427
13141,6728198585051,6728199551737,966686
13142,6728199590181,6728200558923,968742
13143,6728200584960,6728201553053,968093
13144,6728201590109,6728202557276,967167
13145,6728202584813,6728203551907,967094
13146,6728203589925,6728204558741,968816
13147,6728204584759,6728205552167,967408
13148,6728205589834,6728206557112,967278
13149,6728206584612,6728207551761,967149
13150,6728207589724,6728208557910,968186
13151,6728208584503,6728209551744,967241
13152,6728209589615,6728210556375,966760
13153,6728210584375,6728211552338,967963
13154,6728211589505,6728212558098,968593
13155,6728212584209,6728213550988,966779
13156,6728213589358,6728214556526,967168
13157,6728214584137,6728215551267,967130
13158,6728215589249,6728216559249,970000
13159,6728216584009,6728217552343,968334
13160,6728217589139,6728218556658,967519
13161,6728218583880,6728219551029,967149
13162,6728219589011,6728220559011,970000
13163,6728220583789,6728221551771,967982
13164,6728221588920,6728222556439,967519
13165,6728222583680,6728223551106,967426
13166,6728223588810,6728224559329,970519
13167,6728224583588,6728225550719,967131
13168,6728225588700,6728226555960,967260
13169,6728226583460,6728227550683,967223
13170,6728227588572,6728228557684,969112
13171,6728228583351,6728229550574,967223
13172,6728229588462,6728230555963,967501
13173,6728230583222,6728231550760,967538
13174,6728231588316,6728232556742,968426
13175,6728232583131,6728233550076,966945
13176,6728233588262,6728234555929,967667
13177,6728234582966,6728235550263,967297
13178,6728235588115,6728236581597,993482
13179,6728236585394,6728237578431,993037
13180,6728237583302,6728238576247,992945
13181,6728238583284,6728239575470,992186
13182,6728239583044,6728240567026,983982
13183,6728240582804,6728241553397,970593
13184,6728241587823,6728242555935,968112
13185,6728242582546,6728243550287,967741
13186,6728243587695,6728244558196,970501
13187,6728244582455,6728245550030,967575
13188,6728245587567,6728246555475,967908
13189,6728246582327,6728247547790,965463
13190,6728247587439,6728248555995,968556
13191,6728248582236,6728249549236,967000
13192,6728249587366,6728250554922,967556
13193,6728250582107,6728251549404,967297
13194,6728251587219,6728252555701,968482
13195,6728252581887,6728253549535,967648
13196,6728253587110,6728254553610,966500
13197,6728254581870,6728255549481,967611
13198,6728255587018,6728256556612,969594
13199,6728256581760,6728257549483,967723
13200,6728257586890,6728258554595,967705
13201,6728258581650,6728259548855,967205
13202,6728259586781,6728260555207,968426
13203,6728260581541,6728261548430,966889
13204,6728261586652,6728262554227,967575
13205,6728262581431,6728263549061,967630
13206,6728263586524,6728264554914,968390
13207,6728264581321,6728265548803,967482
13208,6728265586433,6728266553730,967297
13209,6728266581175,6728267548546,967371
13210,6728267586342,6728268555195,968853
13211,6728268581083,6728269548029,966946
13212,6728269586214,6728270553807,967593
13213,6728270580955,6728271547974,967019
13214,6728271586086,6728272554290,968204
13215,6728272580846,6728273548735,967889
13216,6728273585976,6728274553291,967315
13217,6728274580717,6728275548070,967353
13218,6728275585848,6728276553423,967575
13219,6728276580608,6728277548201,967593
13220,6728277585738,6728278552739,967001
13221,6728278580498,6728279548054,967556
13222,6728279585610,6728280554351,968741
13223,6728280580370,6728281547834,967464
13224,6728281585519,6728282554075,968556
13225,6728282580242,6728283547613,967371
13226,6728283585354,6728284555021,969667
13227,6728284580114,6728285547614,967500
13228,6728285585262,6728286552726,967464
13229,6728286579985,6728287546597,966612
13230,6728287585153,6728288554209,969056
13231,6728288579894,6728289547228,967334
13232,6728289585006,6728290551933,966927
13233,6728290579785,6728291546915,967130
13234,6728291584896,6728292559397,974501
13235,6728292579693,6728293547657,967964
13236,6728293584787,6728294552250,967463
13237,6728294579547,6728295547103,967556
13238,6728295584659,6728296557770,973111
13239,6728296579437,6728297547104,967667
13240,6728297584549,6728298552253,967704
13241,6728298579309,6728299546513,967204
13242,6728299584439,6728300553366,968927
13243,6728300579199,6728301546959,967760
13244,6728301584330,6728302552682,968352
13245,6728302579127,6728303547127,968000
13246,6728303584239,6728304552313,968074
13247,6728304578980,6728305546684,967704
13248,6728305584129,6728306551241,967112
13249,6728306578833,6728307546612,967779
13250,6728307583982,6728308552890,968908
13251,6728308578742,6728309546502,967760
13252,6728309583873,6728310551836,967963
13253,6728310578632,6728311546392,967760
13254,6728311583726,6728312553597,969871
13255,6728312578541,6728313546505,967964
13256,6728313583672,6728314551580,967908
13257,6728314578395,6728315546377,967982
13258,6728315583544,6728316557655,974111
13259,6728316578322,6728317546267,967945
13260,6728317583415,6728318551657,968242
13261,6728318578157,6728319545917,967760
13262,6728319583287,6728320553825,970538
13263,6728320578047,6728321545955,967908
13264,6728321583215,6728322551530,968315
13265,6728322577993,6728323545864,967871
13266,6728323583068,6728324555124,972056
13267,6728324577846,6728325545940,968094
13268,6728325582958,6728326550811,967853
13269,6728326577718,6728327544849,967131
13270,6728327582830,6728328551923,969093
13271,6728328577590,6728329545331,967741
13272,6728329582776,6728330550332,967556
13273,6728330577480,6728331544944,967464
13274,6728331582611,6728332554389,971778
13275,6728332577389,6728333545557,968168
13276,6728333582501,6728334550372,967871
13277,6728334577261,6728335545521,968260
13278,6728335582391,6728336550614,968223
13279,6728336577151,6728337544578,967427
13280,6728337582282,6728338549912,967630
13281,6728338577042,6728339544061,967019
13282,6728339582154,6728340549173,967019
13283,6728340576951,6728341544544,967593
13284,6728341582062,6728342549674,967612
13285,6728342576822,6728343544434,967612
13286,6728343581916,6728344549231,967315
13287,6728344576694,6728345544158,967464
13288,6728345581825,6728346549270,967445
13289,6728346576566,6728347544048,967482
13290,6728347581715,6728348552142,970427
13291,6728348576456,6728349543383,966927
13292,6728349581642,6728350549939,968297
13293,6728350576365,6728351543422,967057
13294,6728351581514,6728352550644,969130
13295,6728352576237,6728353543312,967075
13296,6728353581386,6728354549053,967667
13297,6728354576146,6728355543128,966982
13298,6728355581239,6728356549036,967797
13299,6728356576018,6728357543741,967723
13300,6728357581148,6728358548445,967297
13301,6728358575890,6728359543316,967426
13302,6728359581020,6728360558298,977278
13303,6728360576039,6728361544484,968445
13304,6728361580966,6728362549467,968501
13305,6728362575689,6728363542393,966704
13306,6728363580782,6728364547468,966686
13307,6728364576079,6728365571117,995038
13308,6728365575895,6728366568507,992612
13309,6728366575932,6728367568952,993020
13310,6728367575822,6728368571175,995353
13311,6728368575508,6728369566916,991408
13312,6728369575638,6728370569121,993483
13313,6728370575658,6728371571806,996148
13314,6728371575362,6728372572196,996834
13315,6728372575900,6728373567789,991889
13316,6728373575438,6728374568975,993537
13317,6728374575457,6728375569550,994093
13318,6728375575383,6728376570810,995427
13319,6728376575255,6728377568181,992926
13320,6728377575311,6728378568034,992723
13321,6728378575219,6728379567109,991890
13322,6728379575164,6728380569517,994353
13323,6728380575109,6728381567758,992649
13324,6728381575054,6728382568555,993501
13325,6728382574907,6728383567241,992334
13326,6728383574908,6728384569890,994982
13327,6728384574946,6728385568039,993093
13328,6728385574780,6728386571354,996574
13329,6728386574891,6728387569911,995020
13330,6728387574633,6728388567782,993149
13331,6728388574615,6728389567412,992797
13332,6728389574542,6728390569431,994889
13333,6728390574524,6728391566877,992353
13334,6728391574525,6728392573081,998556
13335,6728392575729,6728393569119,993390
13336,6728393574100,6728394566471,992371
13337,6728394574231,6728395566935,992704
13338,6728395574305,6728396568676,994371
13339,6728396573880,6728397563214,989334
13340,6728397574085,6728398566696,992611
13341,6728398574104,6728399566456,992352
13342,6728399574123,6728400570568,996445
13343,6728400574013,6728401567476,993463
13344,6728401573680,6728402566255,992575
13345,6728402573848,6728403567237,993389
13346,6728403573811,6728404570201,996390
13347,6728404574645,6728405568739,994094
13348,6728405573665,6728406565758,992093
13349,6728406573406,6728407566147,992741
13350,6728407573536,6728408558241,984705
13351,6728408573222,6728409540593,967371
13352,6728409578241,6728410544816,966575
13353,6728410572946,6728411539873,966927
13354,6728411578113,6728412546781,968668
13355,6728412572855,6728413539467,966612
13356,6728413578004,6728414544671,966667
13357,6728414572764,6728415538950,966186
13358,6728415577857,6728416544839,966982
13359,6728416572617,6728417539692,967075
13360,6728417577766,6728418544489,966723
13361,6728418572526,6728419538749,966223
13362,6728419577619,6728420544379,966760
13363,6728420572435,6728421538565,966130
13364,6728421577528,6728422545418,967890
13365,6728422572232,6728423538733,966501
13366,6728423577381,6728424545789,968408
13367,6728424572197,6728425538735,966538
13368,6728425577272,6728426544309,967037
13369,6728426572032,6728427538958,966926
13370,6728427577181,6728428544755,967574
13371,6728428571922,6728429538886,966964
13372,6728429577108,6728430543257,966149
13373,6728430571794,6728431538554,966760
13374,6728431576961,6728432543480,966519
13375,6728432571703,6728433538185,966482
13376,6728433576833,6728434543500,966667
13377,6728434571574,6728435538575,967001
13378,6728435576705,6728436542928,966223
13379,6728436571465,6728437537780,966315
13380,6728437576558,6728438543114,966556
13381,6728438571318,6728439537967,966649
13382,6728439576467,6728440542838,966371
13383,6728440571320,6728441537820,966500
13384,6728441576413,6728442543451,967038
13385,6728442571136,6728443537637,966501
13386,6728443576248,6728444542711,966463
13387,6728444571008,6728445537545,966537
13388,6728445576120,6728446542824,966704
13389,6728446570898,6728447537436,966538
13390,6728447576010,6728448541992,965982
13391,6728448570807,6728449537326,966519
13392,6728449575882,6728450542179,966297
13393,6728450570642,6728451536976,966334
13394,6728451575791,6728452543310,967519
13395,6728452570551,6728453537403,966852
13396,6728453575662,6728454542441,966779
13397,6728454570404,6728455536979,966575
13398,6728455575534,6728456542220,966686
13399,6728456570313,6728457536943,966630
13400,6728457575480,6728458542240,966760
13401,6728458570222,6728459536815,966593
13402,6728459575333,6728460541686,966353
13403,6728460570038,6728461536724,966686
13404,6728461575205,6728462542632,967427
13405,6728462569965,6728463536651,966686
13406,6728463575077,6728464541281,966204
13407,6728464569856,6728465536504,966648
13408,6728465574986,6728466541431,966445
13409,6728466569690,6728467536006,966316
13410,6728467574839,6728468540710,965871
13411,6728468569599,6728469536174,966575
13412,6728469574711,6728470541304,966593
13413,6728470569490,6728471535620,966130
13414,6728471574601,6728472542509,967908
13415,6728472569398,6728473537232,967834
13416,6728473574473,6728474541104,966631
13417,6728474569233,6728475535715,966482
13418,6728475574364,6728476540957,966593
13419,6728476569142,6728477535883,966741
13420,6728477574254,6728478540773,966519
13421,6728478569051,6728479535755,966704
13422,6728479574144,6728480539904,965760
13423,6728480568941,6728481535516,966575
13424,6728481574035,6728482541758,967723
13425,6728482568850,6728483535351,966501
13426,6728483573925,6728484557055,983130
13427,6728484569222,6728485566723,997501
13428,6728485570426,6728486563575,993149
13429,6728486569094,6728487562224,993130
13430,6728487568706,6728488560169,991463
13431,6728488568984,6728489563837,994853
13432,6728489568800,6728490563023,994223
13433,6728490568837,6728491562764,993927
13434,6728491568746,6728492567506,998760
13435,6728492570191,6728493559414,989223
13436,6728493568469,6728494560951,992482
13437,6728494568563,6728495562008,993445
13438,6728495568434,6728496563638,995204
13439,6728496568416,6728497560380,991964
13440,6728497568343,6728498560991,992648
13441,6728498568269,6728499562529,994260
13442,6728499568214,6728500564789,996575
13443,6728500569252,6728501561623,992371
13444,6728501568197,6728502561568,993371
13445,6728502568087,6728503561236,993149
13446,6728503568069,6728504560514,992445
13447,6728504568107,6728505561682,993575
13448,6728505567922,6728506560219,992297
13449,6728506567812,6728507561016,993204
13450,6728507567813,6728508560350,992537
13451,6728508567776,6728509561314,993538
13452,6728509567685,6728510561333,993648
13453,6728510567648,6728511559593,991945
13454,6728511567556,6728512562020,994464
13455,6728512567613,6728513559447,991834
13456,6728513567502,6728514560836,993334
13457,6728514567096,6728515560207,993111
13458,6728515567356,6728516560634,993278
13459,6728516567356,6728517561505,994149
13460,6728517567246,6728518561580,994334
13461,6728518567247,6728519560210,992963
13462,6728519567136,6728520561322,994186
13463,6728520567044,6728521561878,994834
13464,6728521566990,6728522561398,994408
13465,6728522566657,6728523558510,991853
13466,6728523566843,6728524557455,990612
13467,6728524566584,6728525535418,968834
13468,6728525572659,6728526539734,967075
13469,6728526566364,6728527534420,968056
13470,6728527572216,6728528537958,965742
13471,6728528566143,6728529531810,965667
13472,6728529571366,6728530535681,964315
13473,6728530566089,6728531531904,965815
13474,6728531571238,6728532536683,965445
13475,6728532565979,6728533533035,967056
13476,6728533571128,6728534538740,967612
13477,6728534565925,6728535533889,967964
13478,6728535571296,6728536538093,966797
13479,6728536565723,6728537531909,966186
13480,6728537571279,6728538536261,964982
13481,6728538565557,6728539532688,967131
13482,6728539570780,6728540539170,968390
13483,6728540565540,6728541533597,968057
13484,6728541571041,6728542538505,967464
13485,6728542565357,6728543530728,965371
13486,6728543570450,6728544536951,966501
13487,6728544565080,6728545530785,965705
13488,6728545570340,6728546537860,967520
13489,6728546565137,6728547531360,966223
13490,6728547570268,6728548536917,966649
13491,6728548565065,6728549533399,968334
13492,6728549570677,6728550538344,967667
13493,6728550564955,6728551533085,968130
13494,6728551571400,6728552537920,966520
13495,6728552564827,6728553530068,965241
13496,6728553570013,6728554534810,964797
13497,6728554564625,6728555531385,966760
13498,6728555569829,6728556535348,965519
13499,6728556564626,6728557530516,965890
13500,6728557569756,6728558534720,964964
13501,6728558564387,6728559531888,967501
13502,6728559569610,6728560537722,968112
13503,6728560564388,6728561531389,967001
13504,6728561569519,6728562537019,967500
13505,6728562564130,6728563530353,966223
13506,6728563569372,6728564535280,965908
13507,6728564564095,6728565532410,968315
13508,6728565570225,6728566538559,968334
13509,6728566563819,6728567530116,966297
13510,6728567569116,6728568529802,960686
13511,6728568568876,6728569520321,951445
13512,6728569568691,6728570520155,951464
13513,6728570568636,6728571519878,951242
13514,6728571568619,6728572520378,951759
13515,6728572568490,6728573519750,951260
13516,6728573568453,6728574519528,951075
13517,6728574568398,6728575519677,951279
13518,6728575568325,6728576519326,951001
13519,6728576568270,6728577519123,950853
13520,6728577568215,6728578519475,951260
13521,6728578568142,6728579519087,950945
13522,6728579568106,6728580519958,951852
13523,6728580568032,6728581519811,951779
13524,6728581567959,6728582519682,951723
13525,6728582567904,6728583519146,951242
13526,6728583567831,6728584518591,950760
13527,6728584567813,6728585519036,951223
13528,6728585567758,6728586518666,950908
13529,6728586567722,6728587518760,951038
13530,6728587567649,6728588519298,951649
13531,6728588567612,6728589518743,951131
13532,6728589567502,6728590518447,950945
13533,6728590567447,6728591518485,951038
13534,6728591567392,6728592517949,950557
13535,6728592567375,6728593518968,951593
13536,6728593567338,6728594518357,951019
13537,6728594567246,6728595517821,950575
13538,6728595567192,6728596519063,951871
13539,6728596567118,6728597518174,951056
13540,6728597567082,6728598517934,950852
13541,6728598567009,6728599517954,950945
13542,6728599566954,6728600517491,950537
13543,6728600566917,6728601518177,951260
13544,6728601566844,6728602517752,950908
13545,6728602566808,6728603517994,951186
13546,6728603566716,6728604518587,951871
13547,6728604566661,6728605517736,951075
13548,6728605566606,6728606517922,951316
13549,6728606566551,6728607517663,951112
13550,6728607566478,6728608517423,950945
13551,6728608566442,6728609517498,951056
13552,6728609566368,6728610517351,950983
13553,6728610566332,6728611517425,951093
13554,6728611566370,6728612518463,952093
13555,6728612566204,6728613517871,951667
13556,6728613566131,6728614516928,950797
13557,6728614566076,6728615517095,951019
13558,6728615566002,6728616517559,951557
13559,6728616566003,6728617516652,950649
13560,6728617565911,6728618516690,950779
13561,6728618565856,6728619516727,950871
13562,6728619565820,6728620517543,951723
13563,6728620565728,6728621517562,951834
13564,6728621565673,6728622517119,951446
13565,6728622565619,6728623516304,950685
13566,6728623565564,6728624516601,951037
13567,6728624565509,6728625522250,956741
13568,6728625565769,6728626532714,966945
13569,6728626560566,6728627527437,966871
13570,6728627565659,6728628534123,968464
13571,6728628560456,6728629528531,968075
13572,6728629565550,6728630532643,967093
13573,6728630560328,6728631527532,967204
13574,6728631565440,6728632534237,968797
13575,6728632560200,6728633527201,967001
13576,6728633565312,6728634531887,966575
13577,6728634560072,6728635527165,967093
13578,6728635565202,6728636533592,968390
13579,6728636559981,6728637527704,967723
13580,6728637565111,6728638533260,968149
13581,6728638559852,6728639527798,967946
13582,6728639564964,6728640531983,967019
13583,6728640559761,6728641526651,966890
13584,6728641564892,6728642531892,967000
13585,6728642559596,6728643526560,966964
13586,6728643564745,6728644532968,968223
13587,6728644559523,6728645526506,966983
13588,6728645564635,6728646532117,967482
13589,6728646559395,6728647526526,967131
13590,6728647564489,6728648531249,966760
13591,6728648559267,6728649526212,966945
13592,6728649564434,6728650530769,966335
13593,6728650559176,6728651526232,967056
13594,6728651564269,6728652535363,971094
13595,6728652559066,6728653527456,968390
13596,6728653564178,6728654530994,966816
13597,6728654558901,6728655525568,966667
13598,6728655564031,6728656531921,967890
13599,6728656558828,6728657525218,966390
13600,6728657563922,6728658530682,966760
13601,6728658558700,6728659524923,966223
13602,6728659563812,6728660531887,968075
13603,6728660558609,6728661526499,967890
13604,6728661563740,6728662531925,968185
13605,6728662558481,6728663526871,968390
13606,6728663563556,6728664530316,966760
13607,6728664558371,6728665525539,967168
13608,6728665563483,6728666530780,967297
13609,6728666558243,6728667524448,966205
13610,6728667563355,6728668532448,969093
13611,6728668558171,6728669526134,967963
13612,6728669563227,6728670530413,967186
13613,6728670558024,6728671523969,965945
13614,6728671563136,6728672530525,967389
13615,6728672557914,6728673524989,967075
13616,6728673563063,6728674530397,967334
13617,6728674557805,6728675524546,966741
13618,6728675562916,6728676529695,966779
13619,6728676557695,6728677524103,966408
13620,6728677562788,6728678528252,965464
13621,6728678557530,6728679524401,966871
13622,6728679562641,6728680529253,966612
13623,6728680557457,6728681524384,966927
13624,6728681562587,6728682529162,966575
13625,6728682557310,6728683523570,966260
13626,6728683562441,6728684528627,966186
13627,6728684557275,6728685524035,966760
13628,6728685562350,6728686529295,966945
13629,6728686557110,6728687523999,966889
13630,6728687562221,6728688530352,968131
13631,6728688557000,6728689524445,967445
13632,6728689562112,6728690529705,967593
13633,6728690556835,6728691523798,966963
13634,6728691561984,6728692529484,967500
13635,6728692556762,6728693523263,966501
13636,6728693561874,6728694529004,967130
13637,6728694556652,6728695523116,966464
13638,6728695561783,6728696528376,966593
13639,6728696556561,6728697523229,966668
13640,6728697561673,6728698528507,966834
13641,6728698556415,6728699523193,966778
13642,6728699561526,6728700521342,959816
13643,6728700561509,6728701528361,966852
13644,6728701556380,6728702524417,968037
13645,6728702561362,6728703529344,967982
13646,6728703556177,6728704523493,967316
13647,6728704561271,6728705528216,966945
13648,6728705556012,6728706522513,966501
13649,6728706561143,6728707527384,966241
13650,6728707555866,6728708522440,966574
13651,6728708561070,6728709527960,966890
13652,6728709555774,6728710522627,966853
13653,6728710560923,6728711527942,967019
13654,6728711555646,6728712522536,966890
13655,6728712560851,6728713528981,968130
13656,6728713555555,6728714522500,966945
13657,6728714560667,6728715527427,966760
13658,6728715555445,6728716521372,965927
13659,6728716560576,6728717527669,967093
13660,6728717555336,6728718522003,966667
13661,6728718560429,6728719527208,966779
13662,6728719555208,6728720521875,966667
13663,6728720560338,6728721525968,965630
13664,6728721555098,6728722521691,966593
13665,6728722560228,6728723526655,966427
13666,6728723554970,6728724521359,966389
13667,6728724560137,6728725527434,967297
13668,6728725554860,6728726521657,966797
13669,6728726559953,6728727526769,966816
13670,6728727554769,6728728539807,985038
13671,6728728555566,6728729556344,1000778
13672,6728729560067,6728730555512,995445
13673,6728730559049,6728731556976,997927
13674,6728731560494,6728732556291,995797
13675,6728732560161,6728733556236,996075
13676,6728733559903,6728734556700,996797
13677,6728734560533,6728735555719,995186
13678,6728735559293,6728736556794,997501
13679,6728736560664,6728737557498,996834
13680,6728737560387,6728738556518,996131
13681,6728738560110,6728739556426,996316
13682,6728739560018,6728740563445,1003427
13683,6728740566890,6728741564372,997482
13684,6728741568057,6728742565224,997167
13685,6728742568817,6728743566762,997945
13686,6728743570318,6728744572337,1002019
13687,6728744571689,6728745566041,994352
13688,6728745569578,6728746566912,997334
13689,6728746570468,6728747572821,1002353
13690,6728747571506,6728748567099,995593
13691,6728748571377,6728749569729,998352
13692,6728749571563,6728750567138,995575
13693,6728750570656,6728751568064,997408
13694,6728751571564,6728752570676,999112
13695,6728752571583,6728753569584,998001
13696,6728753571399,6728754568659,997260
13697,6728754571400,6728755566956,995556
13698,6728755570234,6728756565975,995741
13699,6728756569475,6728757565457,995982
13700,6728757569161,6728758564458,995297
13701,6728758567921,6728759565737,997816
13702,6728759569718,6728760575571,1005853
13703,6728760559330,6728761563368,1004038
13704,6728761567257,6728762566165,998908
13705,6728762570239,6728763565814,995575
13706,6728763568962,6728764565277,996315
13707,6728764569444,6728765564908,995464
13708,6728765568778,6728766567908,999130
13709,6728766570612,6728767566391,995779
13710,6728767569780,6728768568669,998889
13711,6728768570540,6728769566392,995852
13712,6728769569300,6728770564800,995500
13713,6728770568319,6728771564245,995926
13714,6728771567912,6728772565117,997205
13715,6728772569024,6728773569154,1000130
13716,6728773570321,6728774565840,995519
13717,6728774569285,6728775567433,998148
13718,6728775570026,6728776574564,1004538
13719,6728776558305,6728777562176,1003871
13720,6728777566231,6728778561158,994927
13721,6728778564676,6728779561640,996964
13722,6728779565585,6728780560141,994556
13723,6728780564400,6728781563493,999093
13724,6728781567605,6728782563309,995704
13725,6728782566772,6728783565791,999019
13726,6728783569513,6728784566736,997223
13727,6728784569607,6728785565848,996241
13728,6728785569385,6728786568201,998816
13729,6728786569441,6728787564479,995038
13730,6728787567924,6728788563647,995723
13731,6728788567961,6728789562740,994779
13732,6728789565944,6728790562630,996686
13733,6728790566185,6728791561649,995464
13734,6728791565167,6728792565613,1000446
13735,6728792569298,6728793569465,1000167
13736,6728793569724,6728794565966,996242
13737,6728794569003,6728795565300,996297
13738,6728795568781,6728796567782,999001
13739,6728796568782,6728797562172,993390
13740,6728797565857,6728798561765,995908
13741,6728798565413,6728799560673,995260
13742,6728799564173,6728800559470,995297
13743,6728800563507,6728801559193,995686
13744,6728801562767,6728802558990,996223
13745,6728802562416,6728803563565,1001149
13746,6728803566658,6728804562343,995685
13747,6728804566529,6728805565566,999037
13748,6728805568400,6728806563363,994963
13749,6728806567345,6728807563142,995797
13750,6728807566494,6728808562143,995649
13751,6728808566661,6728809560569,993908
13752,6728809564292,6728810561089,996797
13753,6728810564940,6728811556367,991427
13754,6728811560163,6728812554034,993871
13755,6728812556701,6728813554054,997353
13756,6728813557535,6728814552721,995186
13757,6728814556147,6728815552722,996575
13758,6728815556407,6728816555352,998945
13759,6728816558130,6728817558557,1000427
13760,6728817561964,6728818558539,996575
13761,6728818562243,6728819558891,996648
13762,6728819562651,6728820559151,996500
13763,6728820563300,6728821557985,994685
13764,6728821561356,6728822556227,994871
13765,6728822559857,6728823564320,1004463
13766,6728823567505,6728824565969,998464
13767,6728824567339,6728825562211,994872
13768,6728825565748,6728826562989,997241
13769,6728826566896,6728827563916,997020
13770,6728827567175,6728828567731,1000556
13771,6728828566972,6728829564991,998019
13772,6728829567306,6728830565788,998482
13773,6728830567066,6728831561289,994223
13774,6728831564604,6728832552530,987926
13775,6728832557512,6728833525698,968186
13776,6728833548698,6728834515495,966797
13777,6728834553791,6728835520699,966908
13778,6728835548570,6728836514867,966297
13779,6728836553682,6728837520053,966371
13780,6728837548442,6728838514868,966426
13781,6728838553553,6728839520091,966538
13782,6728839548295,6728840514592,966297
13783,6728840553425,6728841520093,966668
13784,6728841548204,6728842514593,966389
13785,6728842553316,6728843521038,967722
13786,6728843548150,6728844516780,968630
13787,6728844553336,6728845520077,966741
13788,6728845547984,6728846519689,971705
13789,6728846548059,6728847514875,966816
13790,6728847553041,6728848519394,966353
13791,6728848547838,6728849514284,966446
13792,6728849552950,6728850519340,966390
13793,6728850547710,6728851514211,966501
13794,6728851552822,6728852518952,966130
13795,6728852547601,6728853515490,967889
13796,6728853552731,6728854519509,966778
13797,6728854547528,6728855514140,966612
13798,6728855552584,6728856518770,966186
13799,6728856547381,6728857513845,966464
13800,6728857552530,6728858519235,966705
13801,6728858547272,6728859514013,966741
13802,6728859552383,6728860518588,966205
13803,6728860547143,6728861513755,966612
13804,6728861552274,6728862518849,966575
13805,6728862547034,6728863514534,967500
13806,6728863552146,6728864518646,966500
13807,6728864546924,6728865513629,966705
13808,6728865552017,6728866518629,966612
13809,6728866546777,6728867513686,966909
13810,6728867551945,6728868518705,966760
13811,6728868546705,6728869513594,966889
13812,6728869551817,6728870518706,966889
13813,6728870546558,6728871513485,966927
13814,6728871551688,6728872518134,966446
13815,6728872546430,6728873514486,968056
13816,6728873551560,6728874518172,966612
13817,6728874546357,6728875512747,966390
13818,6728875551451,6728876517433,965982
13819,6728876546229,6728877512841,966612
13820,6728877551341,6728878517601,966260
13821,6728878546101,6728879512972,966871
13822,6728879551194,6728880517491,966297
13823,6728880545991,6728881512733,966742
13824,6728881551140,6728882517826,966686
13825,6728882545900,6728883513456,967556
13826,6728883551031,6728884517920,966889
13827,6728884545809,6728885512643,966834
13828,6728885550865,6728886517366,966501
13829,6728886545644,6728887512404,966760
13830,6728887550737,6728888517330,966593
13831,6728888545516,6728889512276,966760
13832,6728889550627,6728890517017,966390
13833,6728890545387,6728891511851,966464
13834,6728891550536,6728892516981,966445
13835,6728892545259,6728893512001,966742
13836,6728893550427,6728894516890,966463
13837,6728894545168,6728895511910,966742
13838,6728895550261,6728896516262,966001
13839,6728896545058,6728897511300,966242
13840,6728897550207,6728898516615,966408
13841,6728898544930,6728899511375,966445
13842,6728899550061,6728900516358,966297
13843,6728900544802,6728901511655,966853
13844,6728901549951,6728902516600,966649
13845,6728902544692,6728903512230,967538
13846,6728903549841,6728904515842,966001
13847,6728904544601,6728905511232,966631
13848,6728905549732,6728906516381,966649
13849,6728906544455,6728907511085,966630
13850,6728907549604,6728908517567,967963
13851,6728908544345,6728909512012,967667
13852,6728909549494,6728910516309,966815
13853,6728910544217,6728911510718,966501
13854,6728911549366,6728912516255,966889
13855,6728912544144,6728913512126,967982
13856,6728913549275,6728914515535,966260
13857,6728914544053,6728915510387,966334
13858,6728915549128,6728916515962,966834
13859,6728916543925,6728917510389,966464
13860,6728917549000,6728918515500,966500
13861,6728918543815,6728919510168,966353
13862,6728919548890,6728920515150,966260
13863,6728920543669,6728921510040,966371
13864,6728921548780,6728922515281,966501
13865,6728922543540,6728923510726,967186
13866,6728923548689,6728924514912,966223
13867,6728924543449,6728925511857,968408
13868,6728925548561,6728926515340,966779
13869,6728926543303,6728927509600,966297
13870,6728927548451,6728928518100,969649
13871,6728928543267,6728929510731,967464
13872,6728929548342,6728930514787,966445
13873,6728930543120,6728931509954,966834
13874,6728931548232,6728932515196,966964
13875,6728932542974,6728933510826,967852
13876,6728933548122,6728934514605,966483
13877,6728934542901,6728935509550,966649
13878,6728935547976,6728936515939,967963
13879,6728936542754,6728937510255,967501
13880,6728937547866,6728938515682,967816
13881,6728938542608,6728939509219,966611
13882,6728939547775,6728940515146,967371
13883,6728940542535,6728941509184,966649
13884,6728941547647,6728942514203,966556
13885,6728942542407,6728943509741,967334
13886,6728943547519,6728944514093,966574
13887,6728944542297,6728945508761,966464
13888,6728945547427,6728946513780,966353
13889,6728946542169,6728947508484,966315
13890,6728947547281,6728948515337,968056
13891,6728948542078,6728949509838,967760
13892,6728949547208,6728950513764,966556
13893,6728950541968,6728951508598,966630
13894,6728951547061,6728952513470,966409
13895,6728952541858,6728953508544,966686
13896,6728953546989,6728954513545,966556
13897,6728954541730,6728955508138,966408
13898,6728955546898,6728956513250,966352
13899,6728956541621,6728957507955,966334
13900,6728957546732,6728958512955,966223
13901,6728958541474,6728959507845,966371
13902,6728959546623,6728960512994,966371
13903,6728960541401,6728961507809,966408
13904,6728961546495,6728962512551,966056
13905,6728962541255,6728963508848,967593
13906,6728963546366,6728964514089,967723
13907,6728964541182,6728965508442,967260
13908,6728965546257,6728966513350,967093
13909,6728966541035,6728967507480,966445
13910,6728967546147,6728968513574,967427
13911,6728968540944,6728969507537,966593
13912,6728969546037,6728970512464,966427
13913,6728970540779,6728971507298,966519
13914,6728971545946,6728972512262,966316
13915,6728972540688,6728973508707,968019
13916,6728973545800,6728974512504,966704
13917,6728974540578,6728975506968,966390
13918,6728975545690,6728976527487,981797
13919,6728976540672,6728977537803,997131
13920,6728977540840,6728978540211,999371
13921,6728978542674,6728979539545,996871
13922,6728979543471,6728980538120,994649
13923,6728980541823,6728981538194,996371
13924,6728981541972,6728982537380,995408
13925,6728982540547,6728983539566,999019
13926,6728983541733,6728984539030,997297
13927,6728984543141,6728985537660,994519
13928,6728985541012,6728986537365,996353
13929,6728986541087,6728987537088,996001
13930,6728987540865,6728988536496,995631
13931,6728988540681,6728989535700,995019
13932,6728989540145,6728990538108,997963
13933,6728990541571,6728991537979,996408
13934,6728991541850,6728992526906,985056
13935,6728992539758,6728993508147,968389
13936,6728993544722,6728994511889,967167
13937,6728994539482,6728995506371,966889
13938,6728995544556,6728996512520,967964
13939,6728996539372,6728997506317,966945
13940,6728997544447,6728998511373,966926
13941,6728998539207,6728999505911,966704
13942,6728999544337,6729000510819,966482
13943,6729000539153,6729001505524,966371
13944,6729001544227,6729002510969,966742
13945,6729002539006,6729003505988,966982
13946,6729003544118,6729004511137,967019
13947,6729004538896,6729005505471,966575
13948,6729005544027,6729006510675,966648
13949,6729006538768,6729007505713,966945
13950,6729007543880,6729008510158,966278
13951,6729008538677,6729009505307,966630
13952,6729009543789,6729010510660,966871
13953,6729010538530,6729011505124,966594
13954,6729011543679,6729012510217,966538
13955,6729012538421,6729013505014,966593
13956,6729013543532,6729014510441,966909
13957,6729014538329,6729015504904,966575
13958,6729015543423,6729016509868,966445
13959,6729016538220,6729017504646,966426
13960,6729017543313,6729018509888,966575
13961,6729018538110,6729019504648,966538
13962,6729019543185,6729020511056,967871
13963,6729020537982,6729021505853,967871
13964,6729021543075,6729022510743,967668
13965,6729022537835,6729023504410,966575
13966,6729023542966,6729024511022,968056
13967,6729024537744,6729025505041,967297
13968,6729025542874,6729026509634,966760
13969,6729026537616,6729027504987,967371
13970,6729027542728,6729028509451,966723
13971,6729028537506,6729029503970,966464
13972,6729029542618,6729030509230,966612
13973,6729030537378,6729031503897,966519
13974,6729031542490,6729032510361,967871
13975,6729032537287,6729033504732,967445
13976,6729033542399,6729034509288,966889
13977,6729034537140,6729035504474,967334
13978,6729035542289,6729036509401,967112
13979,6729036537086,6729037503902,966816
13980,6729037542161,6729038509125,966964
13981,6729038536921,6729039503588,966667
13982,6729039542051,6729040510182,968131
13983,6729040536830,6729041504497,967667
13984,6729041541942,6729042508702,966760
13985,6729042536720,6729043503332,966612
13986,6729043541795,6729044509111,967316
13987,6729044536629,6729045503241,966612
13988,6729045541685,6729046508501,966816
13989,6729046536445,6729047503002,966557
13990,6729047541650,6729048509650,968000
13991,6729048536354,6729049503966,967612
13992,6729049541522,6729050508559,967037
13993,6729050536226,6729051504004,967778
13994,6729051541356,6729052508172,966816
13995,6729052536153,6729053503061,966908
13996,6729053541265,6729054509173,967908
13997,6729054536007,6729055502693,966686
13998,6729055541119,6729056509175,968056
13999,6729056535916,6729057503342,967426
14000,6729057540990,6729058507861,966871
14001,6729058535750,6729059503881,968131
14002,6729059540881,6729060508307,967426
14003,6729060535641,6729061502030,966389
14004,6729061540753,6729062507198,966445
14005,6729062535550,6729063502254,966704
14006,6729063540643,6729064509551,968908
14007,6729064535440,6729065502959,967519
14008,6729065540552,6729066507071,966519
14009,6729066535293,6729067502831,967538
14010,6729067540442,6729068506609,966167
14011,6729068535221,6729069501703,966482
14012,6729069540314,6729070506759,966445
14013,6729070535074,6729071501538,966464
14014,6729071540167,6729072507946,967779
14015,6729072534983,6729073502576,967593
14016,6729073540076,6729074507299,967223
14017,6729074534873,6729075501411,966538
14018,6729075539966,6729076507356,967390
14019,6729076534745,6729077501560,966815
14020,6729077539875,6729078506654,966779
14021,6729078534635,6729079501210,966575
14022,6729079539747,6729080508007,968260
14023,6729080534526,6729081502286,967760
14024,6729081539619,6729082506064,966445
14025,6729082534379,6729083502231,967852
14026,6729083539491,6729084506121,966630
14027,6729084534288,6729085500733,966445
14028,6729085539381,6729086505826,966445
14029,6729086534141,6729087500864,966723
14030,6729087539308,6729088507217,967909
14031,6729088534068,6729089501421,967353
14032,6729089539162,6729090505866,966704
14033,6729090533940,6729091501422,967482
14034,6729091539071,6729092505405,966334
14035,6729092533812,6729093500516,966704
14036,6729093538924,6729094506610,967686
14037,6729094533684,6729095500333,966649
14038,6729095538833,6729096526648,987815
14039,6729096534019,6729097530871,996852
14040,6729097534149,6729098532279,998130
14041,6729098534446,6729099530576,996130
14042,6729099534317,6729100529336,995019
14043,6729100533855,6729101528670,994815
14044,6729101533689,6729102528949,995260
14045,6729102533671,6729103527950,994279
14046,6729103533598,6729104531191,997593
14047,6729104535376,6729105531210,995834
14048,6729105534896,6729106530674,995778
14049,6729106534544,6729107530434,995890
14050,6729107534230,6729108528657,994427
14051,6729108533342,6729109529084,995742
14052,6729109533250,6729110527233,993983
14053,6729110533140,6729111528770,995630
14054,6729111533270,6729112528771,995501
14055,6729112533104,6729113533179,1000075
14056,6729113536976,6729114535254,998278
14057,6729114539310,6729115536125,996815
14058,6729115540181,6729116536830,996649
14059,6729116541144,6729117538738,997594
14060,6729117542552,6729118539627,997075
14061,6729118543683,6729119537498,993815
14062,6729119541054,6729120535684,994630
14063,6729120539962,6729121534370,994408
14064,6729121537889,6729122533371,995482
14065,6729122537297,6729123533724,996427
14066,6729123537649,6729124534724,997075
14067,6729124539021,6729125535318,996297
14068,6729125539003,6729126536355,997352
14069,6729126540374,6729127537041,996667
14070,6729127540949,6729128537301,996352
14071,6729128541653,6729129536580,994927
14072,6729129540098,6729130535247,995149
14073,6729130539247,6729131536507,997260
14074,6729131540581,6729132534193,993612
14075,6729132538249,6729133534360,996111
14076,6729133538194,6729134536176,997982
14077,6729134539898,6729135538084,998186
14078,6729135543251,6729136513474,970223
14079,6729136531418,6729137500289,968871
14080,6729137537863,6729138507771,969908
14081,6729138531216,6729139500105,968889
14082,6729139537735,6729140503365,965630
14083,6729140531051,6729141497681,966630
14084,6729141536144,6729142503719,967575
14085,6729142530793,6729143497145,966352
14086,6729143536053,6729144504368,968315
14087,6729144530924,6729145496962,966038
14088,6729145536036,6729146501870,965834
14089,6729146530722,6729147498963,968241
14090,6729147536852,6729148507038,970186
14091,6729148530760,6729149501261,970501
14092,6729149530613,6729150499632,969019
14093,6729150537354,6729151503799,966445
14094,6729151530485,6729152496133,965648
14095,6729152535633,6729153501282,965649
14096,6729153530338,6729154499376,969038
14097,6729154530376,6729155498062,967686
14098,6729155535895,6729156504803,968908
14099,6729156530173,6729157498415,968242
14100,6729157536230,6729158504712,968482
14101,6729158530119,6729159498527,968408
14102,6729159536509,6729160505380,968871
14103,6729160529954,6729161499473,969519
14104,6729161529862,6729162496381,966519
14105,6729162535067,6729163501641,966574
14106,6729163529882,6729164497068,967186
14107,6729164535013,6729165501513,966500
14108,6729165529717,6729166497755,968038
14109,6729166535570,6729167505367,969797
14110,6729167529663,6729168497090,967427
14111,6729168535312,6729169502757,967445
14112,6729169529331,6729170495535,966204
14113,6729170534554,6729171501721,967167
14114,6729171529332,6729172496241,966909
14115,6729172534981,6729173500945,965964
14116,6729173529167,6729174498779,969612
14117,6729174529557,6729175497539,967982
14118,6729175534909,6729176499873,964964
14119,6729176529040,6729177499596,970556
14120,6729177528985,6729178497245,968260
14121,6729178534763,6729179501635,966872
14122,6729179528783,6729180496265,967482
14123,6729180534432,6729181501395,966963
14124,6729181528747,6729182497933,969186
14125,6729182535378,6729183501637,966259
14126,6729183528582,6729184496083,967501
14127,6729184534157,6729185500380,966223
14128,6729185528324,6729186496269,967945
14129,6729186533825,6729187501233,967408
14130,6729187528344,6729188495456,967112
14131,6729188533493,6729189504049,970556
14132,6729189528327,6729190497180,968853
14133,6729190534902,6729191501384,966482
14134,6729191528199,6729192495181,966982
14135,6729192533311,6729193499163,965852
14136,6729193528071,6729194495331,967260
14137,6729194533145,6729195501294,968149
14138,6729195527924,6729196494943,967019
14139,6729196533054,6729197501222,968168
14140,6729197527870,6729198496297,968427
14141,6729198534111,6729199501242,967131
14142,6729199527816,6729200495502,967686
14143,6729200533668,6729201501576,967908
14144,6729201527669,6729202495466,967797
14145,6729202533707,6729203500782,967075
14146,6729203527596,6729204496468,968872
14147,6729204527431,6729205494598,967167
14148,6729205533450,6729206500950,967500
14149,6729206527339,6729207494710,967371
14150,6729207532414,6729208497063,964649
14151,6729208527156,6729209496342,969186
14152,6729209533879,6729210502342,968463
14153,6729210527083,6729211495436,968353
14154,6729211533195,6729212500788,967593
14155,6729212527029,6729213494567,967538
14156,6729213532252,6729214502123,969871
14157,6729214526882,6729215495957,969075
14158,6729215533661,6729216499976,966315
14159,6729216526717,6729217495977,969260
14160,6729217526644,6729218494922,968278
14161,6729218532293,6729219498978,966685
14162,6729219526627,6729220496313,969686
14163,6729220526442,6729221492943,966501
14164,6729221531813,6729222497184,965371
14165,6729222526388,6729223495000,968612
14166,6729223532981,6729224501649,968668
14167,6729224526408,6729225495835,969427
14168,6729225526187,6729226493335,967148
14169,6729226531335,6729227497484,966149
14170,6729227526095,6729228496948,970853
14171,6729228526004,6729229496634,970630
14172,6729229525986,6729230494098,968112
14173,6729230531672,6729231498339,966667
14174,6729231525895,6729232493895,968000
14175,6729232531506,6729233499674,968168
14176,6729233525822,6729234495638,969816
14177,6729234525693,6729235493157,967464
14178,6729235531138,6729236502398,971260
14179,6729236525972,6729237524140,998168
14180,6729237527029,6729238521363,994334
14181,6729238525807,6729239522160,996353
14182,6729239525993,6729240520364,994371
14183,6729240525809,6729241521902,996093
14184,6729241525791,6729242517680,991889
14185,6729242525588,6729243519903,994315
14186,6729243525551,6729244521941,996390
14187,6729244526460,6729245520405,993945
14188,6729245525405,6729246520739,995334
14189,6729246525572,6729247519332,993760
14190,6729247525369,6729248521129,995760
14191,6729248525370,6729249522574,997204
14192,6729249526019,6729250523057,997038
14193,6729250526871,6729251523576,996705
14194,6729251527631,6729252520669,993038
14195,6729252525058,6729253521985,996927
14196,6729253525837,6729254521152,995315
14197,6729254525078,6729255521801,996723
14198,6729255525153,6729256509987,984834
14199,6729256524579,6729257491506,966927
14200,6729257529580,6729258496673,967093
14201,6729258524285,6729259490841,966556
14202,6729259529396,6729260495934,966538
14203,6729260524175,6729261490879,966704
14204,6729261529287,6729262495843,966556
14205,6729262524047,6729263490381,966334
14206,6729263529159,6729264495937,966778
14207,6729264523956,6729265490567,966611
14208,6729265529086,6729266495679,966593
14209,6729266523809,6729267489958,966149
14210,6729267528921,6729268495533,966612
14211,6729268523718,6729269490385,966667
14212,6729269528848,6729270495460,966612
14213,6729270523590,6729271490090,966500
14214,6729271528701,6729272495054,966353
14215,6729272523480,6729273490073,966593
14216,6729273528592,6729274496537,967945
14217,6729274523370,6729275489797,966427
14218,6729275528501,6729276495779,967278
14219,6729276523261,6729277489780,966519
14220,6729277528372,6729278494577,966205
14221,6729278523132,6729279489911,966779
14222,6729279528244,6729280495578,967334
14223,6729280523004,6729281489783,966779
14224,6729281528153,6729282494654,966501
14225,6729282522913,6729283489562,966649
14226,6729283528006,6729284499859,971853
14227,6729284522692,6729285489582,966890
14228,6729285527934,6729286494286,966352
14229,6729286522657,6729287488972,966315
14230,6729287527769,6729288495214,967445
14231,6729288522547,6729289489492,966945
14232,6729289527678,6729290494086,966408
14233,6729290522419,6729291488938,966519
14234,6729291527568,6729292495828,968260
14235,6729292522328,6729293488903,966575
14236,6729293527458,6729294495181,967723
14237,6729294522200,6729295488645,966445
14238,6729295527330,6729296495516,968186
14239,6729296522109,6729297488776,966667
14240,6729297527239,6729298493869,966630
14241,6729298521980,6729299488851,966871
14242,6729299527111,6729300495408,968297
14243,6729300521871,6729301488223,966352
14244,6729301527001,6729302493354,966353
14245,6729302521743,6729303488095,966352
14246,6729303526873,6729304495892,969019
14247,6729304521651,6729305488226,966575
14248,6729305526782,6729306493468,966686
14249,6729306521523,6729307487802,966279
14250,6729307526672,6729308494506,967834
14251,6729308521414,6729309487951,966537
14252,6729309526544,6729310493341,966797
14253,6729310521304,6729311487675,966371
14254,6729311526453,6729312494565,968112
14255,6729312521213,6729313487454,966241
14256,6729313526325,6729314493566,967241
14257,6729314521066,6729315487622,966556
14258,6729315526196,6729316494160,967964
14259,6729316520956,6729317487365,966409
14260,6729317526105,6729318492495,966390
14261,6729318520810,6729319487088,966278
14262,6729319525959,6729320493626,967667
14263,6729320520719,6729321487330,966611
14264,6729321525849,6729322492183,966334
14265,6729322520590,6729323486961,966371
14266,6729323525721,6729324494370,968649
14267,6729324520499,6729325487481,966982
14268,6729325525593,6729326492186,966593
14269,6729326520371,6729327486650,966279
14270,6729327525520,6729328493058,967538
14271,6729328520280,6729329486484,966204
14272,6729329525392,6729330492096,966704
14273,6729330520133,6729331486745,966612
14274,6729331525245,6729332492949,967704
14275,6729332520042,6729333486358,966316
14276,6729333525154,6729334491673,966519
14277,6729334519914,6729335486174,966260
14278,6729335525026,6729336493749,968723
14279,6729336519786,6729337487268,967482
14280,6729337524935,6729338492602,967667
14281,6729338519695,6729339486084,966389
14282,6729339524825,6729340497289,972464
14283,6729340519622,6729341486308,966686
14284,6729341524697,6729342490975,966278
14285,6729342519457,6729343485883,966426
14286,6729343524550,6729344513310,988760
14287,6729344519625,6729345513385,993760
14288,6729345519718,6729346513478,993760
14289,6729346519700,6729347512183,992483
14290,6729347519609,6729348513683,994074
14291,6729348519628,6729349512517,992889
14292,6729349519517,6729350512240,992723
14293,6729350519611,6729351513204,993593
14294,6729351519426,6729352514186,994760
14295,6729352519446,6729353512094,992648
14296,6729353519335,6729354513243,993908
14297,6729354519280,6729355512633,993353
14298,6729355519225,6729356513967,994742
14299,6729356519189,6729357513301,994112
14300,6729357519060,6729358512802,993742
14301,6729358519042,6729359511617,992575
14302,6729359519043,6729360514118,995075
14303,6729360518951,6729361514230,995279
14304,6729361518767,6729362510101,991334
14305,6729362518916,6729363512139,993223
14306,6729363518861,6729364514473,995612
14307,6729364518806,6729365512696,993890
14308,6729365518751,6729366512715,993964
14309,6729366518659,6729367511290,992631
14310,6729367518512,6729368512513,994001
14311,6729368518457,6729369509884,991427
14312,6729369518421,6729370511644,993223
14313,6729370518236,6729371511663,993427
14314,6729371518237,6729372511330,993093
14315,6729372518275,6729373512739,994464
14316,6729373518053,6729374511406,993353
14317,6729374518147,6729375511110,992963
14318,6729375518296,6729376510037,991741
14319,6729376517981,6729377512371,994390
14320,6729377517890,6729378510594,992704
14321,6729378517872,6729379509817,991945
14322,6729379517854,6729380510651,992797
14323,6729380517762,6729381511411,993649
14324,6729381517652,6729382510171,992519
14325,6729382517745,6729383510653,992908
14326,6729383517653,6729384511598,993945
14327,6729384517580,6729385511395,993815
14328,6729385517432,6729386509952,992520
14329,6729386517415,6729387510860,993445
14330,6729387517415,6729388510824,993409
14331,6729388517342,6729389510417,993075
14332,6729389517269,6729390510288,993019
14333,6729390517214,6729391510307,993093
14334,6729391517196,6729392508938,991742
14335,6729392517123,6729393509383,992260
14336,6729393517086,6729394510698,993612
14337,6729394516846,6729395509032,992186
14338,6729395516884,6729396500848,983964
14339,6729396516496,6729397483700,967204
14340,6729397521589,6729398488090,966501
14341,6729398516238,6729399482591,966353
14342,6729399521406,6729400490054,968648
14343,6729400516166,6729401482444,966278
14344,6729401521296,6729402487686,966390
14345,6729402516056,6729403482353,966297
14346,6729403521131,6729404489946,968815
14347,6729404515983,6729405482540,966557
14348,6729405521058,6729406487614,966556
14349,6729406515781,6729407482282,966501
14350,6729407520911,6729408493690,972779
14351,6729408515727,6729409483098,967371
14352,6729409520820,6729410488395,967575
14353,6729410515543,6729411481766,966223
14354,6729411520692,6729412489378,968686
14355,6729412515452,6729413481916,966464
14356,6729413520582,6729414487991,967409
14357,6729414515342,6729415481362,966020
14358,6729415520417,6729416489029,968612
14359,6729416515233,6729417481808,966575
14360,6729417520345,6729418486771,966426
14361,6729418515086,6729419481216,966130
14362,6729419520216,6729420488643,968427
14363,6729420514995,6729421481181,966186
14364,6729421520107,6729422486367,966260
14365,6729422514848,6729423481108,966260
14366,6729423519960,6729424488776,968816
14367,6729424514776,6729425480739,965963
14368,6729425519887,6729426486240,966353
14369,6729426514629,6729427480889,966260
14370,6729427519759,6729428489575,969816
14371,6729428514556,6729429482242,967686
14372,6729429519631,6729430487095,967464
14373,6729430514410,6729431481021,966611
14374,6729431519503,6729432488930,969427
14375,6729432514300,6729433481227,966927
14376,6729433519449,6729434487190,967741
14377,6729434514190,6729435481321,967131
14378,6729435519302,6729436488562,969260
14379,6729436514081,6729437481211,967130
14380,6729437519193,6729438485341,966148
14381,6729438513915,6729439480416,966501
14382,6729439519046,6729440487565,968519
14383,6729440513843,6729441480307,966464
14384,6729441519010,6729442485307,966297
14385,6729442513715,6729443479660,965945
14386,6729443518845,6729444487216,968371
14387,6729444513624,6729445479995,966371
14388,6729445518754,6729446484884,966130
14389,6729446513495,6729447479774,966279
14390,6729447518626,6729448487960,969334
14391,6729448513386,6729449480460,967074
14392,6729449518516,6729450484943,966427
14393,6729450513258,6729451479999,966741
14394,6729451518369,6729452487018,968649
14395,6729452513148,6729453479223,966075
14396,6729453518297,6729454484483,966186
14397,6729454513057,6729455479187,966130
14398,6729455518150,6729456487780,969630
14399,6729456512929,6729457480448,967519
14400,6729457518077,6729458484300,966223
14401,6729458512782,6729459479227,966445
14402,6729459517931,6729460487228,969297
14403,6729460512709,6729461479340,966631
14404,6729461517803,6729462484118,966315
14405,6729462512563,6729463478619,966056
14406,6729463517674,6729464487471,969797
14407,6729464512471,6729465480139,967668
14408,6729465517602,6729466484214,966612
14409,6729466512362,6729467479825,967463
14410,6729467517455,6729468503993,986538
14411,6729468512697,6729469506105,993408
14412,6729469512753,6729470505939,993186
14413,6729470512365,6729471502699,990334
14414,6729471512588,6729472508366,995778
14415,6729472512496,6729473507033,994537
14416,6729473512182,6729474505145,992963
14417,6729474512312,6729475504202,991890
14418,6729475512331,6729476508054,995723
14419,6729476512369,6729477503240,990871
14420,6729477512425,6729478503296,990871
14421,6729478511926,6729479502723,990797
14422,6729479512112,6729480508502,996390
14423,6729480511983,6729481503595,991612
14424,6729481512076,6729482504577,992501
14425,6729482511910,6729483504985,993075
14426,6729483511967,6729484503301,991334
14427,6729484511875,6729485504209,992334
14428,6729485511783,6729486503228,991445
14429,6729486511691,6729487502544,990853
14430,6729487511747,6729488506396,994649
14431,6729488511341,6729489499786,988445
14432,6729489511471,6729490503620,992149
14433,6729490511472,6729491501658,990186
14434,6729491511287,6729492508473,997186
14435,6729492512695,6729493504233,991538
14436,6729493511030,6729494504197,993167
14437,6729494511030,6729495502512,991482
14438,6729495511161,6729496505180,994019
14439,6729496511013,6729497502273,991260
14440,6729497511032,6729498501515,990483
14441,6729498510978,6729499503756,992778
14442,6729499510997,6729500505368,994371
14443,6729500510979,6729501502443,991464
14444,6729501510813,6729502502499,991686
14445,6729502510795,6729503499889,989094
14446,6729503510703,6729504506982,996279
14447,6729504510908,6729505500057,989149
14448,6729505510575,6729506504595,994020
14449,6729506510595,6729507504299,993704
14450,6729507510484,6729508503374,992890
14451,6729508510411,6729509501041,990630
14452,6729509510412,6729510501171,990759
14453,6729510510209,6729511501635,991426
14454,6729511510246,6729512505914,995668
14455,6729512510266,6729513500933,990667
14456,6729513510137,6729514502619,992482
14457,6729514509823,6729515502027,992204
14458,6729515509990,6729516506731,996741
14459,6729516510676,6729517503103,992427
14460,6729517509880,6729518503400,993520
14461,6729518509825,6729519501234,991409
14462,6729519509808,6729520504457,994649
14463,6729520509716,6729521501957,992241
14464,6729521509754,6729522502180,992426
14465,6729522509625,6729523503811,994186
14466,6729523509348,6729524505719,996371
14467,6729524509274,6729525500071,990797
14468,6729525509386,6729526501276,991890
14469,6729526509387,6729527499962,990575
14470,6729527509091,6729528506648,997557
14471,6729528509370,6729529502908,993538
14472,6729529509241,6729530499982,990741
14473,6729530509130,6729531500279,991149
14474,6729531509076,6729532503650,994574
14475,6729532508891,6729533497373,988482
14476,6729533508985,6729534501504,992519
14477,6729534508893,6729535500930,992037
14478,6729535508856,6729536504579,995723
14479,6729536509005,6729537500432,991427
14480,6729537508524,6729538500007,991483
14481,6729538508729,6729539500248,991519
14482,6729539508693,6729540501953,993260
14483,6729540508619,6729541499527,990908
14484,6729541508620,6729542500047,991427
14485,6729542508269,6729543500066,991797
14486,6729543508418,6729544503604,995186
14487,6729544508474,6729545500901,992427
14488,6729545508290,6729546499716,991426
14489,6729546508401,6729547498050,989649
14490,6729547507939,6729548502958,995019
14491,6729548508070,6729549499996,991926
14492,6729549508052,6729550499515,991463
14493,6729550507960,6729551501775,993815
14494,6729551507905,6729552504887,996982
14495,6729552507758,6729553497518,989760
14496,6729553507795,6729554502074,994279
14497,6729554507852,6729555501463,993611
14498,6729555507649,6729556505909,998260
14499,6729556509020,6729557499539,990519
14500,6729557507465,6729558498688,991223
14501,6729558507484,6729559500485,993001
14502,6729559507429,6729560503245,995816
14503,6729560507430,6729561499005,991575
14504,6729561507431,6729562497135,989704
14505,6729562507154,6729563498340,991186
14506,6729563507284,6729564500359,993075
14507,6729564507414,6729565498693,991279
14508,6729565507193,6729566498360,991167
14509,6729566507120,6729567498768,991648
14510,6729567507046,6729568501232,994186
14511,6729568507010,6729569500159,993149
14512,6729569506992,6729570497382,990390
14513,6729570506863,6729571498660,991797
14514,6729571506716,6729572500994,994278
14515,6729572506828,6729573497217,990389
14516,6729573506699,6729574498829,992130
14517,6729574506662,6729575498719,992057
14518,6729575506645,6729576501960,995315
14519,6729576506497,6729577497683,991186
14520,6729577506498,6729578497147,990649
14521,6729578506425,6729579499092,992667
14522,6729579506333,6729580501778,995445
14523,6729580506259,6729581498112,991853
14524,6729581506242,6729582498094,991852
14525,6729582506187,6729583496336,990149
14526,6729583506206,6729584500818,994612
14527,6729584506188,6729585498282,992094
14528,6729585506041,6729586497042,991001
14529,6729586505986,6729587497042,991056
14530,6729587505950,6729588499895,993945
14531,6729588505821,6729589496896,991075
14532,6729589505729,6729590497433,991704
14533,6729590505804,6729591497990,992186
14534,6729591505656,6729592501379,995723
14535,6729592505898,6729593497287,991389
14536,6729593505602,6729594496029,990427
14537,6729594505529,6729595501659,996130
14538,6729595505363,6729596498753,993390
14539,6729596505178,6729597496883,991705
14540,6729597505346,6729598496291,990945
14541,6729598505328,6729599498088,992760
14542,6729599505218,6729600498959,993741
14543,6729600505144,6729601496164,991020
14544,6729601504904,6729602495831,990927
14545,6729602504942,6729603496350,991408
14546,6729603504980,6729604498888,993908
14547,6729604504944,6729605497222,992278
14548,6729605504870,6729606495649,990779
14549,6729606504575,6729607496538,991963
14550,6729607504761,6729608498983,994222
14551,6729608504743,6729609496595,991852
14552,6729609504651,6729610496337,991686
14553,6729610504578,6729611497245,992667
14554,6729611504486,6729612496153,991667
14555,6729612504857,6729613496376,991519
14556,6729613504469,6729614496340,991871
14557,6729614504525,6729615500637,996112
14558,6729615504433,6729616499989,995556
14559,6729616504212,6729617494434,990222
14560,6729617504194,6729618495250,991056
14561,6729618504157,6729619497529,993372
14562,6729619503973,6729620491048,987075
14563,6729620503733,6729621470789,967056
14564,6729621508715,6729622475642,966927
14565,6729622503420,6729623469680,966260
14566,6729623508550,6729624475680,967130
14567,6729624503328,6729625471459,968131
14568,6729625508477,6729626475163,966686
14569,6729626503163,6729627469719,966556
14570,6729627508294,6729628476128,967834
14571,6729628503109,6729629470832,967723
14572,6729629508184,6729630475907,967723
14573,6729630502962,6729631469667,966705
14574,6729631508056,6729632475853,967797
14575,6729632502834,6729633469668,966834
14576,6729633507983,6729634474688,966705
14577,6729634502595,6729635469522,966927
14578,6729635507855,6729636474300,966445
14579,6729636502633,6729637469393,966760
14580,6729637507727,6729638474727,967000
14581,6729638502468,6729639469599,967131
14582,6729639507636,6729640474396,966760
14583,6729640502377,6729641469359,966982
14584,6729641507507,6729642473823,966316
14585,6729642502267,6729643469064,966797
14586,6729643507379,6729644475695,968316
14587,6729644502139,6729645470844,968705
14588,6729645507270,6729646474159,966889
14589,6729646502067,6729647468864,966797
14590,6729647507197,6729648473772,966575
14591,6729648501957,6729649468513,966556
14592,6729649507032,6729650473458,966426
14593,6729650501810,6729651468515,966705
14594,6729651506922,6729652473145,966223
14595,6729652501701,6729653468461,966760
14596,6729653506831,6729654473572,966741
14597,6729654501572,6729655469332,967760
14598,6729655506684,6729656475685,969001
14599,6729656501463,6729657469223,967760
14600,6729657506593,6729658472261,965668
14601,6729658501335,6729659468150,966815
14602,6729659506484,6729660472632,966148
14603,6729660501262,6729661467615,966353
14604,6729661506337,6729662473226,966889
14605,6729662501115,6729663468135,967020
14606,6729663506227,6729664474413,968186
14607,6729664501006,6729665469988,968982
14608,6729665506136,6729666473415,967279
14609,6729666500896,6729667467193,966297
14610,6729667506008,6729668473157,967149
14611,6729668500786,6729669467898,967112
14612,6729669505898,6729670472510,966612
14613,6729670500640,6729671467696,967056
14614,6729671505770,6729672472382,966612
14615,6729672500549,6729673467327,966778
14616,6729673505660,6729674472661,967001
14617,6729674500402,6729675468384,967982
14618,6729675505569,6729676473774,968205
14619,6729676500348,6729677468052,967704
14620,6729677505441,6729678472201,966760
14621,6729678500201,6729679467202,967001
14622,6729679505313,6729680472814,967501
14623,6729680500091,6729681466999,966908
14624,6729681505203,6729682472130,966927
14625,6729682499963,6729683466982,967019
14626,6729683505094,6729684473335,968241
14627,6729684499854,6729685468539,968685
14628,6729685504984,6729686472966,967982
14629,6729686499744,6729687466930,967186
14630,6729687504911,6729688471597,966686
14631,6729688499634,6729689466783,967149
14632,6729689504765,6729690471006,966241
14633,6729690499506,6729691465988,966482
14634,6729691504655,6729692473045,968390
14635,6729692499433,6729693467249,967816
14636,6729693504527,6729694471398,966871
14637,6729694499287,6729695466343,967056
14638,6729695504436,6729696471566,967130
14639,6729696499196,6729697466419,967223
14640,6729697504344,6729698471067,966723
14641,6729698499067,6729699466013,966946
14642,6729699504179,6729700470865,966686
14643,6729700498976,6729701465551,966575
14644,6729701504107,6729702471237,967130
14645,6729702498830,6729703465627,966797
14646,6729703503923,6729704470905,966982
14647,6729704498720,6729705465517,966797
14648,6729705503869,6729706470684,966815
14649,6729706498592,6729707465537,966945
14650,6729707503722,6729708472149,968427
14651,6729708498482,6729709466409,967927
14652,6729709503612,6729710470928,967316
14653,6729710498391,6729711465392,967001
14654,6729711503521,6729712471466,967945
14655,6729712498244,6729713465726,967482
14656,6729713503375,6729714471653,968278
14657,6729714498172,6729715466191,968019
14658,6729715503265,6729716482469,979204
14659,6729716498988,6729717493600,994612
14660,6729717498396,6729718489378,990982
14661,6729718498434,6729719492157,993723
14662,6729719498323,6729720491954,993631
14663,6729720498306,6729721493566,995260
14664,6729721498232,6729722494252,996020
14665,6729722498159,6729723491049,992890
14666,6729723498123,6729724482401,984278
14667,6729724498068,6729725494031,995963
14668,6729725497939,6729726493384,995445
14669,6729726497903,6729727490996,993093
14670,6729727497829,6729728492034,994205
14671,6729728497793,6729729490405,992612
14672,6729729497905,6729730492054,994149
14673,6729730497739,6729731492591,994852
14674,6729731497406,6729732489833,992427
14675,6729732497555,6729733489834,992279
14676,6729733497500,6729734491445,993945
14677,6729734497501,6729735492465,994964
14678,6729735497409,6729736489317,991908
14679,6729736497188,6729737489707,992519
14680,6729737497262,6729738489874,992612
14681,6729738497208,6729739491282,994074
14682,6729739497171,6729740489728,992557
14683,6729740497135,6729741489543,992408
14684,6729741497043,6729742491766,994723
14685,6729742496914,6729743490415,993501
14686,6729743496952,6729744489545,992593
14687,6729744496823,6729745491157,994334
14688,6729745496805,6729746490232,993427
14689,6729746496806,6729747491214,994408
14690,6729747496659,6729748490567,993908
14691,6729748496696,6729749490790,994094
14692,6729749496586,6729750489753,993167
14693,6729750496513,6729751489513,993000
14694,6729751496421,6729752491181,994760
14695,6729752496384,6729753492348,995964
14696,6729753496293,6729754489664,993371
14697,6729754496367,6729755491757,995390
14698,6729755496294,6729756488536,992242
14699,6729756496165,6729757489221,993056
14700,6729757496166,6729758490370,994204
14701,6729758496018,6729759488927,992909
14702,6729759496056,6729760487909,991853
14703,6729760495927,6729761487335,991408
14704,6729761495835,6729762489947,994112
14705,6729762495799,6729763489911,994112
14706,6729763495744,6729764492282,996538
14707,6729764496449,6729765490042,993593
14708,6729765495690,6729766489506,993816
14709,6729766495765,6729767489284,993519
14710,6729767495636,6729768488248,992612
14711,6729768495229,6729769488397,993168
14712,6729769495471,6729770488157,992686
14713,6729770495416,6729771488435,993019
14714,6729771495380,6729772488436,993056
14715,6729772495269,6729773487140,991871
14716,6729773495048,6729774486604,991556
14717,6729774495197,6729775490883,995686
14718,6729775495049,6729776488309,993260
14719,6729776494976,6729777486606,991630
14720,6729777495014,6729778487644,992630
14721,6729778494681,6729779487015,992334
14722,6729779494941,6729780486738,991797
14723,6729780494831,6729781487739,992908
14724,6729781494757,6729782486832,992075
14725,6729782494703,6729783487888,993185
14726,6729783494629,6729784489093,994464
14727,6729784494537,6729785487853,993316
14728,6729785494575,6729786487243,992668
14729,6729786494391,6729787486058,991667
14730,6729787494391,6729788489096,994705
14731,6729788494374,6729789489522,995148
14732,6729789494060,6729790486653,992593
14733,6729790494523,6729791487376,992853
14734,6729791494209,6729792486710,992501
14735,6729792494117,6729793487951,993834
14736,6729793494062,6729794486508,992446
14737,6729794493952,6729795487731,993779
14738,6729795493934,6729796486824,992890
14739,6729796493842,6729797486510,992668
14740,6729797493899,6729798487418,993519
14741,6729798493844,6729799486974,993130
14742,6729799493696,6729800488734,995038
14743,6729800493623,6729801485642,992019
14744,6729801493587,6729802486680,993093
14745,6729802493662,6729803488477,994815
14746,6729803493533,6729804485719,992186
14747,6729804493422,6729805486293,992871
14748,6729805493349,6729806487220,993871
14749,6729806493553,6729807486665,993112
14750,6729807493221,6729808486110,992889
14751,6729808493221,6729809486093,992872
14752,6729809493130,6729810485130,992000
14753,6729810493075,6729811486501,993426
14754,6729811493131,6729812486539,993408
14755,6729812493076,6729813486114,993038
14756,6729813492855,6729814484300,991445
14757,6729814492893,6729815486856,993963
14758,6729815492838,6729816485264,992426
14759,6729816492690,6729817486432,993742
14760,6729817492654,6729818484821,992167
14761,6729818492636,6729819486248,993612
14762,6729819492581,6729820485267,992686
14763,6729820492360,6729821483731,991371
14764,6729821492435,6729822486102,993667
14765,6729822492417,6729823486084,993667
14766,6729823492195,6729824484641,992446
14767,6729824492307,6729825488475,996168
14768,6729825492345,6729826482401,990056
14769,6729826492216,6729827485439,993223
14770,6729827492124,6729828485884,993760
14771,6729828491995,6729829485607,993612
14772,6729829492033,6729830485145,993112
14773,6729830491997,6729831486646,994649
14774,6729831491942,6729832482813,990871
14775,6729832491832,6729833485499,993667
14776,6729833491814,6729834486166,994352
14777,6729834491722,6729835486149,994427
14778,6729835491741,6729836484353,992612
14779,6729836491649,6729837485965,994316
14780,6729837491539,6729838484040,992501
14781,6729838491521,6729839482540,991019
14782,6729839491429,6729840484171,992742
14783,6729840491411,6729841484838,993427
14784,6729841491320,6729842485080,993760
14785,6729842491005,6729843483617,992612
14786,6729843491228,6729844482951,991723
14787,6729844491155,6729845486230,995075
14788,6729845491100,6729846484416,993316
14789,6729846491119,6729847483194,992075
14790,6729847490787,6729848482139,991352
14791,6729848490973,6729849483603,992630
14792,6729849490955,6729850485196,994241
14793,6729850490733,6729851484345,993612
14794,6729851490771,6729852483142,992371
14795,6729852490753,6729853483865,993112
14796,6729853490588,6729854483422,992834
14797,6729854490662,6729855485959,995297
14798,6729855490533,6729856483867,993334
14799,6729856490534,6729857483535,993001
14800,6729857490368,6729858482424,992056
14801,6729858490332,6729859483722,993390
14802,6729859490333,6729860475463,985130
14803,6729860489907,6729861456056,966149
14804,6729861494908,6729862462279,967371
14805,6729862489724,6729863456984,967260
14806,6729863494761,6729864461799,967038
14807,6729864489558,6729865458355,968797
14808,6729865494670,6729866461023,966353
14809,6729866489430,6729867456801,967371
14810,6729867494598,6729868461247,966649
14811,6729868489321,6729869456673,967352
14812,6729869494451,6729870461655,967204
14813,6729870489211,6729871456323,967112
14814,6729871494323,6729872461472,967149
14815,6729872489101,6729873456380,967279
14816,6729873494250,6729874461769,967519
14817,6729874488992,6729875457103,968111
14818,6729875494085,6729876461197,967112
14819,6729876488864,6729877456049,967185
14820,6729877493994,6729878460846,966852
14821,6729878488735,6729879455699,966964
14822,6729879493884,6729880460792,966908
14823,6729880488644,6729881455386,966742
14824,6729881493756,6729882460312,966556
14825,6729882488516,6729883455665,967149
14826,6729883493665,6729884460388,966723
14827,6729884488369,6729885456111,967742
14828,6729885493555,6729886460389,966834
14829,6729886488260,6729887455631,967371
14830,6729887493390,6729888460169,966779
14831,6729888488187,6729889455354,967167
14832,6729889493280,6729890460614,967334
14833,6729890488059,6729891455078,967019
14834,6729891493152,6729892459894,966742
14835,6729892487949,6729893455339,967390
14836,6729893493061,6729894459228,966167
14837,6729894487840,6729895455025,967185
14838,6729895492933,6729896459860,966927
14839,6729896487711,6729897455027,967316
14840,6729897492823,6729898460250,967427
14841,6729898487583,6729899454158,966575
14842,6729899492732,6729900460418,967686
14843,6729900487492,6729901454234,966742
14844,6729901492604,6729902459697,967093
14845,6729902487345,6729903454420,967075
14846,6729903492476,6729904459958,967482
14847,6729904487254,6729905454681,967427
14848,6729905492236,6729906459645,967409
14849,6729906487089,6729907453719,966630
14850,6729907492256,6729908459627,967371
14851,6729908487016,6729909453943,966927
14852,6729909492147,6729910459129,966982
14853,6729910486888,6729911453500,966612
14854,6729911492037,6729912458445,966408
14855,6729912486797,6729913454205,967408
14856,6729913491872,6729914459187,967315
14857,6729914486539,6729915453596,967057
14858,6729915491818,6729916458874,967056
14859,6729916486559,6729917453912,967353
14860,6729917491690,6729918458690,967000
14861,6729918486431,6729919453358,966927
14862,6729919491561,6729920458599,967038
14863,6729920486358,6729921453841,967483
14864,6729921491433,6729922458508,967075
14865,6729922486230,6729923452749,966519
14866,6729923491324,6729924457491,966167
14867,6729924486084,6729925453695,967611
14868,6729925491214,6729926458604,967390
14869,6729926485992,6729927452993,967001
14870,6729927491104,6729928458031,966927
14871,6729928485864,6729929453198,967334
14872,6729929490976,6729930457977,967001
14873,6729930485773,6729931452422,966649
14874,6729931490885,6729932457386,966501
14875,6729932485645,6729933452590,966945
14876,6729933490738,6729934458072,967334
14877,6729934485517,6729935451610,966093
14878,6729935490647,6729936457426,966779
14879,6729936485389,6729937452445,967056
14880,6729937490519,6729938457631,967112
14881,6729938485316,6729939452613,967297
14882,6729939490372,6729940456929,966557
14883,6729940485188,6729941452337,967149
14884,6729941490281,6729942457041,966760
14885,6729942485060,6729943451746,966686
14886,6729943490153,6729944457265,967112
14887,6729944484931,6729945451636,966705
14888,6729945490062,6729946457877,967815
14889,6729946484840,6729947451934,967094
14890,6729947489952,6729948459008,969056
14891,6729948484712,6729949452694,967982
14892,6729949489843,6729950457584,967741
14893,6729950484584,6729951451270,966686
14894,6729951489733,6729952457363,967630
14895,6729952484493,6729953451531,967038
14896,6729953489605,6729954456254,966649
14897,6729954484346,6729955451458,967112
14898,6729955489495,6729956459014,969519
14899,6729956484255,6729957452645,968390
14900,6729957489367,6729958456071,966704
14901,6729958484127,6729959450479,966352
14902,6729959489276,6729960456332,967056
14903,6729960484017,6729961451147,967130
14904,6729961489129,6729962456148,967019
14905,6729962483908,6729963451149,967241
14906,6729963489001,6729964456557,967556
14907,6729964483798,6729965450891,967093
14908,6729965488910,6729966456688,967778
14909,6729966483670,6729967450819,967149
14910,6729967488800,6729968467893,979093
14911,6729968484486,6729969477820,993334
14912,6729969484079,6729970476191,992112
14913,6729970484061,6729971476266,992205
14914,6729971483951,6729972477341,993390
14915,6729972483859,6729973480471,996612
14916,6729973483749,6729974478824,995075
14917,6729974483675,6729975476935,993260
14918,6729975483602,6729976477047,993445
14919,6729976483603,6729977476696,993093
14920,6729977483363,6729978475623,992260
14921,6729978483456,6729979475661,992205
14922,6729979483420,6729980475254,991834
14923,6729980483328,6729981475792,992464
14924,6729981483329,6729982473959,990630
14925,6729982483255,6729983476108,992853
14926,6729983483201,6729984479423,996222
14927,6729984483683,6729985475813,992130
14928,6729985483035,6729986478962,995927
14929,6729986482981,6729987476000,993019
14930,6729987482703,6729988474982,992279
14931,6729988482889,6729989475649,992760
14932,6729989482872,6729990475206,992334
14933,6729990482798,6729991474577,991779
14934,6729991482743,6729992474577,991834
14935,6729992482707,6729993473912,991205
14936,6729993482671,6729994475616,992945
14937,6729994482542,6729995476043,993501
14938,6729995482506,6729996479525,997019
14939,6729996483636,6729997476100,992464
14940,6729997482377,6729998476156,993779
14941,6729998482008,6729999474268,992260
14942,6729999482249,6730000474972,992723
14943,6730000482287,6730001477714,995427
14944,6730001482065,6730002474677,992612
14945,6730002482103,6730003474067,991964
14946,6730003482382,6730004475494,993112
14947,6730004481994,6730005474624,992630
14948,6730005482179,6730006478199,996020
14949,6730006482032,6730007474199,992167
14950,6730007481774,6730008473478,991704
14951,6730008481700,6730009476682,994982
14952,6730009481608,6730010473276,991668
14953,6730010481609,6730011473962,992353
14954,6730011481573,6730012474018,992445
14955,6730012481555,6730013473796,992241
14956,6730013481500,6730014472630,991130
14957,6730014481390,6730015474539,993149
14958,6730015481390,6730016476076,994686
14959,6730016481336,6730017473744,992408
14960,6730017481244,6730018474300,993056
14961,6730018481207,6730019474190,992983
14962,6730019480856,6730020472913,992057
14963,6730020481135,6730021474062,992927
14964,6730021481062,6730022472377,991315
14965,6730022480933,6730023474396,993463
14966,6730023480896,6730024474841,993945
14967,6730024480582,6730025473472,992890
14968,6730025480824,6730026475213,994389
14969,6730026480695,6730027471658,990963
14970,6730027480603,6730028473752,993149
14971,6730028480585,6730029473919,993334
14972,6730029480493,6730030474290,993797
14973,6730030480475,6730031472106,991631
14974,6730031480347,6730032472736,992389
14975,6730032480366,6730033474255,993889
14976,6730033480329,6730034473071,992742
14977,6730034480293,6730035473794,993501
14978,6730035480312,6730036474850,994538
14979,6730036480221,6730037473388,993167
14980,6730037480129,6730038473296,993167
14981,6730038479963,6730039472871,992908
14982,6730039480038,6730040472427,992389
14983,6730040479946,6730041473835,993889
14984,6730041479798,6730042472169,992371
14985,6730042479743,6730043472300,992557
14986,6730043479781,6730044472800,993019
14987,6730044479782,6730045473227,993445
14988,6730045479709,6730046476820,997111
14989,6730046480654,6730047472562,991908
14990,6730047479469,6730048472433,992964
14991,6730048479470,6730049471860,992390
14992,6730049479452,6730050473009,993557
14993,6730050479342,6730051473861,994519
14994,6730051479250,6730052471417,992167
14995,6730052479177,6730053471640,992463
14996,6730053479177,6730054471900,992723
14997,6730054479123,6730055474753,995630
14998,6730055478994,6730056472105,993111
14999,6730056479124,6730057470902,991778
15000,6730057478902,6730058471570,992668
15001,6730058478848,6730059472848,994000
15002,6730059478867,6730060472942,994075
15003,6730060478794,6730061470979,992185
15004,6730061478498,6730062526980,1048482
15005,6730062478888,6730063471111,992223
15006,6730063478611,6730064471093,992482
15007,6730064478519,6730065472964,994445
15008,6730065478538,6730066472298,993760
15009,6730066478187,6730067470576,992389
15010,6730067478336,6730068475133,996797
15011,6730068479207,6730069475504,996297
15012,6730069479208,6730070476116,996908
15013,6730070479838,6730071475468,995630
15014,6730071479227,6730072469802,990575
15015,6730072478080,6730073470877,992797
15016,6730073478062,6730074470767,992705
15017,6730074477989,6730075470934,992945
15018,6730075477953,6730076474805,996852
15019,6730076479064,6730077469213,990149
15020,6730077477880,6730078470455,992575
15021,6730078477733,6730079471530,993797
15022,6730079477826,6730080463604,985778
15023,6730080477364,6730081445364,968000
15024,6730081482272,6730082449624,967352
15025,6730082477032,6730083444810,967778
15026,6730083482218,6730084449348,967130
15027,6730084476941,6730085444108,967167
15028,6730085482052,6730086450275,968223
15029,6730086476812,6730087443239,966427
15030,6730087481924,6730088448518,966594
15031,6730088476703,6730089443778,967075
15032,6730089481815,6730090448408,966593
15033,6730090476538,6730091442631,966093
15034,6730091481705,6730092449724,968019
15035,6730092476465,6730093443484,967019
15036,6730093481577,6730094448818,967241
15037,6730094476337,6730095443097,966760
15038,6730095481449,6730096449005,967556
15039,6730096476246,6730097443283,967037
15040,6730097481339,6730098447636,966297
15041,6730098476099,6730099442989,966890
15042,6730099481266,6730100448230,966964
15043,6730100475989,6730101442638,966649
15044,6730101481138,6730102448139,967001
15045,6730102475861,6730103442714,966853
15046,6730103481010,6730104447622,966612
15047,6730104475770,6730105442604,966834
15048,6730105480882,6730106448364,967482
15049,6730106475605,6730107442476,966871
15050,6730107480754,6730108448736,967982
15051,6730108475532,6730109443662,968130
15052,6730109480663,6730110447163,966500
15053,6730110475422,6730111442590,967168
15054,6730111480571,6730112447850,967279
15055,6730112475313,6730113442128,966815
15056,6730113480425,6730114447703,967278
15057,6730114475203,6730115442019,966816
15058,6730115480297,6730116447482,967185
15059,6730116475075,6730117442150,967075
15060,6730117480224,6730118447225,967001
15061,6730118474965,6730119442022,967057
15062,6730119480077,6730120448522,968445
15063,6730120474856,6730121442116,967260
15064,6730121479968,6730122446727,966759
15065,6730122474728,6730123442210,967482
15066,6730123479858,6730124445951,966093
15067,6730124474636,6730125442193,967557
15068,6730125479785,6730126448601,968816
15069,6730126474527,6730127441342,966815
15070,6730127479602,6730128447861,968259
15071,6730128474417,6730129442751,968334
15072,6730129479566,6730130446641,967075
15073,6730130474252,6730131441512,967260
15074,6730131479419,6730132447087,967668
15075,6730132474179,6730133440624,966445
15076,6730133479273,6730134446366,967093
15077,6730134474033,6730135440830,966797
15078,6730135479163,6730136447423,968260
15079,6730136473904,6730137442164,968260
15080,6730137479072,6730138446276,967204
15081,6730138473795,6730139441499,967704
15082,6730139478962,6730140446037,967075
15083,6730140473722,6730141440797,967075
15084,6730141478723,6730142445501,966778
15085,6730142473575,6730143440428,966853
15086,6730143478687,6730144445836,967149
15087,6730144473484,6730145440689,967205
15088,6730145478578,6730146447467,968889
15089,6730146473375,6730147440172,966797
15090,6730147478486,6730148444672,966186
15091,6730148473246,6730149440080,966834
15092,6730149478340,6730150445285,966945
15093,6730150473118,6730151439675,966557
15094,6730151478230,6730152446323,968093
15095,6730152473009,6730153440657,967648
15096,6730153478139,6730154445251,967112
15097,6730154472899,6730155439511,966612
15098,6730155478085,6730156447271,969186
15099,6730156472808,6730157439660,966852
15100,6730157477901,6730158444643,966742
15101,6730158472643,6730159439458,966815
15102,6730159477773,6730160446014,968241
15103,6730160472570,6730161440978,968408
15104,6730161477700,6730162445220,967520
15105,6730162472442,6730163440702,968260
15106,6730163477554,6730164444925,967371
15107,6730164472332,6730165439407,967075
15108,6730165477481,6730166445111,967630
15109,6730166472185,6730167439019,966834
15110,6730167477316,6730168445724,968408
15111,6730168472113,6730169440243,968130
15112,6730169477225,6730170443670,966445
15113,6730170471966,6730171439022,967056
15114,6730171477115,6730172444782,967667
15115,6730172471875,6730173438746,966871
15116,6730173476987,6730174444321,967334
15117,6730174471747,6730175438544,966797
15118,6730175476859,6730176445896,969037
15119,6730176471674,6730177439823,968149
15120,6730177476749,6730178443694,966945
15121,6730178471546,6730179439602,968056
15122,6730179476658,6730180444103,967445
15123,6730180471418,6730181438419,967001
15124,6730181476585,6730182443179,966594
15125,6730182471290,6730183438161,966871
15126,6730183476439,6730184445069,968630
15127,6730184471180,6730185438792,967612
15128,6730185476292,6730186443274,966982
15129,6730186471070,6730187437867,966797
15130,6730187476219,6730188442479,966260
15131,6730188470979,6730189438054,967075
15132,6730189476091,6730190442592,966501
15133,6730190470814,6730191437555,966741
15134,6730191475926,6730192444167,968241
15135,6730192470723,6730193438483,967760
15136,6730193475853,6730194442632,966779
15137,6730194470632,6730195438558,967926
15138,6730195475707,6730196442966,967259
15139,6730196470504,6730197437338,966834
15140,6730197475634,6730198442116,966482
15141,6730198470338,6730199437098,966760
15142,6730199475524,6730200443636,968112
15143,6730200470284,6730201438118,967834
15144,6730201475396,6730202441878,966482
15145,6730202470138,6730203437027,966889
15146,6730203475268,6730204442898,967630
15147,6730204470046,6730205436547,966501
15148,6730205475158,6730206442289,967131
15149,6730206469900,6730207436752,966852
15150,6730207475049,6730208442864,967815
15151,6730208469790,6730209437698,967908
15152,6730209474920,6730210442977,968057
15153,6730210469662,6730211437829,968167
15154,6730211474792,6730212441386,966594
15155,6730212469571,6730213436590,967019
15156,6730213474701,6730214441702,967001
15157,6730214469461,6730215435610,966149
15158,6730215474591,6730216443611,969020
15159,6730216469333,6730217437371,968038
15160,6730217474445,6730218442649,968204
15161,6730218469205,6730219435650,966445
15162,6730219474354,6730220449354,975000
15163,6730220469410,6730221459522,990112
15164,6730221469503,6730222461245,991742
15165,6730222469430,6730223462782,993352
15166,6730223469394,6730224453654,984260
15167,6730224469061,6730225437173,968112
15168,6730225474025,6730226443173,969148
15169,6730226468803,6730227436156,967353
15170,6730227473896,6730228441471,967575
15171,6730228468675,6730229435305,966630
15172,6730229473805,6730230441139,967334
15173,6730230468528,6730231435529,967001
15174,6730231473659,6730232440363,966704
15175,6730232468437,6730233435419,966982
15176,6730233473567,6730234440568,967001
15177,6730234468290,6730235435476,967186
15178,6730235473402,6730236442773,969371
15179,6730236468273,6730237436626,968353
15180,6730237473367,6730238441071,967704
15181,6730238468090,6730239435220,967130
15182,6730239473220,6730240440647,967427
15183,6730240467998,6730241435388,967390
15184,6730241473110,6730242440278,967168
15185,6730242467870,6730243435390,967520
15186,6730243472982,6730244440150,967168
15187,6730244467761,6730245434910,967149
15188,6730245472891,6730246441040,968149
15189,6730246467614,6730247435485,967871
15190,6730247472744,6730248439838,967094
15191,6730248467523,6730249434764,967241
15192,6730249472635,6730250439728,967093
15193,6730250467395,6730251434599,967204
15194,6730251472506,6730252440544,968038
15195,6730252467285,6730253435749,968464
15196,6730253472452,6730254439620,967168
15197,6730254467157,6730255434232,967075
15198,6730255472306,6730256439936,967630
15199,6730256467066,6730257434715,967649
15200,6730257472196,6730258439345,967149
15201,6730258466956,6730259434197,967241
15202,6730259472068,6730260439161,967093
15203,6730260466846,6730261433958,967112
15204,6730261471977,6730262439107,967130
15205,6730262466700,6730263433441,966741
15206,6730263471849,6730264438775,966926
15207,6730264466609,6730265433794,967185
15208,6730265471720,6730266441647,969927
15209,6730266466480,6730267433870,967390
15210,6730267471574,6730268438315,966741
15211,6730268466352,6730269433483,967131
15212,6730269471520,6730270438928,967408
15213,6730270466243,6730271433336,967093
15214,6730271471354,6730272438170,966816
15215,6730272466151,6730273433171,967020
15216,6730273471263,6730274438208,966945
15217,6730274466023,6730275433135,967112
15218,6730275471135,6730276437932,966797
15219,6730276465914,6730277433285,967371
15220,6730277471062,6730278438100,967038
15221,6730278465804,6730279432805,967001
15222,6730279470934,6730280438083,967149
15223,6730280465676,6730281432676,967000
15224,6730281470806,6730282437992,967186
15225,6730282465566,6730283432308,966742
15226,6730283470678,6730284437864,967186
15227,6730284465456,6730285432624,967168
15228,6730285470587,6730286437180,966593
15229,6730286465347,6730287431977,966630
15230,6730287470459,6730288437663,967204
15231,6730288465219,6730289432441,967222
15232,6730289470330,6730290437701,967371
15233,6730290465109,6730291431573,966464
15234,6730291470221,6730292437073,966852
15235,6730292464999,6730293431926,966927
15236,6730293470130,6730294436149,966019
15237,6730294464871,6730295431724,966853
15238,6730295469983,6730296437095,967112
15239,6730296464798,6730297432021,967223
15240,6730297469892,6730298437059,967167
15241,6730298464652,6730299431671,967019
15242,6730299469764,6730300436598,966834
15243,6730300464561,6730301431135,966574
15244,6730301469672,6730302436266,966594
15245,6730302464414,6730303431322,966908
15246,6730303469526,6730304436045,966519
15247,6730304464323,6730305431749,967426
15248,6730305469416,6730306436546,967130
15249,6730306464195,6730307430899,966704
15250,6730307469306,6730308435955,966649
15251,6730308464103,6730309431067,966964
15252,6730309469215,6730310436623,967408
15253,6730310463957,6730311430532,966575
15254,6730311469087,6730312436273,967186
15255,6730312463866,6730313431126,967260
15256,6730313468977,6730314435552,966575
15257,6730314463719,6730315430738,967019
15258,6730315468849,6730316437257,968408
15259,6730316463646,6730317431295,967649
15260,6730317468758,6730318436055,967297
15261,6730318463500,6730319430574,967074
15262,6730319468630,6730320435205,966575
15263,6730320463408,6730321430298,966890
15264,6730321468539,6730322435595,967056
15265,6730322463299,6730323430540,967241
15266,6730323468411,6730324435689,967278
15267,6730324463208,6730325431412,968204
15268,6730325468320,6730326434876,966556
15269,6730326463061,6730327431321,968260
15270,6730327468173,6730328436470,968297
15271,6730328462951,6730329430619,967668
15272,6730329468063,6730330435397,967334
15273,6730330462805,6730331429324,966519
15274,6730331467954,6730332435565,967611
15275,6730332462732,6730333429788,967056
15276,6730333467844,6730334435011,967167
15277,6730334462585,6730335429623,967038
15278,6730335467716,6730336434698,966982
15279,6730336462513,6730337430587,968074
15280,6730337467625,6730338434588,966963
15281,6730338462366,6730339429385,967019
15282,6730339467496,6730340434349,966853
15283,6730340462275,6730341429387,967112
15284,6730341467387,6730342433999,966612
15285,6730342462165,6730343429333,967168
15286,6730343467277,6730344435648,968371
15287,6730344462037,6730345430445,968408
15288,6730345467186,6730346434501,967315
15289,6730346461890,6730347429595,967705
15290,6730347467039,6730348446003,978964
15291,6730348461984,6730349454707,992723
15292,6730349462059,6730350453819,991760
15293,6730350462134,6730351454912,992778
15294,6730351462079,6730352453895,991816
15295,6730352461913,6730353450321,988408
15296,6730353461895,6730354455192,993297
15297,6730354461822,6730355458767,996945
15298,6730355462360,6730356454990,992630
15299,6730356461861,6730357455491,993630
15300,6730357461769,6730358453492,991723
15301,6730358461695,6730359455622,993927
15302,6730359461585,6730360454826,993241
15303,6730360461604,6730361456420,994816
15304,6730361461494,6730362453680,992186
15305,6730362461254,6730363452106,990852
15306,6730363461477,6730364455533,994056
15307,6730364461107,6730365451775,990668
15308,6730365461200,6730366454072,992872
15309,6730366461164,6730367452554,991390
15310,6730367461202,6730368453499,992297
15311,6730368461092,6730369453759,992667
15312,6730369461074,6730370453556,992482
15313,6730370461037,6730371454557,993520
15314,6730371460964,6730372451780,990816
15315,6730372460872,6730373452225,991353
15316,6730373460817,6730374454170,993353
15317,6730374460818,6730375453726,992908
15318,6730375460726,6730376453449,992723
15319,6730376460653,6730377457524,996871
15320,6730377461357,6730378454006,992649
15321,6730378460488,6730379452951,992463
15322,6730379460451,6730380453045,992594
15323,6730380460489,6730381453082,992593
15324,6730381460268,6730382449750,989482
15325,6730382460305,6730383452121,991816
15326,6730383460491,6730384453325,992834
15327,6730384460196,6730385452845,992649
15328,6730385459974,6730386452160,992186
15329,6730386460068,6730387455346,995278
15330,6730387460050,6730388451976,991926
15331,6730388459921,6730389452273,992352
15332,6730389459996,6730390451052,991056
15333,6730390459793,6730391453090,993297
15334,6730391459682,6730392451665,991983
15335,6730392459776,6730393453425,993649
15336,6730393459684,6730394452647,992963
15337,6730394459685,6730395453426,993741
15338,6730395459333,6730396451723,992390
15339,6730396459316,6730397451594,992278
15340,6730397459409,6730398451465,992056
15341,6730398459391,6730399452521,993130
15342,6730399459244,6730400452430,993186
15343,6730400459300,6730401451801,992501
15344,6730401459208,6730402451598,992390
15345,6730402459227,6730403450173,990946
15346,6730403459098,6730404451970,992872
15347,6730404458970,6730405452489,993519
15348,6730405459044,6730406451675,992631
15349,6730406458860,6730407453268,994408
15350,6730407458861,6730408448991,990130
15351,6730408458917,6730409452510,993593
15352,6730409458751,6730410451511,992760
15353,6730410458659,6730411452382,993723
15354,6730411458641,6730412452401,993760
15355,6730412458568,6730413449050,990482
15356,6730413458476,6730414451569,993093
15357,6730414458440,6730415450941,992501
15358,6730415458496,6730416451200,992704
15359,6730416458330,6730417453201,994871
15360,6730417458294,6730418449258,990964
15361,6730418458276,6730419450555,992279
15362,6730419458203,6730420451092,992889
15363,6730420458148,6730421450686,992538
15364,6730421458037,6730422449779,991742
15365,6730422457983,6730423451243,993260
15366,6730423457891,6730424450651,992760
15367,6730424457836,6730425449763,991927
15368,6730425457800,6730426450041,992241
15369,6730426458078,6730427451505,993427
15370,6730427457709,6730428450043,992334
15371,6730428457765,6730429449303,991538
15372,6730429457543,6730430450637,993094
15373,6730430457581,6730431451008,993427
15374,6730431457471,6730432450601,993130
15375,6730432457508,6730433449250,991742
15376,6730433457398,6730434449843,992445
15377,6730434457251,6730435449714,992463
15378,6730435457288,6730436449456,992168
15379,6730436457215,6730437450438,993223
15380,6730437457197,6730438450309,993112
15381,6730438456883,6730439448069,991186
15382,6730439456976,6730440450329,993353
15383,6730440456922,6730441448978,992056
15384,6730441456682,6730442449090,992408
15385,6730442456868,6730443450516,993648
15386,6730443456794,6730444449943,993149
15387,6730444456758,6730445450388,993630
15388,6730445456685,6730446449796,993111
15389,6730446456445,6730447450297,993852
15390,6730447456464,6730448449465,993001
15391,6730448456539,6730449448817,992278
15392,6730449456484,6730450449799,993315
15393,6730450456373,6730451448541,992168
15394,6730451456356,6730452448634,992278
15395,6730452456338,6730453449264,992926
15396,6730453456283,6730454448247,991964
15397,6730454456265,6730455449321,993056
15398,6730455456210,6730456446656,990446
15399,6730456456026,6730457451045,995019
15400,6730457456027,6730458448694,992667
15401,6730458455990,6730459448510,992520
15402,6730459455917,6730460449140,993223
15403,6730460455807,6730461445918,990111
15404,6730461455807,6730462448049,992242
15405,6730462455697,6730463448290,992593
15406,6730463455438,6730464446902,991464
15407,6730464455606,6730465448347,992741
15408,6730465455477,6730466449070,993593
15409,6730466455441,6730467447904,992463
15410,6730467455497,6730468448331,992834
15411,6730468455349,6730469448350,993001
15412,6730469455295,6730470448462,993167
15413,6730470454999,6730471446796,991797
15414,6730471455203,6730472448260,993057
15415,6730472455075,6730473448168,993093
15416,6730473455094,6730474447854,992760
15417,6730474454946,6730475447614,992668
15418,6730475454743,6730476447244,992501
15419,6730476454948,6730477448189,993241
15420,6730477454800,6730478447597,992797
15421,6730478454857,6730479447950,993093
15422,6730479454746,6730480446266,991520
15423,6730480454691,6730481447729,993038
15424,6730481454692,6730482447378,992686
15425,6730482454674,6730483447712,993038
15426,6730483454546,6730484446546,992000
15427,6730484454380,6730485447473,993093
15428,6730485454399,6730486445659,991260
15429,6730486454307,6730487448363,994056
15430,6730487454252,6730488446920,992668
15431,6730488454179,6730489447439,993260
15432,6730489454291,6730490446347,992056
15433,6730490454069,6730491445977,991908
15434,6730491454070,6730492445682,991612
15435,6730492454034,6730493446071,992037
15436,6730493454145,6730494446850,992705
15437,6730494453905,6730495445369,991464
15438,6730495453795,6730496444981,991186
15439,6730496453740,6730497447463,993723
15440,6730497453741,6730498445945,992204
15441,6730498453742,6730499446057,992315
15442,6730499453668,6730500443132,989464
15443,6730500453521,6730501445447,991926
15444,6730501453447,6730502446319,992872
15445,6730502453430,6730503445579,992149
15446,6730503453375,6730504438616,985241
15447,6730504453005,6730505420469,967464
15448,6730505458062,6730506425192,967130
15449,6730506452747,6730507420989,968242
15450,6730507457841,6730508426638,968797
15451,6730508452638,6730509419657,967019
15452,6730509457731,6730510424584,966853
15453,6730510452491,6730511419177,966686
15454,6730511457621,6730512427215,969594
15455,6730512452381,6730513420586,968205
15456,6730513457530,6730514424401,966871
15457,6730514452272,6730515418939,966667
15458,6730515457384,6730516426292,968908
15459,6730516452199,6730517419274,967075
15460,6730517457255,6730518424275,967020
15461,6730518452015,6730519418905,966890
15462,6730519457164,6730520426776,969612
15463,6730520451924,6730521419962,968038
15464,6730521457055,6730522424148,967093
15465,6730522451796,6730523418445,966649
15466,6730523456945,6730524426409,969464
15467,6730524451723,6730525419798,968075
15468,6730525456780,6730526423892,967112
15469,6730526451558,6730527419337,967779
15470,6730527456726,6730528426615,969889
15471,6730528451467,6730529420134,968667
15472,6730529456579,6730530423117,966538
15473,6730530451413,6730531418506,967093
15474,6730531456488,6730532429859,973371
15475,6730532451322,6730533418397,967075
15476,6730533456360,6730534423379,967019
15477,6730534451120,6730535418380,967260
15478,6730535456250,6730536424195,967945
15479,6730536451010,6730537419177,968167
15480,6730537456122,6730538422882,966760
15481,6730538450900,6730539417790,966890
15482,6730539456012,6730540424828,968816
15483,6730540450791,6730541417365,966574
15484,6730541455902,6730542422551,966649
15485,6730542450662,6730543417737,967075
15486,6730543455811,6730544425794,969983
15487,6730544450590,6730545418683,968093
15488,6730545455665,6730546422462,966797
15489,6730546450425,6730547418092,967667
15490,6730547455536,6730548425093,969557
15491,6730548450352,6730549417093,966741
15492,6730549455445,6730550422483,967038
15493,6730550450205,6730551417336,967131
15494,6730551455336,6730552423540,968204
15495,6730552450096,6730553416689,966593
15496,6730553455208,6730554421875,966667
15497,6730554449967,6730555416931,966964
15498,6730555455098,6730556422858,967760
15499,6730556449858,6730557417803,967945
15500,6730557454988,6730558421544,966556
15501,6730558449748,6730559417471,967723
15502,6730559454860,6730560423824,968964
15503,6730560449676,6730561416417,966741
15504,6730561454769,6730562421770,967001
15505,6730562449529,6730563416455,966926
15506,6730563454622,6730564423012,968390
15507,6730564449419,6730565415642,966223
15508,6730565454531,6730566421421,966890
15509,6730566449291,6730567416662,967371
15510,6730567454477,6730568425237,970760
15511,6730568449200,6730569417923,968723
15512,6730569454330,6730570420812,966482
15513,6730570449053,6730571415980,966927
15514,6730571454184,6730572424258,970074
15515,6730572448962,6730573415815,966853
15516,6730573454055,6730574421186,967131
15517,6730574448815,6730575415705,966890
15518,6730575453964,6730576422058,968094
15519,6730576448743,6730577416077,967334
15520,6730577453836,6730578420707,966871
15521,6730578448596,6730579415097,966501
15522,6730579453726,6730580421820,968094
15523,6730580448505,6730581415191,966686
15524,6730581453598,6730582420266,966668
15525,6730582448358,6730583415192,966834
15526,6730583453489,6730584423174,969685
15527,6730584448286,6730585416620,968334
15528,6730585453342,6730586420250,966908
15529,6730586448139,6730587416103,967964
15530,6730587453288,6730588422103,968815
15531,6730588448048,6730589414882,966834
15532,6730589453123,6730590419512,966389
15533,6730590447920,6730591414124,966204
15534,6730591453050,6730592421143,968093
15535,6730592447791,6730593414440,966649
15536,6730593452940,6730594419682,966742
15537,6730594447700,6730595414590,966890
15538,6730595452775,6730596442387,989612
15539,6730596448035,6730597445184,997149
15540,6730597447962,6730598439685,991723
15541,6730598447925,6730599441408,993483
15542,6730599447815,6730600439834,992019
15543,6730600447890,6730601441242,993352
15544,6730601447742,6730602440632,992890
15545,6730602447632,6730603440003,992371
15546,6730603447577,6730604440782,993205
15547,6730604447615,6730605439986,992371
15548,6730605447301,6730606439913,992612
15549,6730606447505,6730607441932,994427
15550,6730607447117,6730608440507,993390
15551,6730608447266,6730609440563,993297
15552,6730609447248,6730610441082,993834
15553,6730610447193,6730611441416,994223
15554,6730611447102,6730612440306,993204
15555,6730612447084,6730613439659,992575
15556,6730613447103,6730614440493,993390
15557,6730614446937,6730615439845,992908
15558,6730615446956,6730616440624,993668
15559,6730616446901,6730617440532,993631
15560,6730617446847,6730618440255,993408
15561,6730618446699,6730619438959,992260
15562,6730619446718,6730620440738,994020
15563,6730620446701,6730621439609,992908
15564,6730621446479,6730622438054,991575
15565,6730622446628,6730623439647,993019
15566,6730623446499,6730624440148,993649
15567,6730624446463,6730625440482,994019
15568,6730625446352,6730626438649,992297
15569,6730626446390,6730627440706,994316
15570,6730627446224,6730628439799,993575
15571,6730628446169,6730629438633,992464
15572,6730629445911,6730630438004,992093
15573,6730630446134,6730631440357,994223
15574,6730631446005,6730632440765,994760
15575,6730632445950,6730633439358,993408
15576,6730633445877,6730634438766,992889
15577,6730634445878,6730635437119,991241
15578,6730635445841,6730636440805,994964
15579,6730636445620,6730637439102,993482
15580,6730637445657,6730638437084,991427
15581,6730638445584,6730639439548,993964
15582,6730639445474,6730640440234,994760
15583,6730640445234,6730641437031,991797
15584,6730641445364,6730642438031,992667
15585,6730642445402,6730643438088,992686
15586,6730643445310,6730644439070,993760
15587,6730644445292,6730645435126,989834
15588,6730645445237,6730646438257,993020
15589,6730646445164,6730647440183,995019
15590,6730647445091,6730648440795,995704
15591,6730648445036,6730649437129,992093
15592,6730649445018,6730650437000,991982
15593,6730650444963,6730651434871,989908
15594,6730651444945,6730652439872,994927
15595,6730652444872,6730653437910,993038
15596,6730653444817,6730654438762,993945
15597,6730654444651,6730655437634,992983
15598,6730655444615,6730656442060,997445
15599,6730656446264,6730657438005,991741
15600,6730657444505,6730658436876,992371
15601,6730658444543,6730659436229,991686
15602,6730659444414,6730660440989,996575
15603,6730660444415,6730661439101,994686
15604,6730661444082,6730662435787,991705
15605,6730662444268,6730663437936,993668
15606,6730663444250,6730664440251,996001
15607,6730664444084,6730665436585,992501
15608,6730665444196,6730666436253,992057
15609,6730666444049,6730667436383,992334
15610,6730667444142,6730668438717,994575
15611,6730668443958,6730669435236,991278
15612,6730669443866,6730670435404,991538
15613,6730670443774,6730671436219,992445
15614,6730671443923,6730672439368,995445
15615,6730672443813,6730673436406,992593
15616,6730673443573,6730674436240,992667
15617,6730674443536,6730675436796,993260
15618,6730675443555,6730676439278,995723
15619,6730676443445,6730677435261,991816
15620,6730677443631,6730678436206,992575
15621,6730678443298,6730679436299,993001
15622,6730679443281,6730680437652,994371
15623,6730680443244,6730681435449,992205
15624,6730681443208,6730682438023,994815
15625,6730682443079,6730683436321,993242
15626,6730683443080,6730684437914,994834
15627,6730684442803,6730685432729,989926
15628,6730685442878,6730686435415,992537
15629,6730686442934,6730687435360,992426
15630,6730687443138,6730688440176,997038
15631,6730688442732,6730689438714,995982
15632,6730689442510,6730690436159,993649
15633,6730690442640,6730691434752,992112
15634,6730691442549,6730692437216,994667
15635,6730692442605,6730693435106,992501
15636,6730693442476,6730694435866,993390
15637,6730694442458,6730695435644,993186
15638,6730695442255,6730696439163,996908
15639,6730696443756,6730697436590,992834
15640,6730697442257,6730698438813,996556
15641,6730698442517,6730699434851,992334
15642,6730699442110,6730700442463,1000353
15643,6730700444759,6730701438500,993741
15644,6730701441926,6730702433038,991112
15645,6730702441945,6730703434780,992835
15646,6730703441965,6730704442021,1000056
15647,6730704445002,6730705435966,990964
15648,6730705441707,6730706433745,992038
15649,6730706441819,6730707435505,993686
15650,6730707441764,6730708436172,994408
15651,6730708441616,6730709434414,992798
15652,6730709441525,6730710434396,992871
15653,6730710441507,6730711434137,992630
15654,6730711441545,6730712436379,994834
15655,6730712441138,6730713431565,990427
15656,6730713441305,6730714434306,993001
15657,6730714441325,6730715433325,992000
15658,6730715441251,6730716437604,996353
15659,6730716440919,6730717432845,991926
15660,6730717441030,6730718436198,995168
15661,6730718440957,6730719433587,992630
15662,6730719440976,6730720443514,1002538
15663,6730720446236,6730721435422,989186
15664,6730721440830,6730722432775,991945
15665,6730722440830,6730723433757,992927
15666,6730723440776,6730724436684,995908
15667,6730724440776,6730725433499,992723
15668,6730725440647,6730726434185,993538
15669,6730726440555,6730727432575,992020
15670,6730727440834,6730728437983,997149
15671,6730728440909,6730729434410,993501
15672,6730729440428,6730730432984,992556
15673,6730730440392,6730731432578,992186
15674,6730731440355,6730732436189,995834
15675,6730732440375,6730733432783,992408
15676,6730733440209,6730734433284,993075
15677,6730734440135,6730735433414,993279
15678,6730735440044,6730736435322,995278
15679,6730736440081,6730737432563,992482
15680,6730737439971,6730738432712,992741
15681,6730738439935,6730739432861,992926
15682,6730739439861,6730740434510,994649
15683,6730740439862,6730741432103,992241
15684,6730741439733,6730742432493,992760
15685,6730742439641,6730743432309,992668
15686,6730743439605,6730744427957,988352
15687,6730744439309,6730745407958,968649
15688,6730745444310,6730746411514,967204
15689,6730746439014,6730747406089,967075
15690,6730747444163,6730748407923,963760
15691,6730748444886,6730749413850,968964
15692,6730749438869,6730750407277,968408
15693,6730750443980,6730751411463,967483
15694,6730751438740,6730752406723,967983
15695,6730752443871,6730753411445,967574
15696,6730753438612,6730754406039,967427
15697,6730754443743,6730755411280,967537
15698,6730755438502,6730756405577,967075
15699,6730756443596,6730757411171,967575
15700,6730757438374,6730758407116,968742
15701,6730758443523,6730759411005,967482
15702,6730759438283,6730760404432,966149
15703,6730760443451,6730761410451,967000
15704,6730761438155,6730762405304,967149
15705,6730762443267,6730763410638,967371
15706,6730763438045,6730764406472,968427
15707,6730764443194,6730765411121,967927
15708,6730765437936,6730766405251,967315
15709,6730766443066,6730767409863,966797
15710,6730767437826,6730768407308,969482
15711,6730768442938,6730769411309,968371
15712,6730769437679,6730770404791,967112
15713,6730770442847,6730771410070,967223
15714,6730771437607,6730772405552,967945
15715,6730772442719,6730773409775,967056
15716,6730773437442,6730774404627,967185
15717,6730774442590,6730775409943,967353
15718,6730775437350,6730776405462,968112
15719,6730776442499,6730777410648,968149
15720,6730777437222,6730778405241,968019
15721,6730778442353,6730779408872,966519
15722,6730779437131,6730780405613,968482
15723,6730780442224,6730781410614,968390
15724,6730781437021,6730782404318,967297
15725,6730782442115,6730783409245,967130
15726,6730783436875,6730784405005,968130
15727,6730784442079,6730785409358,967279
15728,6730785436784,6730786403803,967019
15729,6730786441877,6730787409081,967204
15730,6730787436637,6730788404138,967501
15731,6730788441786,6730789407453,965667
15732,6730789436509,6730790403417,966908
15733,6730790441639,6730791407547,965908
15734,6730791436418,6730792403733,967315
15735,6730792441548,6730793407326,965778
15736,6730793436308,6730794403235,966927
15737,6730794441457,6730795407198,965741
15738,6730795436198,6730796402903,966705
15739,6730796441273,6730797407181,965908
15740,6730797436089,6730798404089,968000
15741,6730798441200,6730799407072,965872
15742,6730799435960,6730800402424,966464
15743,6730800441072,6730801406925,965853
15744,6730801435869,6730802402926,967057
15745,6730802440981,6730803406667,965686
15746,6730803435760,6730804402038,966278
15747,6730804440890,6730805406724,965834
15748,6730805435613,6730806402465,966852
15749,6730806440743,6730807406707,965964
15750,6730807435522,6730808402485,966963
15751,6730808440652,6730809406357,965705
15752,6730809435375,6730810402172,966797
15753,6730810440524,6730811406117,965593
15754,6730811435210,6730812401803,966593
15755,6730812440377,6730813406156,965779
15756,6730813435174,6730814402027,966853
15757,6730814440305,6730815406213,965908
15758,6730815435046,6730816401288,966242
15759,6730816440176,6730817406140,965964
15760,6730817434955,6730818402993,968038
15761,6730818440067,6730819406216,966149
15762,6730819434827,6730820401402,966575
15763,6730820439902,6730821405550,965648
15764,6730821434680,6730822401903,967223
15765,6730822439829,6730823405478,965649
15766,6730823434570,6730824401127,966557
15767,6730824439738,6730825405664,965926
15768,6730825434461,6730826401184,966723
15769,6730826439628,6730827405221,965593
15770,6730827434351,6730828402130,967779
15771,6730828439500,6730829405334,965834
15772,6730829434241,6730830401205,966964
15773,6730830439372,6730831405206,965834
15774,6730831434113,6730832400892,966779
15775,6730832439373,6730833405448,966075
15776,6730833433985,6730834400930,966945
15777,6730834439153,6730835405042,965889
15778,6730835433931,6730836400191,966260
15779,6730836439006,6730837404766,965760
15780,6730837433784,6730838401526,967742
15781,6730838438915,6730839404786,965871
15782,6730839433656,6730840400157,966501
15783,6730840438768,6730841404509,965741
15784,6730841433547,6730842400547,967000
15785,6730842438695,6730843404233,965538
15786,6730843433437,6730844400086,966649
15787,6730844438567,6730845404364,965797
15788,6730845433309,6730846400458,967149
15789,6730846438439,6730847404477,966038
15790,6730847433218,6730848409144,975926
15791,6730848433533,6730849424682,991149
15792,6730849433571,6730850431905,998334
15793,6730850435516,6730851429757,994241
15794,6730851434646,6730852435406,1000760
15795,6730852439610,6730853436277,996667
15796,6730853439463,6730854435371,995908
15797,6730854439260,6730855433779,994519
15798,6730855437149,6730856435354,998205
15799,6730856439743,6730857434410,994667
15800,6730857438669,6730858434781,996112
15801,6730858438226,6730859433800,995574
15802,6730859437208,6730860433579,996371
15803,6730860437486,6730861432246,994760
15804,6730861436043,6730862433340,997297
15805,6730862437377,6730863432100,994723
15806,6730863435562,6730864430526,994964
15807,6730864434434,6730865432490,998056
15808,6730865436138,6730866433454,997316
15809,6730866437602,6730867433010,995408
15810,6730867436362,6730868435362,999000
15811,6730868439566,6730869434715,995149
15812,6730869438104,6730870436790,998686
15813,6730870440364,6730871435068,994704
15814,6730871438328,6730872436439,998111
15815,6730872440662,6730873438348,997686
15816,6730873442311,6730874440330,998019
15817,6730874444330,6730875438645,994315
15818,6730875441942,6730876443257,1001315
15819,6730876446850,6730877441721,994871
15820,6730877445054,6730878443092,998038
15821,6730878446685,6730879441907,995222
15822,6730879445370,6730880441667,996297
15823,6730880445575,6730881440983,995408
15824,6730881444483,6730882439354,994871
15825,6730882442761,6730883439373,996612
15826,6730883442910,6730884439819,996909
15827,6730884443504,6730885440134,996630
15828,6730885443653,6730886439801,996148
15829,6730886443301,6730887440191,996890
15830,6730887444339,6730888441155,996816
15831,6730888445081,6730889440711,995630
15832,6730889444507,6730890442249,997742
15833,6730890446286,6730891441546,995260
15834,6730891445083,6730892442843,997760
15835,6730892446565,6730893444788,998223
15836,6730893448881,6730894443659,994778
15837,6730894447104,6730895442197,995093
15838,6730895446086,6730896441716,995630
15839,6730896445475,6730897441754,996279
15840,6730897445495,6730898444773,999278
15841,6730898447644,6730899444089,996445
15842,6730899447570,6730900444589,997019
15843,6730900448293,6730901442738,994445
15844,6730901445960,6730902441665,995705
15845,6730902445220,6730903440129,994909
15846,6730903443443,6730904440833,997390
15847,6730904445333,6730905442926,997593
15848,6730905446945,6730906445038,998093
15849,6730906447909,6730907442169,994260
15850,6730907445428,6730908445151,999723
15851,6730908447836,6730909445577,997741
15852,6730909447707,6730910442745,995038
15853,6730910446134,6730911441746,995612
15854,6730911445338,6730912441098,995760
15855,6730912444931,6730913440654,995723
15856,6730913444321,6730914439711,995390
15857,6730914443081,6730915439063,995982
15858,6730915442971,6730916440397,997426
15859,6730916443731,6730917438880,995149
15860,6730917442694,6730918437584,994890
15861,6730918441065,6730919436974,995909
15862,6730919440696,6730920437808,997112
15863,6730920441808,6730921439494,997686
15864,6730921443531,6730922442179,998648
15865,6730922445957,6730923440088,994131
15866,6730923443439,6730924441162,997723
15867,6730924444551,6730925442941,998390
15868,6730925446089,6730926443516,997427
15869,6730926446664,6730927440868,994204
15870,6730927444313,6730928442221,997908
15871,6730928446184,6730929444222,998038
15872,6730929446759,6730930442019,995260
15873,6730930445296,6730931441167,995871
15874,6730931444964,6730932441427,996463
15875,6730932445983,6730933444484,998501
15876,6730933446447,6730934441762,995315
15877,6730934445077,6730935440689,995612
15878,6730935444467,6730936441338,996871
15879,6730936445060,6730937445987,1000927
15880,6730937446209,6730938443599,997390
15881,6730938445932,6730939440544,994612
15882,6730939443951,6730940441822,997871
15883,6730940445637,6730941442249,996612
15884,6730941445878,6730942439953,994075
15885,6730942443175,6730943438343,995168
15886,6730943442065,6730944452955,1010890
15887,6730944435695,6730945438530,1002835
15888,6730945442252,6730946442104,999852
15889,6730946445660,6730947445938,1000278
15890,6730947445198,6730948443809,998611
15891,6730948445365,6730949441792,996427
15892,6730949445440,6730950440311,994871
15893,6730950443811,6730951439886,996075
15894,6730951443534,6730952441312,997778
15895,6730952445275,6730953444017,998742
15896,6730953445369,6730954440962,995593
15897,6730954444388,6730955441074,996686
15898,6730955444944,6730956443112,998168
15899,6730956445000,6730957441020,996020
15900,6730957443964,6730958440335,996371
15901,6730958444002,6730959442355,998353
15902,6730959444855,6730960441781,996926
15903,6730960444800,6730961440745,995945
15904,6730961444523,6730962439634,995111
15905,6730962442968,6730963439209,996241
15906,6730963442987,6730964441636,998649
15907,6730964444636,6730965442729,998093
15908,6730965444470,6730966440823,996353
15909,6730966444193,6730967441694,997501
15910,6730967444416,6730968447694,1003278
15911,6730968431657,6730969435047,1003390
15912,6730969438417,6730970435085,996668
15913,6730970438437,6730971435215,996778
15914,6730971438734,6730972436586,997852
15915,6730972440734,6730973439957,999223
15916,6730973443383,6730974440328,996945
15917,6730974443532,6730975439681,996149
15918,6730975443366,6730976441404,998038
15919,6730976443848,6730977440312,996464
15920,6730977443831,6730978440442,996611
15921,6730978443794,6730979442258,998464
15922,6730979443851,6730980440962,997111
15923,6730980443629,6730981439908,996279
15924,6730981443556,6730982439945,996389
15925,6730982443631,6730983441465,997834
15926,6730983443594,6730984440391,996797
15927,6730984443447,6730985440503,997056
15928,6730985443466,6730986439356,995890
15929,6730986443189,6730987442042,998853
15930,6730987443319,6730988441876,998557
15931,6730988443227,6730989439043,995816
15932,6730989442062,6730990438618,996556
15933,6730990442062,6730991438341,996279
15934,6730991442007,6730992441971,999964
15935,6730992442767,6730993436750,993983
15936,6730993440138,6730994435806,995668
15937,6730994439473,6730995435455,995982
15938,6730995438807,6730996434993,996186
15939,6730996439326,6730997437197,997871
15940,6730997440919,6730998439012,998093
15941,6730998442142,6730999438865,996723
15942,6730999442458,6731000441958,999500
15943,6731000442514,6731001437496,994982
15944,6731001440792,6731002436627,995835
15945,6731002440312,6731003435998,995686
15946,6731003439294,6731004438369,999075
15947,6731004442146,6731005439166,997020
15948,6731005442444,6731006436074,993630
15949,6731006439518,6731007435204,995686
15950,6731007439093,6731008438464,999371
15951,6731008442075,6731009438539,996464
15952,6731009442095,6731010440632,998537
15953,6731010441984,6731011437133,995149
15954,6731011440337,6731012438671,998334
15955,6731012441782,6731013437523,995741
15956,6731013440746,6731014437524,996778
15957,6731014441209,6731015439488,998279
15958,6731015441692,6731016438248,996556
15959,6731016441544,6731017437489,995945
15960,6731017441360,6731018438786,997426
15961,6731018441453,6731019437083,995630
15962,6731019440602,6731020436991,996389
15963,6731020440825,6731021439122,998297
15964,6731021441437,6731022439771,998334
15965,6731022441215,6731023435383,994168
15966,6731023438790,6731024436976,998186
15967,6731024441068,6731025438847,997779
15968,6731025441106,6731026436607,995501
15969,6731026439996,6731027436497,996501
15970,6731027440145,6731028438719,998574
15971,6731028440849,6731029437868,997019
15972,6731029440813,6731030436388,995575
15973,6731030439573,6731031435166,995593
15974,6731031439036,6731032438000,998964
15975,6731032440667,6731033436649,995982
15976,6731033440186,6731034435298,995112
15977,6731034438835,6731035435021,996186
15978,6731035438854,6731036439633,1000779
15979,6731036440633,6731037436263,995630
15980,6731037439411,6731038436449,997038
15981,6731038440097,6731039434727,994630
15982,6731039438135,6731040436839,998704
15983,6731040440210,6731041441673,1001463
15984,6731041440007,6731042434693,994686
15985,6731042438193,6731043434767,996574
15986,6731043438397,6731044430009,991612
15987,6731044432379,6731045400398,968019
15988,6731045421880,6731046389547,967667
15989,6731046426955,6731047394493,967538
15990,6731047421696,6731048392067,970371
15991,6731048426845,6731049395642,968797
15992,6731049421587,6731050388828,967241
15993,6731050426717,6731051394125,967408
15994,6731051421477,6731052389181,967704
15995,6731052426607,6731053393997,967390
15996,6731053421367,6731054388516,967149
15997,6731054426479,6731055393684,967205
15998,6731055421239,6731056389277,968038
15999,6731056426369,6731057394778,968409
16000,6731057421092,6731058390260,969168
16001,6731058426260,6731059394298,968038
16002,6731059421001,6731060388150,967149
16003,6731060426150,6731061393577,967427
16004,6731061420892,6731062387874,966982
16005,6731062426022,6731063393115,967093
16006,6731063420782,6731064388746,967964
16007,6731064425894,6731065393154,967260
16008,6731065420672,6731066388247,967575
16009,6731066425784,6731067392803,967019
16010,6731067420563,6731068388063,967500
16011,6731068425674,6731069393027,967353
16012,6731069420434,6731070387676,967242
16013,6731070425583,6731071392436,966853
16014,6731071420325,6731072387103,966778
16015,6731072425455,6731073392382,966927
16016,6731073420215,6731074386623,966408
16017,6731074425346,6731075392550,967204
16018,6731075420087,6731076388106,968019
16019,6731076425217,6731077391570,966353
16020,6731077419996,6731078388385,968389
16021,6731078425182,6731079392738,967556
16022,6731079419849,6731080386572,966723
16023,6731080425017,6731081392147,967130
16024,6731081419795,6731082387259,967464
16025,6731082424851,6731083392222,967371
16026,6731083419648,6731084388019,968371
16027,6731084424779,6731085390798,966019
16028,6731085419520,6731086387391,967871
16029,6731086424651,6731087391948,967297
16030,6731087419392,6731088387282,967890
16031,6731088424559,6731089392060,967501
16032,6731089419282,6731090386598,967316
16033,6731090424450,6731091391747,967297
16034,6731091419210,6731092387747,968537
16035,6731092424322,6731093390841,966519
16036,6731093419100,6731094386767,967667
16037,6731094424193,6731095391342,967149
16038,6731095418953,6731096386880,967927
16039,6731096424102,6731097391159,967057
16040,6731097418844,6731098385844,967000
16041,6731098423974,6731099390493,966519
16042,6731099418734,6731100385272,966538
16043,6731100423846,6731101390365,966519
16044,6731101418606,6731102385866,967260
16045,6731102423736,6731103390904,967168
16046,6731103418496,6731104385404,966908
16047,6731104423608,6731105390331,966723
16048,6731105418387,6731106385480,967093
16049,6731106423517,6731107390425,966908
16050,6731107418240,6731108384944,966704
16051,6731108423407,6731109391760,968353
16052,6731109418130,6731110385186,967056
16053,6731110423279,6731111390187,966908
16054,6731111418021,6731112384484,966463
16055,6731112423169,6731113390022,966853
16056,6731113417948,6731114384689,966741
16057,6731114423023,6731115389801,966778
16058,6731115417783,6731116384376,966593
16059,6731116422969,6731117389340,966371
16060,6731117417692,6731118384340,966648
16061,6731118422822,6731119390915,968093
16062,6731119417563,6731120383953,966390
16063,6731120422675,6731121389713,967038
16064,6731121417435,6731122384251,966816
16065,6731122422584,6731123388677,966093
16066,6731123417307,6731124383474,966167
16067,6731124422474,6731125390086,967612
16068,6731125417234,6731126384346,967112
16069,6731126422346,6731127389403,967057
16070,6731127417106,6731128384274,967168
16071,6731128422255,6731129390256,968001
16072,6731129416997,6731130383905,966908
16073,6731130422127,6731131388831,966704
16074,6731131416905,6731132383758,966853
16075,6731132422036,6731133389166,967130
16076,6731133416759,6731134383908,967149
16077,6731134421908,6731135388205,966297
16078,6731135416668,6731136383242,966574
16079,6731136421779,6731137387688,965909
16080,6731137416521,6731138383096,966575
16081,6731138421651,6731139388837,967186
16082,6731139416430,6731140382912,966482
16083,6731140421560,6731141387468,965908
16084,6731141416320,6731142383080,966760
16085,6731142421432,6731143387136,965704
16086,6731143416210,6731144382859,966649
16087,6731144421322,6731145387175,965853
16088,6731145416082,6731146383213,967131
16089,6731146421194,6731147386695,965501
16090,6731147415954,6731148382251,966297
16091,6731148421122,6731149387752,966630
16092,6731149415844,6731150382882,967038
16093,6731150420993,6731151386827,965834
16094,6731151415735,6731152382587,966852
16095,6731152420847,6731153386699,965852
16096,6731153415607,6731154382459,966852
16097,6731154420737,6731155386497,965760
16098,6731155415534,6731156382035,966501
16099,6731156420646,6731157386239,965593
16100,6731157415369,6731158382240,966871
16101,6731158420555,6731159387648,967093
16102,6731159415296,6731160381927,966631
16103,6731160420482,6731161385983,965501
16104,6731161415149,6731162382039,966890
16105,6731162420243,6731163386151,965908
16106,6731163415077,6731164381855,966778
16107,6731164420189,6731165385912,965723
16108,6731165414930,6731166381875,966945
16109,6731166420079,6731167385728,965649
16110,6731167414821,6731168381321,966500
16111,6731168419951,6731169386600,966649
16112,6731169414711,6731170381989,967278
16113,6731170419841,6731171385879,966038
16114,6731171414583,6731172381139,966556
16115,6731172419713,6731173385695,965982
16116,6731173414492,6731174381437,966945
16117,6731174419603,6731175385141,965538
16118,6731175414363,6731176381105,966742
16119,6731176419512,6731177385309,965797
16120,6731177414235,6731178381458,967223
16121,6731178419384,6731179386014,966630
16122,6731179414144,6731180380682,966538
16123,6731180419237,6731181384923,965686
16124,6731181414034,6731182380998,966964
16125,6731182419165,6731183384628,965463
16126,6731183413906,6731184380240,966334
16127,6731184419037,6731185384852,965815
16128,6731185413797,6731186380964,967167
16129,6731186418890,6731187385020,966130
16130,6731187413687,6731188380280,966593
16131,6731188418799,6731189385392,966593
16132,6731189413559,6731190380578,967019
16133,6731190418689,6731191384542,965853
16134,6731191413431,6731192379783,966352
16135,6731192418561,6731193384284,965723
16136,6731193413302,6731194380525,967223
16137,6731194418451,6731195383785,965334
16138,6731195413211,6731196379823,966612
16139,6731196418323,6731197384250,965927
16140,6731197413120,6731198380287,967167
16141,6731198418213,6731199384196,965983
16142,6731199413029,6731200379622,966593
16143,6731200418104,6731201383790,965686
16144,6731201412864,6731202379772,966908
16145,6731202417976,6731203383532,965556
16146,6731203412754,6731204379181,966427
16147,6731204417884,6731205383644,965760
16148,6731205412663,6731206379386,966723
16149,6731206417775,6731207383572,965797
16150,6731207412535,6731208379035,966500
16151,6731208417647,6731209384814,967167
16152,6731209412407,6731210379315,966908
16153,6731210417518,6731211383019,965501
16154,6731211412315,6731212378909,966594
16155,6731212417409,6731213383095,965686
16156,6731213412187,6731214379355,967168
16157,6731214417318,6731215383133,965815
16158,6731215412078,6731216379115,967037
16159,6731216417171,6731217382375,965204
16160,6731217411949,6731218379061,967112
16161,6731218417080,6731219384136,967056
16162,6731219411858,6731220378470,966612
16163,6731220416952,6731221382823,965871
16164,6731221411730,6731222378416,966686
16165,6731222416861,6731223382769,965908
16166,6731223411620,6731224388343,976723
16167,6731224412047,6731225401215,989168
16168,6731225411918,6731226407586,995668
16169,6731226411900,6731227406735,994835
16170,6731227411846,6731228402754,990908
16171,6731228411717,6731229406384,994667
16172,6731229411754,6731230403940,992186
16173,6731230411663,6731231403923,992260
16174,6731231411552,6731232404757,993205
16175,6731232411627,6731233403739,992112
16176,6731233411461,6731234406351,994890
16177,6731234411369,6731235404259,992890
16178,6731235411388,6731236403500,992112
16179,6731236411408,6731237405297,993889
16180,6731237411297,6731238404002,992705
16181,6731238411205,6731239406632,995427
16182,6731239411114,6731240402651,991537
16183,6731240411133,6731241408560,997427
16184,6731241412337,6731242406412,994075
16185,6731242410968,6731243403839,992871
16186,6731243410857,6731244402636,991779
16187,6731244410858,6731245404396,993538
16188,6731245410822,6731246404359,993537
16189,6731246410767,6731247403990,993223
16190,6731247410619,6731248402231,991612
16191,6731248410694,6731249405195,994501
16192,6731249410528,6731250404270,993742
16193,6731250410603,6731251404493,993890
16194,6731251410474,6731252402586,992112
16195,6731252410364,6731253403846,993482
16196,6731253410327,6731254403384,993057
16197,6731254410347,6731255406033,995686
16198,6731255410273,6731256402996,992723
16199,6731256410256,6731257403034,992778
16200,6731257410164,6731258403146,992982
16201,6731258410164,6731259405147,994983
16202,6731259410054,6731260402407,992353
16203,6731260410073,6731261404444,994371
16204,6731261409944,6731262402075,992131
16205,6731262409797,6731263402872,993075
16206,6731263409872,6731264402373,992501
16207,6731264409687,6731265403410,993723
16208,6731265409688,6731266404318,994630
16209,6731266409633,6731267402578,992945
16210,6731267409560,6731268402061,992501
16211,6731268409450,6731269404135,994685
16212,6731269409450,6731270402655,993205
16213,6731270409358,6731271403822,994464
16214,6731271409229,6731272400526,991297
16215,6731272409249,6731273401453,992204
16216,6731273409175,6731274400843,991668
16217,6731274408991,6731275402269,993278
16218,6731275409121,6731276401437,992316
16219,6731276408992,6731277402660,993668
16220,6731277408956,6731278402216,993260
16221,6731278409031,6731279404050,995019
16222,6731279408902,6731280401347,992445
16223,6731280408810,6731281403292,994482
16224,6731281408755,6731282402089,993334
16225,6731282408719,6731283401738,993019
16226,6731283408553,6731284400757,992204
16227,6731284408702,6731285401480,992778
16228,6731285408499,6731286399703,991204
16229,6731286408463,6731287401167,992704
16230,6731287408315,6731288400575,992260
16231,6731288408316,6731289401983,993667
16232,6731289408243,6731290400521,992278
16233,6731290408299,6731291399300,991001
16234,6731291408170,6731292400541,992371
16235,6731292408152,6731293402097,993945
16236,6731293408060,6731294401524,993464
16237,6731294408061,6731295400599,992538
16238,6731295407932,6731296400062,992130
16239,6731296407988,6731297402341,994353
16240,6731297407767,6731298400231,992464
16241,6731298407842,6731299401620,993778
16242,6731299407676,6731300400732,993056
16243,6731300407732,6731301401751,994019
16244,6731301407696,6731302402826,995130
16245,6731302407548,6731303400419,992871
16246,6731303407512,6731304398679,991167
16247,6731304407476,6731305400921,993445
16248,6731305407365,6731306400014,992649
16249,6731306407310,6731307397256,989946
16250,6731307407256,6731308399812,992556
16251,6731308407312,6731309400887,993575
16252,6731309407072,6731310399387,992315
16253,6731310407091,6731311399703,992612
16254,6731311406925,6731312398426,991501
16255,6731312406963,6731313398575,991612
16256,6731313406945,6731314401705,994760
16257,6731314406853,6731315399873,993020
16258,6731315406780,6731316398244,991464
16259,6731316406707,6731317399152,992445
16260,6731317406707,6731318400856,994149
16261,6731318406541,6731319400857,994316
16262,6731319406524,6731320396969,990445
16263,6731320406450,6731321397025,990575
16264,6731321406451,6731322399507,993056
16265,6731322406378,6731323402267,995889
16266,6731323406249,6731324392805,986556
16267,6731324406009,6731325372787,966778
16268,6731325411009,6731326378844,967835
16269,6731326405751,6731327373307,967556
16270,6731327410881,6731328378771,967890
16271,6731328405660,6731329374716,969056
16272,6731329410772,6731330378032,967260
16273,6731330405495,6731331372995,967500
16274,6731331410625,6731332376589,965964
16275,6731332405385,6731333372682,967297
16276,6731333410552,6731334377646,967094
16277,6731334405257,6731335372591,967334
16278,6731335410406,6731336377054,966648
16279,6731336405166,6731337372426,967260
16280,6731337410296,6731338377389,967093
16281,6731338405056,6731339373446,968390
16282,6731339410168,6731340377168,967000
16283,6731340404946,6731341372317,967371
16284,6731341410095,6731342377133,967038
16285,6731342404837,6731343372152,967315
16286,6731343409948,6731344376468,966520
16287,6731344404727,6731345372283,967556
16288,6731345409820,6731346377340,967520
16289,6731346404617,6731347371951,967334
16290,6731347409711,6731348376934,967223
16291,6731348404489,6731349372638,968149
16292,6731349409564,6731350376176,966612
16293,6731350404342,6731351371362,967020
16294,6731351409454,6731352375992,966538
16295,6731352404288,6731353371456,967168
16296,6731353409345,6731354376493,967148
16297,6731354404086,6731355370550,966464
16298,6731355409235,6731356375773,966538
16299,6731356403995,6731357371236,967241
16300,6731357409088,6731358376163,967075
16301,6731358403848,6731359370979,967131
16302,6731359408979,6731360375794,966815
16303,6731360403776,6731361370999,967223
16304,6731361408887,6731362375944,967057
16305,6731362403629,6731363370741,967112
16306,6731363408741,6731364375501,966760
16307,6731364403519,6731365370631,967112
16308,6731365408650,6731366375650,967000
16309,6731366403410,6731367369910,966500
16310,6731367408521,6731368375115,966594
16311,6731368403300,6731369371208,967908
16312,6731369408467,6731370375431,966964
16313,6731370403172,6731371369395,966223
16314,6731371408284,6731372374932,966648
16315,6731372403081,6731373369859,966778
16316,6731373408174,6731374375175,967001
16317,6731374402971,6731375369842,966871
16318,6731375408064,6731376374769,966705
16319,6731376402843,6731377369603,966760
16320,6731377407955,6731378374641,966686
16321,6731378402696,6731379370956,968260
16322,6731379407845,6731380374568,966723
16323,6731380402624,6731381369661,967037
16324,6731381407717,6731382374699,966982
16325,6731382402495,6731383369626,967131
16326,6731383407607,6731384374052,966445
16327,6731384402441,6731385369405,966964
16328,6731385407498,6731386374369,966871
16329,6731386402276,6731387369166,966890
16330,6731387407369,6731388376203,968834
16331,6731388402148,6731389370667,968519
16332,6731389407278,6731390373631,966353
16333,6731390402020,6731391368835,966815
16334,6731391407132,6731392374151,967019
16335,6731392401947,6731393368781,966834
16336,6731393407040,6731394373745,966705
16337,6731394401800,6731395368523,966723
16338,6731395406931,6731396373339,966408
16339,6731396401709,6731397368414,966705
16340,6731397406821,6731398373581,966760
16341,6731398401581,6731399368082,966501
16342,6731399406693,6731400372397,965704
16343,6731400401471,6731401368454,966983
16344,6731401406602,6731402373565,966963
16345,6731402401325,6731403367733,966408
16346,6731403406492,6731404375067,968575
16347,6731404401234,6731405367956,966722
16348,6731405406345,6731406373661,967316
16349,6731406401087,6731407368199,967112
16350,6731407406254,6731408374366,968112
16351,6731408401014,6731409371256,970242
16352,6731409406145,6731410373182,967037
16353,6731410400886,6731411367905,967019
16354,6731411406016,6731412372480,966464
16355,6731412400795,6731413367592,966797
16356,6731413405888,6731414372778,966890
16357,6731414400630,6731415367390,966760
16358,6731415405797,6731416372446,966649
16359,6731416400539,6731417367317,966778
16360,6731417405687,6731418372540,966853
16361,6731418400429,6731419367504,967075
16362,6731419405578,6731420372967,967389
16363,6731420400319,6731421368487,968168
16364,6731421405450,6731422372395,966945
16365,6731422400210,6731423366673,966463
16366,6731423405321,6731424371618,966297
16367,6731424400081,6731425366656,966575
16368,6731425405212,6731426371916,966704
16369,6731426399842,6731427366676,966834
16370,6731427405065,6731428371362,966297
16371,6731428399844,6731429366678,966834
16372,6731429404974,6731430371827,966853
16373,6731430399734,6731431366512,966778
16374,6731431404864,6731432373180,968316
16375,6731432399643,6731433366551,966908
16376,6731433404755,6731434372126,967371
16377,6731434399496,6731435365997,966501
16378,6731435404645,6731436372201,967556
16379,6731436399368,6731437366424,967056
16380,6731437404517,6731438371203,966686
16381,6731438399277,6731439365963,966686
16382,6731439404407,6731440370815,966408
16383,6731440399167,6731441366057,966890
16384,6731441404279,6731442370872,966593
16385,6731442399039,6731443365632,966593
16386,6731443404169,6731444372207,968038
16387,6731444398929,6731445367041,968112
16388,6731445404060,6731446370783,966723
16389,6731446398838,6731447365654,966816
16390,6731447403931,6731448370173,966242
16391,6731448398710,6731449365248,966538
16392,6731449403859,6731450372137,968278
16393,6731450398600,6731451365305,966705
16394,6731451403712,6731452369880,966168
16395,6731452398472,6731453364825,966353
16396,6731453403584,6731454370325,966741
16397,6731454398362,6731455365400,967038
16398,6731455403474,6731456369919,966445
16399,6731456398271,6731457364994,966723
16400,6731457403383,6731458370162,966779
16401,6731458398125,6731459364866,966741
16402,6731459403274,6731460371904,968630
16403,6731460398052,6731461364942,966890
16404,6731461403127,6731462370350,967223
16405,6731462397979,6731463364647,966668
16406,6731463403017,6731464369833,966816
16407,6731464397814,6731465364759,966945
16408,6731465402926,6731466369760,966834
16409,6731466397686,6731467364465,966779
16410,6731467402816,6731468369299,966483
16411,6731468397576,6731469364799,967223
16412,6731469402688,6731470370411,967723
16413,6731470397485,6731471364282,966797
16414,6731471402560,6731472370246,967686
16415,6731472397320,6731473365506,968186
16416,6731473402469,6731474369284,966815
16417,6731474397210,6731475364230,967020
16418,6731475402322,6731476383064,980742
16419,6731476397323,6731477390490,993167
16420,6731477397472,6731478389639,992167
16421,6731478397676,6731479390195,992519
16422,6731479397436,6731480388252,990816
16423,6731480397363,6731481390364,993001
16424,6731481397234,6731482389475,992241
16425,6731482397327,6731483390865,993538
16426,6731483397143,6731484389477,992334
16427,6731484397199,6731485390033,992834
16428,6731485396885,6731486389164,992279
16429,6731486396867,6731487389831,992964
16430,6731487397016,6731488392721,995705
16431,6731488397443,6731489390592,993149
16432,6731489396869,6731490393889,997020
16433,6731490396963,6731491388889,991926
16434,6731491396778,6731492388872,992094
16435,6731492396816,6731493389743,992927
16436,6731493396595,6731494388817,992222
16437,6731494396577,6731495388726,992149
16438,6731495396540,6731496381615,985075
16439,6731496396115,6731497363709,967594
16440,6731497401116,6731498368691,967575
16441,6731498395839,6731499362877,967038
16442,6731499401006,6731500370174,969168
16443,6731500395748,6731501363026,967278
16444,6731501400878,6731502368268,967390
16445,6731502395657,6731503362657,967000
16446,6731503400750,6731504369751,969001
16447,6731504395528,6731505362937,967409
16448,6731505400659,6731506368030,967371
16449,6731506395382,6731507362068,966686
16450,6731507400512,6731508368568,968056
16451,6731508395272,6731509362477,967205
16452,6731509400421,6731510368681,968260
16453,6731510395162,6731511362459,967297
16454,6731511400293,6731512366942,966649
16455,6731512395071,6731513362535,967464
16456,6731513400202,6731514366517,966315
16457,6731514394925,6731515361444,966519
16458,6731515400074,6731516366889,966815
16459,6731516394871,6731517362501,967630
16460,6731517399945,6731518367316,967371
16461,6731518394724,6731519362095,967371
16462,6731519399836,6731520367966,968130
16463,6731520394614,6731521361800,967186
16464,6731521399726,6731522366930,967204
16465,6731522394449,6731523361376,966927
16466,6731523399598,6731524366487,966889
16467,6731524394395,6731525361599,967204
16468,6731525399488,6731526366322,966834
16469,6731526394230,6731527361397,967167
16470,6731527399379,6731528367657,968278
16471,6731528394176,6731529362491,968315
16472,6731529399269,6731530367455,968186
16473,6731530393992,6731531361085,967093
16474,6731531399141,6731532365660,966519
16475,6731532393882,6731533360494,966612
16476,6731533399013,6731534365995,966982
16477,6731534393754,6731535360477,966723
16478,6731535398866,6731536365459,966593
16479,6731536393644,6731537360571,966927
16480,6731537398756,6731538365072,966316
16481,6731538393535,6731539360443,966908
16482,6731539398628,6731540365869,967241
16483,6731540393444,6731541360500,967056
16484,6731541398537,6731542365482,966945
16485,6731542393278,6731543359909,966631
16486,6731543398409,6731544366465,968056
16487,6731544393206,6731545360021,966815
16488,6731545398281,6731546365522,967241
16489,6731546393059,6731547360263,967204
16490,6731547398171,6731548365894,967723
16491,6731548392949,6731549359839,966890
16492,6731549398080,6731550366006,967926
16493,6731550392840,6731551359859,967019
16494,6731551397933,6731552364526,966593
16495,6731552392712,6731553359564,966852
16496,6731553397842,6731554364713,966871
16497,6731554392639,6731555359714,967075
16498,6731555397732,6731556365455,967723
16499,6731556392492,6731557360548,968056
16500,6731557397623,6731558364697,967074
16501,6731558392383,6731559360328,967945
16502,6731559397476,6731560365717,968241
16503,6731560392273,6731561359255,966982
16504,6731561397422,6731562364200,966778
16505,6731562392219,6731563358368,966149
16506,6731563397257,6731564364035,966778
16507,6731564392035,6731565359091,967056
16508,6731565397202,6731566363536,966334
16509,6731566391925,6731567358056,966131
16510,6731567397037,6731568363501,966464
16511,6731568391853,6731569358798,966945
16512,6731569396946,6731570364836,967890
16513,6731570391725,6731571358485,966760
16514,6731571396818,6731572364967,968149
16515,6731572391559,6731573358653,967094
16516,6731573396708,6731574364857,968149
16517,6731574391431,6731575358469,967038
16518,6731575396562,6731576363933,967371
16519,6731576391340,6731577358396,967056
16520,6731577396489,6731578363582,967093
16521,6731578391212,6731579357824,966612
16522,6731579396361,6731580364084,967723
16523,6731580391139,6731581357658,966519
16524,6731581396270,6731582362863,966593
16525,6731582390974,6731583357882,966908
16526,6731583396104,6731584362475,966371
16527,6731584390901,6731585357643,966742
16528,6731585395995,6731586362329,966334
16529,6731586390773,6731587357441,966668
16530,6731587395904,6731588364478,968574
16531,6731588390645,6731589359238,968593
16532,6731589395831,6731590363758,967927
16533,6731590390554,6731591358610,968056
16534,6731591395647,6731592362296,966649
16535,6731592390426,6731593357186,966760
16536,6731593395538,6731594362168,966630
16537,6731594390298,6731595357354,967056
16538,6731595395428,6731596363521,968093
16539,6731596390206,6731597357911,967705
16540,6731597395337,6731598362504,967167
16541,6731598390078,6731599357098,967020
16542,6731599395190,6731600362820,967630
16543,6731600389969,6731601356729,966760
16544,6731601395118,6731602361711,966593
16545,6731602389840,6731603356637,966797
16546,6731603395008,6731604377583,982575
16547,6731604390120,6731605383102,992982
16548,6731605390361,6731606385880,995519
16549,6731606389862,6731607382640,992778
16550,6731607390103,6731608382141,992038
16551,6731608389826,6731609382549,992723
16552,6731609390031,6731610383087,993056
16553,6731610389883,6731611381477,991594
16554,6731611389791,6731612384311,994520
16555,6731612389811,6731613383663,993852
16556,6731613389848,6731614385201,995353
16557,6731614389571,6731615380498,990927
16558,6731615389554,6731616384499,994945
16559,6731616389517,6731617384500,994983
16560,6731617389462,6731618382778,993316
16561,6731618389426,6731619380260,990834
16562,6731619389427,6731620383094,993667
16563,6731620389279,6731621381928,992649
16564,6731621389280,6731622382188,992908
16565,6731622389244,6731623382096,992852
16566,6731623389096,6731624381745,992649
16567,6731624389134,6731625383172,994038
16568,6731625388968,6731626382599,993631
16569,6731626388988,6731627381210,992222
16570,6731627388859,6731628380748,991889
16571,6731628388822,6731629382175,993353
16572,6731629388490,6731630381453,992963
16573,6731630388676,6731631382380,993704
16574,6731631388713,6731632381529,992816
16575,6731632388603,6731633382141,993538
16576,6731633388585,6731634382808,994223
16577,6731634388512,6731635382939,994427
16578,6731635388420,6731636381087,992667
16579,6731636388476,6731637382421,993945
16580,6731637388329,6731638383793,995464
16581,6731638388256,6731639381812,993556
16582,6731639388182,6731640382294,994112
16583,6731640387905,6731641381091,993186
16584,6731641388035,6731642380462,992427
16585,6731642388018,6731643382444,994426
16586,6731643387981,6731644380093,992112
16587,6731644388167,6731645382446,994279
16588,6731645387853,6731646382243,994390
16589,6731646387780,6731647381355,993575
16590,6731647387744,6731648381078,993334
16591,6731648387670,6731649380523,992853
16592,6731649387560,6731650383135,995575
16593,6731650387616,6731651381858,994242
16594,6731651387469,6731652380543,993074
16595,6731652387414,6731653380970,993556
16596,6731653387433,6731654381100,993667
16597,6731654387341,6731655380175,992834
16598,6731655387268,6731656380954,993686
16599,6731656387287,6731657380714,993427
16600,6731657387195,6731658379881,992686
16601,6731658387177,6731659380456,993279
16602,6731659387178,6731660380901,993723
16603,6731660387012,6731661379994,992982
16604,6731661387013,6731662379643,992630
16605,6731662386958,6731663379718,992760
16606,6731663386940,6731664379108,992168
16607,6731664386811,6731665381238,994427
16608,6731665386720,6731666377757,991037
16609,6731666386702,6731667380425,993723
16610,6731667386573,6731668380074,993501
16611,6731668386518,6731669378852,992334
16612,6731669386630,6731670382408,995778
16613,6731670386482,6731671379520,993038
16614,6731671386465,6731672379873,993408
16615,6731672386336,6731673380448,994112
16616,6731673386318,6731674379337,993019
16617,6731674386152,6731675379523,993371
16618,6731675386097,6731676377191,991094
16619,6731676386154,6731677380858,994704
16620,6731677386025,6731678378636,992611
16621,6731678386007,6731679379730,993723
16622,6731679385896,6731680377934,992038
16623,6731680385823,6731681379176,993353
16624,6731681385731,6731682378436,992705
16625,6731682385713,6731683379177,993464
16626,6731683385751,6731684378326,992575
16627,6731684385678,6731685378716,993038
16628,6731685385567,6731686377902,992335
16629,6731686385790,6731687376495,990705
16630,6731687385532,6731688372866,987334
16631,6731688385144,6731689352052,966908
16632,6731689390144,6731690358071,967927
16633,6731690384886,6731691351442,966556
16634,6731691389998,6731692356350,966352
16635,6731692384813,6731693351499,966686
16636,6731693389851,6731694356259,966408
16637,6731694384593,6731695351093,966500
16638,6731695389778,6731696356038,966260
16639,6731696384501,6731697351354,966853
16640,6731697389632,6731698356799,967167
16641,6731698384392,6731699351318,966926
16642,6731699389485,6731700356060,966575
16643,6731700384338,6731701350431,966093
16644,6731701389431,6731702356080,966649
16645,6731702384172,6731703350766,966594
16646,6731703389266,6731704355396,966130
16647,6731704384044,6731705350897,966853
16648,6731705389175,6731706355916,966741
16649,6731706383916,6731707350343,966427
16650,6731707389028,6731708356010,966982
16651,6731708383806,6731709350622,966816
16652,6731709388955,6731710356771,967816
16653,6731710383697,6731711350697,967000
16654,6731711388864,6731712355254,966390
16655,6731712383606,6731713350254,966648
16656,6731713388717,6731714355514,966797
16657,6731714383459,6731715350108,966649
16658,6731715388571,6731716355312,966741
16659,6731716383386,6731717350202,966816
16660,6731717388517,6731718354980,966463
16661,6731718383221,6731719350296,967075
16662,6731719388370,6731720355537,967167
16663,6731720383167,6731721350075,966908
16664,6731721388260,6731722354928,966668
16665,6731722383020,6731723349243,966223
16666,6731723388132,6731724355077,966945
16667,6731724382892,6731725350671,967779
16668,6731725388041,6731726355060,967019
16669,6731726382782,6731727349265,966483
16670,6731727387931,6731728354321,966390
16671,6731728382673,6731729349433,966760
16672,6731729387803,6731730355341,967538
16673,6731730382545,6731731349360,966815
16674,6731731387656,6731732353935,966279
16675,6731732382453,6731733349288,966835
16676,6731733387584,6731734353973,966389
16677,6731734382325,6731735349419,967094
16678,6731735387456,6731736353975,966519
16679,6731736382216,6731737349087,966871
16680,6731737387346,6731738353902,966556
16681,6731738382087,6731739348810,966723
16682,6731739387181,6731740355219,968038
16683,6731740381978,6731741349053,967075
16684,6731741387090,6731742354553,967463
16685,6731742381868,6731743348665,966797
16686,6731743386999,6731744354277,967278
16687,6731744381777,6731745348222,966445
16688,6731745386889,6731746353204,966315
16689,6731746381649,6731747348613,966964
16690,6731747386761,6731748353373,966612
16691,6731748381521,6731749348466,966945
16692,6731749386688,6731750353318,966630
16693,6731750381411,6731751348652,967241
16694,6731751386523,6731752354709,968186
16695,6731752381301,6731753348747,967446
16696,6731753386432,6731754353414,966982
16697,6731754381173,6731755348915,967742
16698,6731755386304,6731756352489,966185
16699,6731756381082,6731757347935,966853
16700,6731757386212,6731758352954,966742
16701,6731758380954,6731759347899,966945
16702,6731759386084,6731760352140,966056
16703,6731760380863,6731761347567,966704
16704,6731761385975,6731762352901,966926
16705,6731762380716,6731763347643,966927
16706,6731763385846,6731764352366,966520
16707,6731764380643,6731765347403,966760
16708,6731765385737,6731766352460,966723
16709,6731766380515,6731767347294,966779
16710,6731767385646,6731768353443,967797
16711,6731768380387,6731769347462,967075
16712,6731769385517,6731770352944,967427
16713,6731770380240,6731771347648,967408
16714,6731771385408,6731772342408,957000
16715,6731772380186,6731773348168,967982
16716,6731773385280,6731774352373,967093
16717,6731774380040,6731775346966,966926
16718,6731775385170,6731776351782,966612
16719,6731776379930,6731777346782,966852
16720,6731777385060,6731778351783,966723
16721,6731778379783,6731779346747,966964
16722,6731779384932,6731780351414,966482
16723,6731780379692,6731781347563,967871
16724,6731781384822,6731782351379,966557
16725,6731782379564,6731783346250,966686
16726,6731783384713,6731784352251,967538
16727,6731784379491,6731785346659,967168
16728,6731785384585,6731786352048,967463
16729,6731786379363,6731787346253,966890
16730,6731787384475,6731788352865,968390
16731,6731788379290,6731789346421,967131
16732,6731789384328,6731790351533,967205
16733,6731790379125,6731791346515,967390
16734,6731791384256,6731792350738,966482
16735,6731792379034,6731793345961,966927
16736,6731793384146,6731794351202,967056
16737,6731794378906,6731795345870,966964
16738,6731795383999,6731796352019,968020
16739,6731796378815,6731797346297,967482
16740,6731797383890,6731798350483,966593
16741,6731798378687,6731799345261,966574
16742,6731799383798,6731800350503,966705
16743,6731800378558,6731801346337,967779
16744,6731801383726,6731802350523,966797
16745,6731802378430,6731803344987,966557
16746,6731803383542,6731804350117,966575
16747,6731804378321,6731805344618,966297
16748,6731805383470,6731806350341,966871
16749,6731806378192,6731807345026,966834
16750,6731807383323,6731808349527,966204
16751,6731808378101,6731809344917,966816
16752,6731809383232,6731810350140,966908
16753,6731810377973,6731811345048,967075
16754,6731811383085,6731812351030,967945
16755,6731812377863,6731813344698,966835
16756,6731813382957,6731814350513,967556
16757,6731814377606,6731815344606,967000
16758,6731815382866,6731816350329,967463
16759,6731816377626,6731817344441,966815
16760,6731817382756,6731818349627,966871
16761,6731818377535,6731819344628,967093
16762,6731819382683,6731820349351,966668
16763,6731820377425,6731821345555,968130
16764,6731821382555,6731822349334,966779
16765,6731822377278,6731823343834,966556
16766,6731823382409,6731824350372,967963
16767,6731824377206,6731825345095,967889
16768,6731825382317,6731826349077,966760
16769,6731826377077,6731827344282,967205
16770,6731827382189,6731828348634,966445
16771,6731828376968,6731829343617,966649
16772,6731829382098,6731830348654,966556
16773,6731830376840,6731831344433,967593
16774,6731831381970,6731832348397,966427
16775,6731832376748,6731833343712,966964
16776,6731833381860,6731834348657,966797
16777,6731834376602,6731835343473,966871
16778,6731835381732,6731836348159,966427
16779,6731836376511,6731837343567,967056
16780,6731837381604,6731838348197,966593
16781,6731838376364,6731839343365,967001
16782,6731839381494,6731840349847,968353
16783,6731840376291,6731841343922,967631
16784,6731841381385,6731842348904,967519
16785,6731842376163,6731843343201,967038
16786,6731843381238,6731844349035,967797
16787,6731844376035,6731845342684,966649
16788,6731845381147,6731846347777,966630
16789,6731846375925,6731847342759,966834
16790,6731847381037,6731848347223,966186
16791,6731848375834,6731849342668,966834
16792,6731849380946,6731850347928,966982
16793,6731850375687,6731851343910,968223
16794,6731851380836,6731852363744,982908
16795,6731852376244,6731853368171,991927
16796,6731853375690,6731854368635,992945
16797,6731854375653,6731855365154,989501
16798,6731855375858,6731856368136,992278
16799,6731856375618,6731857368341,992723
16800,6731857375692,6731858367582,991890
16801,6731858375730,6731859368824,993094
16802,6731859375638,6731860367065,991427
16803,6731860375584,6731861369288,993704
16804,6731861375529,6731862370400,994871
16805,6731862375363,6731863367382,992019
16806,6731863375326,6731864367346,992020
16807,6731864375494,6731865367198,991704
16808,6731865375217,6731866368273,993056
16809,6731866375218,6731867366941,991723
16810,6731867375089,6731868369145,994056
16811,6731868375200,6731869367960,992760
16812,6731869374960,6731870367609,992649
16813,6731870374943,6731871368832,993889
16814,6731871374906,6731872367277,992371
16815,6731872374611,6731873366649,992038
16816,6731873374852,6731874367501,992649
16817,6731874374816,6731875367094,992278
16818,6731875374669,6731876366132,991463
16819,6731876374651,6731877367207,992556
16820,6731877374300,6731878366115,991815
16821,6731878374541,6731879366486,991945
16822,6731879374505,6731880365968,991463
16823,6731880374320,6731881368321,994001
16824,6731881374321,6731882365766,991445
16825,6731882374248,6731883368804,994556
16826,6731883374174,6731884365657,991483
16827,6731884374101,6731885366454,992353
16828,6731885374139,6731886366510,992371
16829,6731886374065,6731887368548,994483
16830,6731887373937,6731888361511,987574
16831,6731888373641,6731889341864,968223
16832,6731889378734,6731890346476,967742
16833,6731890373439,6731891343254,969815
16834,6731891378810,6731892347218,968408
16835,6731892373274,6731893341385,968111
16836,6731893378404,6731894345979,967575
16837,6731894373145,6731895341405,968260
16838,6731895378276,6731896347110,968834
16839,6731896373054,6731897340870,967816
16840,6731897378185,6731898345833,967648
16841,6731898372926,6731899340630,967704
16842,6731899378056,6731900346742,968686
16843,6731900372835,6731901342910,970075
16844,6731901377965,6731902346077,968112
16845,6731902372688,6731903340707,968019
16846,6731903377800,6731904346523,968723
16847,6731904372671,6731905340561,967890
16848,6731905377746,6731906345376,967630
16849,6731906372469,6731907339266,966797
16850,6731907377562,6731908344563,967001
16851,6731908372378,6731909340064,967686
16852,6731909377490,6731910345009,967519
16853,6731910372231,6731911340417,968186
16854,6731911377380,6731912344436,967056
16855,6731912372121,6731913339418,967297
16856,6731913377270,6731914344827,967557
16857,6731914372030,6731915339790,967760
16858,6731915377142,6731916344754,967612
16859,6731916371902,6731917339921,968019
16860,6731917377014,6731918344515,967501
16861,6731918371774,6731919339460,967686
16862,6731919376886,6731920345590,968704
16863,6731920371683,6731921341369,969686
16864,6731921376832,6731922344499,967667
16865,6731922371555,6731923338537,966982
16866,6731923376648,6731924344278,967630
16867,6731924371445,6731925339575,968130
16868,6731925376575,6731926343632,967057
16869,6731926371317,6731927338892,967575
16870,6731927376484,6731928345318,968834
16871,6731928371207,6731929339467,968260
16872,6731929376356,6731930344116,967760
16873,6731930371079,6731931338931,967852
16874,6731931376191,6731932343451,967260
16875,6731932370951,6731933338377,967426
16876,6731933376081,6731934343508,967427
16877,6731934370823,6731935338342,967519
16878,6731935375971,6731936342898,966927
16879,6731936370731,6731937338195,967464
16880,6731937375862,6731938343066,967204
16881,6731938370603,6731939337530,966927
16882,6731939375752,6731940342919,967167
16883,6731940370512,6731941337809,967297
16884,6731941375624,6731942342717,967093
16885,6731942370365,6731943337792,967427
16886,6731943375496,6731944342126,966630
16887,6731944370293,6731945337831,967538
16888,6731945375405,6731946342739,967334
16889,6731946370202,6731947337628,967426
16890,6731947375295,6731948343055,967760
16891,6731948370055,6731949337389,967334
16892,6731949375185,6731950342779,967594
16893,6731950369908,6731951338465,968557
16894,6731951375039,6731952341725,966686
16895,6731952369817,6731953337299,967482
16896,6731953374985,6731954342059,967074
16897,6731954369689,6731955336819,967130
16898,6731955374819,6731956341783,966964
16899,6731956369579,6731957337154,967575
16900,6731957374728,6731958342044,967316
16901,6731958369488,6731959336730,967242
16902,6731959374563,6731960341082,966519
16903,6731960369341,6731961337898,968557
16904,6731961374490,6731962341843,967353
16905,6731962369195,6731963336103,966908
16906,6731963374344,6731964341492,967148
16907,6731964369141,6731965336382,967241
16908,6731965374234,6731966341253,967019
16909,6731966369012,6731967336272,967260
16910,6731967374124,6731968341347,967223
16911,6731968368903,6731969335941,967038
16912,6731969374015,6731970341312,967297
16913,6731970368756,6731971336961,968205
16914,6731971373905,6731972340832,966927
16915,6731972368646,6731973335888,967242
16916,6731973373795,6731974340555,966760
16917,6731974368555,6731975335945,967390
16918,6731975373649,6731976342353,968704
16919,6731976368427,6731977335798,967371
16920,6731977373558,6731978341095,967537
16921,6731978368318,6731979335689,967371
16922,6731979373448,6731980352782,979334
16923,6731980368449,6731981358134,989685
16924,6731981368634,6731982362098,993464
16925,6731982368561,6731983361451,992890
16926,6731983368488,6731984359785,991297
16927,6731984368248,6731985359952,991704
16928,6731985368360,6731986361138,992778
16929,6731986368416,6731987360620,992204
16930,6731987368287,6731988359380,991093
16931,6731988368269,6731989360714,992445
16932,6731989368122,6731990359252,991130
16933,6731990368141,6731991362568,994427
16934,6731991368068,6731992359865,991797
16935,6731992367994,6731993360236,992242
16936,6731993368180,6731994361533,993353
16937,6731994367940,6731995361200,993260
16938,6731995367589,6731996360442,992853
16939,6731996367849,6731997359628,991779
16940,6731997367739,6731998363184,995445
16941,6731998367554,6731999360092,992538
16942,6731999367518,6732000358630,991112
16943,6732000367556,6732001361297,993741
16944,6732001367482,6732002361539,994057
16945,6732002367465,6732003363188,995723
16946,6732003367391,6732004359410,992019
16947,6732004367318,6732005360319,993001
16948,6732005367245,6732006360505,993260
16949,6732006367079,6732007359802,992723
16950,6732007367098,6732008357969,990871
16951,6732008367043,6732009359433,992390
16952,6732009367044,6732010358563,991519
16953,6732010366896,6732011360175,993279
16954,6732011366934,6732012360639,993705
16955,6732012366824,6732013359806,992982
16956,6732013366695,6732014358066,991371
16957,6732014366770,6732015358733,991963
16958,6732015366863,6732016359938,993075
16959,6732016366623,6732017359679,993056
16960,6732017366642,6732018360013,993371
16961,6732018366402,6732019358958,992556
16962,6732019366421,6732020355904,989483
16963,6732020366274,6732021358293,992019
16964,6732021366238,6732022359127,992889
16965,6732022366294,6732023358239,991945
16966,6732023366054,6732024357036,990982
16967,6732024366166,6732025358759,992593
16968,6732025366092,6732026358056,991964
16969,6732026366056,6732027359446,993390
16970,6732027365723,6732028357428,991705
16971,6732028365965,6732029357706,991741
16972,6732029365781,6732030358318,992537
16973,6732030365837,6732031358282,992445
16974,6732031365782,6732032358542,992760
16975,6732032365690,6732033360117,994427
16976,6732033365598,6732034357766,992168
16977,6732034365617,6732035358489,992872
16978,6732035365563,6732036357267,991704
16979,6732036365471,6732037357805,992334
16980,6732037365416,6732038358694,993278
16981,6732038365287,6732039357954,992667
16982,6732039365306,6732040355937,990631
16983,6732040365214,6732041360604,995390
16984,6732041364937,6732042356142,991205
16985,6732042364846,6732043356494,991648
16986,6732043365068,6732044358569,993501
16987,6732044364662,6732045356311,991649
16988,6732045364959,6732046358978,994019
16989,6732046364811,6732047356905,992094
16990,6732047364812,6732048358294,993482
16991,6732048364665,6732049356832,992167
16992,6732049364665,6732050356740,992075
16993,6732050364666,6732051360759,996093
16994,6732051364278,6732052349612,985334
16995,6732052364223,6732053331816,967593
16996,6732053369242,6732054336539,967297
16997,6732054364058,6732055331873,967815
16998,6732055369133,6732056335689,966556
16999,6732056363948,6732057331079,967131
17000,6732057369023,6732058336079,967056
17001,6732058363913,6732059330987,967074
17002,6732059368913,6732060336581,967668
17003,6732060363673,6732061331915,968242
17004,6732061368785,6732062335897,967112
17005,6732062363545,6732063330416,966871
17006,6732063368694,6732064335454,966760
17007,6732064363436,6732065330251,966815
17008,6732065368547,6732066335733,967186
17009,6732066363307,6732067330234,966927
17010,6732067368456,6732068335568,967112
17011,6732068363216,6732069330180,966964
17012,6732069368365,6732070335051,966686
17013,6732070363088,6732071330385,967297
17014,6732071368218,6732072336460,968242
17015,6732072362997,6732073331442,968445
17016,6732073368090,6732074335369,967279
17017,6732074362924,6732075330055,967131
17018,6732075367999,6732076334963,966964
17019,6732076362778,6732077329871,967093
17020,6732077367889,6732078335038,967149
17021,6732078362649,6732079329650,967001
17022,6732079367761,6732080334336,966575
17023,6732080362540,6732081329485,966945
17024,6732081367633,6732082334523,966890
17025,6732082362412,6732083329468,967056
17026,6732083367523,6732084333895,966372
17027,6732084362302,6732085328988,966686
17028,6732085367432,6732086333896,966464
17029,6732086362174,6732087329212,967038
17030,6732087367304,6732088333675,966371
17031,6732088362064,6732089328750,966686
17032,6732089367157,6732090333806,966649
17033,6732090361973,6732091329103,967130
17034,6732091367066,6732092333567,966501
17035,6732092361863,6732093329938,968075
17036,6732093366957,6732094333994,967037
17037,6732094361717,6732095328588,966871
17038,6732095366828,6732096333348,966520
17039,6732096361626,6732097328478,966852
17040,6732097366737,6732098333201,966464
17041,6732098361479,6732099328683,967204
17042,6732099366628,6732100333147,966519
17043,6732100361369,6732101328333,966964
17044,6732101366518,6732102333130,966612
17045,6732102361259,6732103328075,966816
17046,6732103366390,6732104334798,968408
17047,6732104361150,6732105328039,966889
17048,6732105366262,6732106333836,967574
17049,6732106361040,6732107328152,967112
17050,6732107366171,6732108333782,967611
17051,6732108360931,6732109328246,967315
17052,6732109366024,6732110332747,966723
17053,6732110360802,6732111327859,967057
17054,6732111365896,6732112332915,967019
17055,6732112360693,6732113327379,966686
17056,6732113365786,6732114332157,966371
17057,6732114360527,6732115327065,966538
17058,6732115365639,6732116332047,966408
17059,6732116360455,6732117327400,966945
17060,6732117365530,6732118332290,966760
17061,6732118360290,6732119327253,966963
17062,6732119365420,6732120331458,966038
17063,6732120360217,6732121327144,966927
17064,6732121365310,6732122333311,968001
17065,6732122360070,6732123326738,966668
17066,6732123365182,6732124332387,967205
17067,6732124359998,6732125326887,966889
17068,6732125365091,6732126331851,966760
17069,6732126359814,6732127326537,966723
17070,6732127364944,6732128332704,967760
17071,6732128359760,6732129327649,967889
17072,6732129364853,6732130331409,966556
17073,6732130359669,6732131325781,966112
17074,6732131364725,6732132331818,967093
17075,6732132359541,6732133325930,966389
17076,6732133364652,6732134331264,966612
17077,6732134359375,6732135326080,966705
17078,6732135364487,6732136330692,966205
17079,6732136359284,6732137325803,966519
17080,6732137364378,6732138330952,966574
17081,6732138359156,6732139325860,966704
17082,6732139364268,6732140330528,966260
17083,6732140359046,6732141325695,966649
17084,6732141364177,6732142330511,966334
17085,6732142358937,6732143325437,966500
17086,6732143364030,6732144331901,967871
17087,6732144358790,6732145325624,966834
17088,6732145363920,6732146330588,966668
17089,6732146358662,6732147325626,966964
17090,6732147363811,6732148331182,967371
17091,6732148358589,6732149325220,966631
17092,6732149363720,6732150329887,966167
17093,6732150358461,6732151324962,966501
17094,6732151363573,6732152330777,967204
17095,6732152358407,6732153325074,966667
17096,6732153363482,6732154329908,966426
17097,6732154358260,6732155325002,966742
17098,6732155363354,6732156331095,967741
17099,6732156358132,6732157326003,967871
17100,6732157363262,6732158330393,967131
17101,6732158358059,6732159324819,966760
17102,6732159363116,6732160329431,966315
17103,6732160357894,6732161324395,966501
17104,6732161363025,6732162330803,967778
17105,6732162357822,6732163324470,966648
17106,6732163362896,6732164329379,966483
17107,6732164357675,6732165324027,966352
17108,6732165362805,6732166329639,966834
17109,6732166357528,6732167324455,966927
17110,6732167362677,6732168329567,966890
17111,6732168357474,6732169324160,966686
17112,6732169362567,6732170329327,966760
17113,6732170357309,6732171324180,966871
17114,6732171362458,6732172331273,968815
17115,6732172357218,6732173324181,966963
17116,6732173362330,6732174329923,967593
17117,6732174357108,6732175323942,966834
17118,6732175362201,6732176329832,967631
17119,6732176356998,6732177323666,966668
17120,6732177362129,6732178329093,966964
17121,6732178356852,6732179323760,966908
17122,6732179361964,6732180328594,966630
17123,6732180356779,6732181323632,966853
17124,6732181361872,6732182329744,967872
17125,6732182356614,6732183323522,966908
17126,6732183361800,6732184329801,968001
17127,6732184356523,6732185324431,967908
17128,6732185361653,6732186328802,967149
17129,6732186356413,6732187323006,966593
17130,6732187361525,6732188329415,967890
17131,6732188356359,6732189323286,966927
17132,6732189361452,6732190329194,967742
17133,6732190356157,6732191323139,966982
17134,6732191361306,6732192328917,967611
17135,6732192356047,6732193322603,966556
17136,6732193361178,6732194328289,967111
17137,6732194355975,6732195322938,966963
17138,6732195361086,6732196329050,967964
17139,6732196355846,6732197323495,967649
17140,6732197360995,6732198327811,966816
17141,6732198355737,6732199322534,966797
17142,6732199360811,6732200327701,966890
17143,6732200355627,6732201322591,966964
17144,6732201360720,6732202327628,966908
17145,6732202355480,6732203322240,966760
17146,6732203360592,6732204326908,966316
17147,6732204355389,6732205322001,966612
17148,6732205360501,6732206327409,966908
17149,6732206355261,6732207322428,967167
17150,6732207360410,6732208327040,966630
17151,6732208355151,6732209322171,967020
17152,6732209360282,6732210327097,966815
17153,6732210355042,6732211321228,966186
17154,6732211360135,6732212329247,969112
17155,6732212354932,6732213322211,967279
17156,6732213360062,6732214326730,966668
17157,6732214354767,6732215322786,968019
17158,6732215359897,6732216327731,967834
17159,6732216354713,6732217322676,967963
17160,6732217359825,6732218326881,967056
17161,6732218354566,6732219321400,966834
17162,6732219359696,6732220327790,968094
17163,6732220354456,6732221321402,966946
17164,6732221359587,6732222327254,967667
17165,6732222354328,6732223322199,967871
17166,6732223359459,6732224327570,968111
17167,6732224354256,6732225321793,967537
17168,6732225359367,6732226326405,967038
17169,6732226354090,6732227321924,967834
17170,6732227359202,6732228340721,981519
17171,6732228354184,6732229344185,990001
17172,6732229354426,6732230347890,993464
17173,6732230354390,6732231347946,993556
17174,6732231354131,6732232350391,996260
17175,6732232354187,6732233349225,995038
17176,6732233354114,6732234346892,992778
17177,6732234354115,6732235346708,992593
17178,6732235354023,6732236345894,991871
17179,6732236354098,6732237348580,994482
17180,6732237353858,6732238346266,992408
17181,6732238353914,6732239346044,992130
17182,6732239353822,6732240345360,991538
17183,6732240354064,6732241346120,992056
17184,6732241353731,6732242350269,996538
17185,6732242353972,6732243348806,994834
17186,6732243353529,6732244343659,990130
17187,6732244353418,6732245345863,992445
17188,6732245353400,6732246345938,992538
17189,6732246353605,6732247344717,991112
17190,6732247353420,6732248344199,990779
17191,6732248353088,6732249345570,992482
17192,6732249353255,6732250345886,992631
17193,6732250353163,6732251344460,991297
17194,6732251353183,6732252345813,992630
17195,6732252353091,6732253348999,995908
17196,6732253352943,6732254343851,990908
17197,6732254352963,6732255346445,993482
17198,6732255352945,6732256345742,992797
17199,6732256352779,6732257344891,992112
17200,6732257352780,6732258343706,990926
17201,6732258352706,6732259345244,992538
17202,6732259352744,6732260343522,990778
17203,6732260352597,6732261344227,991630
17204,6732261352616,6732262345913,993297
17205,6732262352487,6732263348506,996019
17206,6732263352395,6732264345266,992871
17207,6732264352377,6732265345193,992816
17208,6732265352341,6732266344656,992315
17209,6732266352268,6732267344139,991871
17210,6732267352250,6732268343343,991093
17211,6732268351899,6732269343714,991815
17212,6732269352011,6732270343604,991593
17213,6732270352030,6732271343401,991371
17214,6732271351956,6732272345179,993223
17215,6732272351976,6732273344402,992426
17216,6732273351847,6732274343940,992093
17217,6732274351829,6732275342978,991149
17218,6732275351737,6732276344571,992834
17219,6732276351738,6732277343127,991389
17220,6732277351683,6732278343554,991871
17221,6732278351369,6732279343221,991852
17222,6732279351518,6732280343167,991649
17223,6732280351500,6732281344056,992556
17224,6732281351427,6732282343835,992408
17225,6732282351409,6732283343298,991889
17226,6732283351243,6732284342744,991501
17227,6732284351207,6732285343355,992148
17228,6732285351133,6732286343171,992038
17229,6732286351078,6732287343024,991946
17230,6732287351005,6732288343117,992112
17231,6732288350987,6732289344192,993205
17232,6732289350636,6732290341767,991131
17233,6732290350896,6732291342730,991834
17234,6732291350804,6732292342268,991464
17235,6732292350824,6732293343491,992667
17236,6732293350732,6732294343066,992334
17237,6732294350640,6732295342733,992093
17238,6732295350548,6732296343160,992612
17239,6732296350604,6732297342383,991779
17240,6732297350475,6732298342495,992020
17241,6732298350513,6732299341847,991334
17242,6732299350125,6732300341274,991149
17243,6732300350292,6732301342293,992001
17244,6732301350275,6732302345794,995519
17245,6732302350127,6732303342387,992260
17246,6732303350128,6732304341906,991778
17247,6732304350036,6732305341370,991334
17248,6732305349926,6732306342611,992685
17249,6732306349963,6732307344279,994316
17250,6732307349871,6732308342428,992557
17251,6732308349909,6732309342262,992353
17252,6732309349817,6732310341522,991705
17253,6732310349670,6732311341597,991927
17254,6732311349652,6732312341894,992242
17255,6732312349431,6732313339913,990482
17256,6732313349505,6732314341599,992094
17257,6732314349580,6732315343896,994316
17258,6732315349396,6732316341434,992038
17259,6732316349360,6732317342860,993500
17260,6732317349397,6732318341917,992520
17261,6732318349231,6732319341380,992149
17262,6732319349195,6732320341251,992056
17263,6732320349159,6732321341252,992093
17264,6732321349104,6732322343456,994352
17265,6732322349068,6732323339920,990852
17266,6732323348994,6732324342976,993982
17267,6732324348865,6732325336755,987890
17268,6732325349014,6732326342033,993019
17269,6732326348719,6732327340830,992111
17270,6732327348756,6732328340331,991575
17271,6732328348461,6732329339165,990704
17272,6732329348665,6732330341962,993297
17273,6732330348610,6732331341204,992594
17274,6732331348593,6732332341834,993241
17275,6732332348242,6732333336927,988685
17276,6732333348427,6732334342910,994483
17277,6732334348299,6732335341021,992722
17278,6732335348318,6732336340337,992019
17279,6732336348207,6732337340060,991853
17280,6732337348171,6732338341135,992964
17281,6732338348098,6732339341117,993019
17282,6732339348080,6732340339636,991556
17283,6732340348044,6732341339378,991334
17284,6732341347970,6732342344193,996223
17285,6732342347601,6732343339138,991537
17286,6732343347787,6732344332787,985000
17287,6732344347602,6732345315269,967667
17288,6732345352529,6732346319955,967426
17289,6732346347270,6732347314289,967019
17290,6732347352382,6732348319679,967297
17291,6732348347179,6732349314402,967223
17292,6732349352254,6732350319032,966778
17293,6732350346995,6732351314107,967112
17294,6732351352126,6732352320830,968704
17295,6732352346886,6732353314053,967167
17296,6732353352035,6732354319146,967111
17297,6732354346739,6732355313536,966797
17298,6732355351888,6732356321314,969426
17299,6732356346685,6732357313667,966982
17300,6732357351797,6732358319538,967741
17301,6732358346557,6732359312946,966389
17302,6732359351650,6732360320762,969112
17303,6732360346447,6732361313707,967260
17304,6732361351559,6732362318523,966964
17305,6732362346319,6732363313134,966815
17306,6732363351431,6732364319098,967667
17307,6732364346209,6732365313062,966853
17308,6732365351321,6732366318525,967204
17309,6732366346063,6732367312915,966852
17310,6732367351211,6732368320305,969094
17311,6732368345990,6732369314065,968075
17312,6732369351083,6732370318214,967131
17313,6732370345862,6732371312603,966741
17314,6732371350974,6732372318474,967500
17315,6732372345752,6732373312808,967056
17316,6732373350882,6732374318087,967205
17317,6732374345642,6732375312513,966871
17318,6732375350754,6732376319199,968445
17319,6732376345514,6732377312682,967168
17320,6732377350645,6732378317775,967130
17321,6732378345386,6732379312294,966908
17322,6732379350535,6732380319536,969001
17323,6732380345295,6732381312536,967241
17324,6732381350407,6732382318870,968463
17325,6732382345167,6732383311908,966741
17326,6732383350279,6732384320242,969963
17327,6732384345057,6732385311965,966908
17328,6732385350169,6732386317540,967371
17329,6732386344929,6732387311948,967019
17330,6732387350059,6732388320153,970094
17331,6732388344819,6732389311987,967168
17332,6732389349950,6732390316802,966852
17333,6732390344710,6732391311803,967093
17334,6732391349821,6732392319118,969297
17335,6732392344581,6732393311619,967038
17336,6732393349749,6732394316712,966963
17337,6732394344472,6732395311491,967019
17338,6732395349584,6732396318492,968908
17339,6732396344381,6732397311604,967223
17340,6732397349492,6732398316530,967038
17341,6732398344215,6732399311253,967038
17342,6732399349364,6732400317550,968186
17343,6732400344143,6732401311329,967186
17344,6732401349273,6732402317366,968093
17345,6732402344015,6732403311108,967093
17346,6732403349145,6732404317553,968408
17347,6732404343905,6732405311017,967112
17348,6732405349035,6732406316203,967168
17349,6732406343795,6732407311074,967279
17350,6732407348926,6732408316871,967945
17351,6732408343667,6732409310834,967167
17352,6732409348835,6732410316020,967185
17353,6732410343539,6732411310558,967019
17354,6732411348706,6732412326837,978131
17355,6732412343485,6732413311837,968352
17356,6732413348560,6732414315764,967204
17357,6732414343357,6732415310635,967278
17358,6732415348469,6732416316599,968130
17359,6732416343210,6732417310118,966908
17360,6732417348322,6732418315248,966926
17361,6732418343100,6732419310027,966927
17362,6732419348212,6732420316268,968056
17363,6732420342972,6732421309954,966982
17364,6732421348103,6732422315881,967778
17365,6732422342862,6732423310030,967168
17366,6732423347956,6732424316068,968112
17367,6732424342771,6732425309846,967075
17368,6732425347883,6732426314643,966760
17369,6732426342625,6732427309514,966889
17370,6732427347736,6732428316441,968705
17371,6732428342496,6732429309497,967001
17372,6732429347664,6732430314276,966612
17373,6732430342424,6732431309462,967038
17374,6732431347536,6732432316222,968686
17375,6732432342333,6732433309278,966945
17376,6732433347408,6732434314130,966722
17377,6732434342168,6732435309242,967074
17378,6732435347316,6732436315243,967927
17379,6732436342058,6732437309188,967130
17380,6732437347207,6732438314226,967019
17381,6732438342004,6732439308893,966889
17382,6732439347060,6732440316839,969779
17383,6732440341857,6732441308913,967056
17384,6732441346950,6732442314618,967668
17385,6732442341729,6732443309081,967352
17386,6732443346822,6732444316045,969223
17387,6732444341601,6732445309101,967500
17388,6732445346750,6732446314028,967278
17389,6732446341510,6732447308658,967148
17390,6732447346640,6732448315418,968778
17391,6732448341400,6732449308901,967501
17392,6732449346493,6732450313512,967019
17393,6732450341253,6732451308032,966779
17394,6732451346402,6732452315014,968612
17395,6732452341144,6732453308515,967371
17396,6732453346255,6732454313441,967186
17397,6732454341071,6732455308016,966945
17398,6732455346146,6732456314887,968741
17399,6732456340906,6732457307906,967000
17400,6732457346055,6732458313129,967074
17401,6732458340815,6732459307908,967093
17402,6732459345945,6732460315094,969149
17403,6732460340705,6732461307520,966815
17404,6732461345817,6732462312799,966982
17405,6732462340577,6732463307763,967186
17406,6732463345689,6732464314486,968797
17407,6732464340467,6732465307431,966964
17408,6732465345579,6732466312543,966964
17409,6732466340339,6732467307210,966871
17410,6732467345488,6732468315174,969686
17411,6732468340248,6732469308508,968260
17412,6732469345360,6732470312546,967186
17413,6732470340120,6732471307324,967204
17414,6732471345231,6732472328714,983483
17415,6732472340232,6732473308455,968223
17416,6732473345177,6732474312697,967520
17417,6732474339900,6732475307734,967834
17418,6732475345012,6732476315661,970649
17419,6732476339772,6732477324088,984316
17420,6732477339902,6732478332607,992705
17421,6732478340033,6732479333848,993815
17422,6732479339959,6732480333942,993983
17423,6732480340016,6732481332035,992019
17424,6732481339961,6732482333239,993278
17425,6732482339869,6732483332851,992982
17426,6732483339833,6732484332111,992278
17427,6732484339778,6732485332223,992445
17428,6732485339668,6732486332742,993074
17429,6732486339631,6732487331169,991538
17430,6732487339521,6732488325596,986075
17431,6732488339336,6732489307541,968205
17432,6732489344263,6732490311616,967353
17433,6732490339023,6732491307153,968130
17434,6732491344116,6732492313506,969390
17435,6732492338876,6732493307877,969001
17436,6732493343988,6732494311544,967556
17437,6732494338693,6732495305841,967148
17438,6732495343804,6732496314361,970557
17439,6732496338601,6732497305991,967390
17440,6732497343713,6732498311121,967408
17441,6732498338455,6732499306159,967704
17442,6732499343604,6732500312493,968889
17443,6732500338364,6732501306031,967667
17444,6732501343513,6732502311087,967574
17445,6732502338235,6732503306847,968612
17446,6732503343366,6732504314367,971001
17447,6732504338107,6732505305719,967612
17448,6732505343275,6732506311072,967797
17449,6732506337998,6732507305202,967204
17450,6732507343109,6732508310629,967520
17451,6732508337888,6732509305426,967538
17452,6732509343037,6732510310112,967075
17453,6732510337778,6732511304631,966853
17454,6732511342909,6732512313039,970130
17455,6732512337687,6732513306780,969093
17456,6732513342818,6732514310170,967352
17457,6732514337540,6732515305152,967612
17458,6732515342689,6732516310597,967908
17459,6732516337449,6732517305432,967983
17460,6732517342524,6732518309710,967186
17461,6732518337340,6732519304766,967426
17462,6732519342470,6732520311137,968667
17463,6732520337212,6732521305916,968704
17464,6732521342342,6732522311065,968723
17465,6732522337083,6732523304751,967668
17466,6732523342195,6732524309585,967390
17467,6732524336992,6732525305197,968205
17468,6732525342104,6732526309531,967427
17469,6732526336846,6732527304346,967500
17470,6732527341976,6732528310440,968464
17471,6732528336773,6732529303959,967186
17472,6732529341885,6732530309756,967871
17473,6732530336608,6732531304127,967519
17474,6732531341757,6732532311239,969482
17475,6732532336517,6732533305462,968945
17476,6732533341647,6732534309222,967575
17477,6732534336407,6732535304037,967630
17478,6732535341519,6732536312260,970741
17479,6732536336297,6732537304113,967816
17480,6732537341428,6732538308706,967278
17481,6732538336188,6732539304040,967852
17482,6732539341281,6732540310448,969167
17483,6732540336078,6732541303042,966964
17484,6732541341190,6732542308709,967519
17485,6732542335913,6732543304432,968519
17486,6732543341080,6732544309377,968297
17487,6732544335859,6732545302915,967056
17488,6732545340952,6732546308304,967352
17489,6732546335712,6732547303379,967667
17490,6732547340824,6732548309565,968741
17491,6732548335621,6732549303084,967463
17492,6732549340733,6732550308289,967556
17493,6732550335474,6732551303401,967927
17494,6732551340586,6732552307438,966852
17495,6732552335346,6732553303698,968352
17496,6732553340476,6732554307995,967519
17497,6732554335218,6732555302422,967204
17498,6732555340348,6732556308830,968482
17499,6732556335164,6732557303387,968223
17500,6732557340294,6732558307702,967408
17501,6732558335017,6732559303092,968075
17502,6732559340147,6732560309407,969260
17503,6732560334926,6732561302630,967704
17504,6732561340038,6732562307186,967148
17505,6732562334798,6732563304650,969852
17506,6732563339928,6732564308540,968612
17507,6732564334688,6732565303281,968593
17508,6732565339818,6732566307041,967223
17509,6732566334541,6732567302042,967501
17510,6732567339672,6732568307987,968315
17511,6732568334469,6732569301229,966760
17512,6732569339580,6732570307063,967483
17513,6732570334303,6732571302989,968686
17514,6732571339452,6732572306601,967149
17515,6732572334212,6732573302472,968260
17516,6732573339361,6732574307066,967705
17517,6732574334121,6732575301844,967723
17518,6732575339233,6732576306734,967501
17519,6732576333993,6732577301383,967390
17520,6732577339123,6732578306828,967705
17521,6732578333883,6732579300884,967001
17522,6732579338977,6732580307811,968834
17523,6732580333755,6732581300793,967038
17524,6732581338904,6732582307516,968612
17525,6732582333664,6732583301239,967575
17526,6732583338776,6732584305665,966889
17527,6732584333554,6732585300907,967353
17528,6732585338685,6732586305759,967074
17529,6732586333408,6732587301056,967648
17530,6732587338538,6732588307261,968723
17531,6732588333279,6732589299965,966686
17532,6732589338428,6732590305633,967205
17533,6732590333188,6732591301096,967908
17534,6732591338282,6732592312505,974223
17535,6732592333338,6732593325931,992593
17536,6732593333468,6732594328488,995020
17537,6732594333117,6732595325636,992519
17538,6732595333507,6732596330026,996519
17539,6732596334119,6732597326379,992260
17540,6732597333156,6732598326898,993742
17541,6732598333194,6732599326287,993093
17542,6732599333158,6732600330510,997352
17543,6732600333344,6732601329307,995963
17544,6732601333048,6732602324567,991519
17545,6732602333012,6732603329105,996093
17546,6732603333013,6732604328643,995630
17547,6732604333439,6732605327588,994149
17548,6732605332810,6732606327459,994649
17549,6732606332793,6732607323627,990834
17550,6732607332738,6732608329479,996741
17551,6732608334053,6732609327813,993760
17552,6732609332591,6732610325703,993112
17553,6732610332499,6732611325389,992890
17554,6732611332389,6732612324482,992093
17555,6732612332390,6732613325279,992889
17556,6732613332353,6732614324002,991649
17557,6732614332280,6732615324021,991741
17558,6732615332318,6732616326763,994445
17559,6732616332115,6732617325171,993056
17560,6732617331875,6732618322598,990723
17561,6732618332023,6732619324228,992205
17562,6732619331987,6732620325192,993205
17563,6732620331673,6732621322470,990797
17564,6732621331878,6732622323156,991278
17565,6732622331749,6732623325046,993297
17566,6732623331731,6732624325343,993612
17567,6732624331657,6732625322899,991242
17568,6732625331603,6732626322955,991352
17569,6732626331529,6732627323086,991557
17570,6732627331586,6732628324790,993204
17571,6732628331438,6732629322920,991482
17572,6732629331476,6732630321699,990223
17573,6732630331143,6732631322811,991668
17574,6732631331348,6732632324756,993408
17575,6732632331274,6732633323775,992501
17576,6732633331183,6732634323591,992408
17577,6732634331128,6732635320128,989000
17578,6732635331017,6732636324981,993964
17579,6732636330944,6732637321908,990964
17580,6732637330963,6732638321908,990945
17581,6732638330908,6732639322761,991853
17582,6732639330928,6732640325558,994630
17583,6732640330780,6732641322281,991501
17584,6732641330670,6732642322337,991667
17585,6732642330689,6732643322875,992186
17586,6732643330597,6732644324635,994038
17587,6732644330468,6732645320691,990223
17588,6732645330451,6732646321877,991426
17589,6732646330414,6732647322452,992038
17590,6732647330433,6732648324045,993612
17591,6732648330305,6732649321565,991260
17592,6732649330305,6732650321621,991316
17593,6732650330195,6732651322140,991945
17594,6732651330270,6732652327196,996926
17595,6732652331641,6732653324475,992834
17596,6732653330179,6732654322068,991889
17597,6732654329939,6732655319828,989889
17598,6732655329884,6732656319088,989204
17599,6732656329570,6732657296848,967278
17600,6732657334589,6732658301386,966797
17601,6732658329367,6732659295979,966612
17602,6732659334442,6732660302610,968168
17603,6732660329258,6732661296147,966889
17604,6732661334351,6732662301778,967427
17605,6732662329093,6732663296890,967797
17606,6732663334241,6732664301779,967538
17607,6732664328946,6732665295909,966963
17608,6732665334095,6732666300669,966574
17609,6732666328818,6732667294855,966037
17610,6732667333948,6732668300393,966445
17611,6732668328727,6732669295505,966778
17612,6732669333857,6732670299876,966019
17613,6732670328617,6732671295006,966389
17614,6732671333747,6732672300563,966816
17615,6732672328470,6732673295267,966797
17616,6732673333638,6732674300175,966537
17617,6732674328398,6732675295195,966797
17618,6732675333491,6732676301436,967945
17619,6732676328269,6732677295603,967334
17620,6732677333400,6732678300234,966834
17621,6732678328123,6732679294697,966574
17622,6732679333272,6732680299180,965908
17623,6732680328032,6732681294366,966334
17624,6732681333180,6732682299589,966409
17625,6732682327903,6732683295515,967612
17626,6732683333089,6732684299664,966575
17627,6732684327812,6732685294331,966519
17628,6732685332924,6732686299517,966593
17629,6732686327684,6732687294055,966371
17630,6732687332796,6732688300482,967686
17631,6732688327574,6732689294186,966612
17632,6732689332686,6732690299946,967260
17633,6732690327446,6732691294484,967038
17634,6732691332595,6732692299837,967242
17635,6732692327355,6732693294911,967556
17636,6732693332485,6732694299190,966705
17637,6732694327208,6732695293802,966594
17638,6732695332357,6732696298580,966223
17639,6732696327117,6732697293488,966371
17640,6732697332229,6732698298730,966501
17641,6732698327008,6732699293564,966556
17642,6732699332138,6732700298268,966130
17643,6732700326898,6732701293621,966723
17644,6732701331991,6732702298733,966742
17645,6732702326751,6732703294067,967316
17646,6732703331919,6732704299419,967500
17647,6732704326660,6732705294383,967723
17648,6732705331772,6732706298458,966686
17649,6732706326532,6732707293107,966575
17650,6732707331681,6732708297885,966204
17651,6732708326422,6732709292979,966557
17652,6732709331534,6732710298016,966482
17653,6732710326294,6732711292665,966371
17654,6732711331406,6732712297407,966001
17655,6732712326221,6732713294000,967779
17656,6732713331333,6732714297649,966316
17657,6732714326093,6732715292335,966242
17658,6732715331187,6732716297298,966111
17659,6732716325947,6732717292466,966519
17660,6732717331095,6732718297504,966409
17661,6732718325855,6732719292171,966316
17662,6732719330986,6732720297209,966223
17663,6732720325764,6732721292135,966371
17664,6732721330876,6732722297395,966519
17665,6732722325599,6732723293137,967538
17666,6732723330767,6732724297026,966259
17667,6732724325526,6732725292379,966853
17668,6732725330620,6732726297232,966612
17669,6732726325398,6732727291436,966038
17670,6732727330510,6732728297140,966630
17671,6732728325289,6732729291956,966667
17672,6732729330382,6732730296827,966445
17673,6732730325160,6732731291569,966409
17674,6732731330291,6732732298255,967964
17675,6732732325051,6732733291792,966741
17676,6732733330181,6732734297460,967279
17677,6732734324923,6732735291534,966611
17678,6732735330553,6732736302239,971686
17679,6732736324832,6732737291925,967093
17680,6732737329943,6732738300481,970538
17681,6732738324814,6732739291519,966705
17682,6732739329852,6732740297483,967631
17683,6732740324631,6732741292298,967667
17684,6732741329761,6732742296373,966612
17685,6732742324521,6732743292225,967704
17686,6732743329596,6732744295985,966389
17687,6732744324393,6732745291005,966612
17688,6732745329523,6732746296172,966649
17689,6732746324283,6732747290358,966075
17690,6732747329488,6732748297174,967686
17691,6732748324155,6732749290989,966834
17692,6732749329285,6732750296694,967409
17693,6732750324064,6732751291139,967075
17694,6732751329176,6732752296676,967500
17695,6732752323936,6732753291659,967723
17696,6732753329066,6732754295808,966742
17697,6732754323826,6732755290086,966260
17698,6732755328938,6732756297087,968149
17699,6732756323698,6732757291236,967538
17700,6732757328828,6732758295292,966464
17701,6732758323551,6732759290237,966686
17702,6732759328737,6732760295108,966371
17703,6732760323460,6732761289924,966464
17704,6732761328609,6732762295387,966778
17705,6732762323369,6732763290814,967445
17706,6732763328481,6732764296370,967889
17707,6732764323241,6732765290056,966815
17708,6732765328390,6732766295705,967315
17709,6732766323113,6732767289928,966815
17710,6732767328261,6732768296225,967964
17711,6732768323021,6732769289874,966853
17712,6732769328170,6732770294819,966649
17713,6732770322893,6732771289709,966816
17714,6732771328042,6732772296098,968056
17715,6732772322784,6732773290062,967278
17716,6732773327914,6732774294285,966371
17717,6732774322655,6732775289138,966483
17718,6732775327804,6732776294546,966742
17719,6732776322601,6732777289398,966797
17720,6732777327732,6732778294325,966593
17721,6732778322455,6732779288807,966352
17722,6732779327548,6732780295567,968019
17723,6732780322345,6732781289327,966982
17724,6732781327420,6732782294643,967223
17725,6732782322217,6732783289347,967130
17726,6732783327310,6732784294977,967667
17727,6732784322126,6732785289089,966963
17728,6732785327219,6732786293960,966741
17729,6732786321960,6732787289017,967057
17730,6732787327146,6732788294943,967797
17731,6732788321888,6732789290018,968130
17732,6732789327000,6732790294019,967019
17733,6732790321723,6732791288464,966741
17734,6732791326871,6732792294076,967205
17735,6732792321687,6732793293151,971464
17736,6732793326762,6732794293929,967167
17737,6732794321522,6732795288597,967075
17738,6732795326671,6732796289375,962704
17739,6732796326597,6732797294487,967890
17740,6732797321357,6732798289488,968131
17741,6732798326451,6732799293433,966982
17742,6732799321229,6732800288600,967371
17743,6732800326360,6732801293675,967315
17744,6732801321138,6732802287639,966501
17745,6732802326268,6732803293825,967557
17746,6732803321010,6732804287381,966371
17747,6732804326140,6732805293030,966890
17748,6732805320900,6732806287771,966871
17749,6732806326031,6732807292698,966667
17750,6732807320809,6732808287439,966630
17751,6732808325902,6732809292829,966927
17752,6732809320699,6732810287478,966779
17753,6732810325811,6732811292719,966908
17754,6732811320553,6732812287035,966482
17755,6732812325702,6732813292758,967056
17756,6732813320425,6732814287351,966926
17757,6732814325518,6732815292315,966797
17758,6732815320296,6732816286927,966631
17759,6732816325445,6732817292539,967094
17760,6732817320187,6732818286891,966704
17761,6732818325336,6732819292521,967185
17762,6732819320059,6732820286633,966574
17763,6732820325226,6732821292301,967075
17764,6732821319967,6732822286764,966797
17765,6732822325098,6732823291858,966760
17766,6732823319913,6732824286599,966686
17767,6732824324970,6732825292081,967111
17768,6732825319748,6732826287008,967260
17769,6732826324860,6732827291675,966815
17770,6732827319601,6732828286232,966631
17771,6732828324806,6732829291825,967019
17772,6732829319547,6732830286455,966908
17773,6732830324622,6732831291771,967149
17774,6732831319419,6732832286290,966871
17775,6732832324549,6732833291550,967001
17776,6732833319272,6732834286236,966964
17777,6732834324384,6732835291478,967094
17778,6732835319181,6732836285404,966223
17779,6732836324312,6732837291035,966723
17780,6732837319053,6732838285906,966853
17781,6732838324165,6732839291017,966852
17782,6732839318906,6732840297592,978686
17783,6732840319407,6732841315445,996038
17784,6732841319315,6732842313853,994538
17785,6732842319297,6732843312520,993223
17786,6732843319169,6732844310725,991556
17787,6732844319077,6732845312189,993112
17788,6732845319022,6732846311115,992093
17789,6732846318763,6732847310968,992205
17790,6732847318875,6732848311357,992482
17791,6732848318857,6732849310654,991797
17792,6732849318803,6732850312877,994074
17793,6732850318711,6732851310526,991815
17794,6732851318841,6732852313897,995056
17795,6732852318583,6732853310917,992334
17796,6732853318528,6732854310695,992167
17797,6732854318565,6732855311548,992983
17798,6732855318511,6732856311808,993297
17799,6732856318382,6732857311679,993297
17800,6732857318123,6732858310457,992334
17801,6732858318309,6732859311088,992779
17802,6732859318291,6732860311570,993279
17803,6732860318255,6732861312274,994019
17804,6732861318071,6732862309997,991926
17805,6732862318016,6732863312905,994889
17806,6732863318072,6732864310702,992630
17807,6732864317943,6732865310592,992649
17808,6732865317851,6732866313704,995853
17809,6732866317815,6732867310056,992241
17810,6732867317797,6732868309057,991260
17811,6732868317705,6732869309317,991612
17812,6732869317669,6732870309151,991482
17813,6732870317707,6732871310411,992704
17814,6732871317485,6732872308690,991205
17815,6732872317449,6732873308690,991241
17816,6732873317413,6732874309376,991963
17817,6732874317395,6732875309618,992223
17818,6732875317321,6732876309470,992149
17819,6732876317248,6732877310138,992890
17820,6732877317175,6732878309268,992093
17821,6732878317175,6732879309713,992538
17822,6732879317102,6732880309547,992445
17823,6732880317010,6732881308585,991575
17824,6732881316974,6732882309382,992408
17825,6732882316993,6732883309864,992871
17826,6732883316827,6732884308865,992038
17827,6732884316865,6732885307977,991112
17828,6732885316847,6732886308848,992001
17829,6732886316422,6732887308923,992501
17830,6732887316571,6732888308257,991686
17831,6732888316775,6732889309054,992279
17832,6732889316461,6732890309147,992686
17833,6732890316462,6732891308685,992223
17834,6732891316333,6732892307260,990927
17835,6732892316315,6732893308575,992260
17836,6732893316353,6732894309298,992945
17837,6732894316187,6732895306910,990723
17838,6732895316169,6732896308318,992149
17839,6732896316077,6732897309541,993464
17840,6732897315726,6732898307634,991908
17841,6732898316134,6732899308043,991909
17842,6732899315894,6732900307766,991872
17843,6732900315914,6732901308340,992426
17844,6732901315877,6732902307674,991797
17845,6732902315767,6732903307212,991445
17846,6732903315675,6732904307417,991742
17847,6732904315880,6732905305954,990074
17848,6732905315640,6732906307103,991463
17849,6732906315566,6732907308363,992797
17850,6732907315252,6732908306179,990927
17851,6732908315345,6732909307439,992094
17852,6732909315402,6732910307699,992297
17853,6732910315365,6732911306959,991594
17854,6732911315236,6732912302552,987316
17855,6732912314848,6732913282756,967908
17856,6732913319868,6732914288535,968667
17857,6732914314609,6732915281091,966482
17858,6732915319702,6732916286388,966686
17859,6732916314518,6732917281185,966667
17860,6732917319630,6732918286427,966797
17861,6732918314371,6732919281279,966908
17862,6732919319502,6732920287873,968371
17863,6732920314280,6732921281966,967686
17864,6732921319373,6732922286263,966890
17865,6732922314115,6732923280875,966760
17866,6732923319227,6732924289024,969797
17867,6732924314042,6732925281987,967945
17868,6732925319173,6732926285840,966667
17869,6732926313896,6732927281359,967463
17870,6732927319044,6732928287119,968075
17871,6732928313860,6732929281916,968056
17872,6732929318935,6732930286824,967889
17873,6732930313695,6732931280640,966945
17874,6732931318807,6732932285270,966463
17875,6732932313585,6732933280549,966964
17876,6732933318734,6732934286735,968001
17877,6732934313457,6732935280309,966852
17878,6732935318606,6732936286607,968001
17879,6732936313384,6732937279126,965742
17880,6732937318478,6732938286108,967630
17881,6732938313219,6732939280294,967075
17882,6732939318349,6732940284721,966372
17883,6732940313128,6732941279906,966778
17884,6732941318240,6732942284963,966723
17885,6732942312981,6732943279908,966927
17886,6732943318130,6732944286372,968242
17887,6732944312890,6732945278909,966019
17888,6732945318039,6732946285077,967038
17889,6732946312762,6732947280392,967630
17890,6732947317892,6732948284078,966186
17891,6732948312671,6732949278894,966223
17892,6732949317801,6732950284635,966834
17893,6732950312524,6732951278969,966445
17894,6732951317673,6732952285526,967853
17895,6732952312433,6732953278211,965778
17896,6732953317563,6732954285323,967760
17897,6732954312305,6732955279268,966963
17898,6732955317417,6732956284769,967352
17899,6732956312232,6732957277659,965427
17900,6732957317325,6732958284085,966760
17901,6732958312085,6732959278771,966686
17902,6732959317197,6732960284291,967094
17903,6732960311883,6732961263106,951223
17904,6732961316773,6732962267737,950964
17905,6732962316700,6732963268385,951685
17906,6732963316645,6732964268571,951926
17907,6732964316608,6732965268350,951742
17908,6732965316516,6732966268313,951797
17909,6732966316499,6732967267351,950852
17910,6732967316444,6732968268148,951704
17911,6732968316371,6732969267056,950685
17912,6732969316316,6732970267335,951019
17913,6732970316224,6732971267965,951741
17914,6732971316188,6732972267725,951537
17915,6732972316133,6732973267967,951834
17916,6732973316096,6732974268393,952297
17917,6732974316023,6732975266709,950686
17918,6732975315968,6732976267821,951853
17919,6732976315895,6732977266025,950130
17920,6732977315877,6732978266970,951093
17921,6732978315822,6732979266619,950797
17922,6732979315730,6732980266990,951260
17923,6732980315657,6732981266658,951001
17924,6732981315621,6732982266510,950889
17925,6732982315566,6732983266307,950741
17926,6732983315530,6732984266327,950797
17927,6732984315456,6732985266364,950908
17928,6732985315383,6732986265958,950575
17929,6732986315328,6732987266162,950834
17930,6732987315255,6732988266107,950852
17931,6732988315218,6732989266275,951057
17932,6732989315145,6732990265720,950575
17933,6732990315127,6732991265795,950668
17934,6732991315035,6732992265721,950686
17935,6732992314981,6732993265907,950926
17936,6732993314926,6732994266334,951408
17937,6732994314778,6732995265742,950964
17938,6732995314816,6732996265724,950908
17939,6732996314761,6732997265669,950908
17940,6732997314688,6732998265559,950871
17941,6732998314633,6732999265300,950667
17942,6732999314578,6733000266375,951797
17943,6733000314560,6733001265857,951297
17944,6733001314487,6733002265673,951186
17945,6733002314414,6733003265248,950834
17946,6733003314340,6733004265045,950705
17947,6733004314323,6733005265323,951000
17948,6733005314249,6733006264880,950631
17949,6733006314176,6733007265177,951001
17950,6733007314121,6733008265714,951593
17951,6733008314085,6733009265808,951723
17952,6733009314011,6733010265660,951649
17953,6733010313957,6733011265031,951074
17954,6733011313902,6733012265551,951649
17955,6733012313865,6733013264644,950779
17956,6733013313774,6733014265348,951574
17957,6733014313719,6733015264294,950575
17958,6733015313664,6733016264942,951278
17959,6733016313628,6733017264443,950815
17960,6733017313573,6733018264370,950797
17961,6733018313499,6733019264259,950760
17962,6733019313445,6733020265316,951871
17963,6733020313390,6733021264539,951149
17964,6733021313335,6733022264225,950890
17965,6733022313243,6733023264059,950816
17966,6733023313225,6733024263615,950390
17967,6733024313170,6733025263856,950686
17968,6733025313116,6733026263727,950611
17969,6733026313042,6733027263691,950649
17970,6733027312987,6733028264007,951020
17971,6733028312933,6733029263359,950426
17972,6733029312878,6733030263693,950815
17973,6733030312804,6733031263490,950686
17974,6733031312731,6733032263158,950427
17975,6733032312695,6733033263399,950704
17976,6733033312640,6733034263770,951130
17977,6733034312585,6733035263401,950816
17978,6733035312512,6733036262920,950408
17979,6733036312457,6733037263069,950612
17980,6733037312402,6733038263032,950630
17981,6733038312329,6733039263015,950686
17982,6733039312274,6733040262645,950371
17983,6733040312238,6733041262905,950667
17984,6733041312201,6733042262887,950686
17985,6733042312110,6733043262888,950778
17986,6733043312055,6733044262463,950408
17987,6733044312018,6733045262686,950668
17988,6733045311945,6733046262742,950797
17989,6733046311890,6733047262428,950538
17990,6733047311798,6733048262077,950279
17991,6733048311781,6733049262540,950759
17992,6733049311726,6733050262245,950519
17993,6733050311652,6733051262209,950557
17994,6733051311598,6733052262246,950648
17995,6733052311543,6733053262173,950630
17996,6733053311469,6733054262803,951334
17997,6733054311415,6733055261767,950352
17998,6733055311360,6733056261768,950408
17999,6733056311323,6733057261824,950501
18000,6733057311269,6733058261695,950426
18001,6733058311195,6733059263326,952131
18002,6733059311140,6733060261456,950316
18003,6733060311104,6733061265105,954001
18004,6733061311290,6733062277680,966390
18005,6733062306106,6733063272810,966704
18006,6733063311199,6733064279070,967871
18007,6733064306014,6733065272219,966205
18008,6733065311145,6733066277423,966278
18009,6733066305868,6733067272646,966778
18010,6733067310998,6733068278777,967779
18011,6733068305777,6733069271333,965556
18012,6733069310888,6733070278556,967668
18013,6733070305648,6733071272038,966390
18014,6733071310760,6733072278428,967668
18015,6733072305539,6733073272058,966519
18016,6733073310688,6733074277281,966593
18017,6733074305411,6733075271837,966426
18018,6733075310541,6733076276819,966278
18019,6733076305338,6733077270987,965649
18020,6733077310413,6733078276950,966537
18021,6733078305173,6733079271636,966463
18022,6733079310303,6733080277952,967649
18023,6733080305082,6733081272730,967648
18024,6733081310230,6733082276657,966427
18025,6733082304953,6733083271547,966594
18026,6733083310084,6733084278714,968630
18027,6733084304862,6733085271270,966408
18028,6733085309974,6733086277104,967130
18029,6733086304716,6733087271346,966630
18030,6733087309827,6733088286106,976279
18031,6733088305013,6733089298088,993075
18032,6733089304940,6733090297515,992575
18033,6733090304959,6733091297923,992964
18034,6733091304886,6733092295979,991093
18035,6733092304905,6733093297461,992556
18036,6733093304887,6733094298758,993871
18037,6733094304666,6733095296759,992093
18038,6733095304759,6733096296852,992093
18039,6733096304667,6733097295705,991038
18040,6733097304575,6733098297076,992501
18041,6733098304484,6733099296503,992019
18042,6733099304466,6733100296189,991723
18043,6733100304429,6733101297134,992705
18044,6733101304356,6733102294264,989908
18045,6733102304246,6733103295043,990797
18046,6733103304283,6733104296932,992649
18047,6733104304081,6733105295878,991797
18048,6733105304026,6733106295656,991630
18049,6733106304045,6733107294731,990686
18050,6733107303953,6733108293787,989834
18051,6733108303935,6733109294936,991001
18052,6733109304010,6733110297122,993112
18053,6733110303714,6733111296326,992612
18054,6733111303808,6733112295642,991834
18055,6733112303660,6733113296180,992520
18056,6733113303587,6733114297180,993593
18057,6733114303421,6733115294866,991445
18058,6733115303385,6733116294311,990926
18059,6733116303608,6733117295960,992352
18060,6733117303442,6733118295702,992260
18061,6733118303294,6733119295073,991779
18062,6733119303406,6733120295592,992186
18063,6733120303259,6733121295463,992204
18064,6733121303241,6733122293779,990538
18065,6733122303112,6733123295002,991890
18066,6733123303150,6733124297225,994075
18067,6733124303077,6733125294948,991871
18068,6733125303022,6733126295096,992074
18069,6733126302911,6733127297282,994371
18070,6733127302894,6733128293876,990982
18071,6733128302746,6733129294210,991464
18072,6733129302747,6733130295062,992315
18073,6733130302711,6733131294526,991815
18074,6733131302896,6733132291379,988483
18075,6733132302286,6733133270361,968075
18076,6733133307287,6733134275954,968667
18077,6733134301973,6733135268955,966982
18078,6733135307103,6733136274233,967130
18079,6733136301770,6733137269290,967520
18080,6733137307012,6733138274364,967352
18081,6733138301772,6733139269124,967352
18082,6733139306902,6733140275014,968112
18083,6733140301662,6733141269867,968205
18084,6733141306774,6733142274127,967353
18085,6733142301553,6733143268627,967074
18086,6733143306646,6733144273554,966908
18087,6733144301443,6733145268610,967167
18088,6733145306536,6733146273852,967316
18089,6733146301333,6733147268334,967001
18090,6733147306408,6733148273427,967019
18091,6733148301187,6733149268632,967445
18092,6733149306317,6733150273244,966927
18093,6733150301058,6733151268541,967483
18094,6733151306207,6733152272967,966760
18095,6733152300967,6733153268394,967427
18096,6733153306098,6733154274432,968334
18097,6733154300876,6733155267840,966964
18098,6733155305988,6733156272766,966778
18099,6733156300748,6733157267971,967223
18100,6733157305841,6733158272768,966927
18101,6733158300601,6733159267583,966982
18102,6733159305732,6733160274084,968352
18103,6733160300492,6733161267455,966963
18104,6733161305603,6733162272882,967279
18105,6733162300382,6733163266957,966575
18106,6733163305512,6733164274309,968797
18107,6733164300272,6733165267625,967353
18108,6733165305403,6733166272348,966945
18109,6733166300144,6733167267349,967205
18110,6733167305256,6733168271812,966556
18111,6733168300016,6733169266906,966890
18112,6733169305220,6733170272443,967223
18113,6733170299888,6733171266888,967000
18114,6733171305037,6733172272167,967130
18115,6733172299778,6733173266779,967001
18116,6733173304927,6733174272224,967297
18117,6733174299687,6733175266688,967001
18118,6733175304799,6733176271281,966482
18119,6733176299577,6733177266763,967186
18120,6733177304689,6733178271616,966927
18121,6733178299449,6733179266413,966964
18122,6733179304598,6733180273191,968593
18123,6733180299376,6733181267173,967797
18124,6733181304488,6733182271822,967334
18125,6733182299230,6733183266582,967352
18126,6733183304342,6733184270676,966334
18127,6733184299102,6733185265306,966204
18128,6733185304250,6733186270733,966483
18129,6733186298992,6733187265937,966945
18130,6733187304104,6733188270327,966223
18131,6733188298864,6733189265716,966852
18132,6733189304013,6733190270902,966889
18133,6733190298754,6733191265662,966908
18134,6733191303866,6733192270941,967075
18135,6733192298644,6733193265441,966797
18136,6733193303775,6733194273739,969964
18137,6733194298535,6733195266036,967501
18138,6733195303628,6733196270481,966853
18139,6733196298425,6733197265241,966816
18140,6733197303556,6733198270353,966797
18141,6733198298297,6733199265261,966964
18142,6733199303427,6733200271817,968390
18143,6733200298187,6733201265151,966964
18144,6733201303299,6733202270930,967631
18145,6733202298059,6733203265338,967279
18146,6733203303190,6733204270987,967797
18147,6733204297950,6733205264950,967000
18148,6733205303061,6733206270136,967075
18149,6733206297821,6733207264785,966964
18150,6733207302970,6733208269175,966205
18151,6733208297749,6733209264823,967074
18152,6733209302861,6733210269621,966760
18153,6733210297583,6733211264510,966927
18154,6733211302714,6733212269289,966575
18155,6733212297492,6733213264567,967075
18156,6733213302641,6733214269642,967001
18157,6733214297364,6733215263772,966408
18158,6733215302495,6733216278792,976297
18159,6733216297588,6733217266200,968612
18160,6733217302440,6733218270330,967890
18161,6733218297200,6733219264201,967001
18162,6733219302294,6733220270924,968630
18163,6733220297072,6733221263147,966075
18164,6733221302203,6733222269666,967463
18165,6733222296944,6733223264741,967797
18166,6733223302056,6733224270742,968686
18167,6733224296834,6733225264668,967834
18168,6733225301965,6733226270354,968389
18169,6733226296706,6733227263744,967038
18170,6733227301855,6733228270411,968556
18171,6733228296615,6733229264134,967519
18172,6733229301745,6733230269172,967427
18173,6733230296505,6733231263765,967260
18174,6733231301654,6733232270136,968482
18175,6733232296414,6733233262748,966334
18176,6733233301508,6733234268879,967371
18177,6733234296268,6733235266213,969945
18178,6733235301361,6733236268232,966871
18179,6733236296139,6733237263529,967390
18180,6733237301251,6733238268382,967131
18181,6733238296048,6733239263605,967557
18182,6733239301123,6733240268050,966927
18183,6733240295902,6733241262662,966760
18184,6733241301032,6733242268625,967593
18185,6733242295773,6733243263237,967464
18186,6733243300904,6733244269071,968167
18187,6733244295682,6733245264424,968742
18188,6733245300813,6733246268221,967408
18189,6733246295554,6733247262981,967427
18190,6733247300684,6733248267259,966575
18191,6733248295444,6733249262816,967372
18192,6733249300556,6733250267594,967038
18193,6733250295316,6733251262669,967353
18194,6733251300465,6733252269003,968538
18195,6733252295244,6733253262707,967463
18196,6733253300355,6733254267671,967316
18197,6733254295097,6733255263524,968427
18198,6733255300246,6733256268635,968389
18199,6733256294987,6733257262192,967205
18200,6733257300118,6733258267970,967852
18201,6733258294878,6733259262175,967297
18202,6733259299989,6733260268712,968723
18203,6733260294786,6733261262991,968205
18204,6733261299880,6733262267343,967463
18205,6733262294640,6733263262233,967593
18206,6733263299770,6733264268549,968779
18207,6733264294567,6733265260975,966408
18208,6733265299661,6733266267013,967352
18209,6733266294383,6733267261903,967520
18210,6733267299514,6733268267940,968426
18211,6733268294292,6733269262589,968297
18212,6733269299423,6733270267960,968537
18213,6733270294201,6733271261276,967075
18214,6733271299313,6733272265980,966667
18215,6733272294073,6733273261277,967204
18216,6733273299222,6733274266352,967130
18217,6733274293926,6733275262742,968816
18218,6733275299075,6733276267891,968816
18219,6733276293872,6733277260225,966353
18220,6733277298966,6733278265892,966926
18221,6733278293707,6733279262356,968649
18222,6733279298874,6733280267764,968890
18223,6733280293671,6733281261061,967390
18224,6733281298746,6733282266728,967982
18225,6733282293469,6733283260507,967038
18226,6733283298618,6733284265582,966964
18227,6733284293378,6733285261860,968482
18228,6733285298508,6733286266065,967557
18229,6733286293231,6733287260528,967297
18230,6733287298380,6733288266640,968260
18231,6733288293140,6733289260011,966871
18232,6733289298271,6733290265531,967260
18233,6733290293049,6733291260031,966982
18234,6733291298142,6733292265106,966964
18235,6733292292921,6733293260255,967334
18236,6733293298051,6733294265145,967094
18237,6733294292793,6733295261127,968334
18238,6733295297923,6733296266572,968649
18239,6733296292702,6733297260795,968093
18240,6733297297832,6733298265407,967575
18241,6733298292592,6733299260333,967741
18242,6733299297667,6733300265741,968074
18243,6733300292464,6733301259279,966815
18244,6733301297576,6733302264743,967167
18245,6733302292299,6733303260873,968574
18246,6733303297466,6733304265985,968519
18247,6733304292115,6733305261745,969630
18248,6733305297356,6733306265579,968223
18249,6733306292098,6733307259691,967593
18250,6733307297247,6733308264414,967167
18251,6733308292007,6733309259341,967334
18252,6733309297137,6733310264527,967390
18253,6733310291860,6733311259231,967371
18254,6733311297009,6733312265361,968352
18255,6733312291806,6733313257603,965797
18256,6733313296899,6733314264029,967130
18257,6733314291659,6733315260826,969167
18258,6733315296771,6733316265549,968778
18259,6733316291568,6733317258754,967186
18260,6733317296643,6733318264458,967815
18261,6733318291403,6733319259015,967612
18262,6733319296570,6733320263497,966927
18263,6733320291312,6733321258497,967185
18264,6733321296442,6733322263757,967315
18265,6733322291202,6733323258017,966815
18266,6733323296277,6733324264722,968445
18267,6733324291092,6733325258426,967334
18268,6733325296223,6733326263557,967334
18269,6733326290909,6733327258076,967167
18270,6733327296076,6733328262799,966723
18271,6733328290873,6733329258244,967371
18272,6733329295966,6733330262874,966908
18273,6733330290726,6733331258079,967353
18274,6733331295857,6733332264431,968574
18275,6733332290617,6733333258321,967704
18276,6733333295747,6733334263118,967371
18277,6733334290507,6733335258026,967519
18278,6733335295619,6733336263508,967889
18279,6733336290434,6733337256472,966038
18280,6733337295528,6733338262899,967371
18281,6733338290306,6733339258418,968112
18282,6733339295399,6733340263826,968427
18283,6733340290178,6733341258068,967890
18284,6733341295308,6733342263642,968334
18285,6733342290050,6733343257347,967297
18286,6733343295143,6733344270662,975519
18287,6733344290181,6733345290515,1000334
18288,6733345293996,6733346298034,1004038
18289,6733346302979,6733347303276,1000297
18290,6733347307313,6733348305110,997797
18291,6733348307813,6733349304240,996427
18292,6733349307536,6733350303778,996242
18293,6733350307685,6733351306260,998575
18294,6733351307686,6733352303465,995779
18295,6733352307020,6733353302873,995853
18296,6733353306521,6733354304188,997667
18297,6733354307522,6733355305504,997982
18298,6733355307504,6733356304060,996556
18299,6733356307338,6733357311135,1003797
18300,6733357294561,6733358298543,1003982
18301,6733358302654,6733359299562,996908
18302,6733359302099,6733360299137,997038
18303,6733360302952,6733361301453,998501
18304,6733361305323,6733362301287,995964
18305,6733362304731,6733363301565,996834
18306,6733363305454,6733364303399,997945
18307,6733364307047,6733365305900,998853
18308,6733365306678,6733366302364,995686
18309,6733366306104,6733367303790,997686
18310,6733367306790,6733368301902,995112
18311,6733368305328,6733369301977,996649
18312,6733369305829,6733370302089,996260
18313,6733370304885,6733371300849,995964
18314,6733371304738,6733372299868,995130
18315,6733372303923,6733373300480,996557
18316,6733373304128,6733374302055,997927
18317,6733374306092,6733375303759,997667
18318,6733375306240,6733376303760,997520
18319,6733376306223,6733377301297,995074
18320,6733377304686,6733378300854,996168
18321,6733378304613,6733379300466,995853
18322,6733379304225,6733380299707,995482
18323,6733380303337,6733381299134,995797
18324,6733381302671,6733382300820,998149
18325,6733382304783,6733383300672,995889
18326,6733383303765,6733384294821,991056
18327,6733384299803,6733385268340,968537
18328,6733385287618,6733386254656,967038
18329,6733386292693,6733387260083,967390
18330,6733387287490,6733388257842,970352
18331,6733388292676,6733389260880,968204
18332,6733389287343,6733390254362,967019
18333,6733390292455,6733391259511,967056
18334,6733391287252,6733392258975,971723
18335,6733392287234,6733393254902,967668
18336,6733393292291,6733394259421,967130
18337,6733394287051,6733395255051,968000
18338,6733395292199,6733396259348,967149
18339,6733396286996,6733397253849,966853
18340,6733397292071,6733398259850,967779
18341,6733398286813,6733399254128,967315
18342,6733399291925,6733400258833,966908
18343,6733400286759,6733401254352,967593
18344,6733401291870,6733402258853,966983
18345,6733402286593,6733403253761,967168
18346,6733403291724,6733404260169,968445
18347,6733404286502,6733405254781,968279
18348,6733405291651,6733406259004,967353
18349,6733406286374,6733407253430,967056
18350,6733407291486,6733408261524,970038
18351,6733408286339,6733409253784,967445
18352,6733409291413,6733410258488,967075
18353,6733410286173,6733411253044,966871
18354,6733411291304,6733412259397,968093
18355,6733412286064,6733413254157,968093
18356,6733413291176,6733414257935,966759
18357,6733414285935,6733415253603,967668
18358,6733415291103,6733416259567,968464
18359,6733416285881,6733417254086,968205
18360,6733417291012,6733418258494,967482
18361,6733418285790,6733419252976,967186
18362,6733419290865,6733420258273,967408
18363,6733420285625,6733421252589,966964
18364,6733421290718,6733422257682,966964
18365,6733422285515,6733423251535,966020
18366,6733423290627,6733424258683,968056
18367,6733424285387,6733425254443,969056
18368,6733425290481,6733426257648,967167
18369,6733426285259,6733427252297,967038
18370,6733427290408,6733428257798,967390
18371,6733428285168,6733429252280,967112
18372,6733429290261,6733430256855,966594
18373,6733430285058,6733431251985,966927
18374,6733431290115,6733432256523,966408
18375,6733432284893,6733433251709,966816
18376,6733433290005,6733434256857,966852
18377,6733434284765,6733435252266,967501
18378,6733435289932,6733436259063,969131
18379,6733436284711,6733437252878,968167
18380,6733437289804,6733438256823,967019
18381,6733438284601,6733439252046,967445
18382,6733439289676,6733440260417,970741
18383,6733440284473,6733441251511,967038
18384,6733441289603,6733442256660,967057
18385,6733442284400,6733443251271,966871
18386,6733443289475,6733444256013,966538
18387,6733444284217,6733445251828,967611
18388,6733445289347,6733446256237,966890
18389,6733446284107,6733447251071,966964
18390,6733447289219,6733448257386,968167
18391,6733448283979,6733449252109,968130
18392,6733449289109,6733450255925,966816
18393,6733450283851,6733451249999,966148
18394,6733451289036,6733452256741,967705
18395,6733452283759,6733453250593,966834
18396,6733453288890,6733454255761,966871
18397,6733454283631,6733455251243,967612
18398,6733455288743,6733456255373,966630
18399,6733456283503,6733457250263,966760
18400,6733457288615,6733458255449,966834
18401,6733458283375,6733459250209,966834
18402,6733459288487,6733460256673,968186
18403,6733460283247,6733461250340,967093
18404,6733461288396,6733462255248,966852
18405,6733462283137,6733463250082,966945
18406,6733463288286,6733464257694,969408
18407,6733464283046,6733465250695,967649
18408,6733465288176,6733466256029,967853
18409,6733466283010,6733467250196,967186
18410,6733467288104,6733468256771,968667
18411,6733468282827,6733469249735,966908
18412,6733469287938,6733470254661,966723
18413,6733470282698,6733471249514,966816
18414,6733471287829,6733472267681,979852
18415,6733472282700,6733473276608,993908
18416,6733473282904,6733474276090,993186
18417,6733474282979,6733475277554,994575
18418,6733475282924,6733476275777,992853
18419,6733476282906,6733477277037,994131
18420,6733477282741,6733478275426,992685
18421,6733478282760,6733479275909,993149
18422,6733479282575,6733480274743,992168
18423,6733480282669,6733481276058,993389
18424,6733481282466,6733482275281,992815
18425,6733482282485,6733483276634,994149
18426,6733483282430,6733484276190,993760
18427,6733484282394,6733485278061,995667
18428,6733485282320,6733486274747,992427
18429,6733486282192,6733487275433,993241
18430,6733487282137,6733488274360,992223
18431,6733488282119,6733489276601,994482
18432,6733489282046,6733490276009,993963
18433,6733490282269,6733491275251,992982
18434,6733491281991,6733492274251,992260
18435,6733492282029,6733493275308,993279
18436,6733493281956,6733494278975,997019
18437,6733494282642,6733495275439,992797
18438,6733495281754,6733496274236,992482
18439,6733496281717,6733497274551,992834
18440,6733497281663,6733498274460,992797
18441,6733498281589,6733499276312,994723
18442,6733499281460,6733500275239,993779
18443,6733500281442,6733501274814,993372
18444,6733501281351,6733502274648,993297
18445,6733502281388,6733503274093,992705
18446,6733503281204,6733504273260,992056
18447,6733504281390,6733505277353,995963
18448,6733505280891,6733506271151,990260
18449,6733506281039,6733507274781,993742
18450,6733507281022,6733508273356,992334
18451,6733508281041,6733509274523,993482
18452,6733509280986,6733510276524,995538
18453,6733510280876,6733511274525,993649
18454,6733511280784,6733512274266,993482
18455,6733512280766,6733513273804,993038
18456,6733513280656,6733514273564,992908
18457,6733514280619,6733515276009,995390
18458,6733515280379,6733516271750,991371
18459,6733516280473,6733517273973,993500
18460,6733517280584,6733518274659,994075
18461,6733518280530,6733519273623,993093
18462,6733519280253,6733520273327,993074
18463,6733520280327,6733521273254,992927
18464,6733521280235,6733522273347,993112
18465,6733522280199,6733523274163,993964
18466,6733523279904,6733524272515,992611
18467,6733524280034,6733525274998,994964
18468,6733525279961,6733526273072,993111
18469,6733526279998,6733527273684,993686
18470,6733527279869,6733528273000,993131
18471,6733528279741,6733529273926,994185
18472,6733529279704,6733530273372,993668
18473,6733530279705,6733531273169,993464
18474,6733531279687,6733532275725,996038
18475,6733532279818,6733533273541,993723
18476,6733533279781,6733534272652,992871
18477,6733534279226,6733535272005,992779
18478,6733535279486,6733536271765,992279
18479,6733536279302,6733537272229,992927
18480,6733537279303,6733538272137,992834
18481,6733538279266,6733539272693,993427
18482,6733539279137,6733540271323,992186
18483,6733540279101,6733541270935,991834
18484,6733541279083,6733542273825,994742
18485,6733542278954,6733543271326,992372
18486,6733543278992,6733544272011,993019
18487,6733544278863,6733545275049,996186
18488,6733545278827,6733546272217,993390
18489,6733546278939,6733547274551,995612
18490,6733547278754,6733548273181,994427
18491,6733548278681,6733549273219,994538
18492,6733549278608,6733550271923,993315
18493,6733550278534,6733551271072,992538
18494,6733551278498,6733552270406,991908
18495,6733552278443,6733553271481,993038
18496,6733553278351,6733554271093,992742
18497,6733554278334,6733555271445,993111
18498,6733555278316,6733556271113,992797
18499,6733556278187,6733557274391,996204
18500,6733557278095,6733558270540,992445
18501,6733558278077,6733559272967,994890
18502,6733559278133,6733560265393,987260
18503,6733560277727,6733561244913,967186
18504,6733561282746,6733562250025,967279
18505,6733562277506,6733563244859,967353
18506,6733563282581,6733564251267,968686
18507,6733564277378,6733565244342,966964
18508,6733565282490,6733566251046,968556
18509,6733566277231,6733567244324,967093
18510,6733567282380,6733568250677,968297
18511,6733568277103,6733569243437,966334
18512,6733569282215,6733570248141,965926
18513,6733570276993,6733571243513,966520
18514,6733571282124,6733572249606,967482
18515,6733572276865,6733573243088,966223
18516,6733573281977,6733574248515,966538
18517,6733574276774,6733575243182,966408
18518,6733575281849,6733576250313,968464
18519,6733576276664,6733577243295,966631
18520,6733577281776,6733578248370,966594
18521,6733578276536,6733579242852,966316
18522,6733579281630,6733580250760,969130
18523,6733580276408,6733581243483,967075
18524,6733581281538,6733582248206,966668
18525,6733582276298,6733583241855,965557
18526,6733583281410,6733584250689,969279
18527,6733584276152,6733585242541,966389
18528,6733585281301,6733586250190,968889
18529,6733586276079,6733587242672,966593
18530,6733587281154,6733588250747,969593
18531,6733588275914,6733589242766,966852
18532,6733589281081,6733590247304,966223
18533,6733590275823,6733591241879,966056
18534,6733591280953,6733592249639,968686
18535,6733592275732,6733593243269,967537
18536,6733593280843,6733594247085,966242
18537,6733594275622,6733595243197,967575
18538,6733595280715,6733596250457,969742
18539,6733596275494,6733597243124,967630
18540,6733597280624,6733598247958,967334
18541,6733598275403,6733599241922,966519
18542,6733599280477,6733600249848,969371
18543,6733600275256,6733601242442,967186
18544,6733601280423,6733602246924,966501
18545,6733602275128,6733603241277,966149
18546,6733603280258,6733604249129,968871
18547,6733604275018,6733605242334,967316
18548,6733605280130,6733606247779,967649
18549,6733606274927,6733607242354,967427
18550,6733607280076,6733608247725,967649
18551,6733608274799,6733609241262,966463
18552,6733609279911,6733610246448,966537
18553,6733610274689,6733611240764,966075
18554,6733611279782,6733612247561,967779
18555,6733612274561,6733613241099,966538
18556,6733613279691,6733614245988,966297
18557,6733614274451,6733615240359,965908
18558,6733615279600,6733616249138,969538
18559,6733616274360,6733617240713,966353
18560,6733617279472,6733618245825,966353
18561,6733618274232,6733619240270,966038
18562,6733619279381,6733620247122,967741
18563,6733620274085,6733621240716,966631
18564,6733621279216,6733622245364,966148
18565,6733622274031,6733623240402,966371
18566,6733623279124,6733624248199,969075
18567,6733624273903,6733625241218,967315
18568,6733625279015,6733626246219,967204
18569,6733626273793,6733627240109,966316
18570,6733627278924,6733628248350,969426
18571,6733628273647,6733629241221,967574
18572,6733629278796,6733630245407,966611
18573,6733630273537,6733631241075,967538
18574,6733631278686,6733632247298,968612
18575,6733632273446,6733633240502,967056
18576,6733633278558,6733634244984,966426
18577,6733634273281,6733635240004,966723
18578,6733635278411,6733636248689,970278
18579,6733636273189,6733637240320,967131
18580,6733637278301,6733638246043,967742
18581,6733638273061,6733639240655,967594
18582,6733639278210,6733640247859,969649
18583,6733640272952,6733641240434,967482
18584,6733641278082,6733642245527,967445
18585,6733642272842,6733643239417,966575
18586,6733643277935,6733644247455,969520
18587,6733644272695,6733645239326,966631
18588,6733645277863,6733646244937,967074
18589,6733646272604,6733647238975,966371
18590,6733647277716,6733648246217,968501
18591,6733648272494,6733649240088,967594
18592,6733649277643,6733650244033,966390
18593,6733650272366,6733651240034,967668
18594,6733651277534,6733652244608,967074
18595,6733652272257,6733653238868,966611
18596,6733653277387,6733654243851,966464
18597,6733654272166,6733655238425,966259
18598,6733655277277,6733656245148,967871
18599,6733656272037,6733657237890,965853
18600,6733657277168,6733658243391,966223
18601,6733658271965,6733659238317,966352
18602,6733659277058,6733660244466,967408
18603,6733660271837,6733661238097,966260
18604,6733661276930,6733662242986,966056
18605,6733662271727,6733663237746,966019
18606,6733663276691,6733664242765,966074
18607,6733664271636,6733665238081,966445
18608,6733665276692,6733666244415,967723
18609,6733666271489,6733667237897,966408
18610,6733667276601,6733668244213,967612
18611,6733668271361,6733669238084,966723
18612,6733669276473,6733670242936,966463
18613,6733670271251,6733671238345,967094
18614,6733671276363,6733672243623,967260
18615,6733672271123,6733673237605,966482
18616,6733673276216,6733674242754,966538
18617,6733674271032,6733675237329,966297
18618,6733675276125,6733676246052,969927
18619,6733676270885,6733677238201,967316
18620,6733677276034,6733678242609,966575
18621,6733678270813,6733679237369,966556
18622,6733679275943,6733680245499,969556
18623,6733680270666,6733681237574,966908
18624,6733681275778,6733682242075,966297
18625,6733682270538,6733683236835,966297
18626,6733683275705,6733684245335,969630
18627,6733684270428,6733685238058,967630
18628,6733685275558,6733686242818,967260
18629,6733686270337,6733687237875,967538
18630,6733687275393,6733688240894,965501
18631,6733688270209,6733689236913,966704
18632,6733689275339,6733690241618,966279
18633,6733690270062,6733691236470,966408
18634,6733691275211,6733692241545,966334
18635,6733692269971,6733693236231,966260
18636,6733693275064,6733694241565,966501
18637,6733694269861,6733695236047,966186
18638,6733695274955,6733696245122,970167
18639,6733696269752,6733697236289,966537
18640,6733697274882,6733698241290,966408
18641,6733698269660,6733699235383,965723
18642,6733699274772,6733700241051,966279
18643,6733700269532,6733701235903,966371
18644,6733701274644,6733702240941,966297
18645,6733702269404,6733703235960,966556
18646,6733703274534,6733704242091,967557
18647,6733704269294,6733705236091,966797
18648,6733705274406,6733706240981,966575
18649,6733706269185,6733707236389,967204
18650,6733707274297,6733708240427,966130
18651,6733708269057,6733709235335,966278
18652,6733709274187,6733710240484,966297
18653,6733710268984,6733711235374,966390
18654,6733711274114,6733712241485,967371
18655,6733712268837,6733713236505,967668
18656,6733713273931,6733714240431,966500
18657,6733714268728,6733715235210,966482
18658,6733715273877,6733716249507,975630
18659,6733716269414,6733717264804,995390
18660,6733717269063,6733718261712,992649
18661,6733718268934,6733719261398,992464
18662,6733719268916,6733720263010,994094
18663,6733720268862,6733721260529,991667
18664,6733721268788,6733722259789,991001
18665,6733722268678,6733723260845,992167
18666,6733723268660,6733724263402,994742
18667,6733724268550,6733725261032,992482
18668,6733725268458,6733726263162,994704
18669,6733726268440,6733727259533,991093
18670,6733727268422,6733728265349,996927
18671,6733728269275,6733729261442,992167
18672,6733729268239,6733730261147,992908
18673,6733730268239,6733731260351,992112
18674,6733731268203,6733732259907,991704
18675,6733732268111,6733733259741,991630
18676,6733733268056,6733734259724,991668
18677,6733734268038,6733735259947,991909
18678,6733735267947,6733736262558,994611
18679,6733736267966,6733737257726,989760
18680,6733737267781,6733738260171,992390
18681,6733738267838,6733739259820,991982
18682,6733739267783,6733740262413,994630
18683,6733740267543,6733741259544,992001
18684,6733741267729,6733742258452,990723
18685,6733742267581,6733743259527,991946
18686,6733743267508,6733744260916,993408
18687,6733744267472,6733745259417,991945
18688,6733745267380,6733746260362,992982
18689,6733746267288,6733747259270,991982
18690,6733747266992,6733748260252,993260
18691,6733748266975,6733749257364,990389
18692,6733749267105,6733750259420,992315
18693,6733750266865,6733751257866,991001
18694,6733751267125,6733752258311,991186
18695,6733752266663,6733753234404,967741
18696,6733753271663,6733754238942,967279
18697,6733754266460,6733755233628,967168
18698,6733755271517,6733756239147,967630
18699,6733756266314,6733757233463,967149
18700,6733757271426,6733758237704,966278
18701,6733758266149,6733759233094,966945
18702,6733759271279,6733760237335,966056
18703,6733760266057,6733761232854,966797
18704,6733761271188,6733762238281,967093
18705,6733762265966,6733763232671,966705
18706,6733763271078,6733764238227,967149
18707,6733764265838,6733765232876,967038
18708,6733765270950,6733766238599,967649
18709,6733766265710,6733767232174,966464
18710,6733767270822,6733768237359,966537
18711,6733768265600,6733769232082,966482
18712,6733769270712,6733770237379,966667
18713,6733770265528,6733771232269,966741
18714,6733771270639,6733772237159,966520
18715,6733772265362,6733773232511,967149
18716,6733773270511,6733774237160,966649
18717,6733774265271,6733775232235,966964
18718,6733775270346,6733776237013,966667
18719,6733776265217,6733777232329,967112
18720,6733777270255,6733778237015,966760
18721,6733778265052,6733779232016,966964
18722,6733779270127,6733780238442,968315
18723,6733780264942,6733781232999,968057
18724,6733781270054,6733782238147,968093
18725,6733782264833,6733783231944,967111
18726,6733783269944,6733784237630,967686
18727,6733784264704,6733785231687,966983
18728,6733785269816,6733786237595,967779
18729,6733786264576,6733787231392,966816
18730,6733787269688,6733788237948,968260
18731,6733788264448,6733789232412,967964
18732,6733789269578,6733790236616,967038
18733,6733790264338,6733791231135,966797
18734,6733791269432,6733792235655,966223
18735,6733792264229,6733793231100,966871
18736,6733793269359,6733794235823,966464
18737,6733794264101,6733795230898,966797
18738,6733795269231,6733796235917,966686
18739,6733796264009,6733797230899,966890
18740,6733797269140,6733798236048,966908
18741,6733798263881,6733799230419,966538
18742,6733799269012,6733800235420,966408
18743,6733800263753,6733801230939,967186
18744,6733801268921,6733802235736,966815
18745,6733802263662,6733803230533,966871
18746,6733803268774,6733804236978,968204
18747,6733804263571,6733805230738,967167
18748,6733805268701,6733806237165,968464
18749,6733806263443,6733807230203,966760
18750,6733807268555,6733808236148,967593
18751,6733808263315,6733809230260,966945
18752,6733809268463,6733810235186,966723
18753,6733810263205,6733811230280,967075
18754,6733811268335,6733812235003,966668
18755,6733812263095,6733813229874,966779
18756,6733813268263,6733814234671,966408
18757,6733814262967,6733815229801,966834
18758,6733815268097,6733816235580,967483
18759,6733816262876,6733817229469,966593
18760,6733817267988,6733818234822,966834
18761,6733818262748,6733819229748,967000
18762,6733819267878,6733820226823,958945
18763,6733820262638,6733821225324,962686
18764,6733821267768,6733822235880,968112
18765,6733822262528,6733823230474,967946
18766,6733823267622,6733824234585,966963
18767,6733824262400,6733825229271,966871
18768,6733825267549,6733826235087,967538
18769,6733826262272,6733827228958,966686
18770,6733827267402,6733828233755,966353
18771,6733828262162,6733829229200,967038
18772,6733829267293,6733830233905,966612
18773,6733830262034,6733831228590,966556
18774,6733831267183,6733832235425,968242
18775,6733832261925,6733833229240,967315
18776,6733833267073,6733834233945,966872
18777,6733834261833,6733835227797,965964
18778,6733835266945,6733836233613,966668
18779,6733836261724,6733837228595,966871
18780,6733837266836,6733838233762,966926
18781,6733838261596,6733839228467,966871
18782,6733839266689,6733840244245,977556
18783,6733840261893,6733841253209,991316
18784,6733841261839,6733842255580,993741
18785,6733842262210,6733843255673,993463
18786,6733843261562,6733844255026,993464
18787,6733844261637,6733845254897,993260
18788,6733845261582,6733846258620,997038
18789,6733846261398,6733847254306,992908
18790,6733847261510,6733848258214,996704
18791,6733848262344,6733849255344,993000
18792,6733849261326,6733850255752,994426
18793,6733850261401,6733851254975,993574
18794,6733851261253,6733852258921,997668
18795,6733852262995,6733853255421,992426
18796,6733853261125,6733854253515,992390
18797,6733854261089,6733855256052,994963
18798,6733855261015,6733856260238,999223
18799,6733856263109,6733857255683,992574
18800,6733857260869,6733858254018,993149
18801,6733858260869,6733859253278,992409
18802,6733859260852,6733860257852,997000
18803,6733860261852,6733861255094,993242
18804,6733861260649,6733862254094,993445
18805,6733862260687,6733863253058,992371
18806,6733863260577,6733864257522,996945
18807,6733864261892,6733865254041,992149
18808,6733865260411,6733866255616,995205
18809,6733866260394,6733867253376,992982
18810,6733867260357,6733868257414,997057
18811,6733868261858,6733869255581,993723
18812,6733869260211,6733870252619,992408
18813,6733870260193,6733871253934,993741
18814,6733871259879,6733872255731,995852
18815,6733872260046,6733873257214,997168
18816,6733873260510,6733874254140,993630
18817,6733874259955,6733875251382,991427
18818,6733875259937,6733876256605,996668
18819,6733876260234,6733877253420,993186
18820,6733877259809,6733878252532,992723
18821,6733878259773,6733879253144,993371
18822,6733879259699,6733880255608,995909
18823,6733880259422,6733881252164,992742
18824,6733881259497,6733882253591,994094
18825,6733882259516,6733883253462,993946
18826,6733883259517,6733884257259,997742
18827,6733884261166,6733885253704,992538
18828,6733885259093,6733886251501,992408
18829,6733886259408,6733887254094,994686
18830,6733887259242,6733888255613,996371
18831,6733888259965,6733889253151,993186
18832,6733889259059,6733890252189,993130
18833,6733890259078,6733891252079,993001
18834,6733891258967,6733892255876,996909
18835,6733892260024,6733893251821,991797
18836,6733893258765,6733894251729,992964
18837,6733894258803,6733895251915,993112
18838,6733895258748,6733896253841,995093
18839,6733896258471,6733897251842,993371
18840,6733897258676,6733898252602,993926
18841,6733898258621,6733899252640,994019
18842,6733899258529,6733900257196,998667
18843,6733900261474,6733901254975,993501
18844,6733901258401,6733902250587,992186
18845,6733902258309,6733903251347,993038
18846,6733903258365,6733904254866,996501
18847,6733904259255,6733905253904,994649
18848,6733905258255,6733906250775,992520
18849,6733906258164,6733907250757,992593
18850,6733907258072,6733908252924,994852
18851,6733908258017,6733909251166,993149
18852,6733909257962,6733910251241,993279
18853,6733910257833,6733911250612,992779
18854,6733911257834,6733912254260,996426
18855,6733912258316,6733913251650,993334
18856,6733913257780,6733914250910,993130
18857,6733914257669,6733915250355,992686
18858,6733915257633,6733916253986,996353
18859,6733916258300,6733917251727,993427
18860,6733917257320,6733918250598,993278
18861,6733918257394,6733919249951,992557
18862,6733919257451,6733920255692,998241
18863,6733920260229,6733921254415,994186
18864,6733921257897,6733922250694,992797
18865,6733922256971,6733923249565,992594
18866,6733923257157,6733924254862,997705
18867,6733924258158,6733925254788,996630
18868,6733925258307,6733926251919,993612
18869,6733926256993,6733927249494,992501
18870,6733927257012,6733928251180,994168
18871,6733928256809,6733929247643,990834
18872,6733929256810,6733930252329,995519
18873,6733930256699,6733931249497,992798
18874,6733931256793,6733932250368,993575
18875,6733932256627,6733933250257,993630
18876,6733933256609,6733934249573,992964
18877,6733934256554,6733935249481,992927
18878,6733935256499,6733936250759,994260
18879,6733936256463,6733937253556,997093
18880,6733937257038,6733938249428,992390
18881,6733938256279,6733939249095,992816
18882,6733939256299,6733940250466,994167
18883,6733940256170,6733941249448,993278
18884,6733941256115,6733942248912,992797
18885,6733942256134,6733943249598,993464
18886,6733943255783,6733944250636,994853
18887,6733944255950,6733945252747,996797
18888,6733945256451,6733946249174,992723
18889,6733946255822,6733947249619,993797
18890,6733947255749,6733948250898,995149
18891,6733948255676,6733949248621,992945
18892,6733949255676,6733950246492,990816
18893,6733950255621,6733951248807,993186
18894,6733951255493,6733952251604,996111
18895,6733952255493,6733953248457,992964
18896,6733953255401,6733954249050,993649
18897,6733954255310,6733955248514,993204
18898,6733955255125,6733956250607,995482
18899,6733956255255,6733957249478,994223
18900,6733957255534,6733958248183,992649
18901,6733958255072,6733959249665,994593
18902,6733959255184,6733960250647,995463
18903,6733960255036,6733961248278,993242
18904,6733961254981,6733962249426,994445
18905,6733962254908,6733963248612,993704
18906,6733963254872,6733964250521,995649
18907,6733964254817,6733965248132,993315
18908,6733965254818,6733966245837,991019
18909,6733966254689,6733967249282,994593
18910,6733967254689,6733968250227,995538
18911,6733968254635,6733969247969,993334
18912,6733969254469,6733970248062,993593
18913,6733970254358,6733971248303,993945
18914,6733971254396,6733972250971,996575
18915,6733972255304,6733973248305,993001
18916,6733973254231,6733974249046,994815
18917,6733974254231,6733975246991,992760
18918,6733975253991,6733976246344,992353
18919,6733976253918,6733977248382,994464
18920,6733977253974,6733978246105,992131
18921,6733978253994,6733979247383,993389
18922,6733979253939,6733980247069,993130
18923,6733980253625,6733981247348,993723
18924,6733981253792,6733982246774,992982
18925,6733982253774,6733983247701,993927
18926,6733983253664,6733984250183,996519
18927,6733984254591,6733985246999,992408
18928,6733985253388,6733986245592,992204
18929,6733986253777,6733987251778,998001
18930,6733987255482,6733988250279,994797
18931,6733988254631,6733989247428,992797
18932,6733989253316,6733990245984,992668
18933,6733990253280,6733991246633,993353
18934,6733991253225,6733992241041,987816
18935,6733992252911,6733993220319,967408
18936,6733993257912,6733994224765,966853
18937,6733994252635,6733995219747,967112
18938,6733995257747,6733996224192,966445
18939,6733996252525,6733997221452,968927
18940,6733997257693,6733998224008,966315
18941,6733998252397,6733999218898,966501
18942,6733999257527,6734000225473,967946
18943,6734000252324,6734001220047,967723
18944,6734001257418,6734002225067,967649
18945,6734002252178,6734003219123,966945
18946,6734003257327,6734004225087,967760
18947,6734004252050,6734005218976,966926
18948,6734005257180,6734006223921,966741
18949,6734006251958,6734007220070,968112
18950,6734007257126,6734008225293,968167
18951,6734008251830,6734009219849,968019
18952,6734009256942,6734010224239,967297
18953,6734010251739,6734011218869,967130
18954,6734011256851,6734012224870,968019
18955,6734012251611,6734013219389,967778
18956,6734013256723,6734014223149,966426
18957,6734014251483,6734015218317,966834
18958,6734015256595,6734016224614,968019
18959,6734016251373,6734017220152,968779
18960,6734017256503,6734018223300,966797
18961,6734018251226,6734019219042,967816
18962,6734019256412,6734020222895,966483
18963,6734020251154,6734021217692,966538
18964,6734021256247,6734022222785,966538
18965,6734022251007,6734023217712,966705
18966,6734023256156,6734024223249,967093
18967,6734024250916,6734025217509,966593
18968,6734025256009,6734026223029,967020
18969,6734026250806,6734027218381,967575
18970,6734027255918,6734028223604,967686
18971,6734028250660,6734029217123,966463
18972,6734029255809,6734030222698,966889
18973,6734030250550,6734031217199,966649
18974,6734031255680,6734032223700,968020
18975,6734032250459,6734033218071,967612
18976,6734033255571,6734034223312,967741
18977,6734034250349,6734035217072,966723
18978,6734035255480,6734036222036,966556
18979,6734036250221,6734037217314,967093
18980,6734037255370,6734038221815,966445
18981,6734038250111,6734039216853,966742
18982,6734039255223,6734040223576,968353
18983,6734040250002,6734041218058,968056
18984,6734041255114,6734042221985,966871
18985,6734042249855,6734043217763,967908
18986,6734043255022,6734044222616,967594
18987,6734044249782,6734045217265,967483
18988,6734045254913,6734046222413,967500
18989,6734046249654,6734047216859,967205
18990,6734047254766,6734048222896,968130
18991,6734048249563,6734049217379,967816
18992,6734049254675,6734050220916,966241
18993,6734050249398,6734051216250,966852
18994,6734051254547,6734052222529,967982
18995,6734052249307,6734053217159,967852
18996,6734053254456,6734054221512,967056
18997,6734054249197,6734055216642,967445
18998,6734055254290,6734056222236,967946
18999,6734056249069,6734057217773,968704
19000,6734057254181,6734058221478,967297
19001,6734058248941,6734059217460,968519
19002,6734059254071,6734060221831,967760
19003,6734060248683,6734061215702,967019
19004,6734061253980,6734062220555,966575
19005,6734062248721,6734063215407,966686
19006,6734063253870,6734064221630,967760
19007,6734064248612,6734065215594,966982
19008,6734065253742,6734066220335,966593
19009,6734066248521,6734067216040,967519
19010,6734067253614,6734068221578,967964
19011,6734068248392,6734069215801,967409
19012,6734069253504,6734070221931,968427
19013,6734070248264,6734071215265,967001
19014,6734071253395,6734072219766,966371
19015,6734072248155,6734073215155,967000
19016,6734073253285,6734074220249,966964
19017,6734074248045,6734075214342,966297
19018,6734075253138,6734076221139,968001
19019,6734076247954,6734077216547,968593
19020,6734077253066,6734078219344,966278
19021,6734078247826,6734079215511,967685
19022,6734079252919,6734080219197,966278
19023,6734080247716,6734081214439,966723
19024,6734081252791,6734082219291,966500
19025,6734082247588,6734083213848,966260
19026,6734083252700,6734084220089,967389
19027,6734084247478,6734085214627,967149
19028,6734085252590,6734086219072,966482
19029,6734086247331,6734087214777,967446
19030,6734087252499,6734088228537,976038
19031,6734088247537,6734089228222,980685
19032,6734089247371,6734090239223,991852
19033,6734090247538,6734091240576,993038
19034,6734091247446,6734092241299,993853
19035,6734092247632,6734093241448,993816
19036,6734093247411,6734094239911,992500
19037,6734094247337,6734095240597,993260
19038,6734095247301,6734096240635,993334
19039,6734096247228,6734097241913,994685
19040,6734097247191,6734098239322,992131
19041,6734098247155,6734099243933,996778
19042,6734099247471,6734100236027,988556
19043,6734100246730,6734101214379,967649
19044,6734101251750,6734102218602,966852
19045,6734102246491,6734103213233,966742
19046,6734103251566,6734104218937,967371
19047,6734104246382,6734105213919,967537
19048,6734105251493,6734106218772,967279
19049,6734106246253,6734107214884,968631
19050,6734107251384,6734108220125,968741
19051,6734108246107,6734109214126,968019
19052,6734109251237,6734110219108,967871
19053,6734110245979,6734111212850,966871
19054,6734111251127,6734112219054,967927
19055,6734112245887,6734113213110,967223
19056,6734113251018,6734114218407,967389
19057,6734114245778,6734115212778,967000
19058,6734115250890,6734116217427,966537
19059,6734116245612,6734117214058,968446
19060,6734117250780,6734118217632,966852
19061,6734118245540,6734119212485,966945
19062,6734119250670,6734120219226,968556
19063,6734120245375,6734121213320,967945
19064,6734121250542,6734122217672,967130
19065,6734122245339,6734123211784,966445
19066,6734123250414,6734124218174,967760
19067,6734124245192,6734125211860,966668
19068,6734125250323,6734126217231,966908
19069,6734126245083,6734127212917,967834
19070,6734127250176,6734128216843,966667
19071,6734128244973,6734129212103,967130
19072,6734129250048,6734130216345,966297
19073,6734130244826,6734131211864,967038
19074,6734131249957,6734132216772,966815
19075,6734132244717,6734133211699,966982
19076,6734133249810,6734134216811,967001
19077,6734134244589,6734135211311,966722
19078,6734135249737,6734136216127,966390
19079,6734136244479,6734137212628,968149
19080,6734137249591,6734138216721,967130
19081,6734138244425,6734139210759,966334
19082,6734139249481,6734140216111,966630
19083,6734140244278,6734141211057,966779
19084,6734141249334,6734142216113,966779
19085,6734142244131,6734143210151,966020
19086,6734143249280,6734144215892,966612
19087,6734144244003,6734145210819,966816
19088,6734145249152,6734146215727,966575
19089,6734146243894,6734147211765,967871
19090,6734147249042,6734148215358,966316
19091,6734148243821,6734149210729,966908
19092,6734149248859,6734150215545,966686
19093,6734150243656,6734151210434,966778
19094,6734151248805,6734152216102,967297
19095,6734152243602,6734153210528,966926
19096,6734153248658,6734154215585,966927
19097,6734154243418,6734155209733,966315
19098,6734155248585,6734156215234,966649
19099,6734156243345,6734157210716,967371
19100,6734157248457,6734158215217,966760
19101,6734158243217,6734159210310,967093
19102,6734159248310,6734160216644,968334
19103,6734160243126,6734161210516,967390
19104,6734161248275,6734162216516,968241
19105,6734162242979,6734163209943,966964
19106,6734163248165,6734164215129,966964
19107,6734164242870,6734165210093,967223
19108,6734165247981,6734166214427,966446
19109,6734166242760,6734167210761,968001
19110,6734167247872,6734168216002,968130
19111,6734168242632,6734169210447,967815
19112,6734169247781,6734170214837,967056
19113,6734170242541,6734171208986,966445
19114,6734171247652,6734172214209,966557
19115,6734172242394,6734173209080,966686
19116,6734173247543,6734174214581,967038
19117,6734174242340,6734175209137,966797
19118,6734175247452,6734176213804,966352
19119,6734176242175,6734177209916,967741
19120,6734177247324,6734178214028,966704
19121,6734178242065,6734179209029,966964
19122,6734179247214,6734180213585,966371
19123,6734180241955,6734181208308,966353
19124,6734181247049,6734182214068,967019
19125,6734182241827,6734183208680,966853
19126,6734183246939,6734184214884,967945
19127,6734184241755,6734185209533,967778
19128,6734185246885,6734186214349,967464
19129,6734186241626,6734187209294,967668
19130,6734187246775,6734188214813,968038
19131,6734188241480,6734189207832,966352
19132,6734189246591,6734190213240,966649
19133,6734190241407,6734191208315,966908
19134,6734191246482,6734192213020,966538
19135,6734192241279,6734193208150,966871
19136,6734193246391,6734194213151,966760
19137,6734194241169,6734195208096,966927
19138,6734195246281,6734196212560,966279
19139,6734196241022,6734197207634,966612
19140,6734197246134,6734198213079,966945
19141,6734198240894,6734199207784,966890
19142,6734199246006,6734200211711,965705
19143,6734200240785,6734201207582,966797
19144,6734201245915,6734202212360,966445
19145,6734202240675,6734203207250,966575
19146,6734203245805,6734204214084,968279
19147,6734204240547,6734205208492,967945
19148,6734205245677,6734206212122,966445
19149,6734206240437,6734207211234,970797
19150,6734207245549,6734208211698,966149
19151,6734208240328,6734209207236,966908
19152,6734209245495,6734210212625,967130
19153,6734210240218,6734211206682,966464
19154,6734211245330,6734212212053,966723
19155,6734212240127,6734213206776,966649
19156,6734213245202,6734214212017,966815
19157,6734214239980,6734215206721,966741
19158,6734215245092,6734216216056,970964
19159,6734216240074,6734217208223,968149
19160,6734217245075,6734218212742,967667
19161,6734218239779,6734219207095,967316
19162,6734219244910,6734220213521,968611
19163,6734220239651,6734221226504,986853
19164,6734221240059,6734222234041,993982
19165,6734222240115,6734223233061,992946
19166,6734223239894,6734224230987,991093
19167,6734224239932,6734225233192,993260
19168,6734225239840,6734226233970,994130
19169,6734226239692,6734227235786,996094
19170,6734227239934,6734228232064,992130
19171,6734228239638,6734229234472,994834
19172,6734229239546,6734230232751,993205
19173,6734230239473,6734231233270,993797
19174,6734231239455,6734232228882,989427
19175,6734232239160,6734233207123,967963
19176,6734233244142,6734234211143,967001
19177,6734234238846,6734235205662,966816
19178,6734235243977,6734236210996,967019
19179,6734236238755,6734237205830,967075
19180,6734237243904,6734238212516,968612
19181,6734238238609,6734239205498,966889
19182,6734239243720,6734240212258,968538
19183,6734240238536,6734241206463,967927
19184,6734241243629,6734242210593,966964
19185,6734242238389,6734243205520,967131
19186,6734243243538,6734244211298,967760
19187,6734244238280,6734245206262,967982
19188,6734245243410,6734246210892,967482
19189,6734246238151,6734247205134,966983
19190,6734247243263,6734248211671,968408
19191,6734248238060,6734249204968,966908
19192,6734249243172,6734250210043,966871
19193,6734250237951,6734251204470,966519
19194,6734251243118,6734252211397,968279
19195,6734252237860,6734253206101,968241
19196,6734253242934,6734254209842,966908
19197,6734254237713,6734255203899,966186
19198,6734255242825,6734256209122,966297
19199,6734256237603,6734257204567,966964
19200,6734257242771,6734258210642,967871
19201,6734258237475,6734259204328,966853
19202,6734259242605,6734260209791,967186
19203,6734260237384,6734261204440,967056
19204,6734261242477,6734262209145,966668
19205,6734262237200,6734263203312,966112
19206,6734263242349,6734264209127,966778
19207,6734264237202,6734265204313,967111
19208,6734265242221,6734266208610,966389
19209,6734266237018,6734267204056,967038
19210,6734267242167,6734268210445,968278
19211,6734268236908,6734269205131,968223
19212,6734269242076,6734270208076,966000
19213,6734270236817,6734271203558,966741
19214,6734271241892,6734272209541,967649
19215,6734272236670,6734273203819,967149
19216,6734273241782,6734274208635,966853
19217,6734274236524,6734275202839,966315
19218,6734275241691,6734276207840,966149
19219,6734276236470,6734277203322,966852
19220,6734277241563,6734278209267,967704
19221,6734278236341,6734279203379,967038
19222,6734279241435,6734280210158,968723
19223,6734280236287,6734281204344,968057
19224,6734281241344,6734282209418,968074
19225,6734282236085,6734283202863,966778
19226,6734283241234,6734284208494,967260
19227,6734284235994,6734285202772,966778
19228,6734285241124,6734286207643,966519
19229,6734286235866,6734287202940,967074
19230,6734287240996,6734288208386,967390
19231,6734288235793,6734289202683,966890
19232,6734289240831,6734290207757,966926
19233,6734290235628,6734291202517,966889
19234,6734291240814,6734292208648,967834
19235,6734292235555,6734293203815,968260
19236,6734293240667,6734294207723,967056
19237,6734294235446,6734295202372,966926
19238,6734295240539,6734296207003,966464
19239,6734296235336,6734297202688,967352
19240,6734297240429,6734298208226,967797
19241,6734298235189,6734299201986,966797
19242,6734299240320,6734300207135,966815
19243,6734300235098,6734301202284,967186
19244,6734301240228,6734302206692,966464
19245,6734302234951,6734303202026,967075
19246,6734303240082,6734304206768,966686
19247,6734304234879,6734305202046,967167
19248,6734305240065,6734306207251,967186
19249,6734306234751,6734307201733,966982
19250,6734307239807,6734308207696,967889
19251,6734308234604,6734309201845,967241
19252,6734309239771,6734310206716,966945
19253,6734310234476,6734311201606,967130
19254,6734311239625,6734312205885,966260
19255,6734312234385,6734313201385,967000
19256,6734313239533,6734314206238,966705
19257,6734314234256,6734315200979,966723
19258,6734315239387,6734316206665,967278
19259,6734316234147,6734317201610,967463
19260,6734317239277,6734318207463,968186
19261,6734318234074,6734319200908,966834
19262,6734319239186,6734320206798,967612
19263,6734320233927,6734321200947,967020
19264,6734321239058,6734322205447,966389
19265,6734322233836,6734323200763,966927
19266,6734323238911,6734324205967,967056
19267,6734324233727,6734325200431,966704
19268,6734325238857,6734326205339,966482
19269,6734326233543,6734327200173,966630
19270,6734327238710,6734328205118,966408
19271,6734328233544,6734329200341,966797
19272,6734329238564,6734330205268,966704
19273,6734330233361,6734331199213,965852
19274,6734331238491,6734332205158,966667
19275,6734332233270,6734333200196,966926
19276,6734333238363,6734334205289,966926
19277,6734334233123,6734335199586,966463
19278,6734335238253,6734336204476,966223
19279,6734336232995,6734337199755,966760
19280,6734337238106,6734338206126,968020
19281,6734338232885,6734339199663,966778
19282,6734339237978,6734340206257,968279
19283,6734340232812,6734341201146,968334
19284,6734341237924,6734342204740,966816
19285,6734342232647,6734343199352,966705
19286,6734343237815,6734344211463,973648
19287,6734344233204,6734345235186,1001982
19288,6734345238501,6734346235428,996927
19289,6734346238761,6734347234206,995445
19290,6734347237984,6734348234040,996056
19291,6734348238244,6734349234986,996742
19292,6734349238356,6734350235023,996667
19293,6734350238709,6734351236117,997408
19294,6734351240117,6734352235506,995389
19295,6734352239358,6734353235451,996093
19296,6734353239266,6734354239452,1000186
19297,6734354242323,6734355240323,998000
19298,6734355244157,6734356247343,1003186
19299,6734356249991,6734357248751,998760
19300,6734357249899,6734358246714,996815
19301,6734358249974,6734359246345,996371
19302,6734359248771,6734360245308,996537
19303,6734360249512,6734361248124,998612
19304,6734361249698,6734362245884,996186
19305,6734362249180,6734363245107,995927
19306,6734363249014,6734364243996,994982
19307,6734364246719,6734365243294,996575
19308,6734365247071,6734366241609,994538
19309,6734366245109,6734367241647,996538
19310,6734367245258,6734368243036,997778
19311,6734368246740,6734369242500,995760
19312,6734369245630,6734370241630,996000
19313,6734370245316,6734371243261,997945
19314,6734371247261,6734372242595,995334
19315,6734372246299,6734373243559,997260
19316,6734373246799,6734374242930,996131
19317,6734374246559,6734375243856,997297
19318,6734375247116,6734376243061,995945
19319,6734376247172,6734377244487,997315
19320,6734377247765,6734378244859,997094
19321,6734378248377,6734379244304,995927
19322,6734379247915,6734380243878,995963
19323,6734380248101,6734381246546,998445
19324,6734381248657,6734382246176,997519
19325,6734382248547,6734383245881,997334
19326,6734383248455,6734384244122,995667
19327,6734384247881,6734385246012,998131
19328,6734385248253,6734386244179,995926
19329,6734386247994,6734387245735,997741
19330,6734387247939,6734388245736,997797
19331,6734388248273,6734389253681,1005408
19332,6734389236478,6734390240515,1004037
19333,6734390244071,6734391239053,994982
19334,6734391241961,6734392238684,996723
19335,6734392243146,6734393240906,997760
19336,6734393245036,6734394240389,995353
19337,6734394243852,6734395239630,995778
19338,6734395243093,6734396240686,997593
19339,6734396245298,6734397245206,999908
19340,6734397247613,6734398245651,998038
19341,6734398247595,6734399243244,995649
19342,6734399246744,6734400242597,995853
19343,6734400246912,6734401244579,997667
19344,6734401247357,6734402242043,994686
19345,6734402244839,6734403241654,996815
19346,6734403245729,6734404244970,999241
19347,6734404247285,6734405243749,996464
19348,6734405247193,6734406250823,1003630
19349,6734406234434,6734407239139,1004705
19350,6734407241491,6734408239251,997760
19351,6734408243584,6734409243270,999686
19352,6734409246918,6734410244178,997260
19353,6734410246863,6734411247771,1000908
19354,6734411246605,6734412244550,997945
19355,6734412246698,6734413243051,996353
19356,6734413246754,6734414244959,998205
19357,6734414246422,6734415242922,996500
19358,6734415246071,6734416241664,995593
19359,6734416246127,6734417244128,998001
19360,6734417246628,6734418245925,999297
19361,6734418246369,6734419241185,994816
19362,6734419245462,6734420244148,998686
19363,6734420246445,6734421244242,997797
19364,6734421246242,6734422241928,995686
19365,6734422245335,6734423241373,996038
19366,6734423245280,6734424239022,993742
19367,6734424243373,6734425239374,996001
19368,6734425242763,6734426239597,996834
19369,6734426243060,6734427238153,995093
19370,6734427242005,6734428236932,994927
19371,6734428241636,6734429209562,967926
19372,6734429227692,6734430196952,969260
19373,6734430232767,6734431200138,967371
19374,6734431227527,6734432195231,967704
19375,6734432232676,6734433200398,967722
19376,6734433227436,6734434194714,967278
19377,6734434232547,6734435198807,966260
19378,6734435227307,6734436195623,968316
19379,6734436232419,6734437198587,966168
19380,6734437227198,6734438196439,969241
19381,6734438232310,6734439200551,968241
19382,6734439227070,6734440195237,968167
19383,6734440232181,6734441199867,967686
19384,6734441226978,6734442194609,967631
19385,6734442232053,6734443199184,967131
19386,6734443226813,6734444193036,966223
19387,6734444231962,6734445198889,966927
19388,6734445226685,6734446193630,966945
19389,6734446231815,6734447198223,966408
19390,6734447226594,6734448195872,969278
19391,6734448231761,6734449198095,966334
19392,6734449226484,6734450194540,968056
19393,6734450231615,6734451199745,968130
19394,6734451226338,6734452194746,968408
19395,6734452231468,6734453199117,967649
19396,6734453226209,6734454193469,967260
19397,6734454231358,6734455198377,967019
19398,6734455226155,6734456194156,968001
19399,6734456231230,6734457198675,967445
19400,6734457225990,6734458193472,967482
19401,6734458231157,6734459198158,967001
19402,6734459225936,6734460193844,967908
19403,6734460230918,6734461196937,966019
19404,6734461225808,6734462193883,968075
19405,6734462230938,6734463199105,968167
19406,6734463225698,6734464196106,970408
19407,6734464230977,6734465199014,968037
19408,6734465225588,6734466192626,967038
19409,6734466230719,6734467196719,966000
19410,6734467225442,6734468193220,967778
19411,6734468230628,6734469197776,967148
19412,6734469225332,6734470192055,966723
19413,6734470230444,6734471197334,966890
19414,6734471225204,6734472193279,968075
19415,6734472230334,6734473198631,968297
19416,6734473225076,6734474193225,968149
19417,6734474230225,6734475197170,966945
19418,6734475224966,6734476191374,966408
19419,6734476230115,6734477197301,967186
19420,6734477224875,6734478192746,967871
19421,6734478230061,6734479197265,967204
19422,6734479224765,6734480193081,968316
19423,6734480229896,6734481197878,967982
19424,6734481224674,6734482191434,966760
19425,6734482229786,6734483196805,967019
19426,6734483224546,6734484191084,966538
19427,6734484229658,6734485196640,966982
19428,6734485224381,6734486191400,967019
19429,6734486229548,6734487196382,966834
19430,6734487224290,6734488192235,967945
19431,6734488229420,6734489196624,967204
19432,6734489224161,6734490190699,966538
19433,6734490229292,6734491196515,967223
19434,6734491224033,6734492192552,968519
19435,6734492229219,6734493196331,967112
19436,6734493223961,6734494189924,965963
19437,6734494229110,6734495195240,966130
19438,6734495223832,6734496190074,966242
19439,6734496229000,6734497197501,968501
19440,6734497223723,6734498189223,965500
19441,6734498228872,6734499194724,965852
19442,6734499223595,6734500189484,965889
19443,6734500228743,6734501194707,965964
19444,6734501223485,6734502188986,965501
19445,6734502228634,6734503195320,966686
19446,6734503223357,6734504189783,966426
19447,6734504228487,6734505195599,967112
19448,6734505223266,6734506189544,966278
19449,6734506228396,6734507193452,965056
19450,6734507223175,6734508189268,966093
19451,6734508228323,6734509194083,965760
19452,6734509223046,6734510190158,967112
19453,6734510228066,6734511195289,967223
19454,6734511222918,6734512188660,965742
19455,6734512228067,6734513193920,965853
19456,6734513222827,6734514188550,965723
19457,6734514227920,6734515193773,965853
19458,6734515222717,6734516188181,965464
19459,6734516227811,6734517194274,966463
19460,6734517222571,6734518187182,964611
19461,6734518227701,6734519193591,965890
19462,6734519222498,6734520189054,966556
19463,6734520227591,6734521194425,966834
19464,6734521222351,6734522188537,966186
19465,6734522227445,6734523192260,964815
19466,6734523222242,6734524190187,967945
19467,6734524227520,6734525193243,965723
19468,6734525222114,6734526187318,965204
19469,6734526227262,6734527194337,967075
19470,6734527221985,6734528204301,982316
19471,6734528222171,6734529214950,992779
19472,6734529222320,6734530214117,991797
19473,6734530222358,6734531215192,992834
19474,6734531222210,6734532213767,991557
19475,6734532222137,6734533215175,993038
19476,6734533222175,6734534213935,991760
19477,6734534222027,6734535213750,991723
19478,6734535221973,6734536215122,993149
19479,6734536222010,6734537213548,991538
19480,6734537221826,6734538215864,994038
19481,6734538221864,6734539212327,990463
19482,6734539221772,6734540214106,992334
19483,6734540221810,6734541214958,993148
19484,6734541221718,6734542214126,992408
19485,6734542221626,6734543215293,993667
19486,6734543221571,6734544212350,990779
19487,6734544221535,6734545214276,992741
19488,6734545221424,6734546213018,991594
19489,6734546221351,6734547217889,996538
19490,6734547223278,6734548214427,991149
19491,6734548221260,6734549213594,992334
19492,6734549221168,6734550214965,993797
19493,6734550221150,6734551212262,991112
19494,6734551221095,6734552215948,994853
19495,6734552221096,6734553211986,990890
19496,6734553220893,6734554213561,992668
19497,6734554220968,6734555213709,992741
19498,6734555220876,6734556213469,992593
19499,6734556220840,6734557213026,992186
19500,6734557220674,6734558214489,993815
19501,6734558220730,6734559213823,993093
19502,6734559220601,6734560212843,992242
19503,6734560220676,6734561213843,993167
19504,6734561220492,6734562211677,991185
19505,6734562220418,6734563214271,993853
19506,6734563220400,6734564211160,990760
19507,6734564220364,6734565212531,992167
19508,6734565220365,6734566212551,992186
19509,6734566220217,6734567212626,992409
19510,6734567220181,6734568211423,991242
19511,6734568220108,6734569212479,992371
19512,6734569220090,6734570212535,992445
19513,6734570220091,6734571211388,991297
19514,6734571219888,6734572212407,992519
19515,6734572219925,6734573213408,993483
19516,6734573219834,6734574210927,991093
19517,6734574219742,6734575211113,991371
19518,6734575219631,6734576212151,992520
19519,6734576219651,6734577213188,993537
19520,6734577219614,6734578210041,990427
19521,6734578219541,6734579213042,993501
19522,6734579219412,6734580209857,990445
19523,6734580219450,6734581212006,992556
19524,6734581219395,6734582211211,991816
19525,6734582219377,6734583212489,993112
19526,6734583219285,6734584210527,991242
19527,6734584219119,6734585208676,989557
19528,6734585219102,6734586211602,992500
19529,6734586219121,6734587212010,992889
19530,6734587219029,6734588211919,992890
19531,6734588218993,6734589212808,993815
19532,6734589218753,6734590208383,989630
19533,6734590218939,6734591211106,992167
19534,6734591218773,6734592210792,992019
19535,6734592218681,6734593211033,992352
19536,6734593218644,6734594212664,994020
19537,6734594218423,6734595210424,992001
19538,6734595218590,6734596212313,993723
19539,6734596218480,6734597210295,991815
19540,6734597218481,6734598211167,992686
19541,6734598218389,6734599211556,993167
19542,6734599218390,6734600211168,992778
19543,6734600218353,6734601211965,993612
19544,6734601218354,6734602210799,992445
19545,6734602218169,6734603212059,993890
19546,6734603218133,6734604211652,993519
19547,6734604217893,6734605210264,992371
19548,6734605218246,6734606210839,992593
19549,6734606217858,6734607210747,992889
19550,6734607217914,6734608211118,993204
19551,6734608217841,6734609210971,993130
19552,6734609217786,6734610210009,992223
19553,6734610217675,6734611210509,992834
19554,6734611217658,6734612210251,992593
19555,6734612217621,6734613211696,994075
19556,6734613217548,6734614212234,994686
19557,6734614217530,6734615208753,991223
19558,6734615217364,6734616207365,990001
19559,6734616217457,6734617210217,992760
19560,6734617217329,6734618210440,993111
19561,6734618217255,6734619213793,996538
19562,6734619218552,6734620211275,992723
19563,6734620217183,6734621207257,990074
19564,6734621217091,6734622210036,992945
19565,6734622216980,6734623209851,992871
19566,6734623216981,6734624209223,992242
19567,6734624216852,6734625209131,992279
19568,6734625216871,6734626208168,991297
19569,6734626216724,6734627209243,992519
19570,6734627216743,6734628209614,992871
19571,6734628216651,6734629211097,994446
19572,6734629216578,6734630208319,991741
19573,6734630216338,6734631207894,991556
19574,6734631216487,6734632208376,991889
19575,6734632216414,6734633208766,992352
19576,6734633216414,6734634209248,992834
19577,6734634216304,6734635206675,990371
19578,6734635216064,6734636206916,990852
19579,6734636216287,6734637209473,993186
19580,6734637216176,6734638210973,994797
19581,6734638216381,6734639211882,995501
19582,6734639216900,6734640205697,988797
19583,6734640215956,6734641209661,993705
19584,6734641215976,6734642208717,992741
19585,6734642215939,6734643208940,993001
19586,6734643215829,6734644207626,991797
19587,6734644215737,6734645205719,989982
19588,6734645215664,6734646208072,992408
19589,6734646215553,6734647208258,992705
19590,6734647215684,6734648208573,992889
19591,6734648215684,6734649210296,994612
19592,6734649215463,6734650205612,990149
19593,6734650215464,6734651207909,992445
19594,6734651215335,6734652207539,992204
19595,6734652215391,6734653207910,992519
19596,6734653215262,6734654206504,991242
19597,6734654215152,6734655206227,991075
19598,6734655215134,6734656207561,992427
19599,6734656215135,6734657207506,992371
19600,6734657215024,6734658207673,992649
19601,6734658214895,6734659208729,993834
19602,6734659214933,6734660202508,987575
19603,6734660214915,6734661207379,992464
19604,6734661214824,6734662206843,992019
19605,6734662214750,6734663207010,992260
19606,6734663214603,6734664206992,992389
19607,6734664214603,6734665204493,989890
19608,6734665214604,6734666206846,992242
19609,6734666214531,6734667207087,992556
19610,6734667214495,6734668206866,992371
19611,6734668214458,6734669206774,992316
19612,6734669214329,6734670204737,990408
19613,6734670214293,6734671206664,992371
19614,6734671214275,6734672206072,991797
19615,6734672214220,6734673206332,992112
19616,6734673214369,6734674206907,992538
19617,6734674214037,6734675203482,989445
19618,6734675214000,6734676207038,993038
19619,6734676213946,6734677205687,991741
19620,6734677213835,6734678205354,991519
19621,6734678213780,6734679207485,993705
19622,6734679213763,6734680203134,989371
19623,6734680213782,6734681206431,992649
19624,6734681213671,6734682204968,991297
19625,6734682213561,6734683205043,991482
19626,6734683213580,6734684205525,991945
19627,6734684213803,6734685203859,990056
19628,6734685213434,6734686207027,993593
19629,6734686213379,6734687205768,992389
19630,6734687213361,6734688205343,991982
19631,6734688213325,6734689204899,991574
19632,6734689213196,6734690203900,990704
19633,6734690213141,6734691206549,993408
19634,6734691213086,6734692204753,991667
19635,6734692212976,6734693204606,991630
19636,6734693212958,6734694204829,991871
19637,6734694212885,6734695201811,988926
19638,6734695212848,6734696204386,991538
19639,6734696212775,6734697205498,992723
19640,6734697212683,6734698205499,992816
19641,6734698212721,6734699205184,992463
19642,6734699212684,6734700204444,991760
19643,6734700212537,6734701204464,991927
19644,6734701212519,6734702204983,992464
19645,6734702212446,6734703204873,992427
19646,6734703212410,6734704203595,991185
19647,6734704212262,6734705204652,992390
19648,6734705212207,6734706204727,992520
19649,6734706212208,6734707203783,991575
19650,6734707212190,6734708204691,992501
19651,6734708212117,6734709205895,993778
19652,6734709212081,6734710203100,991019
19653,6734710212063,6734711203582,991519
19654,6734711211971,6734712204694,992723
19655,6734712211916,6734713201602,989686
19656,6734713211806,6734714202955,991149
19657,6734714211751,6734715203141,991390
19658,6734715211641,6734716203586,991945
19659,6734716211549,6734717201938,990389
19660,6734717211568,6734718205920,994352
19661,6734718211458,6734719203792,992334
19662,6734719211403,6734720202885,991482
19663,6734720211366,6734721201497,990131
19664,6734721211349,6734722203701,992352
19665,6734722211349,6734723204998,993649
19666,6734723211406,6734724203480,992074
19667,6734724211203,6734725202981,991778
19668,6734725211148,6734726201000,989852
19669,6734726211019,6734727202371,991352
19670,6734727211001,6734728202761,991760
19671,6734728211057,6734729204354,993297
19672,6734729210928,6734730203059,992131
19673,6734730210763,6734731202337,991574
19674,6734731210708,6734732203079,992371
19675,6734732210708,6734733204339,993631
19676,6734733210691,6734734208247,997556
19677,6734734211358,6734735203692,992334
19678,6734735210451,6734736202378,991927
19679,6734736210508,6734737203731,993223
19680,6734737210416,6734738203472,993056
19681,6734738210361,6734739205714,995353
19682,6734739210306,6734740203307,993001
19683,6734740210307,6734741203289,992982
19684,6734741210215,6734742202660,992445
19685,6734742210086,6734743203994,993908
19686,6734743209994,6734744202773,992779
19687,6734744210013,6734745204051,994038
19688,6734745209885,6734746203756,993871
19689,6734746209904,6734747203534,993630
19690,6734747209812,6734748202220,992408
19691,6734748209850,6734749202813,992963
19692,6734749209721,6734750203073,993352
19693,6734750209703,6734751203407,993704
19694,6734751209630,6734752202945,993315
19695,6734752209519,6734753203464,993945
19696,6734753209483,6734754201002,991519
19697,6734754209465,6734755202873,993408
19698,6734755209392,6734756204189,994797
19699,6734756209337,6734757203967,994630
19700,6734757209245,6734758202709,993464
19701,6734758209246,6734759204747,995501
19702,6734759208876,6734760200970,992094
19703,6734760209062,6734761203137,994075
19704,6734761209081,6734762200971,991890
19705,6734762208804,6734763200916,992112
19706,6734763209212,6734764204232,995020
19707,6734764208824,6734765202584,993760
19708,6734765208844,6734766202548,993704
19709,6734766208807,6734767200919,992112
19710,6734767208530,6734768200642,992112
19711,6734768208642,6734769202124,993482
19712,6734769208569,6734770202199,993630
19713,6734770208588,6734771201403,992815
19714,6734771208496,6734772199478,990982
19715,6734772208478,6734773201423,992945
19716,6734773208257,6734774201535,993278
19717,6734774208295,6734775201425,993130
19718,6734775208258,6734776199240,990982
19719,6734776207981,6734777176019,968038
19720,6734777212926,6734778180149,967223
19721,6734778207668,6734779176428,968760
19722,6734779212761,6734780182688,969927
19723,6734780207540,6734781174874,967334
19724,6734781212651,6734782180134,967483
19725,6734782207411,6734783175153,967742
19726,6734783212579,6734784188635,976056
19727,6734784207320,6734785174691,967371
19728,6734785212395,6734786183192,970797
19729,6734786207248,6734787174822,967574
19730,6734787212285,6734788178990,966705
19731,6734788207064,6734789175657,968593
19732,6734789212176,6734790179473,967297
19733,6734790206991,6734791174492,967501
19734,6734791212103,6734792181067,968964
19735,6734792206845,6734793175327,968482
19736,6734793211938,6734794179883,967945
19737,6734794206716,6734795173736,967020
19738,6734795211828,6734796179977,968149
19739,6734796206607,6734797174404,967797
19740,6734797211737,6734798178997,967260
19741,6734798206460,6734799174794,968334
19742,6734799211590,6734800178665,967075
19743,6734800206369,6734801173073,966704
19744,6734801211518,6734802178926,967408
19745,6734802206222,6734803173612,967390
19746,6734803211353,6734804178335,966982
19747,6734804206131,6734805173132,967001
19748,6734805211243,6734806178559,967316
19749,6734806205984,6734807173522,967538
19750,6734807211115,6734808177801,966686
19751,6734808205893,6734809174487,968594
19752,6734809211024,6734810178450,967426
19753,6734810205802,6734811172895,967093
19754,6734811210914,6734812178878,967964
19755,6734812205711,6734813174693,968982
19756,6734813210823,6734814178361,967538
19757,6734814205583,6734815173010,967427
19758,6734815210658,6734816177881,967223
19759,6734816205455,6734817172937,967482
19760,6734817210585,6734818177771,967186
19761,6734818205308,6734819173124,967816
19762,6734819210438,6734820177272,966834
19763,6734820205198,6734821172255,967057
19764,6734821210329,6734822177570,967241
19765,6734822205107,6734823172793,967686
19766,6734823210201,6734824176794,966593
19767,6734824204998,6734825172183,967185
19768,6734825210072,6734826177036,966964
19769,6734826204851,6734827172166,967315
19770,6734827209944,6734828177686,967742
19771,6734828204760,6734829172723,967963
19772,6734829209872,6734830177224,967352
19773,6734830204650,6734831171854,967204
19774,6734831209743,6734832177670,967927
19775,6734832204503,6734833171689,967186
19776,6734833209652,6734834176783,967131
19777,6734834204394,6734835171709,967315
19778,6734835209469,6734836177766,968297
19779,6734836204266,6734837172655,968389
19780,6734837209377,6734838176415,967038
19781,6734838204137,6734839172305,968168
19782,6734839209305,6734840177157,967852
19783,6734840204065,6734841171547,967482
19784,6734841209195,6734842176103,966908
19785,6734842203955,6734843170863,966908
19786,6734843209085,6734844172401,963316
19787,6734844209049,6734845167716,958667
19788,6734845208939,6734846177199,968260
19789,6734846203736,6734847170903,967167
19790,6734847208866,6734848176756,967890
19791,6734848203589,6734849171923,968334
19792,6734849208738,6734850176016,967278
19793,6734850203479,6734851170702,967223
19794,6734851208610,6734852175592,966982
19795,6734852203388,6734853170648,967260
19796,6734853208463,6734854175667,967204
19797,6734854203260,6734855169705,966445
19798,6734855208409,6734856176836,968427
19799,6734856203150,6734857171540,968390
19800,6734857208244,6734858175541,967297
19801,6734858203022,6734859171060,968038
19802,6734859208153,6734860175246,967093
19803,6734860202913,6734861170136,967223
19804,6734861207987,6734862175044,967057
19805,6734862202784,6734863169970,967186
19806,6734863207952,6734864175027,967075
19807,6734864202712,6734865169935,967223
19808,6734865207842,6734866173880,966038
19809,6734866202565,6734867169362,966797
19810,6734867207733,6734868175567,967834
19811,6734868202474,6734869171067,968593
19812,6734869207549,6734870174772,967223
19813,6734870202327,6734871169624,967297
19814,6734871207513,6734872175236,967723
19815,6734872202199,6734873169237,967038
19816,6734873207348,6734874174608,967260
19817,6734874202108,6734875169572,967464
19818,6734875207220,6734876173646,966426
19819,6734876201998,6734877168832,966834
19820,6734877207110,6734878173870,966760
19821,6734878201870,6734879169056,967186
19822,6734879207000,6734880173946,966946
19823,6734880201760,6734881168539,966779
19824,6734881206891,6734882174003,967112
19825,6734882201669,6734883168244,966575
19826,6734883206781,6734884173745,966964
19827,6734884201560,6734885168505,966945
19828,6734885206672,6734886173561,966889
19829,6734886201432,6734887168562,967130
19830,6734887206543,6734888173155,966612
19831,6734888201340,6734889168008,966668
19832,6734889206452,6734890173157,966705
19833,6734890201157,6734891168213,967056
19834,6734891206324,6734892173140,966816
19835,6734892201103,6734893168103,967000
19836,6734893206177,6734894173363,967186
19837,6734894200919,6734895168197,967278
19838,6734895206086,6734896173902,967816
19839,6734896200828,6734897169439,968611
19840,6734897205977,6734898173311,967334
19841,6734898200737,6734899167719,966982
19842,6734899205848,6734900180608,974760
19843,6734900201182,6734901194239,993057
19844,6734901200998,6734902194239,993241
19845,6734902200962,6734903194185,993223
19846,6734903200888,6734904195963,995075
19847,6734904200871,6734905194223,993352
19848,6734905200853,6734906193872,993019
19849,6734906200724,6734907193650,992926
19850,6734907200669,6734908196096,995427
19851,6734908200559,6734909193763,993204
19852,6734909200356,6734910192782,992426
19853,6734910200505,6734911192802,992297
19854,6734911200487,6734912197395,996908
19855,6734912201247,6734913193599,992352
19856,6734913200340,6734914194063,993723
19857,6734914200044,6734915192545,992501
19858,6734915200249,6734916195546,995297
19859,6734916200157,6734917192806,992649
19860,6734917200084,6734918192899,992815
19861,6734918200103,6734919194178,994075
19862,6734919199955,6734920195734,995779
19863,6734920200086,6734921193864,993778
19864,6734921199883,6734922192587,992704
19865,6734922199791,6734923192810,993019
19866,6734923199792,6734924194829,995037
19867,6734924199681,6734925192182,992501
19868,6734925199645,6734926191738,992093
19869,6734926199553,6734927192313,992760
19870,6734927199461,6734928195629,996168
19871,6734928199462,6734929193185,993723
19872,6734929199389,6734930192093,992704
19873,6734930199352,6734931192242,992890
19874,6734931199316,6734932196243,996927
19875,6734932199558,6734933191818,992260
19876,6734933199206,6734934192985,993779
19877,6734934199133,6734935192245,993112
19878,6734935199023,6734936193912,994889
19879,6734936198949,6734937189191,990242
19880,6734937198969,6734938192080,993111
19881,6734938198840,6734939192026,993186
19882,6734939198859,6734940192434,993575
19883,6734940198786,6734941191379,992593
19884,6734941198638,6734942193528,994890
19885,6734942198583,6734943192788,994205
19886,6734943198547,6734944193048,994501
19887,6734944198603,6734945191030,992427
19888,6734945198437,6734946193012,994575
19889,6734946198420,6734947193772,995352
19890,6734947198328,6734948193588,995260
19891,6734948198347,6734949191125,992778
19892,6734949198181,6734950191534,993353
19893,6734950198182,6734951191942,993760
19894,6734951198108,6734952191646,993538
19895,6734952197776,6734953165647,967871
19896,6734953202814,6734954170259,967445
19897,6734954197574,6734955165056,967482
19898,6734955202667,6734956170723,968056
19899,6734956197427,6734957165816,968389
19900,6734957202576,6734958169613,967037
19901,6734958197262,6734959164466,967204
19902,6734959202411,6734960172356,969945
19903,6734960197189,6734961164338,967149
19904,6734961202301,6734962169431,967130
19905,6734962197024,6734963164265,967241
19906,6734963202191,6734964169025,966834
19907,6734964196933,6734965164026,967093
19908,6734965202082,6734966168693,966611
19909,6734966196823,6734967164324,967501
19910,6734967201953,6734968168824,966871
19911,6734968196713,6734969163270,966557
19912,6734969201844,6734970169937,968093
19913,6734970196567,6734971162901,966334
19914,6734971201734,6734972170438,968704
19915,6734972196476,6734973164550,968074
19916,6734973201643,6734974168458,966815
19917,6734974196347,6734975163700,967353
19918,6734975201478,6734976169182,967704
19919,6734976196330,6734977163979,967649
19920,6734977201387,6734978170721,969334
19921,6734978196128,6734979162777,966649
19922,6734979201295,6734980168389,967094
19923,6734980196018,6734981163204,967186
19924,6734981201167,6734982167779,966612
19925,6734982195890,6734983163169,967279
19926,6734983201076,6734984168373,967297
19927,6734984195818,6734985161448,965630
19928,6734985200892,6734986167912,967020
19929,6734986195689,6734987164153,968464
19930,6734987200820,6734988168635,967815
19931,6734988195598,6734989163580,967982
19932,6734989200710,6734990167600,966890
19933,6734990195433,6734991162637,967204
19934,6734991200582,6734992168379,967797
19935,6734992195360,6734993161602,966242
19936,6734993200417,6734994167140,966723
19937,6734994195232,6734995162788,967556
19938,6734995200363,6734996166215,965852
19939,6734996195123,6734997162457,967334
19940,6734997200234,6734998167420,967186
19941,6734998195013,6734999161995,966982
19942,6734999200143,6735000169218,969075
19943,6735000194885,6735001162774,967889
19944,6735001200015,6735002167016,967001
19945,6735002194757,6735003161831,967074
19946,6735003199905,6735004167591,967686
19947,6735004194628,6735005161370,966742
19948,6735005199796,6735006166871,967075
19949,6735006194556,6735007162834,968278
19950,6735007199612,6735008167483,967871
19951,6735008194409,6735009162669,968260
19952,6735009199521,6735010168762,969241
19953,6735010194318,6735011161615,967297
19954,6735011199430,6735012166079,966649
19955,6735012194227,6735013161357,967130
19956,6735013199339,6735014165821,966482
19957,6735014194062,6735015160710,966648
19958,6735015199229,6735016166896,967667
19959,6735016194007,6735017161193,967186
19960,6735017199064,6735018166231,967167
19961,6735018193842,6735019161047,967205
19962,6735019198973,6735020166325,967352
19963,6735020193714,6735021160752,967038
19964,6735021198863,6735022165864,967001
19965,6735022193586,6735023160716,967130
19966,6735023198735,6735024173384,974649
19967,6735024194569,6735025192958,998389
19968,6735025195921,6735026198830,1002909
19969,6735026203756,6735027203071,999315
19970,6735027207071,6735028200220,993149
19971,6735028204775,6735029200684,995909
19972,6735029204165,6735030202184,998019
19973,6735030206018,6735031201111,995093
19974,6735031204592,6735032202723,998131
19975,6735032204890,6735033203316,998426
19976,6735033205538,6735034204409,998871
19977,6735034208317,6735035208392,1000075
19978,6735035210947,6735036207300,996353
19979,6735036209633,6735037205764,996131
19980,6735037209338,6735038204523,995185
19981,6735038208005,6735039204672,996667
19982,6735039208691,6735040206525,997834
19983,6735040210303,6735041207711,997408
19984,6735041210896,6735042207323,996427
19985,6735042210600,6735043207212,996612
19986,6735043210509,6735044206157,995648
19987,6735044210232,6735045207436,997204
19988,6735045210362,6735046208363,998001
19989,6735046210363,6735047206956,996593
19990,6735047210271,6735048205920,995649
19991,6735048209975,6735049207031,997056
19992,6735049210272,6735050214866,1004594
19993,6735050197477,6735051203144,1005667
19994,6735051206792,6735052205256,998464
19995,6735052209645,6735053205331,995686
19996,6735053208683,6735054205128,996445
19997,6735054208776,6735055204703,995927
19998,6735055208499,6735056202500,994001
19999,6735056206425,6735057202982,996557
20000,6735057206537,6735058202316,995779
20001,6735058205594,6735059204076,998482
20002,6735059206131,6735060202336,996205
20003,6735060205780,6735061203114,997334
20004,6735061206670,6735062203282,996612
20005,6735062207078,6735063204116,997038
20006,6735063206005,6735064204265,998260
20007,6735064206339,6735065203580,997241
20008,6735065205413,6735066202322,996909
20009,6735066205729,6735067205415,999686
20010,6735067208878,6735068207286,998408
20011,6735068209138,6735069206639,997501
20012,6735069209046,6735070206621,997575
20013,6735070208899,6735071205140,996241
20014,6735071208733,6735072206289,997556
20015,6735072208826,6735073204919,996093
20016,6735073208401,6735074205142,996741
20017,6735074208605,6735075204773,996168
20018,6735075207995,6735076202755,994760
20019,6735076207440,6735077202867,995427
20020,6735077206293,6735078202090,995797
20021,6735078205849,6735079201683,995834
20022,6735079205127,6735080204498,999371
20023,6735080208147,6735081203481,995334
20024,6735081206758,6735082202148,995390
20025,6735082205741,6735083201686,995945
20026,6735083205056,6735084200761,995705
20027,6735084205353,6735085205835,1000482
20028,6735085207650,6735086204670,997020
20029,6735086207336,6735087205559,998223
20030,6735087207744,6735088205523,997779
20031,6735088207949,6735089203505,995556
20032,6735089206894,6735090205506,998612
20033,6735090207746,6735091203321,995575
20034,6735091207062,6735092203822,996760
20035,6735092207415,6735093204508,997093
20036,6735093207601,6735094206453,998852
20037,6735094207564,6735095203639,996075
20038,6735095207028,6735096203640,996612
20039,6735096207492,6735097203659,996167
20040,6735097207233,6735098204660,997427
20041,6735098207308,6735099204586,997278
20042,6735099207364,6735100202328,994964
20043,6735100206069,6735101202421,996352
20044,6735101205866,6735102202422,996556
20045,6735102206218,6735103203052,996834
20046,6735103206719,6735104202090,995371
20047,6735104206071,6735105203239,997168
20048,6735105206998,6735106203536,996538
20049,6735106206925,6735107203185,996260
20050,6735107206907,6735108200482,993575
20051,6735108203871,6735109196631,992760
20052,6735109200371,6735110197280,996909
20053,6735110200743,6735111198077,997334
20054,6735111201577,6735112197911,996334
20055,6735112202355,6735113195856,993501
20056,6735113199485,6735114195449,995964
20057,6735114198782,6735115194839,996057
20058,6735115198431,6735116196136,997705
20059,6735116200506,6735117195822,995316
20060,6735117199174,6735118193841,994667
20061,6735118197545,6735119195360,997815
20062,6735119198656,6735120195768,997112
20063,6735120199805,6735121197936,998131
20064,6735121201788,6735122198214,996426
20065,6735122201492,6735123197474,995982
20066,6735123200178,6735124197049,996871
20067,6735124200790,6735125197013,996223
20068,6735125200827,6735126194976,994149
20069,6735126198550,6735127194496,995946
20070,6735127198366,6735128194700,996334
20071,6735128198793,6735129193867,995074
20072,6735129197312,6735130194239,996927
20073,6735130197831,6735131193017,995186
20074,6735131196554,6735132195555,999001
20075,6735132199758,6735133196741,996983
20076,6735133200037,6735134198538,998501
20077,6735134200667,6735135198613,997946
20078,6735135201946,6735136199484,997538
20079,6735136203391,6735137199707,996316
20080,6735137203466,6735138198892,995426
20081,6735138202411,6735139198930,996519
20082,6735139202523,6735140198431,995908
20083,6735140203375,6735141170876,967501
20084,6735141186858,6735142154210,967352
20085,6735142191932,6735143159415,967483
20086,6735143186692,6735144153860,967168
20087,6735144191841,6735145158768,966927
20088,6735145186583,6735146153824,967241
20089,6735146191713,6735147159325,967612
20090,6735147186473,6735148153789,967316
20091,6735148191603,6735149158900,967297
20092,6735149186363,6735150155142,968779
20093,6735150191438,6735151158995,967557
20094,6735151186254,6735152153329,967075
20095,6735152191347,6735153158200,966853
20096,6735153186126,6735154153608,967482
20097,6735154191237,6735155158460,967223
20098,6735155185979,6735156152369,966390
20099,6735156191146,6735157158721,967575
20100,6735157185869,6735158153444,967575
20101,6735158190981,6735159158408,967427
20102,6735159185760,6735160153575,967815
20103,6735160190871,6735161157650,966779
20104,6735161185650,6735162152891,967241
20105,6735162190799,6735163158281,967482
20106,6735163185540,6735164152448,966908
20107,6735164190671,6735165157968,967297
20108,6735165185412,6735166152450,967038
20109,6735166190542,6735167157117,966575
20110,6735167185321,6735168151414,966093
20111,6735168190433,6735169156545,966112
20112,6735169185193,6735170153175,967982
20113,6735170190305,6735171156435,966130
20114,6735171185065,6735172151825,966760
20115,6735172190195,6735173155455,965260
20116,6735173184918,6735174151937,967019
20117,6735174190048,6735175155716,965668
20118,6735175184827,6735176151383,966556
20119,6735176189939,6735177155976,966037
20120,6735177184717,6735178151459,966742
20121,6735178189829,6735179155589,965760
20122,6735179184589,6735180151386,966797
20123,6735180189719,6735181155683,965964
20124,6735181184461,6735182151147,966686
20125,6735182189591,6735183155110,965519
20126,6735183184351,6735184150741,966390
20127,6735184189481,6735185155316,965835
20128,6735185184241,6735186151075,966834
20129,6735186189372,6735187155150,965778
20130,6735187184132,6735188150151,966019
20131,6735188189244,6735189155022,965778
20132,6735189184022,6735190151671,967649
20133,6735190189134,6735191155024,965890
20134,6735191183894,6735192150487,966593
20135,6735192189024,6735193154451,965427
20136,6735193183766,6735194149970,966204
20137,6735194188915,6735195157989,969074
20138,6735195183712,6735196150249,966537
20139,6735196188824,6735197186324,997500
20140,6735197192009,6735198159418,967409
20141,6735198183547,6735199149474,965927
20142,6735199188641,6735200184326,995685
20143,6735200183956,6735201176290,992334
20144,6735201184049,6735202151772,967723
20145,6735202188495,6735203155088,966593
20146,6735203183218,6735204152589,969371
20147,6735204188515,6735205157756,969241
20148,6735205183256,6735206150368,967112
20149,6735206188294,6735207155720,967426
20150,6735207183017,6735208149425,966408
20151,6735208188129,6735209155481,967352
20152,6735209182907,6735210152408,969501
20153,6735210188315,6735211155334,967019
20154,6735211182779,6735212150817,968038
20155,6735212187928,6735213156725,968797
20156,6735213182651,6735214149929,967278
20157,6735214187744,6735215154263,966519
20158,6735215182560,6735216151190,968630
20159,6735216187801,6735217154135,966334
20160,6735217182468,6735218149340,966872
20161,6735218187543,6735219154599,967056
20162,6735219182303,6735220158582,976279
20163,6735220182526,6735221153490,970964
20164,6735221188249,6735222155528,967279
20165,6735222182120,6735223149602,967482
20166,6735223187232,6735224166103,978871
20167,6735224182677,6735225187215,1004538
20168,6735225190696,6735226189401,998705
20169,6735226192753,6735227207772,1015019
20170,6735227187920,6735228213569,1025649
20171,6735228191013,6735229231959,1040946
20172,6735229188273,6735230302978,1114705
20173,6735230190904,6735231361108,1170204
20174,6735231183867,6735232328054,1144187
20175,6735232187294,6735233285221,1097927
20176,6735233187369,6735234243777,1056408
20177,6735234184573,6735235205778,1021205
20178,6735235188963,6735236174667,985704
20179,6735236182519,6735237162779,980260
20180,6735237181742,6735238145854,964112
20181,6735238186632,6735239155892,969260
20182,6735239181133,6735240152411,971278
20183,6735240186633,6735241155875,969242
20184,6735241181060,6735242147894,966834
20185,6735242186153,6735243153098,966945
20186,6735243180913,6735244153544,972631
20187,6735244181007,6735245147285,966278
20188,6735245185970,6735246152804,966834
20189,6735246180693,6735247153083,972390
20190,6735247180749,6735248149139,968390
20191,6735248185843,6735249153936,968093
20192,6735249180566,6735250148678,968112
20193,6735250185678,6735251152326,966648
20194,6735251180493,6735252147401,966908
20195,6735252185661,6735253152680,967019
20196,6735253180383,6735254147106,966723
20197,6735254185495,6735255152533,967038
20198,6735255180237,6735256147700,967463
20199,6735256185349,6735257151368,966019
20200,6735257180109,6735258146832,966723
20201,6735258185257,6735259153203,967946
20202,6735259179999,6735260148352,968353
20203,6735260185148,6735261153334,968186
20204,6735261179889,6735262147075,967186
20205,6735262185020,6735263152169,967149
20206,6735263179780,6735264147947,968167
20207,6735264185040,6735265151170,966130
20208,6735265179633,6735266146523,966890
20209,6735266184763,6735267152708,967945
20210,6735267179542,6735268146413,966871
20211,6735268184635,6735269151303,966668
20212,6735269179469,6735270147766,968297
20213,6735270184544,6735271151619,967075
20214,6735271179285,6735272147786,968501
20215,6735272184434,6735273152102,967668
20216,6735273179176,6735274145788,966612
20217,6735274184306,6735275150992,966686
20218,6735275179085,6735276147196,968111
20219,6735276184234,6735277150049,965815
20220,6735277178956,6735278145791,966835
20221,6735278184087,6735279151958,967871
20222,6735279178865,6735280146070,967205
20223,6735280183959,6735281150422,966463
20224,6735281178700,6735282145479,966779
20225,6735282183812,6735283150813,967001
20226,6735283178609,6735284146425,967816
20227,6735284183739,6735285151388,967649
20228,6735285178462,6735286145333,966871
20229,6735286183574,6735287150630,967056
20230,6735287178390,6735288146316,967926
20231,6735288183502,6735289151132,967630
20232,6735289178262,6735290146059,967797
20233,6735290183355,6735291151504,968149
20234,6735291178152,6735292148171,970019
20235,6735292183467,6735293151616,968149
20236,6735293178042,6735294146913,968871
20237,6735294183210,6735295150618,967408
20238,6735295177951,6735296146378,968427
20239,6735296183248,6735297149601,966353
20240,6735297177804,6735298144564,966760
20241,6735298182898,6735299149732,966834
20242,6735299177658,6735300145547,967889
20243,6735300182807,6735301149307,966500
20244,6735301177585,6735302144771,967186
20245,6735302182752,6735303151235,968483
20246,6735303177420,6735304145180,967760
20247,6735304182587,6735305150329,967742
20248,6735305177329,6735306145052,967723
20249,6735306182459,6735307149367,966908
20250,6735307177238,6735308143683,966445
20251,6735308182386,6735309149295,966909
20252,6735309177091,6735310143832,966741
20253,6735310182221,6735311149055,966834
20254,6735311176981,6735312144593,967612
20255,6735312182149,6735313149020,966871
20256,6735313176872,6735314143687,966815
20257,6735314182002,6735315148669,966667
20258,6735315176743,6735316143133,966390
20259,6735316181892,6735317148560,966668
20260,6735317176671,6735318143449,966778
20261,6735318181746,6735319148043,966297
20262,6735319176524,6735320144321,967797
20263,6735320181673,6735321149081,967408
20264,6735321176414,6735322143082,966668
20265,6735322181582,6735323148823,967241
20266,6735323176305,6735324144268,967963
20267,6735324181435,6735325147362,965927
20268,6735325176177,6735326144103,967926
20269,6735326181288,6735327148678,967390
20270,6735327176067,6735328144327,968260
20271,6735328181271,6735329149291,968020
20272,6735329175957,6735330143939,967982
20273,6735330181088,6735331148255,967167
20274,6735331175829,6735332142311,966482
20275,6735332180978,6735333147756,966778
20276,6735333175738,6735334142350,966612
20277,6735334180868,6735335149147,968279
20278,6735335175628,6735336143703,968075
20279,6735336180759,6735337148574,967815
20280,6735337175482,6735338142186,966704
20281,6735338180668,6735339149576,968908
20282,6735339175446,6735340146391,970945
20283,6735340181762,6735341149596,967834
20284,6735341175207,6735342147282,972075
20285,6735342175559,6735343143856,968297
20286,6735343180375,6735344148672,968297
20287,6735344175116,6735345146802,971686
20288,6735345181876,6735346189618,1007742
20289,6735346191284,6735347190230,998946
20290,6735347193007,6735348205490,1012483
20291,6735348186045,6735349209435,1023390
20292,6735349184101,6735350192769,1008668
20293,6735350193028,6735351213733,1020705
20294,6735351181566,6735352209400,1027834
20295,6735352183196,6735353421160,1237964
