seq,irq_ts_ns,recv_ts_ns,latency_ns
0,6738295994799,6738299667543,3672744
1,6738296988837,6738299678283,2689446
2,6738297985653,6738299680543,1694890
3,6738298985413,6738300085506,1100093
4,6738299984728,6738301043599,1058871
5,6738300985173,6738302002600,1017427
6,6738301987211,6738302961490,974279
7,6738302979230,6738303948268,969038
8,6738303984324,6738304952232,967908
9,6738304979158,6738305949418,970260
10,6738305984233,6738306953918,969685
11,6738306978955,6738307946975,968020
12,6738307984086,6738308952087,968001
13,6738308978864,6738309947050,968186
14,6738309983976,6738310951218,967242
15,6738310978755,6738311946478,967723
16,6738311983904,6738312951238,967334
17,6738312978664,6738313946072,967408
18,6738313983794,6738314951683,967889
19,6738314978480,6738315946647,968167
20,6738315983647,6738316956481,972834
21,6738316978481,6738317945686,967205
22,6738317983667,6738318950501,966834
23,6738318978279,6738319945502,967223
24,6738319983428,6738320950614,967186
25,6738320978206,6738321945170,966964
26,6738321983300,6738322950078,966778
27,6738322978041,6738323944764,966723
28,6738323983172,6738324950617,967445
29,6738324978006,6738325944803,966797
30,6738325983080,6738326951248,968168
31,6738326977840,6738327944563,966723
32,6738327982952,6738328950360,967408
33,6738328977749,6738329945991,968242
34,6738329982861,6738330950084,967223
35,6738330977603,6738331944474,966871
36,6738331982696,6738332956826,974130
37,6738332977604,6738333984142,1006538
38,6738333987845,6738335010031,1022186
39,6738334988013,6738335969088,981075
40,6738335977402,6738336960144,982742
41,6738336977903,6738337944756,966853
42,6738337982422,6738338949201,966779
43,6738338977275,6738339943572,966297
44,6738339982294,6738340949554,967260
45,6738340977091,6738341944092,967001
46,6738341982148,6738342948926,966778
47,6738342976945,6738343943612,966667
48,6738343982093,6738344948687,966594
49,6738344976816,6738345943706,966890
50,6738345981947,6738346949503,967556
51,6738346976707,6738347943522,966815
52,6738347981837,6738348949004,967167
53,6738348976597,6738349943413,966816
54,6738349981727,6738350948821,967094
55,6738350976487,6738351943433,966946
56,6738351981562,6738352948730,967168
57,6738352976396,6738353943675,967279
58,6738353981471,6738354948472,967001
59,6738354976194,6738355942991,966797
60,6738355981343,6738356948640,967297
61,6738356976140,6738357942752,966612
62,6738357981252,6738358948382,967130
63,6738358976012,6738359942790,966778
64,6738359981142,6738360947847,966705
65,6738360975902,6738361942440,966538
66,6738361981051,6738362947978,966927
67,6738362975774,6738363942367,966593
68,6738363980867,6738364947868,967001
69,6738364975664,6738365942461,966797
70,6738365980776,6738366948462,967686
71,6738366975536,6738367942444,966908
72,6738367980666,6738368947463,966797
73,6738368975463,6738369942353,966890
74,6738369980557,6738370947224,966667
75,6738370975372,6738371942299,966927
76,6738371980447,6738372947411,966964
77,6738372975244,6738373942486,967242
78,6738373980319,6738374947079,966760
79,6738374975116,6738375941950,966834
80,6738375980191,6738376947729,967538
81,6738376975025,6738377941877,966852
82,6738377980100,6738378946786,966686
83,6738378974878,6738379941434,966556
84,6738379979953,6738380946343,966390
85,6738380974769,6738381941547,966778
86,6738381979862,6738382946807,966945
87,6738382974622,6738383941326,966704
88,6738383979771,6738384946605,966834
89,6738384974568,6738385941476,966908
90,6738385979624,6738386947199,967575
91,6738386974421,6738387941237,966816
92,6738387979533,6738388946126,966593
93,6738388974404,6738389940849,966445
94,6738389979442,6738390946146,966704
95,6738390974165,6738391940888,966723
96,6738391979258,6738392946074,966816
97,6738392974074,6738393940445,966371
98,6738393979204,6738394945686,966482
99,6738394973927,6738395940835,966908
100,6738395979113,6738396945576,966463
101,6738396973836,6738397940688,966852
102,6738397978948,6738398945800,966852
103,6738398973726,6738399940375,966649
104,6738399978801,6738400945653,966852
105,6738400973616,6738401940506,966890
106,6738401978747,6738402945599,966852
107,6738402973488,6738403940304,966816
108,6738403978656,6738404945008,966352
109,6738404973397,6738405940083,966686
110,6738405978509,6738406945287,966778
111,6738406973250,6738407940696,967446
112,6738407978381,6738408945196,966815
113,6738408973141,6738409939623,966482
114,6738409978271,6738410944975,966704
115,6738410973013,6738411940180,967167
116,6738411978161,6738412944736,966575
117,6738412972940,6738413939737,966797
118,6738413978052,6738414944738,966686
119,6738414972812,6738415939683,966871
120,6738415977979,6738416944832,966853
121,6738416972702,6738417939832,967130
122,6738417977795,6738418944778,966983
123,6738418972555,6738419938926,966371
124,6738419977704,6738420944983,967279
125,6738420972446,6738421939372,966926
126,6738421977576,6738422944040,966464
127,6738422972373,6738423939059,966686
128,6738423977466,6738424943819,966353
129,6738424972263,6738425938986,966723
130,6738425977375,6738426944098,966723
131,6738426972098,6738427938451,966353
132,6738427977229,6738428943989,966760
133,6738428972007,6738429938637,966630
134,6738429977100,6738430943786,966686
135,6738430971842,6738431938565,966723
136,6738431977009,6738432943362,966353
137,6738432971769,6738433938603,966834
138,6738433976900,6738434943548,966648
139,6738434971641,6738435938475,966834
140,6738435976734,6738436943439,966705
141,6738436971587,6738437939328,967741
142,6738437976699,6738438943385,966686
143,6738438971403,6738439938034,966631
144,6738439976497,6738440943108,966611
145,6738440971331,6738441937961,966630
146,6738441976424,6738442943073,966649
147,6738442971202,6738443937722,966520
148,6738443976314,6738444942871,966557
149,6738444971093,6738445938038,966945
150,6738445976242,6738446943316,967074
151,6738446970983,6738447938576,967593
152,6738447976058,6738448942411,966353
153,6738448970836,6738449937467,966631
154,6738449975930,6738450942782,966852
155,6738450970727,6738451937431,966704
156,6738451975876,6738452942728,966852
157,6738452970617,6738453937544,966927
158,6738453975710,6738454942526,966816
159,6738454970507,6738455937323,966816
160,6738455975601,6738456942046,966445
161,6738456970379,6738457937787,967408
162,6738457975510,6738458942047,966537
163,6738458970251,6738459936974,966723
164,6738459975344,6738460942308,966964
165,6738460970160,6738461936864,966704
166,6738461975272,6738462941828,966556
167,6738462970032,6738463936903,966871
168,6738463975181,6738464941867,966686
169,6738464969959,6738465936553,966594
170,6738465975053,6738466941775,966722
171,6738466969794,6738467936295,966501
172,6738467974943,6738468941444,966501
173,6738468969721,6738469935759,966038
174,6738469974815,6738470941538,966723
175,6738470969612,6738471936261,966649
176,6738471974668,6738472941428,966760
177,6738472969465,6738473936336,966871
178,6738473974595,6738474941374,966779
179,6738474969374,6738475936338,966964
180,6738475974467,6738476941338,966871
181,6738476969246,6738477937024,967778
182,6738477974358,6738478941284,966926
183,6738478969099,6738479936155,967056
184,6738479974285,6738480941156,966871
185,6738480969008,6738481936046,967038
186,6738481974120,6738482940843,966723
187,6738482968880,6738483935695,966815
188,6738483973973,6738484940585,966612
189,6738484968789,6738485935326,966537
190,6738485973900,6738486940623,966723
191,6738486968660,6738487936087,967427
192,6738487973772,6738488940310,966538
193,6738488968569,6738489935014,966445
194,6738489973663,6738490939737,966074
195,6738490968404,6738491935257,966853
196,6738491973942,6738492939461,965519
197,6738492968313,6738493935128,966815
198,6738493973388,6738494939055,965667
199,6738494968185,6738495934982,966797
200,6738495973297,6738496938945,965648
201,6738496968131,6738497935502,967371
202,6738497973224,6738498938854,965630
203,6738498967965,6738499934966,967001
204,6738499973114,6738500938948,965834
205,6738500967874,6738501934764,966890
206,6738501972949,6738502938561,965612
207,6738502967709,6738503934469,966760
208,6738503972858,6738504939118,966260
209,6738504967525,6738505934489,966964
210,6738505972785,6738506938268,965483
211,6738506967508,6738507935046,967538
212,6738507972620,6738508939547,966927
213,6738508967417,6738509934307,966890
214,6738509972510,6738510939270,966760
215,6738510967270,6738511934086,966816
216,6738511972364,6738512938790,966426
217,6738512967161,6738513933958,966797
218,6738513972310,6738514939329,967019
219,6738514967033,6738515933570,966537
220,6738515972181,6738516938793,966612
221,6738516966960,6738517934590,967630
222,6738517972090,6738518937832,965742
223,6738518966832,6738519933518,966686
224,6738519971944,6738520937759,965815
225,6738520966741,6738521933686,966945
226,6738521971871,6738522937205,965334
227,6738522966612,6738523933187,966575
228,6738523971706,6738524937632,965926
229,6738524966503,6738525933337,966834
230,6738525971633,6738526937375,965742
231,6738526966319,6738527933153,966834
232,6738527971486,6738528937913,966427
233,6738528966265,6738529933395,967130
234,6738529971340,6738530936822,965482
235,6738530966137,6738531932730,966593
236,6738531971249,6738532936916,965667
237,6738532966027,6738533932861,966834
238,6738533971158,6738534936492,965334
239,6738534965899,6738535932715,966816
240,6738535970992,6738536937493,966501
241,6738536965808,6738537933660,967852
242,6738537970901,6738538938013,967112
243,6738538965624,6738539932477,966853
244,6738539970810,6738540936700,965890
245,6738540965570,6738541932330,966760
246,6738541970626,6738542936090,965464
247,6738542965442,6738543932424,966982
248,6738543970535,6738544937091,966556
249,6738544965314,6738545932074,966760
250,6738545970481,6738546935908,965427
251,6738546965185,6738547933334,968149
252,6738547970334,6738548937150,966816
253,6738548965113,6738549931669,966556
254,6738549970243,6738550935003,964760
255,6738550964966,6738551931615,966649
256,6738551970097,6738552936431,966334
257,6738552964875,6738553931302,966427
258,6738553969987,6738554935691,965704
259,6738554964765,6738555931136,966371
260,6738555969859,6738556938489,968630
261,6738556964619,6738557933490,968871
262,6738557969768,6738558936583,966815
263,6738558964509,6738559931306,966797
264,6738559969621,6738560937381,967760
265,6738560964473,6738561931363,966890
266,6738561969530,6738562936234,966704
267,6738562964271,6738563930624,966353
268,6738563969402,6738564935958,966556
269,6738564964180,6738565930810,966630
270,6738565969292,6738566936274,966982
271,6738566964033,6738567931830,967797
272,6738567969238,6738568935776,966538
273,6738568963961,6738569930832,966871
274,6738569969054,6738570935629,966575
275,6738570963833,6738571930815,966982
276,6738571968944,6738572935834,966890
277,6738572963760,6738573930261,966501
278,6738573968835,6738574935780,966945
279,6738574963595,6738575930336,966741
280,6738575968688,6738576935559,966871
281,6738576963504,6738577931060,967556
282,6738577968560,6738578935264,966704
283,6738578963375,6738579930339,966964
284,6738579968487,6738580935506,967019
285,6738580963266,6738581930433,967167
286,6738581968359,6738582935008,966649
287,6738582963138,6738583929842,966704
288,6738583968268,6738584934713,966445
289,6738584963009,6738585929843,966834
290,6738585968177,6738586935122,966945
291,6738586962863,6738587929363,966500
292,6738587968049,6738588933735,965686
293,6738588962790,6738589929698,966908
294,6738589967920,6738590933643,965723
295,6738590962717,6738591929089,966372
296,6738591967792,6738592933441,965649
297,6738592962571,6738593929368,966797
298,6738593967646,6738594932887,965241
299,6738594962461,6738595928721,966260
300,6738595967573,6738596933296,965723
301,6738596962333,6738597930204,967871
302,6738597967463,6738598933094,965631
303,6738598962223,6738599928928,966705
304,6738599967335,6738600933540,966205
305,6738600962114,6738601929022,966908
306,6738601967244,6738602932541,965297
307,6738602961985,6738603928801,966816
308,6738603967116,6738604934172,967056
309,6738604961913,6738605945321,983408
310,6738605962488,6738606960062,997574
311,6738606964322,6738607965508,1001186
312,6738607968897,6738608964656,995759
313,6738608969638,6738609965491,995853
314,6738609968916,6738610965658,996742
315,6738610969362,6738611967918,998556
316,6738611971992,6738612971252,999260
317,6738612974771,6738613971679,996908
318,6738613975438,6738614975865,1000427
319,6738614979420,6738615976476,997056
320,6738615979328,6738616977088,997760
321,6738616979236,6738617979033,999797
322,6738617979737,6738618976145,996408
323,6738618979164,6738619976202,997038
324,6738619979127,6738620975221,996094
325,6738620979091,6738621975055,995964
326,6738621978407,6738622973870,995463
327,6738622977537,6738623975853,998316
328,6738623978890,6738624973705,994815
329,6738624977539,6738625973447,995908
330,6738625977206,6738626973151,995945
331,6738626976633,6738627972096,995463
332,6738627975041,6738628969838,994797
333,6738628973930,6738629972153,998223
334,6738629976061,6738630974469,998408
335,6738630978728,6738631974321,995593
336,6738631977784,6738632975137,997353
337,6738632978470,6738633976619,998149
338,6738633978304,6738634973861,995557
339,6738634977064,6738635978713,1001649
340,6738635978009,6738636972751,994742
341,6738636976566,6738637971789,995223
342,6738637975363,6738638971271,995908
343,6738638975234,6738639975179,999945
344,6738639978049,6738640976550,998501
345,6738640977921,6738641974329,996408
346,6738641977588,6738642976033,998445
347,6738642977848,6738643973552,995704
348,6738643977423,6738644975368,997945
349,6738644977812,6738645973017,995205
350,6738645976591,6738646973054,996463
351,6738646976869,6738647971296,994427
352,6738647975074,6738648970000,994926
353,6738648973871,6738649969260,995389
354,6738649972983,6738650968372,995389
355,6738650971854,6738651967410,995556
356,6738651971558,6738652969448,997890
357,6738652973114,6738653969874,996760
358,6738653972078,6738654968486,996408
359,6738654972394,6738655968691,996297
360,6738655972209,6738656969006,996797
361,6738656972117,6738657969062,996945
362,6738657972637,6738658974711,1002074
363,6738658976989,6738659975027,998038
364,6738659976953,6738660977102,1000149
365,6738660976602,6738661972102,995500
366,6738661976028,6738662971548,995520
367,6738662974696,6738663973178,998482
368,6738663976659,6738664950234,973575
369,6738664958531,6738665925087,966556
370,6738665963605,6738666930162,966557
371,6738666958310,6738667925459,967149
372,6738667963496,6738668929330,965834
373,6738668958163,6738669924830,966667
374,6738669963293,6738670929294,966001
375,6738670958053,6738671924721,966668
376,6738671963165,6738672930740,967575
377,6738672957944,6738673924093,966149
378,6738673963056,6738674929741,966685
379,6738674957797,6738675924316,966519
380,6738675962909,6738676930836,967927
381,6738676957724,6738677924503,966779
382,6738677962873,6738678931948,969075
383,6738678957615,6738679924190,966575
384,6738679962690,6738680927987,965297
385,6738680957468,6738681923450,965982
386,6738681962580,6738682927803,965223
387,6738682957340,6738683923563,966223
388,6738683962470,6738684928675,966205
389,6738684957230,6738685923601,966371
390,6738685962379,6738686927176,964797
391,6738686957102,6738687924455,967353
392,6738687962325,6738688927826,965501
393,6738688957029,6738689923326,966297
394,6738689962104,6738690927568,965464
395,6738690956883,6738691923124,966241
396,6738691962013,6738692927477,965464
397,6738692956792,6738693923292,966500
398,6738693961903,6738694927200,965297
399,6738694956682,6738695923109,966427
400,6738695961794,6738696927387,965593
401,6738696956554,6738697924221,967667
402,6738697961666,6738698927000,965334
403,6738698956426,6738699922815,966389
404,6738699961519,6738700927427,965908
405,6738700956297,6738701922706,966409
406,6738701961428,6738702926466,965038
407,6738702956188,6738703922540,966352
408,6738703961337,6738704926578,965241
409,6738704956115,6738705922357,966242
410,6738705961208,6738706926320,965112
411,6738706955950,6738707923080,967130
412,6738707961080,6738708926414,965334
413,6738708955859,6738709922045,966186
414,6738709960971,6738710926545,965574
415,6738710955712,6738711922009,966297
416,6738711960842,6738712926417,965575
417,6738712955658,6738713922103,966445
418,6738713960770,6738714926159,965389
419,6738714955530,6738715921808,966278
420,6738715960660,6738716926939,966279
421,6738716955439,6738717922032,966593
422,6738717960495,6738718928014,967519
423,6738718955292,6738719921922,966630
424,6738719960422,6738720928145,967723
425,6738720955182,6738721921794,966612
426,6738721960276,6738722927128,966852
427,6738722955054,6738723920518,965464
428,6738723960185,6738724926426,966241
429,6738724954963,6738725921797,966834
430,6738725960075,6738726925372,965297
431,6738726954816,6738727924632,969816
432,6738727959965,6738728928262,968297
433,6738728954762,6738729920837,966075
434,6738729959837,6738730926486,966649
435,6738730954616,6738731921616,967000
436,6738731959727,6738732926135,966408
437,6738732954469,6738733921266,966797
438,6738733959599,6738734926137,966538
439,6738734954359,6738735920823,966464
440,6738735959508,6738736925768,966260
441,6738736954287,6738737921010,966723
442,6738737959380,6738738926510,967130
443,6738738954158,6738739920770,966612
444,6738739959270,6738740925975,966705
445,6738740954012,6738741920938,966926
446,6738741959161,6738742925828,966667
447,6738742953902,6738743920495,966593
448,6738743959032,6738744925292,966260
449,6738744953811,6738745920293,966482
450,6738745958941,6738746925553,966612
451,6738746953664,6738747920295,966631
452,6738747958795,6738748924906,966111
453,6738748953610,6738749920463,966853
454,6738749958740,6738750925612,966872
455,6738750953445,6738751920094,966649
456,6738751958557,6738752925261,966704
457,6738752953335,6738753920392,967057
458,6738753958466,6738754925411,966945
459,6738754953189,6738755919967,966778
460,6738755958337,6738756924486,966149
461,6738756953116,6738757919709,966593
462,6738757958228,6738758924636,966408
463,6738758952988,6738759919692,966704
464,6738759958118,6738760925082,966964
465,6738760952878,6738761919971,967093
466,6738761958008,6738762924787,966779
467,6738762952731,6738763919510,966779
468,6738763957862,6738764924251,966389
469,6738764952659,6738765919437,966778
470,6738765957789,6738766924586,966797
471,6738766952531,6738767919179,966648
472,6738767957642,6738768925236,967594
473,6738768952439,6738769918644,966205
474,6738769957533,6738770924274,966741
475,6738770952293,6738771918793,966500
476,6738771957423,6738772923776,966353
477,6738772952202,6738773918443,966241
478,6738773957313,6738774923888,966575
479,6738774952055,6738775918982,966927
480,6738775957185,6738776923649,966464
481,6738776951964,6738777918539,966575
482,6738777957076,6738778924873,967797
483,6738778951836,6738779918503,966667
484,6738779956966,6738780923615,966649
485,6738780951726,6738781918467,966741
486,6738781956856,6738782923505,966649
487,6738782951616,6738783918413,966797
488,6738783956728,6738784923118,966390
489,6738784951525,6738785918267,966742
490,6738785956618,6738786922786,966168
491,6738786951360,6738787918101,966741
492,6738787956490,6738788923380,966890
493,6738788951269,6738789917918,966649
494,6738789956399,6738790923159,966760
495,6738790951159,6738791917586,966427
496,6738791956252,6738792923531,967279
497,6738792951050,6738793918124,967074
498,6738793956161,6738794922958,966797
499,6738794950921,6738795917589,966668
500,6738795956015,6738796922849,966834
501,6738796950812,6738797918461,967649
502,6738797955924,6738798923665,967741
503,6738798950702,6738799917277,966575
504,6738799955814,6738800922259,966445
505,6738800950574,6738801917723,967149
506,6738801955704,6738802922557,966853
507,6738802950464,6738803917169,966705
508,6738803955558,6738804922984,967426
509,6738804950355,6738805917318,966963
510,6738805955485,6738806922189,966704
511,6738806950226,6738807916764,966538
512,6738807955338,6738808922024,966686
513,6738808950135,6738809916766,966631
514,6738809955247,6738810921581,966334
515,6738810949989,6738811916378,966389
516,6738811955100,6738812921508,966408
517,6738812949879,6738813916324,966445
518,6738813955009,6738814921788,966779
519,6738814949751,6738815916344,966593
520,6738815954900,6738816921326,966426
521,6738816949660,6738817916642,966982
522,6738817954790,6738818922624,967834
523,6738818949531,6738819916236,966705
524,6738819954662,6738820921681,967019
525,6738820949459,6738821915885,966426
526,6738821954534,6738822921127,966593
527,6738822949294,6738823916276,966982
528,6738823954461,6738824921128,966667
529,6738824949184,6738825915629,966445
530,6738825954351,6738826921259,966908
531,6738826949093,6738827915797,966704
532,6738827954205,6738828922150,967945
533,6738828948983,6738829915836,966853
534,6738829954076,6738830920873,966797
535,6738830948855,6738831915615,966760
536,6738831953967,6738832920412,966445
537,6738832948782,6738833915894,967112
538,6738833953876,6738834920580,966704
539,6738834948599,6738835915266,966667
540,6738835953747,6738836920230,966483
541,6738836948507,6738837915286,966779
542,6738837953638,6738838921231,967593
543,6738838948398,6738839915195,966797
544,6738839953528,6738840920029,966501
545,6738840948288,6738841915196,966908
546,6738841953418,6738842920197,966779
547,6738842948178,6738843914550,966372
548,6738843953272,6738844920254,966982
549,6738844948050,6738845914718,966668
550,6738845953181,6738846919959,966778
551,6738846947922,6738847914682,966760
552,6738847953052,6738848920312,967260
553,6738848947849,6738849914739,966890
554,6738849952906,6738850919610,966704
555,6738850947666,6738851914426,966760
556,6738851952815,6738852944001,991186
557,6738852948334,6738853945538,997204
558,6738853949649,6738854945280,995631
559,6738854948669,6738855946466,997797
560,6738855950225,6738856947374,997149
561,6738856951300,6738857949412,998112
562,6738857953097,6738858952338,999241
563,6738858956375,6738859952006,995631
564,6738859955469,6738860951451,995982
565,6738860955562,6738861952859,997297
566,6738861956840,6738862953619,996779
567,6738862957897,6738863955768,997871
568,6738863959620,6738864956694,997074
569,6738864960917,6738865958251,997334
570,6738865962010,6738866958640,996630
571,6738866962622,6738867959641,997019
572,6738867963734,6738868961105,997371
573,6738868964808,6738869959735,994927
574,6738869963198,6738870958736,995538
575,6738870962588,6738871963514,1000926
576,6738871964718,6738872961015,996297
577,6738872964589,6738873962182,997593
578,6738873964590,6738874959424,994834
579,6738874962961,6738875959573,996612
580,6738875963499,6738876960185,996686
581,6738876964370,6738877961315,996945
582,6738877964259,6738878962279,998020
583,6738878964260,6738879959261,995001
584,6738879962928,6738880959132,996204
585,6738880962928,6738881959040,996112
586,6738881963040,6738882959837,996797
587,6738882963689,6738883961116,997427
588,6738883963856,6738884960987,997131
589,6738884963876,6738885961228,997352
590,6738885963821,6738886958914,995093
591,6738886962414,6738887958933,996519
592,6738887962933,6738888961638,998705
593,6738888963397,6738889957879,994482
594,6738889960972,6738890957658,996686
595,6738890961269,6738891956418,995149
596,6738891959936,6738892956159,996223
597,6738892960178,6738893957771,997593
598,6738893961716,6738894960253,998537
599,6738894963309,6738895960328,997019
600,6738895963291,6738896960495,997204
601,6738896963199,6738897960367,997168
602,6738897963200,6738898961830,998630
603,6738898963108,6738899959072,995964
604,6738899962942,6738900959961,997019
605,6738900963035,6738901958981,995946
606,6738901962870,6738902960074,997204
607,6738902962870,6738903958167,995297
608,6738903961908,6738904958298,996390
609,6738904962075,6738905959650,997575
610,6738905962669,6738906960873,998204
611,6738906962577,6738907940466,977889
612,6738907947152,6738908916226,969074
613,6738908944541,6738909914394,969853
614,6738909944264,6738910913265,969001
615,6738910950246,6738911917006,966760
616,6738911944210,6738912914859,970649
617,6738912944266,6738913912915,968649
618,6738913950471,6738914917157,966686
619,6738914944194,6738915910528,966334
620,6738915949176,6738916916066,966890
621,6738916943954,6738917912789,968835
622,6738917950529,6738918919789,969260
623,6738918943845,6738919910642,966797
624,6738919948975,6738920915050,966075
625,6738920943717,6738921913199,969482
626,6738921943680,6738922912125,968445
627,6738922950070,6738923919163,969093
628,6738923943571,6738924911701,968130
629,6738924949516,6738925915813,966297
630,6738925943405,6738926912036,968631
631,6738926949943,6738927918185,968242
632,6738927943481,6738928915593,972112
633,6738928943278,6738929910223,966945
634,6738929948427,6738930914354,965927
635,6738930943076,6738931913262,970186
636,6738931943095,6738932909948,966853
637,6738932948262,6738933914985,966723
638,6738933942800,6738934909968,967168
639,6738934948042,6738935918005,969963
640,6738935942913,6738936910987,968074
641,6738936949580,6738937917692,968112
642,6738937942822,6738938912489,969667
643,6738938942711,6738939909175,966464
644,6738939947879,6738940882657,934778
645,6738940947509,6738941899287,951778
646,6738941947343,6738942898140,950797
647,6738942947288,6738943897919,950631
648,6738943947233,6738944897919,950686
649,6738944947160,6738945897976,950816
650,6738945947105,6738946897810,950705
651,6738946947032,6738947897551,950519
652,6738947946977,6738948897644,950667
653,6738948946959,6738949897701,950742
654,6738949946867,6738950897627,950760
655,6738950946794,6738951897276,950482
656,6738951946739,6738952897407,950668
657,6738952946703,6738953897241,950538
658,6738953946648,6738954897019,950371
659,6738954946593,6738955897186,950593
660,6738955946501,6738956897150,950649
661,6738956946465,6738957897151,950686
662,6738957946410,6738958897911,951501
663,6738958946355,6738959897152,950797
664,6738959946301,6738960896727,950426
665,6738960946246,6738961896932,950686
666,6738961946191,6738962896988,950797
667,6738962946118,6738963896803,950685
668,6738963946081,6738964897008,950927
669,6738964946008,6738965896657,950649
670,6738965945953,6738966896546,950593
671,6738966945880,6738967896380,950500
672,6738967945825,6738968896455,950630
673,6738968945789,6738969896530,950741
674,6738969945715,6738970896290,950575
675,6738970945679,6738971896180,950501
676,6738971945606,6738972896014,950408
677,6738972945551,6738973896385,950834
678,6738973945496,6738974896163,950667
679,6738974945404,6738975895775,950371
680,6738975945386,6738976895998,950612
681,6738976945313,6738977895925,950612
682,6738977945277,6738978896777,951500
683,6738978945185,6738979895463,950278
684,6738979945130,6738980895575,950445
685,6738980945094,6738981895705,950611
686,6738981945020,6738982895225,950205
687,6738982945002,6738983895318,950316
688,6738983944892,6738984895078,950186
689,6738984944856,6738985895338,950482
690,6738985944764,6738986895098,950334
691,6738986944728,6738987895247,950519
692,6738987944673,6738988894673,950000
693,6738988944655,6738989895082,950427
694,6738989944563,6738990895027,950464
695,6738990944490,6738991894935,950445
696,6738991944416,6738992894473,950057
697,6738992944380,6738993894696,950316
698,6738993944325,6738994894548,950223
699,6738994944270,6738995894660,950390
700,6738995944197,6738996894735,950538
701,6738996944161,6738997894717,950556
702,6738997944106,6738998895162,951056
703,6738998944033,6738999894422,950389
704,6738999943978,6739000894849,950871
705,6739000943960,6739001894683,950723
706,6739001943850,6739002894387,950537
707,6739002943813,6739003894332,950519
708,6739003943758,6739004894222,950464
709,6739004943722,6739005895223,951501
710,6739005943649,6739006894075,950426
711,6739006943594,6739007894021,950427
712,6739007943521,6739008909799,966278
713,6739008945466,6739009912004,966538
714,6739009938559,6739010904671,966112
715,6739010943652,6739011910338,966686
716,6739011938431,6739012906469,968038
717,6739012943561,6739013909988,966427
718,6739013938303,6739014904822,966519
719,6739014943415,6739015909767,966352
720,6739015938175,6739016905546,967371
721,6739016943323,6739017909657,966334
722,6739017938102,6739018905566,967464
723,6739018943214,6739019909566,966352
724,6739019937955,6739020905752,967797
725,6739020943104,6739021909549,966445
726,6739021937827,6739022903791,965964
727,6739022942957,6739023909254,966297
728,6739023937736,6739024905440,967704
729,6739024942866,6739025909015,966149
730,6739025937645,6739026903738,966093
731,6739026942757,6739027908980,966223
732,6739027937498,6739028905647,968149
733,6739028942684,6739029908833,966149
734,6739029937388,6739030903500,966112
735,6739030942500,6739031908631,966131
736,6739031937242,6739032904835,967593
737,6739032942409,6739033908799,966390
738,6739033937151,6739034903337,966186
739,6739034942262,6739035908374,966112
740,6739035937041,6739036908579,971538
741,6739036937005,6739037903413,966408
742,6739037942117,6739038909451,967334
743,6739038936876,6739039903044,966168
744,6739039941988,6739040907952,965964
745,6739040936748,6739041903008,966260
746,6739041941860,6739042907842,965982
747,6739042936620,6739043902880,966260
748,6739043941732,6739044908122,966390
749,6739044936529,6739045902715,966186
750,6739045941622,6739046907993,966371
751,6739046936382,6739047902457,966075
752,6739047941531,6739048907828,966297
753,6739048936310,6739049902440,966130
754,6739049941422,6739050907274,965852
755,6739050936200,6739051902423,966223
756,6739051941293,6739052907794,966501
757,6739052936053,6739053902165,966112
758,6739053941165,6739054907184,966019
759,6739054935925,6739055901870,965945
760,6739055941074,6739056907445,966371
761,6739056935816,6739057902094,966278
762,6739057940946,6739058907280,966334
763,6739058935724,6739059902021,966297
764,6739059940818,6739060907929,967111
765,6739060935615,6739061902078,966463
766,6739061940708,6739062907024,966316
767,6739062935449,6739063901654,966205
768,6739063940598,6739064907544,966946
769,6739064935358,6739065900822,965464
770,6739065940526,6739066906638,966112
771,6739066935249,6739067901231,965982
772,6739067940379,6739068911324,970945
773,6739068935195,6739069901269,966074
774,6739069940251,6739070906437,966186
775,6739070935011,6739071900900,965889
776,6739071940141,6739072907568,967427
777,6739072934901,6739073901032,966131
778,6739073940069,6739074905662,965593
779,6739074934792,6739075900996,966204
780,6739075939903,6739076907534,967631
781,6739076934682,6739077901109,966427
782,6739077939794,6739078907091,967297
783,6739078934591,6739079900406,965815
784,6739079939703,6739080907370,967667
785,6739080934463,6739081900648,966185
786,6739081939574,6739082905760,966186
787,6739082934316,6739083900557,966241
788,6739083939428,6739084907280,967852
789,6739084934225,6739085900429,966204
790,6739085939318,6739086905726,966408
791,6739086934097,6739087900116,966019
792,6739087939208,6739088907746,968538
793,6739088934005,6739089900173,966168
794,6739089939099,6739090904618,965519
795,6739090933859,6739091899637,965778
796,6739091939008,6739092906360,967352
797,6739092933749,6739093899953,966204
798,6739093938879,6739094904843,965964
799,6739094933621,6739095899603,965982
800,6739095938733,6739096919585,980852
801,6739096933826,6739097900864,967038
802,6739097938771,6739098907642,968871
803,6739098933476,6739099899976,966500
804,6739099938569,6739100924533,985964
805,6739100933773,6739101933237,999464
806,6739101935385,6739102931682,996297
807,6739102935330,6739103931276,995946
808,6739103935053,6739104933647,998594
809,6739104937813,6739105931759,993946
810,6739105935166,6739106930481,995315
811,6739106934352,6739107927130,992778
812,6739107933427,6739108934983,1001556
813,6739108937890,6739109933687,995797
814,6739109937373,6739110933910,996537
815,6739110937447,6739111932781,995334
816,6739111936763,6739112932930,996167
817,6739112936541,6739113932116,995575
818,6739113936024,6739114932321,996297
819,6739114936432,6739115933247,996815
820,6739115937247,6739116932692,995445
821,6739116936600,6739117932730,996130
822,6739117936397,6739118935064,998667
823,6739118938175,6739119932843,994668
824,6739119936472,6739120934806,998334
825,6739120938806,6739121934215,995409
826,6739121937418,6739122933475,996057
827,6739122937419,6739123931438,994019
828,6739123935179,6739124932439,997260
829,6739124936569,6739125931921,995352
830,6739125935366,6739126931107,995741
831,6739126934848,6739127929497,994649
832,6739127933034,6739128933442,1000408
833,6739128937349,6739129931646,994297
834,6739129934998,6739130933277,998279
835,6739130935647,6739131932037,996390
836,6739131935926,6739132935223,999297
837,6739132939611,6739133934094,994483
838,6739133937390,6739134933020,995630
839,6739134936817,6739135932706,995889
840,6739135936558,6739136934707,998149
841,6739136939151,6739137933319,994168
842,6739137936671,6739138934783,998112
843,6739138937875,6739139932339,994464
844,6739139934746,6739140933247,998501
845,6739140937136,6739141933044,995908
846,6739141936951,6739142934230,997279
847,6739142938119,6739143933490,995371
848,6739143936786,6739144913324,976538
849,6739144930861,6739145897602,966741
850,6739145935899,6739146902196,966297
851,6739146930677,6739147897030,966353
852,6739147935734,6739148905123,969389
853,6739148930605,6739149897142,966537
854,6739149935698,6739150901958,966260
855,6739150930439,6739151896736,966297
856,6739151935551,6739152904126,968575
857,6739152930330,6739153896479,966149
858,6739153935460,6739154901313,965853
859,6739154930257,6739155896036,965779
860,6739155935332,6739156906555,971223
861,6739156930129,6739157896241,966112
862,6739157935222,6739158901575,966353
863,6739158929964,6739159895890,965926
864,6739159935094,6739160902706,967612
865,6739160929854,6739161896003,966149
866,6739161934984,6739162901115,966131
867,6739162929726,6739163895875,966149
868,6739163934838,6739164902579,967741
869,6739164929672,6739165895802,966130
870,6739165934728,6739166900784,966056
871,6739166929507,6739167895841,966334
872,6739167934637,6739168902045,967408
873,6739168929415,6739169895638,966223
874,6739169934546,6739170900935,966389
875,6739170929269,6739171895455,966186
876,6739171934399,6739172901863,967464
877,6739172929141,6739173895604,966463
878,6739173934308,6739174900698,966390
879,6739174929068,6739175895106,966038
880,6739175934180,6739176901995,967815
881,6739176928958,6739177895107,966149
882,6739177934070,6739178900330,966260
883,6739178928793,6739179895238,966445
884,6739179933960,6739180901591,967631
885,6739180928757,6739181894777,966020
886,6739181933851,6739182900092,966241
887,6739182928592,6739183894834,966242
888,6739183933723,6739184901186,967463
889,6739184928520,6739185894891,966371
890,6739185933613,6739186900021,966408
891,6739186928354,6739187894522,966168
892,6739187933485,6739188901226,967741
893,6739188928282,6739189894653,966371
894,6739189933375,6739190899431,966056
895,6739190928154,6739191894284,966130
896,6739191933247,6739192901674,968427
897,6739192928025,6739193894248,966223
898,6739193933156,6739194899638,966482
899,6739194927916,6739195894028,966112
900,6739195933009,6739196900825,967816
901,6739196927825,6739197894011,966186
902,6739197932918,6739198898845,965927
903,6739198927678,6739199893142,965464
904,6739199932771,6739200900772,968001
905,6739200927735,6739201894125,966390
906,6739201932699,6739202898514,965815
907,6739202927422,6739203893756,966334
908,6739203932571,6739204900923,968352
909,6739204927330,6739205893553,966223
910,6739205932461,6739206898702,966241
911,6739206927202,6739207893592,966390
912,6739207932333,6739208899796,967463
913,6739208927093,6739209892593,965500
914,6739209932242,6739210898502,966260
915,6739210926983,6739211892928,965945
916,6739211932132,6739212899744,967612
917,6739212926892,6739213893152,966260
918,6739213932004,6739214898153,966149
919,6739214926745,6739215893079,966334
920,6739215931857,6739216899265,967408
921,6739216926654,6739217892933,966279
922,6739217931784,6739218897822,966038
923,6739218926526,6739219893934,967408
924,6739219931675,6739220927212,995537
925,6739220931416,6739221927750,996334
926,6739221931861,6739222927418,995557
927,6739222931418,6739223926029,994611
928,6739223929585,6739224926734,997149
929,6739224930808,6739225926957,996149
930,6739225930957,6739226925439,994482
931,6739226929087,6739227924644,995557
932,6739227928403,6739228927496,999093
933,6739228931904,6739229926534,994630
934,6739229929904,6739230925942,996038
935,6739230929979,6739231923795,993816
936,6739231927313,6739232922980,995667
937,6739232927184,6739233922166,994982
938,6739233926092,6739234921241,995149
939,6739234926075,6739235920149,994074
940,6739235925964,6739236922391,996427
941,6739236926576,6739237921040,994464
942,6739237925817,6739238922374,996557
943,6739238926189,6739239923282,997093
944,6739239926634,6739240902042,975408
945,6739240925505,6739241892043,966538
946,6739241930469,6739242897080,966611
947,6739242925247,6739243892007,966760
948,6739243930322,6739244896563,966241
949,6739244925026,6739245891749,966723
950,6739245930231,6739246896750,966519
951,6739246924935,6739247891473,966538
952,6739247930084,6739248896770,966686
953,6739248924862,6739249893067,968205
954,6739249929956,6739250896475,966519
955,6739250924679,6739251891902,967223
956,6739251929828,6739252896532,966704
957,6739252924606,6739253891551,966945
958,6739253929736,6739254896348,966612
959,6739254924478,6739255891553,967075
960,6739255929571,6739256895813,966242
961,6739256924387,6739257890980,966593
962,6739257929462,6739258896203,966741
963,6739258924240,6739259890963,966723
964,6739259929352,6739260896038,966686
965,6739260924093,6739261890761,966668
966,6739261929261,6739262895632,966371
967,6739262923984,6739263890447,966463
968,6739263929114,6739264895170,966056
969,6739264923911,6739265890319,966408
970,6739265929004,6739266895376,966372
971,6739266923764,6739267889932,966168
972,6739267928876,6739268895155,966279
973,6739268923655,6739269891248,967593
974,6739269928804,6739270895008,966204
975,6739270923508,6739271890157,966649
976,6739271928676,6739272895065,966389
977,6739272923417,6739273889955,966538
978,6739273928529,6739274894937,966408
979,6739274923307,6739275889789,966482
980,6739275928438,6739276894661,966223
981,6739276923198,6739277889754,966556
982,6739277928347,6739278894792,966445
983,6739278923069,6739279890718,967649
984,6739279928218,6739280894312,966094
985,6739280922978,6739281889609,966631
986,6739281928072,6739282894443,966371
987,6739282922832,6739283889369,966537
988,6739283927943,6739284894518,966575
989,6739284922722,6739285889000,966278
990,6739285927871,6739286894242,966371
991,6739286922649,6739287889298,966649
992,6739287927761,6739288893577,965816
993,6739288922521,6739289890003,967482
994,6739289927652,6739290893986,966334
995,6739290922393,6739291889116,966723
996,6739291927505,6739292893672,966167
997,6739292922302,6739293888691,966389
998,6739293927432,6739294894137,966705
999,6739294922155,6739295888674,966519
1000,6739295927304,6739296893490,966186
1001,6739296922083,6739297889305,967222
1002,6739297927176,6739298893528,966352
1003,6739298921936,6739299889881,967945
1004,6739299927048,6739300893271,966223
1005,6739300921845,6739301888420,966575
1006,6739301926938,6739302893568,966630
1007,6739302921698,6739303888180,966482
1008,6739303926828,6739304893181,966353
1009,6739304921607,6739305888163,966556
1010,6739305926719,6739306893071,966352
1011,6739306921479,6739307888202,966723
1012,6739307926572,6739308892665,966093
1013,6739308921388,6739309888925,967537
1014,6739309926499,6739310892241,965742
1015,6739310921259,6739311887742,966483
1016,6739311926334,6739312892539,966205
1017,6739312921150,6739313887150,966000
1018,6739313926299,6739314892577,966278
1019,6739314921003,6739315887411,966408
1020,6739315926170,6739316892560,966390
1021,6739316920912,6739317887413,966501
1022,6739317926005,6739318892506,966501
1023,6739318920802,6739319887247,966445
1024,6739319925896,6739320892100,966204
1025,6739320920711,6739321887101,966390
1026,6739321925804,6739322892342,966538
1027,6739322920546,6739323887250,966704
1028,6739323925658,6739324891955,966297
1029,6739324920436,6739325886863,966427
1030,6739325925585,6739326891882,966297
1031,6739326920308,6739327886235,965927
1032,6739327925475,6739328891754,966279
1033,6739328920235,6739329887792,967557
1034,6739329925329,6739330891570,966241
1035,6739330920126,6739331886478,966352
1036,6739331925201,6739332891072,965871
1037,6739332919998,6739333886369,966371
1038,6739333925109,6739334891277,966168
1039,6739334919869,6739335886370,966501
1040,6739335925000,6739336891575,966575
1041,6739336919741,6739337886205,966464
1042,6739337924872,6739338891298,966426
1043,6739338919632,6739339886929,967297
1044,6739339924762,6739340891281,966519
1045,6739340919522,6739341885930,966408
1046,6739341924634,6739342890949,966315
1047,6739342919412,6739343886117,966705
1048,6739343924524,6739344914173,989649
1049,6739344919580,6739345915322,995742
1050,6739345919692,6739346916008,996316
1051,6739346920267,6739347916101,995834
1052,6739347919657,6739348914602,994945
1053,6739348919472,6739349917806,998334
1054,6739349920417,6739350915955,995538
1055,6739350920029,6739351915289,995260
1056,6739351919345,6739352914586,995241
1057,6739352919216,6739353913143,993927
1058,6739353919180,6739354915440,996260
1059,6739354919199,6739355913644,994445
1060,6739355919070,6739356914719,995649
1061,6739356918997,6739357913479,994482
1062,6739357918905,6739358915257,996352
1063,6739358918905,6739359914351,995446
1064,6739359918925,6739360913685,994760
1065,6739360918796,6739361915871,997075
1066,6739361919796,6739362916556,996760
1067,6739362920797,6739363916650,995853
1068,6739363920742,6739364914317,993575
1069,6739364918558,6739365915318,996760
1070,6739365919207,6739366913485,994278
1071,6739366918448,6739367914375,995927
1072,6739367918393,6739368912302,993909
1073,6739368918357,6739369915525,997168
1074,6739369919117,6739370916581,997464
1075,6739370919859,6739371915174,995315
1076,6739371919378,6739372913749,994371
1077,6739372918230,6739373912250,994020
1078,6739373918046,6739374913047,995001
1079,6739374917991,6739375912362,994371
1080,6739375917881,6739376913807,995926
1081,6739376917900,6739377912901,995001
1082,6739377917827,6739378913587,995760
1083,6739378917772,6739379913884,996112
1084,6739379917865,6739380912588,994723
1085,6739380917773,6739381914367,996594
1086,6739381917607,6739382913256,995649
1087,6739382917534,6739383913424,995890
1088,6739383917535,6739384912332,994797
1089,6739384917517,6739385915758,998241
1090,6739385919610,6739386916518,996908
1091,6739386920555,6739387914852,994297
1092,6739387918501,6739388894020,975519
1093,6739388916890,6739389885687,968797
1094,6739389921946,6739390888984,967038
1095,6739390916651,6739391883411,966760
1096,6739391921781,6739392888245,966464
1097,6739392916523,6739393883598,967075
1098,6739393921672,6739394888413,966741
1099,6739394916413,6739395883173,966760
1100,6739395921525,6739396888433,966908
1101,6739396916303,6739397882989,966686
1102,6739397921415,6739398888583,967168
1103,6739398916175,6739399883417,967242
1104,6739399921324,6739400886806,965482
1105,6739400916066,6739401883122,967056
1106,6739401921196,6739402887086,965890
1107,6739402915956,6739403882994,967038
1108,6739403921068,6739404887661,966593
1109,6739404915846,6739405882643,966797
1110,6739405920940,6739406886792,965852
1111,6739406915700,6739407882293,966593
1112,6739407920867,6739408887645,966778
1113,6739408915608,6739409883498,967890
1114,6739409920739,6739410887369,966630
1115,6739410915480,6739411881962,966482
1116,6739411920592,6739412885871,965279
1117,6739412915389,6739413881686,966297
1118,6739413920464,6739414887094,966630
1119,6739414915224,6739415881576,966352
1120,6739415920373,6739416885188,964815
1121,6739416915151,6739417881745,966594
1122,6739417920300,6739418886671,966371
1123,6739418915023,6739419882505,967482
1124,6739419920153,6739420885784,965631
1125,6739420914932,6739421881359,966427
1126,6739421920044,6739422886545,966501
1127,6739422914785,6739423881416,966631
1128,6739423919916,6739424884972,965056
1129,6739424914676,6739425881343,966667
1130,6739425919824,6739426886288,966464
1131,6739426914566,6739427881252,966686
1132,6739427919696,6739428884512,964816
1133,6739428914475,6739429881772,967297
1134,6739429919568,6739430886217,966649
1135,6739430914347,6739431880884,966537
1136,6739431919440,6739432885089,965649
1137,6739432914237,6739433881034,966797
1138,6739433919367,6739434884887,965520
1139,6739434914090,6739435880498,966408
1140,6739435919221,6739436884036,964815
1141,6739436914018,6739437880981,966963
1142,6739437919111,6739438885815,966704
1143,6739438913890,6739439880557,966667
1144,6739439919001,6739440884465,965464
1145,6739440913798,6739441879910,966112
1146,6739441918873,6739442884300,965427
1147,6739442913652,6739443880282,966630
1148,6739443918764,6739444884061,965297
1149,6739444913523,6739445880246,966723
1150,6739445918672,6739446885155,966483
1151,6739446913414,6739447879989,966575
1152,6739447918544,6739448884304,965760
1153,6739448913304,6739449881009,967705
1154,6739449918453,6739450883880,965427
1155,6739450913195,6739451879566,966371
1156,6739451918306,6739452883789,965483
1157,6739452913085,6739453879752,966667
1158,6739453918215,6739454883549,965334
1159,6739454912975,6739455879402,966427
1160,6739455918087,6739456884384,966297
1161,6739456912847,6739457878792,965945
1162,6739457917959,6739458883404,965445
1163,6739458912700,6739459880016,967316
1164,6739459917886,6739460883035,965149
1165,6739460912646,6739461879332,966686
1166,6739461917740,6739462883111,965371
1167,6739462912481,6739463879260,966779
1168,6739463917611,6739464883631,966020
1169,6739464912408,6739465879131,966723
1170,6739465917483,6739466883243,965760
1171,6739466912243,6739467878577,966334
1172,6739467917392,6739468888485,971093
1173,6739468912374,6739469880597,968223
1174,6739469917301,6739470883116,965815
1175,6739470912098,6739471878506,966408
1176,6739471917191,6739472893229,976038
1177,6739472912173,6739473907045,994872
1178,6739473912248,6739474906527,994279
1179,6739474912212,6739475907676,995464
1180,6739475912157,6739476903936,991779
1181,6739476912195,6739477909307,997112
1182,6739477913418,6739478909770,996352
1183,6739478914030,6739479911512,997482
1184,6739479915642,6739480908902,993260
1185,6739480913050,6739481906050,993000
1186,6739481911828,6739482907755,995927
1187,6739482911884,6739483908422,996538
1188,6739483912478,6739484905941,993463
1189,6739484911645,6739485906646,995001
1190,6739485911590,6739486904147,992557
1191,6739486911517,6739487908499,996982
1192,6739487912573,6739488906833,994260
1193,6739488911481,6739489906223,994742
1194,6739489911427,6739490906742,995315
1195,6739490911335,6739491907058,995723
1196,6739491911298,6739492904744,993446
1197,6739492911225,6739493907448,996223
1198,6739493911485,6739494907449,995964
1199,6739494911560,6739495905209,993649
1200,6739495911042,6739496902635,991593
1201,6739496911172,6739497907081,995909
1202,6739497910914,6739498906081,995167
1203,6739498910878,6739499908101,997223
1204,6739499911008,6739500904398,993390
1205,6739500910527,6739501907009,996482
1206,6739501910991,6739502905566,994575
1207,6739502910621,6739503905677,995056
1208,6739503910622,6739504903197,992575
1209,6739504910530,6739505904364,993834
1210,6739505910290,6739506907457,997167
1211,6739506911661,6739507909329,997668
1212,6739507913236,6739508908200,994964
1213,6739508912459,6739509910256,997797
1214,6739509913367,6739510905738,992371
1215,6739510910164,6739511907424,997260
1216,6739511911498,6739512905258,993760
1217,6739512910073,6739513905685,995612
1218,6739513910000,6739514906223,996223
1219,6739514910334,6739515902520,992186
1220,6739515909927,6739516905205,995278
1221,6739516909909,6739517906317,996408
1222,6739517910188,6739518903725,993537
1223,6739518909781,6739519906504,996723
1224,6739519910615,6739520901838,991223
1225,6739520909671,6739521903468,993797
1226,6739521909561,6739522909636,1000075
1227,6739522912914,6739523907859,994945
1228,6739523911877,6739524906619,994742
1229,6739524911267,6739525903490,992223
1230,6739525909323,6739526905491,996168
1231,6739526909750,6739527905788,996038
1232,6739527909917,6739528905270,995353
1233,6739528909770,6739529904770,995000
1234,6739529909196,6739530901882,992686
1235,6739530909049,6739531905327,996278
1236,6739531909216,6739532905643,996427
1237,6739532909458,6739533905440,995982
1238,6739533909273,6739534905941,996668
1239,6739534909941,6739535902404,992463
1240,6739535908756,6739536903905,995149
1241,6739536908887,6739537907832,998945
1242,6739537911721,6739538909296,997575
1243,6739538913481,6739539908963,995482
1244,6739539911222,6739540906371,995149
1245,6739540910501,6739541906298,995797
1246,6739541910113,6739542903465,993352
1247,6739542908317,6739543902336,994019
1248,6739543908373,6739544902763,994390
1249,6739544908281,6739545904227,995946
1250,6739545908227,6739546904061,995834
1251,6739546908412,6739547901895,993483
1252,6739547908043,6739548900451,992408
1253,6739548907803,6739549903915,996112
1254,6739549908044,6739550901526,993482
1255,6739550907860,6739551902601,994741
1256,6739551907786,6739552903435,995649
1257,6739552907954,6739553900473,992519
1258,6739553907714,6739554903678,995964
1259,6739554907863,6739555904549,996686
1260,6739555908475,6739556904290,995815
1261,6739556908549,6739557902476,993927
1262,6739557907457,6739558900810,993353
1263,6739558907384,6739559903163,995779
1264,6739559907552,6739560902367,994815
1265,6739560907312,6739561900812,993500
1266,6739561907238,6739562901906,994668
1267,6739562907276,6739563900554,993278
1268,6739563907203,6739564901092,993889
1269,6739564907166,6739565903037,995871
1270,6739565907130,6739566901186,994056
1271,6739566906908,6739567902113,995205
1272,6739567906798,6739568881503,974705
1273,6739568906577,6739569874059,967482
1274,6739569911633,6739570879671,968038
1275,6739570906319,6739571872968,966649
1276,6739571911375,6739572878635,967260
1277,6739572906191,6739573873062,966871
1278,6739573911284,6739574878062,966778
1279,6739574906025,6739575872434,966409
1280,6739575911193,6739576877749,966556
1281,6739576905953,6739577872065,966112
1282,6739577911102,6739578877695,966593
1283,6739578905825,6739579872307,966482
1284,6739579910936,6739580877696,966760
1285,6739580905696,6739581872253,966557
1286,6739581910808,6739582877365,966557
1287,6739582905587,6739583871847,966260
1288,6739583910736,6739584877292,966556
1289,6739584905514,6739585872052,966538
1290,6739585910626,6739586876571,965945
1291,6739586905367,6739587871683,966316
1292,6739587910442,6739588875906,965464
1293,6739588905239,6739589871981,966742
1294,6739589910425,6739590877407,966982
1295,6739590905130,6739591871575,966445
1296,6739591910241,6739592876613,966372
1297,6739592905038,6739593871835,966797
1298,6739593910113,6739594876818,966705
1299,6739594904910,6739595871096,966186
1300,6739595910022,6739596876245,966223
1301,6739596904764,6739597871450,966686
1302,6739597909894,6739598876617,966723
1303,6739598904691,6739599871229,966538
1304,6739599909803,6739600876007,966204
1305,6739600904600,6739601871212,966612
1306,6739601909675,6739602876490,966815
1307,6739602904435,6739603871121,966686
1308,6739603909509,6739604876269,966760
1309,6739604904306,6739605871048,966742
1310,6739605909418,6739606875975,966557
1311,6739606904215,6739607870105,965890
1312,6739607909346,6739608875383,966037
1313,6739608904106,6739609870662,966556
1314,6739609909199,6739610876885,967686
1315,6739610903959,6739611870515,966556
1316,6739611909126,6739612875849,966723
1317,6739612903849,6739613870683,966834
1318,6739613909017,6739614875443,966426
1319,6739614903758,6739615869777,966019
1320,6739615908870,6739616875019,966149
1321,6739616903667,6739617870334,966667
1322,6739617908742,6739618874817,966075
1323,6739618903539,6739619869836,966297
1324,6739619908632,6739620876281,967649
1325,6739620903392,6739621870208,966816
1326,6739621908541,6739622875060,966519
1327,6739622903283,6739623869691,966408
1328,6739623908357,6739624874617,966260
1329,6739624903210,6739625869933,966723
1330,6739625908285,6739626874693,966408
1331,6739626903082,6739627869360,966278
1332,6739627908175,6739628874491,966316
1333,6739628902935,6739629868991,966056
1334,6739629908102,6739630875362,967260
1335,6739630902844,6739631869326,966482
1336,6739631907937,6739632873901,965964
1337,6739632902734,6739633868994,966260
1338,6739633907846,6739634874106,966260
1339,6739634902606,6739635869033,966427
1340,6739635907736,6739636873200,965464
1341,6739636902515,6739637869071,966556
1342,6739637907590,6739638872868,965278
1343,6739638902387,6739639869147,966760
1344,6739639907499,6739640873647,966148
1345,6739640902277,6739641869130,966853
1346,6739641907407,6739642872760,965353
1347,6739642902149,6739643868557,966408
1348,6739643907261,6739644872798,965537
1349,6739644902039,6739645868466,966427
1350,6739645907133,6739646872652,965519
1351,6739646901930,6739647868208,966278
1352,6739647907041,6739648873005,965964
1353,6739648901820,6739649868006,966186
1354,6739649906895,6739650873155,966260
1355,6739650901655,6739651868026,966371
1356,6739651906859,6739652872304,965445
1357,6739652901545,6739653868305,966760
1358,6739653906675,6739654872306,965631
1359,6739654901454,6739655868436,966982
1360,6739655906547,6739656872029,965482
1361,6739656901307,6739657867993,966686
1362,6739657906438,6739658871772,965334
1363,6739658901179,6739659867661,966482
1364,6739659906309,6739660872014,965705
1365,6739660901106,6739661867552,966446
1366,6739661906218,6739662871515,965297
1367,6739662900960,6739663867201,966241
1368,6739663906090,6739664871813,965723
1369,6739664900869,6739665867240,966371
1370,6739665905999,6739666871092,965093
1371,6739666900722,6739667866926,966204
1372,6739667905871,6739668870686,964815
1373,6739668900649,6739669867206,966557
1374,6739669905798,6739670872040,966242
1375,6739670900521,6739671866948,966427
1376,6739671905651,6739672871041,965390
1377,6739672900467,6739673867060,966593
1378,6739673905560,6739674870783,965223
1379,6739674900302,6739675866765,966463
1380,6739675905432,6739676872414,966982
1381,6739676900192,6739677867878,967686
1382,6739677905341,6739678872582,967241
1383,6739678900064,6739679866620,966556
1384,6739679905194,6739680873232,968038
1385,6739680899973,6739681866344,966371
1386,6739681905085,6739682871419,966334
1387,6739682899863,6739683866345,966482
1388,6739683904975,6739684870939,965964
1389,6739684899754,6739685866032,966278
1390,6739685904884,6739686871385,966501
1391,6739686899588,6739687865978,966390
1392,6739687904774,6739688871164,966390
1393,6739688899497,6739689865313,965816
1394,6739689904609,6739690872776,968167
1395,6739690899388,6739691866055,966667
1396,6739691904536,6739692871593,967057
1397,6739692899296,6739693865945,966649
1398,6739693904427,6739694870594,966167
1399,6739694899150,6739695865687,966537
1400,6739695904299,6739696869966,965667
1401,6739696899040,6739697865615,966575
1402,6739697904207,6739698870467,966260
1403,6739698898912,6739699865227,966315
1404,6739699904042,6739700871506,967464
1405,6739700898802,6739701865377,966575
1406,6739701903933,6739702870433,966500
1407,6739702898693,6739703865323,966630
1408,6739703903823,6739704869583,965760
1409,6739704898601,6739705865287,966686
1410,6739705903713,6739706870214,966501
1411,6739706898455,6739707864659,966204
1412,6739707903548,6739708869678,966130
1413,6739708898382,6739709864179,965797
1414,6739709903494,6739710870772,967278
1415,6739710898235,6739711864606,966371
1416,6739711903366,6739712869348,965982
1417,6739712898163,6739713864886,966723
1418,6739713903238,6739714869572,966334
1419,6739714897998,6739715864461,966463
1420,6739715903128,6739716893629,990501
1421,6739716898369,6739717894259,995890
1422,6739717898222,6739718893667,995445
1423,6739718898278,6739719894483,996205
1424,6739719898242,6739720893465,995223
1425,6739720898132,6739721896077,997945
1426,6739721898817,6739722894800,995983
1427,6739722898874,6739723892671,993797
1428,6739723897912,6739724893116,995204
1429,6739724897875,6739725891969,994094
1430,6739725897802,6739726892951,995149
1431,6739726897543,6739727891933,994390
1432,6739727897729,6739728892637,994908
1433,6739728897748,6739729896879,999131
1434,6739729899231,6739730896194,996963
1435,6739730899954,6739731893788,993834
1436,6739731897288,6739732887659,990371
1437,6739732897418,6739733893215,995797
1438,6739733897345,6739734896364,999019
1439,6739734899919,6739735895587,995668
1440,6739735899531,6739736890810,991279
1441,6739736897217,6739737892848,995631
1442,6739737897181,6739738892200,995019
1443,6739738897071,6739739892775,995704
1444,6739739897071,6739740891776,994705
1445,6739740896998,6739741892054,995056
1446,6739741896906,6739742892592,995686
1447,6739742896907,6739743892945,996038
1448,6739743897019,6739744891205,994186
1449,6739744896834,6739745890890,994056
1450,6739745896650,6739746888873,992223
1451,6739746896632,6739747892373,995741
1452,6739747896596,6739748891170,994574
1453,6739748896485,6739749892079,995594
1454,6739749896412,6739750893061,996649
1455,6739750896301,6739751891561,995260
1456,6739751896413,6739752871766,975353
1457,6739752896062,6739753862989,966927
1458,6739753900989,6739754867508,966519
1459,6739754895749,6739755862416,966667
1460,6739755900861,6739756867306,966445
1461,6739756895676,6739757862844,967168
1462,6739757900733,6739758866733,966000
1463,6739758895511,6739759861882,966371
1464,6739759900641,6739760868161,967520
1465,6739760895420,6739761862309,966889
1466,6739761900513,6739762867292,966779
1467,6739762895292,6739763861885,966593
1468,6739763900422,6739764866552,966130
1469,6739764895164,6739765862016,966852
1470,6739765900312,6739766866443,966131
1471,6739766895072,6739767861388,966316
1472,6739767900166,6739768866352,966186
1473,6739768894944,6739769860963,966019
1474,6739769900038,6739770866816,966778
1475,6739770894816,6739771861798,966982
1476,6739771899946,6739772866003,966057
1477,6739772894725,6739773861040,966315
1478,6739773899818,6739774865134,965316
1479,6739774894597,6739775861097,966500
1480,6739775899727,6739776865061,965334
1481,6739776894506,6739777861099,966593
1482,6739777899580,6739778866211,966631
1483,6739778894359,6739779860841,966482
1484,6739779899471,6739780866120,966649
1485,6739780894268,6739781860602,966334
1486,6739781899324,6739782864714,965390
1487,6739782894103,6739783860511,966408
1488,6739783899214,6739784864234,965020
1489,6739784893993,6739785860420,966427
1490,6739785899105,6739786864791,965686
1491,6739786893883,6739787860125,966242
1492,6739787898977,6739788864459,965482
1493,6739788893755,6739789860071,966316
1494,6739789898848,6739790864201,965353
1495,6739790893664,6739791860109,966445
1496,6739791898776,6739792863758,964982
1497,6739792893554,6739793859888,966334
1498,6739793898685,6739794864982,966297
1499,6739794893408,6739795859742,966334
1500,6739795898538,6739796864798,966260
1501,6739796893335,6739797860428,967093
1502,6739797898428,6739798863799,965371
1503,6739798893188,6739799858856,965668
1504,6739799898319,6739800865486,967167
1505,6739800893134,6739801860153,967019
1506,6739801898190,6739802863265,965075
1507,6739802892969,6739803858951,965982
1508,6739803898081,6739804866119,968038
1509,6739804892878,6739805860045,967167
1510,6739805897953,6739806865509,967556
1511,6739806892713,6739807859213,966500
1512,6739807897861,6739808865584,967723
1513,6739808892640,6739809859474,966834
1514,6739809897733,6739810865345,967612
1515,6739810892530,6739811859290,966760
1516,6739811897587,6739812864772,967185
1517,6739812892402,6739813859255,966853
1518,6739813897514,6739814863885,966371
1519,6739814892274,6739815858960,966686
1520,6739815897404,6739816863738,966334
1521,6739816892164,6739817858739,966575
1522,6739817897258,6739818863888,966630
1523,6739818892036,6739819858703,966667
1524,6739819897129,6739820864538,967409
1525,6739820891945,6739821858779,966834
1526,6739821897038,6739822863391,966353
1527,6739822891798,6739823858077,966279
1528,6739823896947,6739824862948,966001
1529,6739824891689,6739825858115,966426
1530,6739825896800,6739826863431,966631
1531,6739826891597,6739827858172,966575
1532,6739827896691,6739828864229,967538
1533,6739828891469,6739829858229,966760
1534,6739829896581,6739830863619,967038
1535,6739830891341,6739831858046,966705
1536,6739831896453,6739832862472,966019
1537,6739832891250,6739833857936,966686
1538,6739833896343,6739834862733,966390
1539,6739834891103,6739835857789,966686
1540,6739835896252,6739836862234,965982
1541,6739836890994,6739837857180,966186
1542,6739837896124,6739838862810,966686
1543,6739838890865,6739839857588,966723
1544,6739839896014,6739840890830,994816
1545,6739840893626,6739841889571,995945
1546,6739841893608,6739842886368,992760
1547,6739842891479,6739843884573,993094
1548,6739843891110,6739844882648,991538
1549,6739844891074,6739845886074,995000
1550,6739845891056,6739846883038,991982
1551,6739846890908,6739847884465,993557
1552,6739847890872,6739848883151,992279
1553,6739848891132,6739849884114,992982
1554,6739849890799,6739850884782,993983
1555,6739850890745,6739851882579,991834
1556,6739851890616,6739852882042,991426
1557,6739852890635,6739853883469,992834
1558,6739853890506,6739854884025,993519
1559,6739854890470,6739855885174,994704
1560,6739855890322,6739856881360,991038
1561,6739856890249,6739857883250,993001
1562,6739857890361,6739858882713,992352
1563,6739858890232,6739859885103,994871
1564,6739859890084,6739860879770,989686
1565,6739860889993,6739861883271,993278
1566,6739861890012,6739862882605,992593
1567,6739862890013,6739863882476,992463
1568,6739863889976,6739864882718,992742
1569,6739864889940,6739865883589,993649
1570,6739865889589,6739866882015,992426
1571,6739866889719,6739867880294,990575
1572,6739867889646,6739868866184,976538
1573,6739868889406,6739869857203,967797
1574,6739869894351,6739870861111,966760
1575,6739870889129,6739871857538,968409
1576,6739871894167,6739872860890,966723
1577,6739872888927,6739873855595,966668
1578,6739873894058,6739874860762,966704
1579,6739874888855,6739875855689,966834
1580,6739875893929,6739876860689,966760
1581,6739876888763,6739877855635,966872
1582,6739877893820,6739878860024,966204
1583,6739878888635,6739879855080,966445
1584,6739879893729,6739880860414,966685
1585,6739880888489,6739881856489,968000
1586,6739881893656,6739882860583,966927
1587,6739882888360,6739883855009,966649
1588,6739883893509,6739884860084,966575
1589,6739884888214,6739885854992,966778
1590,6739885893400,6739886860178,966778
1591,6739886888160,6739887855179,967019
1592,6739887893253,6739888859902,966649
1593,6739888888068,6739889854291,966223
1594,6739889893162,6739890859533,966371
1595,6739890887866,6739891855460,967594
1596,6739891893052,6739892859090,966038
1597,6739892887775,6739893854794,967019
1598,6739893892887,6739894859628,966741
1599,6739894887702,6739895854537,966835
1600,6739895892777,6739896859463,966686
1601,6739896887630,6739897854279,966649
1602,6739897892723,6739898859705,966982
1603,6739898887428,6739899854391,966963
1604,6739899892576,6739900859022,966446
1605,6739900887373,6739901854152,966779
1606,6739901892485,6739902858653,966168
1607,6739902887227,6739903854320,967093
1608,6739903892320,6739904859025,966705
1609,6739904887154,6739905854044,966890
1610,6739905892248,6739906858822,966574
1611,6739906886989,6739907853156,966167
1612,6739907892082,6739908858879,966797
1613,6739908886879,6739909853639,966760
1614,6739909892010,6739910858547,966537
1615,6739910886770,6739911854770,968000
1616,6739911891881,6739912857586,965705
1617,6739912886679,6739913853364,966685
1618,6739913891772,6739914858310,966538
1619,6739914886550,6739915853144,966594
1620,6739915891644,6739916858070,966426
1621,6739916886422,6739917853182,966760
1622,6739917891571,6739918858368,966797
1623,6739918886275,6739919852887,966612
1624,6739919891443,6739920857166,965723
1625,6739920886203,6739921854278,968075
1626,6739921891278,6739922858093,966815
1627,6739922886075,6739923852816,966741
1628,6739923891205,6739924857780,966575
1629,6739924886002,6739925852706,966704
1630,6739925891095,6739926858059,966964
1631,6739926885818,6739927852486,966668
1632,6739927890967,6739928857116,966149
1633,6739928885746,6739929852413,966667
1634,6739929890858,6739930857766,966908
1635,6739930885618,6739931852322,966704
1636,6739931890729,6739932856897,966168
1637,6739932885508,6739933851768,966260
1638,6739933890638,6739934857472,966834
1639,6739934885380,6739935851436,966056
1640,6739935890529,6739936857474,966945
1641,6739936885270,6739937852419,967149
1642,6739937890382,6739938857253,966871
1643,6739938885160,6739939851994,966834
1644,6739939890254,6739940856495,966241
1645,6739940885069,6739941853070,968001
1646,6739941890163,6739942856960,966797
1647,6739942884886,6739943851460,966574
1648,6739943890053,6739944856609,966556
1649,6739944884813,6739945851480,966667
1650,6739945889906,6739946855944,966038
1651,6739946884703,6739947851408,966705
1652,6739947889797,6739948856186,966389
1653,6739948884575,6739949851576,967001
1654,6739949889687,6739950856502,966815
1655,6739950884465,6739951851892,967427
1656,6739951889577,6739952855948,966371
1657,6739952884356,6739953850931,966575
1658,6739953889468,6739954856265,966797
1659,6739954884228,6739955850784,966556
1660,6739955889358,6739956855766,966408
1661,6739956884118,6739957850896,966778
1662,6739957889230,6739958855730,966500
1663,6739958884008,6739959850324,966316
1664,6739959889120,6739960855750,966630
1665,6739960883880,6739961850788,966908
1666,6739961889010,6739962856604,967594
1667,6739962883789,6739963850327,966538
1668,6739963888919,6739964847050,958131
1669,6739964888827,6739965855810,966983
1670,6739965883569,6739966850329,966760
1671,6739966888699,6739967856144,967445
1672,6739967883478,6739968873386,989908
1673,6739968883997,6739969875109,991112
1674,6739969883850,6739970875850,992000
1675,6739970883758,6739971878962,995204
1676,6739971883758,6739972875759,992001
1677,6739972883759,6739973877630,993871
1678,6739973883630,6739974876372,992742
1679,6739974883612,6739975875798,992186
1680,6739975883410,6739976875781,992371
1681,6739976883707,6739977877189,993482
1682,6739977883374,6739978877245,993871
1683,6739978883245,6739979877820,994575
1684,6739979883209,6739980874080,990871
1685,6739980883135,6739981878636,995501
1686,6739981883192,6739982876303,993111
1687,6739982883063,6739983875397,992334
1688,6739983883138,6739984872490,989352
1689,6739984882972,6739985876602,993630
1690,6739985882935,6739986875214,992279
1691,6739986882843,6739987875252,992409
1692,6739987882807,6739988875049,992242
1693,6739988882826,6739989873938,991112
1694,6739989882623,6739990876143,993520
1695,6739990882624,6739991875236,992612
1696,6739991882532,6739992875570,993038
1697,6739992882496,6739993875497,993001
1698,6739993882460,6739994872386,989926
1699,6739994882405,6739995874906,992501
1700,6739995882313,6739996873091,990778
1701,6739996882369,6739997874648,992279
1702,6739997882222,6739998875093,992871
1703,6739998882223,6739999876094,993871
1704,6739999881834,6740000871557,989723
1705,6740000882002,6740001875169,993167
1706,6740001882058,6740002873466,991408
1707,6740002881744,6740003874263,992519
1708,6740003881930,6740004874394,992464
1709,6740004881875,6740005874968,993093
1710,6740005881802,6740006873451,991649
1711,6740006881784,6740007874136,992352
1712,6740007881433,6740008872730,991297
1713,6740008881674,6740009874805,993131
1714,6740009881490,6740010873842,992352
1715,6740010881398,6740011875788,994390
1716,6740011881399,6740012871010,989611
1717,6740012881455,6740013874956,993501
1718,6740013881289,6740014874586,993297
1719,6740014881197,6740015874179,992982
1720,6740015881179,6740016872736,991557
1721,6740016881291,6740017874403,993112
1722,6740017881070,6740018873163,992093
1723,6740018880959,6740019874664,993705
1724,6740019880941,6740020872572,991631
1725,6740020880887,6740021874128,993241
1726,6740021880813,6740022871221,990408
1727,6740022880814,6740023873148,992334
1728,6740023880759,6740024873019,992260
1729,6740024880667,6740025873335,992668
1730,6740025880631,6740026873798,993167
1731,6740026880558,6740027872447,991889
1732,6740027880540,6740028856596,976056
1733,6740028880263,6740029846949,966686
1734,6740029885115,6740030851894,966779
1735,6740030879894,6740031847524,967630
1736,6740031885024,6740032851506,966482
1737,6740032879766,6740033846637,966871
1738,6740033884896,6740034850841,965945
1739,6740034879619,6740035846453,966834
1740,6740035884749,6740036851195,966446
1741,6740036879546,6740037845751,966205
1742,6740037884640,6740038851140,966500
1743,6740038879363,6740039845808,966445
1744,6740039884530,6740040850642,966112
1745,6740040879290,6740041847161,967871
1746,6740041884420,6740042850866,966446
1747,6740042879180,6740043845459,966279
1748,6740043884311,6740044850441,966130
1749,6740044879071,6740045845627,966556
1750,6740045884183,6740046850294,966111
1751,6740046878924,6740047845684,966760
1752,6740047884036,6740048850333,966297
1753,6740048878888,6740049845685,966797
1754,6740049883963,6740050850001,966038
1755,6740050878705,6740051846243,967538
1756,6740051883854,6740052850262,966408
1757,6740052878577,6740053845244,966667
1758,6740053883670,6740054850282,966612
1759,6740054878430,6740055844931,966501
1760,6740055883542,6740056849857,966315
1761,6740056878320,6740057845284,966964
1762,6740057883469,6740058849933,966464
1763,6740058878211,6740059844526,966315
1764,6740059883341,6740060849286,965945
1765,6740060878119,6740061844676,966557
1766,6740061883231,6740062849676,966445
1767,6740062877973,6740063844548,966575
1768,6740063883122,6740064849011,965889
1769,6740064877882,6740065844105,966223
1770,6740065883012,6740066849457,966445
1771,6740066877753,6740067843995,966242
1772,6740067882902,6740068848570,965668
1773,6740068877662,6740069843867,966205
1774,6740069882774,6740070849016,966242
1775,6740070877516,6740071845127,967611
1776,6740071882664,6740072848554,965890
1777,6740072877424,6740073843870,966446
1778,6740073882518,6740074848907,966389
1779,6740074877296,6740075843686,966390
1780,6740075882427,6740076848464,966037
1781,6740076877187,6740077843891,966704
1782,6740077882280,6740078848521,966241
1783,6740078877058,6740079843448,966390
1784,6740079882170,6740080848041,965871
1785,6740080877060,6740081844746,967686
1786,6740081882079,6740082848598,966519
1787,6740082876821,6740083843414,966593
1788,6740083881951,6740084848063,966112
1789,6740084876711,6740085842915,966204
1790,6740085881860,6740086847861,966001
1791,6740086876583,6740087842954,966371
1792,6740087881732,6740088847843,966111
1793,6740088876492,6740089843048,966556
1794,6740089881603,6740090847938,966335
1795,6740090876401,6740091843586,967185
1796,6740091881494,6740092847828,966334
1797,6740092876272,6740093842866,966594
1798,6740093881403,6740094847811,966408
1799,6740094876126,6740095842386,966260
1800,6740095881256,6740096847516,966260
1801,6740096876072,6740097842554,966482
1802,6740097881146,6740098847166,966020
1803,6740098875925,6740099842426,966501
1804,6740099881037,6740100847037,966000
1805,6740100875797,6740101843520,967723
1806,6740101880964,6740102847465,966501
1807,6740102875687,6740103842132,966445
1808,6740103880799,6740104846688,965889
1809,6740104875596,6740105841763,966167
1810,6740105880689,6740106846968,966279
1811,6740106875468,6740107841672,966204
1812,6740107880561,6740108846895,966334
1813,6740108875321,6740109841840,966519
1814,6740109880470,6740110846545,966075
1815,6740110875211,6740111842527,967316
1816,6740111880360,6740112846768,966408
1817,6740112875120,6740113841621,966501
1818,6740113880232,6740114846307,966075
1819,6740114874899,6740115841437,966538
1820,6740115880141,6740116845975,965834
1821,6740116874882,6740117841161,966279
1822,6740117880031,6740118846662,966631
1823,6740118874754,6740119841385,966631
1824,6740119879885,6740120846052,966167
1825,6740120874663,6740121840793,966130
1826,6740121879793,6740122846294,966501
1827,6740122874516,6740123841165,966649
1828,6740123879628,6740124845592,965964
1829,6740124874425,6740125840926,966501
1830,6740125879537,6740126845871,966334
1831,6740126874297,6740127841001,966704
1832,6740127879427,6740128845650,966223
1833,6740128874206,6740129840170,965964
1834,6740129879318,6740130845059,965741
1835,6740130874078,6740131841930,967852
1836,6740131879208,6740132844838,965630
1837,6740132873968,6740133840598,966630
1838,6740133879080,6740134845303,966223
1839,6740134873840,6740135840267,966427
1840,6740135878952,6740136845045,966093
1841,6740136873749,6740137840490,966741
1842,6740137878879,6740138845417,966538
1843,6740138873621,6740139839881,966260
1844,6740139878751,6740140845066,966315
1845,6740140873492,6740141841289,967797
1846,6740141878623,6740142844920,966297
1847,6740142873438,6740143839421,965983
1848,6740143878532,6740144844847,966315
1849,6740144873292,6740145839829,966537
1850,6740145878422,6740146844978,966556
1851,6740146873126,6740147839590,966464
1852,6740147878275,6740148844443,966168
1853,6740148873054,6740149839740,966686
1854,6740149878147,6740150844555,966408
1855,6740150872907,6740151840241,967334
1856,6740151878019,6740152844316,966297
1857,6740152872816,6740153839539,966723
1858,6740153877965,6740154844410,966445
1859,6740154872688,6740155839096,966408
1860,6740155877800,6740156844411,966611
1861,6740156872578,6740157838968,966390
1862,6740157877671,6740158843839,966168
1863,6740158872450,6740159839025,966575
1864,6740159877580,6740160843581,966001
1865,6740160872359,6740161839193,966834
1866,6740161877489,6740162843490,966001
1867,6740162872231,6740163838861,966630
1868,6740163877361,6740164843547,966186
1869,6740164872121,6740165838677,966556
1870,6740165877270,6740166843715,966445
1871,6740166872030,6740167839123,967093
1872,6740167877105,6740168843309,966204
1873,6740168871883,6740169838402,966519
1874,6740169877032,6740170842773,965741
1875,6740170871773,6740171842645,970872
1876,6740171876904,6740172843182,966278
1877,6740172871682,6740173837998,966316
1878,6740173876776,6740174843258,966482
1879,6740174871536,6740175838110,966574
1880,6740175876647,6740176842019,965372
1881,6740176871445,6740177837945,966500
1882,6740177876538,6740178843094,966556
1883,6740178871316,6740179837799,966483
1884,6740179876447,6740180841929,965482
1885,6740180871207,6740181837652,966445
1886,6740181876356,6740182842875,966519
1887,6740182871097,6740183837709,966612
1888,6740183876190,6740184841765,965575
1889,6740184870969,6740185837118,966149
1890,6740185876081,6740186841674,965593
1891,6740186870841,6740187837323,966482
1892,6740187876008,6740188843898,967890
1893,6740188870750,6740189838472,967722
1894,6740189875861,6740190843510,967649
1895,6740190870640,6740191837659,967019
1896,6740191875752,6740192842845,967093
1897,6740192870493,6740193837142,966649
1898,6740193875642,6740194841865,966223
1899,6740194870384,6740195837384,967000
1900,6740195875495,6740196842441,966946
1901,6740196870292,6740197836997,966705
1902,6740197875404,6740198842238,966834
1903,6740198870183,6740199836628,966445
1904,6740199875276,6740200841258,965982
1905,6740200870055,6740201836685,966630
1906,6740201875166,6740202841778,966612
1907,6740202869908,6740203836464,966556
1908,6740203875020,6740204841465,966445
1909,6740204869817,6740205836429,966612
1910,6740205874947,6740206841429,966482
1911,6740206869689,6740207836374,966685
1912,6740207874856,6740208841134,966278
1913,6740208869616,6740209836394,966778
1914,6740209874709,6740210841136,966427
1915,6740210869451,6740211835896,966445
1916,6740211874618,6740212840711,966093
1917,6740212869378,6740213836045,966667
1918,6740213874490,6740214841046,966556
1919,6740214869268,6740215835343,966075
1920,6740215874362,6740216869955,995593
1921,6740216873122,6740217876160,1003038
1922,6740217879585,6740218876827,997242
1923,6740218880457,6740219875328,994871
1924,6740219878791,6740220873884,995093
1925,6740220876662,6740221873792,997130
1926,6740221875903,6740222870904,995001
1927,6740222874422,6740223870905,996483
1928,6740223874627,6740224869831,995204
1929,6740224873257,6740225868388,995131
1930,6740225871739,6740226869073,997334
1931,6740226873092,6740227871667,998575
1932,6740227875759,6740228875334,999575
1933,6740228879612,6740229858909,979297
1934,6740229868390,6740230836836,968446
1935,6740230874391,6740231838207,963816
1936,6740231868244,6740232836615,968371
1937,6740232874467,6740233839393,964926
1938,6740233868134,6740234835635,967501
1939,6740234873450,6740235841284,967834
1940,6740235868080,6740236837396,969316
1941,6740236868025,6740237833915,965890
1942,6740237873100,6740238838434,965334
1943,6740238867897,6740239835972,968075
1944,6740239873601,6740240841084,967483
1945,6740240867750,6740241834436,966686
1946,6740241872936,6740242841641,968705
1947,6740242867789,6740243835178,967389
1948,6740243872993,6740244838309,965316
1949,6740244867494,6740245833328,965834
1950,6740245872754,6740246838088,965334
1951,6740246867347,6740247832755,965408
1952,6740247872589,6740248837052,964463
1953,6740248867330,6740249833979,966649
1954,6740249872498,6740250840128,967630
1955,6740250867258,6740251834351,967093
1956,6740251872166,6740252837389,965223
1957,6740252867055,6740253836130,969075
1958,6740253873908,6740254839186,965278
1959,6740254867057,6740255832520,965463
1960,6740255872076,6740256836354,964278
1961,6740256866762,6740257831911,965149
1962,6740257872040,6740258837023,964983
1963,6740258866689,6740259833357,966668
1964,6740259871838,6740260838487,966649
1965,6740260866672,6740261834617,967945
1966,6740261872784,6740262838044,965260
1967,6740262866544,6740263832952,966408
1968,6740263871600,6740264837601,966001
1969,6740264866490,6740265833731,967241
1970,6740265871509,6740266838454,966945
1971,6740266866325,6740267831418,965093
1972,6740267871381,6740268837326,965945
1973,6740268866030,6740269831642,965612
1974,6740269871271,6740270839605,968334
1975,6740270866050,6740271833439,967389
1976,6740271871421,6740272838940,967519
1977,6740272865996,6740273833996,968000
1978,6740273871867,6740274836219,964352
1979,6740274865757,6740275832720,966963
1980,6740275870868,6740276835999,965131
1981,6740276866332,6740277833481,967149
1982,6740277871407,6740278838093,966686
1983,6740278865500,6740279831630,966130
1984,6740279870797,6740280837076,966279
1985,6740280865298,6740281830965,965667
1986,6740281870576,6740282836336,965760
1987,6740282865373,6740283832226,966853
1988,6740283870467,6740284836782,966315
1989,6740284865227,6740285831672,966445
1990,6740285870376,6740286836469,966093
1991,6740286865210,6740287832655,967445
1992,6740287870118,6740288833878,963760
1993,6740288864989,6740289833230,968241
1994,6740289870990,6740290837916,966926
1995,6740290864879,6740291832769,967890
1996,6740291870547,6740292826529,955982
1997,6740292869844,6740293820178,950334
1998,6740293869604,6740294819438,949834
1999,6740294869530,6740295819531,950001
2000,6740295869475,6740296819365,949890
2001,6740296869402,6740297819755,950353
2002,6740297869366,6740298819015,949649
2003,6740298869292,6740299819441,950149
2004,6740299869219,6740300819183,949964
2005,6740300869220,6740301818832,949612
2006,6740301869128,6740302820610,951482
2007,6740302869073,6740303819037,949964
2008,6740303869000,6740304818815,949815
2009,6740304868963,6740305818853,949890
2010,6740305868890,6740306818780,949890
2011,6740306868817,6740307818947,950130
2012,6740307868780,6740308818429,949649
2013,6740308868726,6740309818449,949723
2014,6740309868689,6740310818820,950131
2015,6740310868597,6740311818302,949705
2016,6740311868524,6740312818284,949760
2017,6740312868525,6740313818470,949945
2018,6740313868452,6740314818304,949852
2019,6740314868378,6740315818268,949890
2020,6740315868286,6740316824731,956445
2021,6740316868602,6740317836177,967575
2022,6740317863343,6740318830863,967520
2023,6740318868474,6740319834808,966334
2024,6740319863234,6740320830420,967186
2025,6740320868383,6740321834994,966611
2026,6740321863143,6740322830347,967204
2027,6740322868236,6740323834440,966204
2028,6740323862959,6740324829163,966204
2029,6740324868126,6740325834812,966686
2030,6740325862868,6740326829239,966371
2031,6740326867979,6740327834610,966631
2032,6740327862721,6740328828870,966149
2033,6740328867925,6740329834167,966242
2034,6740329862630,6740330829093,966463
2035,6740330867760,6740331834187,966427
2036,6740331862576,6740332829836,967260
2037,6740332867651,6740333834151,966500
2038,6740333862392,6740334828708,966316
2039,6740334867522,6740335834171,966649
2040,6740335862264,6740336828153,965889
2041,6740336867450,6740337834210,966760
2042,6740337862154,6740338828544,966390
2043,6740338867285,6740339833656,966371
2044,6740339862082,6740340828601,966519
2045,6740340867212,6740341833601,966389
2046,6740341861935,6740342829065,967130
2047,6740342867065,6740343833399,966334
2048,6740343861881,6740344827733,965852
2049,6740344866974,6740345833327,966353
2050,6740345861697,6740346827772,966075
2051,6740346866827,6740347833050,966223
2052,6740347861606,6740348827921,966315
2053,6740348866773,6740349833107,966334
2054,6740349861478,6740350828034,966556
2055,6740350866608,6740351833331,966723
2056,6740351861368,6740352828017,966649
2057,6740352866535,6740353833277,966742
2058,6740353861258,6740354827852,966594
2059,6740354866370,6740355832741,966371
2060,6740355861112,6740356827372,966260
2061,6740356866279,6740357832761,966482
2062,6740357861076,6740358827540,966464
2063,6740358866169,6740359832596,966427
2064,6740359860892,6740360827282,966390
2065,6740360866078,6740361832283,966205
2066,6740361860801,6740362828006,967205
2067,6740362865969,6740363832377,966408
2068,6740363860729,6740364826674,965945
2069,6740364865822,6740365832563,966741
2070,6740365860563,6740366826416,965853
2071,6740366865694,6740367832065,966371
2072,6740367860454,6740368826695,966241
2073,6740368865603,6740369832307,966704
2074,6740369860344,6740370827123,966779
2075,6740370865474,6740371832086,966612
2076,6740371860216,6740372828568,968352
2077,6740372865365,6740373832032,966667
2078,6740373860088,6740374826718,966630
2079,6740374865218,6740375831589,966371
2080,6740375859997,6740376825701,965704
2081,6740376865127,6740377831276,966149
2082,6740377859850,6740378825925,966075
2083,6740378864980,6740379831499,966519
2084,6740379859777,6740380826371,966594
2085,6740380864945,6740381830834,965889
2086,6740381859649,6740382827039,967390
2087,6740382864798,6740383831632,966834
2088,6740383859521,6740384825670,966149
2089,6740384864670,6740385831189,966519
2090,6740385859411,6740386825930,966519
2091,6740386864542,6740387830987,966445
2092,6740387859320,6740388825228,965908
2093,6740388864450,6740389831044,966594
2094,6740389859173,6740390825767,966594
2095,6740390864341,6740391830879,966538
2096,6740391859064,6740392826676,967612
2097,6740392864194,6740393830473,966279
2098,6740393858936,6740394825566,966630
2099,6740394864103,6740395830326,966223
2100,6740395858844,6740396824678,965834
2101,6740396863993,6740397830698,966705
2102,6740397858716,6740398825180,966464
2103,6740398863865,6740399830292,966427
2104,6740399858607,6740400824737,966130
2105,6740400863756,6740401830238,966482
2106,6740401858497,6740402825924,967427
2107,6740402863609,6740403830054,966445
2108,6740403858387,6740404824721,966334
2109,6740404863573,6740405830018,966445
2110,6740405858278,6740406824371,966093
2111,6740406863408,6740407829853,966445
2112,6740407858131,6740408824409,966278
2113,6740408863317,6740409829892,966575
2114,6740409858058,6740410824596,966538
2115,6740410863170,6740411829615,966445
2116,6740411857930,6740412824283,966353
2117,6740412863042,6740413829524,966482
2118,6740413857802,6740414824266,966464
2119,6740414862932,6740415829396,966464
2120,6740415857674,6740416823582,965908
2121,6740416862841,6740417829768,966927
2122,6740417857564,6740418824213,966649
2123,6740418862695,6740419829251,966556
2124,6740419857455,6740420823863,966408
2125,6740420862585,6740421829178,966593
2126,6740421857345,6740422825123,967778
2127,6740422862438,6740423829050,966612
2128,6740423857217,6740424823273,966056
2129,6740424862366,6740425829051,966685
2130,6740425857107,6740426823589,966482
2131,6740426862237,6740427828238,966001
2132,6740427857016,6740428822998,965982
2133,6740428862165,6740429828591,966426
2134,6740429856869,6740430823314,966445
2135,6740430862018,6740431828241,966223
2136,6740431856778,6740432823686,966908
2137,6740432861908,6740433828502,966594
2138,6740433856650,6740434823039,966389
2139,6740434861743,6740435828355,966612
2140,6740435856559,6740436822763,966204
2141,6740436861671,6740437828282,966611
2142,6740437856431,6740438822746,966315
2143,6740438861579,6740439828080,966501
2144,6740439856339,6740440822618,966279
2145,6740440861451,6740441828119,966668
2146,6740441856174,6740442823897,967723
2147,6740442861323,6740443827898,966575
2148,6740443856083,6740444822528,966445
2149,6740444861269,6740445828177,966908
2150,6740445855955,6740446822456,966501
2151,6740446861085,6740447827716,966631
2152,6740447855827,6740448822568,966741
2153,6740448861013,6740449827550,966537
2154,6740449855736,6740450822088,966352
2155,6740450860847,6740451827700,966853
2156,6740451855644,6740452823127,967483
2157,6740452860756,6740453827424,966668
2158,6740453855498,6740454821869,966371
2159,6740454860665,6740455827388,966723
2160,6740455855388,6740456821204,965816
2161,6740456860518,6740457827019,966501
2162,6740457855278,6740458822001,966723
2163,6740458860409,6740459826743,966334
2164,6740459855150,6740460820558,965408
2165,6740460860299,6740461826615,966316
2166,6740461855078,6740462822412,967334
2167,6740462860152,6740463826931,966779
2168,6740463854912,6740464821135,966223
2169,6740464860043,6740465826729,966686
2170,6740465854821,6740466821581,966760
2171,6740466859970,6740467826638,966668
2172,6740467854730,6740468846138,991408
2173,6740468854898,6740469850509,995611
2174,6740469854935,6740470852677,997742
2175,6740470856880,6740471854177,997297
2176,6740471858215,6740472861067,1002852
2177,6740472865160,6740473860586,995426
2178,6740473863920,6740474860606,996686
2179,6740474864032,6740475861199,997167
2180,6740475864810,6740476840885,976075
2181,6740476854477,6740477822015,967538
2182,6740477859386,6740478826090,966704
2183,6740478854127,6740479821276,967149
2184,6740479859239,6740480825888,966649
2185,6740480854054,6740481820963,966909
2186,6740481859148,6740482827111,967963
2187,6740482853945,6740483820797,966852
2188,6740483859038,6740484825891,966853
2189,6740484853817,6740485820577,966760
2190,6740485858891,6740486825133,966242
2191,6740486853651,6740487820597,966946
2192,6740487858800,6740488825412,966612
2193,6740488853560,6740489820857,967297
2194,6740489858709,6740490825710,967001
2195,6740490853451,6740491820433,966982
2196,6740491858562,6740492825859,967297
2197,6740492853378,6740493820471,967093
2198,6740493858434,6740494825416,966982
2199,6740494853176,6740495819510,966334
2200,6740495858362,6740496824436,966074
2201,6740496853103,6740497820326,967223
2202,6740497858196,6740498825179,966983
2203,6740498853012,6740499820124,967112
2204,6740499858124,6740500824736,966612
2205,6740500852847,6740501819607,966760
2206,6740501857977,6740502825163,967186
2207,6740502852737,6740503819682,966945
2208,6740503857886,6740504824572,966686
2209,6740504852646,6740505819573,966927
2210,6740505857776,6740506824647,966871
2211,6740506852536,6740507819241,966705
2212,6740507857685,6740508824390,966705
2213,6740508852408,6740509819538,967130
2214,6740509857520,6740510824298,966778
2215,6740510852317,6740511819299,966982
2216,6740511857429,6740512823818,966389
2217,6740512852189,6740513818356,966167
2218,6740513857319,6740514824042,966723
2219,6740514852061,6740515818913,966852
2220,6740515857191,6740516823766,966575
2221,6740516851932,6740517818359,966427
2222,6740517857063,6740518823841,966778
2223,6740518851823,6740519818212,966389
2224,6740519856916,6740520823398,966482
2225,6740520851695,6740521818529,966834
2226,6740521856843,6740522826807,969964
2227,6740522851603,6740523818900,967297
2228,6740523856715,6740524823531,966816
2229,6740524851475,6740525817976,966501
2230,6740525856587,6740526823125,966538
2231,6740526851384,6740527818329,966945
2232,6740527856477,6740528823089,966612
2233,6740528851293,6740529818294,967001
2234,6740529856331,6740530822183,965852
2235,6740530851109,6740531817777,966668
2236,6740531856221,6740532822685,966464
2237,6740532851037,6740533818019,966982
2238,6740533856167,6740534821760,965593
2239,6740534850927,6740535817557,966630
2240,6740535856020,6740536821540,965520
2241,6740536850799,6740537817929,967130
2242,6740537855911,6740538821559,965648
2243,6740538850671,6740539818116,967445
2244,6740539855838,6740540821802,965964
2245,6740540850542,6740541817562,967020
2246,6740541855654,6740542822525,966871
2247,6740542850451,6740543817600,967149
2248,6740543855582,6740544821582,966000
2249,6740544850323,6740545817231,966908
2250,6740545855491,6740546821047,965556
2251,6740546850213,6740547816899,966686
2252,6740547855344,6740548820937,965593
2253,6740548850085,6740549816642,966557
2254,6740549855197,6740550820809,965612
2255,6740550849957,6740551816865,966908
2256,6740551855069,6740552820847,965778
2257,6740552849847,6740553816515,966668
2258,6740553855015,6740554821904,966889
2259,6740554849756,6740555816090,966334
2260,6740555854850,6740556820758,965908
2261,6740556849610,6740557816333,966723
2262,6740557854740,6740558820685,965945
2263,6740558849519,6740559816223,966704
2264,6740559854667,6740560820464,965797
2265,6740560849390,6740561816354,966964
2266,6740561854539,6740562820373,965834
2267,6740562849281,6740563817022,967741
2268,6740563854355,6740564819838,965483
2269,6740564849153,6740565815746,966593
2270,6740565854283,6740566819617,965334
2271,6740566849061,6740567815840,966779
2272,6740567854173,6740568819433,965260
2273,6740568848970,6740569815749,966779
2274,6740569854064,6740570819786,965722
2275,6740570848805,6740571815232,966427
2276,6740571853954,6740572819992,966038
2277,6740572848695,6740573816641,967946
2278,6740573853807,6740574819345,965538
2279,6740574848567,6740575815086,966519
2280,6740575853698,6740576819143,965445
2281,6740576848476,6740577815403,966927
2282,6740577853569,6740578819033,965464
2283,6740578848311,6740579815441,967130
2284,6740579853497,6740580819609,966112
2285,6740580848257,6740581815054,966797
2286,6740581853369,6740582820166,966797
2287,6740582848092,6740583815685,967593
2288,6740583853259,6740584819315,966056
2289,6740584848000,6740585814631,966631
2290,6740585853149,6740586818520,965371
2291,6740586847909,6740587814021,966112
2292,6740587853021,6740588843707,990686
2293,6740588847966,6740589838004,990038
2294,6740589848115,6740590841764,993649
2295,6740590848116,6740591840339,992223
2296,6740591848117,6740592840358,992241
2297,6740592848062,6740593840933,992871
2298,6740593847896,6740594840767,992871
2299,6740594847822,6740595840638,992816
2300,6740595847823,6740596843842,996019
2301,6740596847787,6740597840232,992445
2302,6740597847732,6740598840955,993223
2303,6740598847381,6740599838233,990852
2304,6740599847567,6740600839549,991982
2305,6740600847493,6740601840383,992890
2306,6740601847328,6740602840088,992760
2307,6740602847458,6740603840162,992704
2308,6740603847348,6740604839811,992463
2309,6740604847274,6740605841756,994482
2310,6740605847349,6740606840239,992890
2311,6740606846998,6740607839054,992056
2312,6740607847202,6740608838147,990945
2313,6740608847110,6740609842056,994946
2314,6740609846963,6740610838779,991816
2315,6740610846945,6740611838335,991390
2316,6740611846650,6740612837447,990797
2317,6740612846669,6740613839244,992575
2318,6740613846799,6740614839356,992557
2319,6740614846818,6740615839597,992779
2320,6740615846745,6740616839320,992575
2321,6740616846598,6740617838358,991760
2322,6740617846487,6740618839136,992649
2323,6740618846525,6740619841044,994519
2324,6740619846396,6740620837415,991019
2325,6740620846564,6740621837916,991352
2326,6740621846268,6740622838584,992316
2327,6740622846361,6740623843695,997334
2328,6740623847362,6740624839455,992093
2329,6740624845974,6740625837845,991871
2330,6740625846104,6740626837790,991686
2331,6740626845994,6740627837902,991908
2332,6740627846013,6740628838866,992853
2333,6740628845940,6740629836478,990538
2334,6740629845626,6740630837182,991556
2335,6740630845793,6740631839831,994038
2336,6740631845831,6740632837220,991389
2337,6740632845683,6740633841240,995557
2338,6740633845555,6740634837129,991574
2339,6740634845555,6740635837630,992075
2340,6740635845574,6740636837686,992112
2341,6740636845409,6740637838557,993148
2342,6740637845409,6740638837558,992149
2343,6740638845391,6740639835948,990557
2344,6740639845263,6740640837523,992260
2345,6740640845263,6740641838746,993483
2346,6740641845227,6740642837154,991927
2347,6740642845246,6740643838617,993371
2348,6740643845080,6740644834655,989575
2349,6740644845044,6740645837711,992667
2350,6740645844897,6740646836675,991778
2351,6740646844916,6740647836768,991852
2352,6740647845139,6740648836917,991778
2353,6740648844806,6740649838974,994168
2354,6740649844733,6740650836771,992038
2355,6740650844715,6740651837086,992371
2356,6740651844679,6740652836716,992037
2357,6740652844605,6740653839088,994483
2358,6740653844458,6740654834885,990427
2359,6740654844440,6740655837478,993038
2360,6740655844478,6740656823682,979204
2361,6740656843960,6740657811257,967297
2362,6740657848998,6740658817239,968241
2363,6740658843813,6740659810833,967020
2364,6740659848925,6740660816519,967594
2365,6740660843611,6740661810297,966686
2366,6740661848760,6740662815687,966927
2367,6740662843502,6740663811706,968204
2368,6740663848632,6740664816151,967519
2369,6740664843392,6740665810115,966723
2370,6740665848467,6740666815616,967149
2371,6740666843245,6740667809894,966649
2372,6740667848376,6740668814747,966371
2373,6740668843136,6740669810081,966945
2374,6740669848284,6740670815044,966760
2375,6740670842989,6740671809952,966963
2376,6740671848156,6740672813972,965816
2377,6740672842916,6740673809398,966482
2378,6740673848065,6740674815232,967167
2379,6740674842807,6740675809363,966556
2380,6740675847937,6740676815215,967278
2381,6740676842715,6740677809772,967057
2382,6740677847809,6740678814569,966760
2383,6740678842569,6740679809477,966908
2384,6740679847736,6740680814681,966945
2385,6740680842459,6740681809441,966982
2386,6740681847552,6740682814349,966797
2387,6740682842386,6740683809869,967483
2388,6740683847535,6740684814240,966705
2389,6740684842277,6740685809092,966815
2390,6740685847333,6740686813963,966630
2391,6740686842149,6740687809020,966871
2392,6740687847260,6740688813706,966446
2393,6740688842039,6740689809040,967001
2394,6740689847114,6740690813966,966852
2395,6740690841911,6740691808634,966723
2396,6740691847023,6740692814060,967037
2397,6740692841820,6740693810024,968204
2398,6740693846876,6740694813432,966556
2399,6740694841636,6740695808229,966593
2400,6740695846748,6740696813360,966612
2401,6740696841545,6740697808360,966815
2402,6740697846731,6740698813139,966408
2403,6740698841398,6740699808158,966760
2404,6740699846547,6740700820807,974260
2405,6740700841307,6740701809141,967834
2406,6740701846474,6740702814382,967908
2407,6740702841197,6740703808902,967705
2408,6740703846346,6740704814199,967853
2409,6740704841125,6740705808125,967000
2410,6740705846199,6740706812478,966279
2411,6740706840978,6740707807793,966815
2412,6740707846090,6740708812924,966834
2413,6740708840850,6740709807925,967075
2414,6740709845999,6740710812648,966649
2415,6740710840722,6740711807352,966630
2416,6740711845870,6740712812371,966501
2417,6740712840630,6740713808687,968057
2418,6740713845779,6740714812558,966779
2419,6740714840502,6740715807651,967149
2420,6740715845633,6740716812189,966556
2421,6740716840411,6740717807208,966797
2422,6740717845504,6740718812209,966705
2423,6740718840246,6740719807265,967019
2424,6740719845413,6740720812025,966612
2425,6740720840173,6740721807600,967427
2426,6740721845285,6740722812212,966927
2427,6740722840027,6740723808416,968389
2428,6740723845287,6740724813621,968334
2429,6740724839954,6740725809362,969408
2430,6740725845733,6740726814955,969222
2431,6740726839863,6740727806752,966889
2432,6740727844975,6740728811494,966519
2433,6740728839735,6740729806421,966686
2434,6740729844884,6740730811440,966556
2435,6740730839607,6740731806404,966797
2436,6740731844718,6740732811089,966371
2437,6740732839515,6740733806331,966816
2438,6740733844664,6740734811332,966668
2439,6740734839369,6740735806129,966760
2440,6740735844518,6740736810870,966352
2441,6740736839259,6740737806000,966741
2442,6740737844408,6740738810983,966575
2443,6740738839168,6740739806150,966982
2444,6740739844261,6740740810632,966371
2445,6740740839040,6740741805818,966778
2446,6740741844152,6740742810763,966611
2447,6740742838949,6740743806764,967815
2448,6740743844060,6740744809913,965853
2449,6740744838857,6740745805636,966779
2450,6740745843932,6740746809692,965760
2451,6740746838711,6740747805711,967000
2452,6740747843786,6740748808842,965056
2453,6740748838601,6740749805305,966704
2454,6740749843694,6740750809288,965594
2455,6740750838454,6740751804937,966483
2456,6740751843585,6740752809437,965852
2457,6740752838363,6740753806253,967890
2458,6740753843549,6740754809124,965575
2459,6740754838217,6740755805273,967056
2460,6740755843365,6740756809199,965834
2461,6740756838125,6740757804700,966575
2462,6740757843274,6740758808868,965594
2463,6740758837997,6740759804294,966297
2464,6740759843091,6740760808869,965778
2465,6740760837888,6740761804648,966760
2466,6740761842981,6740762808537,965556
2467,6740762837759,6740763805334,967575
2468,6740763842908,6740764810687,967779
2469,6740764837650,6740765804336,966686
2470,6740765842762,6740766808281,965519
2471,6740766837540,6740767804059,966519
2472,6740767842615,6740768808301,965686
2473,6740768837393,6740769804098,966705
2474,6740769842524,6740770808284,965760
2475,6740770837265,6740771804359,967094
2476,6740771842451,6740772808230,965779
2477,6740772837211,6740773804471,967260
2478,6740773842249,6740774807657,965408
2479,6740774837009,6740775803510,966501
2480,6740775842213,6740776807788,965575
2481,6740776836955,6740777803696,966741
2482,6740777842030,6740778807567,965537
2483,6740778836771,6740779803272,966501
2484,6740779841938,6740780808198,966260
2485,6740780836698,6740781803310,966612
2486,6740781841810,6740782808848,967038
2487,6740782836589,6740783804386,967797
2488,6740783841719,6740784808312,966593
2489,6740784836535,6740785803109,966574
2490,6740785841572,6740786808203,966631
2491,6740786836332,6740787802648,966316
2492,6740787841500,6740788808001,966501
2493,6740788836260,6740789803112,966852
2494,6740789841390,6740790807983,966593
2495,6740790836095,6740791802688,966593
2496,6740791841243,6740792808133,966890
2497,6740792836003,6740793803467,967464
2498,6740793841171,6740794806264,965093
2499,6740794835894,6740795802524,966630
2500,6740795841024,6740796809173,968149
2501,6740796835766,6740797803859,968093
2502,6740797840914,6740798807563,966649
2503,6740798835656,6740799802342,966686
2504,6740799840805,6740800807528,966723
2505,6740800835546,6740801802899,967353
2506,6740801840695,6740802807325,966630
2507,6740802835474,6740803802104,966630
2508,6740803840548,6740804806920,966372
2509,6740804835364,6740805802068,966704
2510,6740805840457,6740806807217,966760
2511,6740806835217,6740807801533,966316
2512,6740807840329,6740808806793,966464
2513,6740808835089,6740809802034,966945
2514,6740809840238,6740810806868,966630
2515,6740810834979,6740811801462,966483
2516,6740811840110,6740812806592,966482
2517,6740812834870,6740813802574,967704
2518,6740813839982,6740814806668,966686
2519,6740814834742,6740815801076,966334
2520,6740815839891,6740816805947,966056
2521,6740816834651,6740817801262,966611
2522,6740817839781,6740818806559,966778
2523,6740818834504,6740819800930,966426
2524,6740819839616,6740820805968,966352
2525,6740820834413,6740821801136,966723
2526,6740821839562,6740822806433,966871
2527,6740822834266,6740823802156,967890
2528,6740823839489,6740824805786,966297
2529,6740824834175,6740825801139,966964
2530,6740825839361,6740826806047,966686
2531,6740826834047,6740827800807,966760
2532,6740827839177,6740828805770,966593
2533,6740828833937,6740829800660,966723
2534,6740829839049,6740830805383,966334
2535,6740830833846,6740831800161,966315
2536,6740831838921,6740832805625,966704
2537,6740832833699,6740833801311,967612
2538,6740833838885,6740834805608,966723
2539,6740834833571,6740835799849,966278
2540,6740835838720,6740836830665,991945
2541,6740836835202,6740837828462,993260
2542,6740837833962,6740838827704,993742
2543,6740838833852,6740839827260,993408
2544,6740839833778,6740840826335,992557
2545,6740840833798,6740841827335,993537
2546,6740841833743,6740842826188,992445
2547,6740842833595,6740843827892,994297
2548,6740843833559,6740844825745,992186
2549,6740844833560,6740845827172,993612
2550,6740845833690,6740846827432,993742
2551,6740846833413,6740847827988,994575
2552,6740847833284,6740848824785,991501
2553,6740848833322,6740849826415,993093
2554,6740849833156,6740850826027,992871
2555,6740850833175,6740851826380,993205
2556,6740851833120,6740852827343,994223
2557,6740852833103,6740853826455,993352
2558,6740853832992,6740854824549,991557
2559,6740854832919,6740855826308,993389
2560,6740855833068,6740856825624,992556
2561,6740856832883,6740857825773,992890
2562,6740857832791,6740858826274,993483
2563,6740858832718,6740859826330,993612
2564,6740859832682,6740860826331,993649
2565,6740860832627,6740861825572,992945
2566,6740861832554,6740862825240,992686
2567,6740862832480,6740863825074,992594
2568,6740863832314,6740864825241,992927
2569,6740864832463,6740865825705,993242
2570,6740865832205,6740866824946,992741
2571,6740866832187,6740867825058,992871
2572,6740867832188,6740868825262,993074
2573,6740868832170,6740869824448,992278
2574,6740869832041,6740870824708,992667
2575,6740870832005,6740871824820,992815
2576,6740871831913,6740872823599,991686
2577,6740872831988,6740873824988,993000
2578,6740873831822,6740874824507,992685
2579,6740874831748,6740875824564,992816
2580,6740875831675,6740876824305,992630
2581,6740876831731,6740877824639,992908
2582,6740877831602,6740878823825,992223
2583,6740878831603,6740879823307,991704
2584,6740879831474,6740880824530,993056
2585,6740880831475,6740881823901,992426
2586,6740881831438,6740882823680,992242
2587,6740882831347,6740883824458,993111
2588,6740883831255,6740884822811,991556
2589,6740884831348,6740885825127,993779
2590,6740885831164,6740886825424,994260
2591,6740886831164,6740887826128,994964
2592,6740887831017,6740888825018,994001
2593,6740888831092,6740889824204,993112
2594,6740889830944,6740890824260,993316
2595,6740890830889,6740891824112,993223
2596,6740891830779,6740892824021,993242
2597,6740892830780,6740893823836,993056
2598,6740893830762,6740894823448,992686
2599,6740894830633,6740895824023,993390
2600,6740895830578,6740896825838,995260
2601,6740896830542,6740897822246,991704
2602,6740897830395,6740898823395,993000
2603,6740898830451,6740899823396,992945
2604,6740899830359,6740900808341,977982
2605,6740900830212,6740901797897,967685
2606,6740901835064,6740902802232,967168
2607,6740902829695,6740903796436,966741
2608,6740903834843,6740904803548,968705
2609,6740904829659,6740905796974,967315
2610,6740905834697,6740906801957,967260
2611,6740906829438,6740907796643,967205
2612,6740907834587,6740908801903,967316
2613,6740908829366,6740909797163,967797
2614,6740909834459,6740910801793,967334
2615,6740910829237,6740911796442,967205
2616,6740911834405,6740912801646,967241
2617,6740912829146,6740913796684,967538
2618,6740913834314,6740914802388,968074
2619,6740914829000,6740915796037,967037
2620,6740915834093,6740916801131,967038
2621,6740916828945,6740917796205,967260
2622,6740917834020,6740918801188,967168
2623,6740918828762,6740919795799,967037
2624,6740919833929,6740920800763,966834
2625,6740920828671,6740921795708,967037
2626,6740921833801,6740922800968,967167
2627,6740922828598,6740923795543,966945
2628,6740923833636,6740924801303,967667
2629,6740924828433,6740925795619,967186
2630,6740925833619,6740926800953,967334
2631,6740926828305,6740927795157,966852
2632,6740927833453,6740928801010,967557
2633,6740928828306,6740929795492,967186
2634,6740929833325,6740930800419,967094
2635,6740930828085,6740931794993,966908
2636,6740931833216,6740932800531,967315
2637,6740932827976,6740933795087,967111
2638,6740933833087,6740934800570,967483
2639,6740934827884,6740935794867,966983
2640,6740935832941,6740936801071,968130
2641,6740936827775,6740937795035,967260
2642,6740937832887,6740938800221,967334
2643,6740938827647,6740939794925,967278
2644,6740939832795,6740940799518,966723
2645,6740940827537,6740941794741,967204
2646,6740941832649,6740942798705,966056
2647,6740942827372,6740943794409,967037
2648,6740943832502,6740944798818,966316
2649,6740944827281,6740945794207,966926
2650,6740945832411,6740946798282,965871
2651,6740946827171,6740947794209,967038
2652,6740947832301,6740948798506,966205
2653,6740948827061,6740949794266,967205
2654,6740949832210,6740950798618,966408
2655,6740950826989,6740951794249,967260
2656,6740951832045,6740952799305,967260
2657,6740952826805,6740953793843,967038
2658,6740953831935,6740954799195,967260
2659,6740954826677,6740955793474,966797
2660,6740955831826,6740956803715,971889
2661,6740956826641,6740957794457,967816
2662,6740957831716,6740958799161,967445
2663,6740958826457,6740959793829,967372
2664,6740959831588,6740960800885,969297
2665,6740960826366,6740961793534,967168
2666,6740961831478,6740962798997,967519
2667,6740962826220,6740963793406,967186
2668,6740963831368,6740964801869,970501
2669,6740964826147,6740965794500,968353
2670,6740965831240,6740966798815,967575
2671,6740966826000,6740967793408,967408
2672,6740967831112,6740968799428,968316
2673,6740968825872,6740969793354,967482
2674,6740969831021,6740970798281,967260
2675,6740970825781,6740971793041,967260
2676,6740971830911,6740972799986,969075
2677,6740972825690,6740973792857,967167
2678,6740973830783,6740974799117,968334
2679,6740974825580,6740975792692,967112
2680,6740975830674,6740976799211,968537
2681,6740976825433,6740977792823,967390
2682,6740977830564,6740978797287,966723
2683,6740978825287,6740979792621,967334
2684,6740979830417,6740980799010,968593
2685,6740980825251,6740981792622,967371
2686,6740981830400,6740982797364,966964
2687,6740982825123,6740983792253,967130
2688,6740983830253,6740984799643,969390
2689,6740984825050,6740985791959,966909
2690,6740985830125,6740986797330,967205
2691,6740986824941,6740987793960,969019
2692,6740987829997,6740988778201,948204
2693,6740988829942,6740989798054,968112
2694,6740989824739,6740990792036,967297
2695,6740990829814,6740991797833,968019
2696,6740991824611,6740992793056,968445
2697,6740992829723,6740993797168,967445
2698,6740993824483,6740994792354,967871
2699,6740994829576,6740995796873,967297
2700,6740995824318,6740996794152,969834
2701,6740996829467,6740997797171,967704
2702,6740997824227,6740998791412,967185
2703,6740998829357,6740999796746,967389
2704,6740999824135,6741000791729,967594
2705,6741000829247,6741001795748,966501
2706,6741001824007,6741002791193,967186
2707,6741002829101,6741003795805,966704
2708,6741003823861,6741004792583,968722
2709,6741004829028,6741005796066,967038
2710,6741005823769,6741006791252,967483
2711,6741006828955,6741007796049,967094
2712,6741007823660,6741008793660,970000
2713,6741008828920,6741009795920,967000
2714,6741009823569,6741010790421,966852
2715,6741010828643,6741011794848,966205
2716,6741011823403,6741012792219,968816
2717,6741012828552,6741013795664,967112
2718,6741013823349,6741014791535,968186
2719,6741014828424,6741015795147,966723
2720,6741015823203,6741016792333,969130
2721,6741016828444,6741017795519,967075
2722,6741017823074,6741018790112,967038
2723,6741018828205,6741019795020,966815
2724,6741019822983,6741020791391,968408
2725,6741020828188,6741021795337,967149
2726,6741021822911,6741022789430,966519
2727,6741022827985,6741023794505,966520
2728,6741023822708,6741024790672,967964
2729,6741024827894,6741025794988,967094
2730,6741025822617,6741026789636,967019
2731,6741026827729,6741027794637,966908
2732,6741027822489,6741028789471,966982
2733,6741028827656,6741029794824,967168
2734,6741029822398,6741030789306,966908
2735,6741030827528,6741031794603,967075
2736,6741031822270,6741032790567,968297
2737,6741032827363,6741033794327,966964
2738,6741033822142,6741034788920,966778
2739,6741034827309,6741035794087,966778
2740,6741035822050,6741036788922,966872
2741,6741036827199,6741037793700,966501
2742,6741037821922,6741038789016,967094
2743,6741038827034,6741039794053,967019
2744,6741039821813,6741040788499,966686
2745,6741040826962,6741041793721,966759
2746,6741041821703,6741042788704,967001
2747,6741042826796,6741043793390,966594
2748,6741043821556,6741044790131,968575
2749,6741044826779,6741045794039,967260
2750,6741045821521,6741046788281,966760
2751,6741046826614,6741047793448,966834
2752,6741047821393,6741048789412,968019
2753,6741048826504,6741049793338,966834
2754,6741049821227,6741050788228,967001
2755,6741050826413,6741051793062,966649
2756,6741051821173,6741052788748,967575
2757,6741052826304,6741053793341,967037
2758,6741053821027,6741054789120,968093
2759,6741054826194,6741055793158,966964
2760,6741055820880,6741056788825,967945
2761,6741056826029,6741057793141,967112
2762,6741057820807,6741058787678,966871
2763,6741058825938,6741059792975,967037
2764,6741059820698,6741060788235,967537
2765,6741060825846,6741061792995,967149
2766,6741061820569,6741062787515,966946
2767,6741062825644,6741063792589,966945
2768,6741063820441,6741064788590,968149
2769,6741064825572,6741065792646,967074
2770,6741065820313,6741066787314,967001
2771,6741066825406,6741067792407,967001
2772,6741067820240,6741068787389,967149
2773,6741068825371,6741069792334,966963
2774,6741069820112,6741070786928,966816
2775,6741070825206,6741071791725,966519
2776,6741071819984,6741072786633,966649
2777,6741072825133,6741073792356,967223
2778,6741073819856,6741074787708,967852
2779,6741074825005,6741075792024,967019
2780,6741075819746,6741076786414,966668
2781,6741076824932,6741077792007,967075
2782,6741077819637,6741078786582,966945
2783,6741078824730,6741079791527,966797
2784,6741079819490,6741080794528,975038
2785,6741080819898,6741081811825,991927
2786,6741081819936,6741082813066,993130
2787,6741082819807,6741083813752,993945
2788,6741083819845,6741084820086,1000241
2789,6741084825271,6741085818642,993371
2790,6741085822642,6741086814050,991408
2791,6741086819588,6741087812755,993167
2792,6741087819514,6741088814978,995464
2793,6741088819533,6741089813645,994112
2794,6741089819367,6741090812424,993057
2795,6741090819368,6741091811610,992242
2796,6741091819295,6741092814296,995001
2797,6741092819259,6741093812482,993223
2798,6741093819222,6741094814001,994779
2799,6741094819186,6741095812279,993093
2800,6741095819076,6741096812132,993056
2801,6741096818965,6741097813170,994205
2802,6741097818947,6741098813152,994205
2803,6741098819022,6741099811301,992279
2804,6741099818764,6741100813894,995130
2805,6741100818783,6741101809284,990501
2806,6741101818691,6741102812877,994186
2807,6741102818710,6741103811730,993020
2808,6741103818544,6741104815341,996797
2809,6741104819693,6741105812731,993038
2810,6741105818453,6741106810621,992168
2811,6741106818250,6741107810751,992501
2812,6741107818158,6741108812455,994297
2813,6741108818215,6741109810586,992371
2814,6741109817993,6741110811383,993390
2815,6741110818142,6741111810439,992297
2816,6741111818346,6741112814088,995742
2817,6741112818384,6741113810329,991945
2818,6741113817959,6741114811552,993593
2819,6741114817682,6741115810220,992538
2820,6741115817998,6741116799443,981445
2821,6741116817517,6741117785795,968278
2822,6741117822610,6741118789500,966890
2823,6741118817277,6741119784260,966983
2824,6741119822408,6741120790168,967760
2825,6741120817372,6741121783391,966019
2826,6741121822335,6741122789058,966723
2827,6741122817040,6741123783744,966704
2828,6741123822170,6741124791245,969075
2829,6741124816948,6741125782449,965501
2830,6741125821875,6741126772468,950593
2831,6741126821654,6741127771580,949926
2832,6741127821580,6741128771451,949871
2833,6741128821544,6741129771211,949667
2834,6741129821508,6741130771194,949686
2835,6741130821416,6741131771417,950001
2836,6741131821380,6741132771195,949815
2837,6741132821325,6741133771344,950019
2838,6741133821307,6741134772030,950723
2839,6741134821197,6741135771012,949815
2840,6741135821142,6741136771105,949963
2841,6741136821087,6741137770995,949908
2842,6741137821051,6741138770885,949834
2843,6741138820996,6741139770848,949852
2844,6741139820922,6741140771256,950334
2845,6741140820868,6741141770776,949908
2846,6741141820813,6741142770591,949778
2847,6741142820758,6741143770684,949926
2848,6741143820703,6741144771056,950353
2849,6741144820630,6741145770612,949982
2850,6741145820575,6741146770687,950112
2851,6741146820539,6741147770521,949982
2852,6741147820465,6741148770355,949890
2853,6741148820447,6741149770374,949927
2854,6741149820337,6741150770282,949945
2855,6741150820301,6741151770172,949871
2856,6741151820227,6741152769987,949760
2857,6741152820154,6741153770118,949964
2858,6741153820118,6741154770433,950315
2859,6741154820044,6741155769730,949686
2860,6741155819990,6741156770009,950019
2861,6741156819953,6741157769750,949797
2862,6741157819861,6741158769510,949649
2863,6741158819825,6741159769511,949686
2864,6741159819733,6741160769567,949834
2865,6741160819697,6741161769735,950038
2866,6741161819624,6741162769550,949926
2867,6741162819569,6741163769236,949667
2868,6741163819532,6741164769126,949594
2869,6741164819533,6741165769441,949908
2870,6741165819423,6741166769183,949760
2871,6741166819349,6741167769109,949760
2872,6741167819276,6741168769055,949779
2873,6741168819221,6741169769222,950001
2874,6741169819203,6741170768408,949205
2875,6741170819149,6741171768816,949667
2876,6741171819057,6741172768687,949630
2877,6741172819020,6741173768854,949834
2878,6741173818947,6741174769448,950501
2879,6741174818874,6741175768560,949686
2880,6741175818819,6741176768579,949760
2881,6741176818764,6741177768617,949853
2882,6741177818728,6741178768191,949463
2883,6741178818654,6741179768322,949668
2884,6741179818600,6741180768471,949871
2885,6741180818545,6741181768082,949537
2886,6741181818490,6741182767954,949464
2887,6741182818398,6741183768343,949945
2888,6741183818343,6741184767918,949575
2889,6741184818325,6741185768252,949927
2890,6741185818252,6741186768123,949871
2891,6741186818179,6741187768013,949834
2892,6741187818124,6741188767847,949723
2893,6741188818088,6741189767959,949871
2894,6741189818014,6741190767737,949723
2895,6741190817959,6741191767534,949575
2896,6741191817923,6741192768905,950982
2897,6741192817850,6741193767850,950000
2898,6741193817795,6741194768222,950427
2899,6741194817722,6741195767630,949908
2900,6741195817667,6741196767519,949852
2901,6741196817612,6741197767335,949723
2902,6741197817594,6741198767243,949649
2903,6741198817484,6741199767059,949575
2904,6741199817447,6741200784670,967223
2905,6741200812596,6741201780653,968057
2906,6741201818079,6741202783653,965574
2907,6741202812394,6741203782450,970056
2908,6741203812432,6741204779599,967167
2909,6741204818192,6741205785544,967352
2910,6741205812267,6741206780471,968204
2911,6741206818286,6741207784064,965778
2912,6741207812138,6741208778010,965872
2913,6741208817787,6741209783510,965723
2914,6741209812066,6741210778752,966686
2915,6741210817196,6741211783623,966427
2916,6741211811956,6741212779364,967408
2917,6741212816975,6741213783161,966186
2918,6741213811772,6741214779125,967353
2919,6741214816884,6741215782589,965705
2920,6741215811700,6741216778238,966538
2921,6741216816867,6741217781646,964779
2922,6741217811535,6741218779591,968056
2923,6741218817646,6741219784721,967075
2924,6741219811740,6741220780833,969093
2925,6741220811389,6741221776908,965519
2926,6741221817093,6741222782668,965575
2927,6741222811390,6741223776817,965427
2928,6741223816446,6741224785243,968797
2929,6741224811262,6741225775874,964612
2930,6741225816263,6741226784208,967945
2931,6741226811004,6741227778820,967816
2932,6741227816597,6741228782672,966075
2933,6741228810969,6741229778284,967315
2934,6741229816117,6741230786896,970779
2935,6741230811192,6741231808378,997186
2936,6741231811804,6741232807083,995279
2937,6741232811194,6741233807935,996741
2938,6741233811657,6741234808732,997075
2939,6741234811528,6741235806548,995020
2940,6741235810881,6741236806326,995445
2941,6741236810882,6741237807864,996982
2942,6741237811808,6741238806494,994686
2943,6741238810754,6741239807217,996463
2944,6741239810884,6741240806107,995223
2945,6741240810755,6741241807534,996779
2946,6741241811126,6741242807386,996260
2947,6741242811349,6741243807016,995667
2948,6741243810516,6741244806721,996205
2949,6741244810999,6741245804907,993908
2950,6741245810277,6741246801815,991538
2951,6741246810352,6741247805964,995612
2952,6741247810316,6741248805946,995630
2953,6741248810279,6741249808984,998705
2954,6741249812039,6741250808651,996612
2955,6741250812373,6741251809763,997390
2956,6741251814004,6741252813856,999852
2957,6741252818245,6741253814616,996371
2958,6741253817968,6741254814987,997019
2959,6741254817376,6741255812618,995242
2960,6741255816359,6741256814970,998611
2961,6741256818489,6741257814471,995982
2962,6741257818304,6741258812713,994409
2963,6741258816194,6741259811917,995723
2964,6741259815639,6741260814084,998445
2965,6741260818307,6741261813789,995482
2966,6741261816381,6741262811771,995390
2967,6741262815827,6741263810772,994945
2968,6741263814383,6741264808902,994519
2969,6741264813235,6741265808736,995501
2970,6741265812236,6741266809070,996834
2971,6741266812663,6741267808904,996241
2972,6741267812515,6741268808368,995853
2973,6741268812479,6741269808813,996334
2974,6741269812980,6741270808332,995352
2975,6741270811869,6741271808481,996612
2976,6741271812111,6741272809204,997093
2977,6741272813408,6741273809909,996501
2978,6741273813575,6741274810224,996649
2979,6741274814595,6741275809521,994926
2980,6741275812818,6741276811448,998630
2981,6741276815522,6741277811837,996315
2982,6741277814504,6741278808986,994482
2983,6741278812709,6741279808450,995741
2984,6741279812246,6741280808543,996297
2985,6741280812303,6741281808692,996389
2986,6741281812359,6741282806915,994556
2987,6741282809656,6741283806360,996704
2988,6741283810138,6741284805083,994945
2989,6741284808843,6741285805510,996667
2990,6741285809066,6741286805270,996204
2991,6741286809214,6741287803400,994186
2992,6741287807900,6741288806401,998501
2993,6741288810790,6741289809457,998667
2994,6741289812754,6741290808643,995889
2995,6741290812773,6741291807848,995075
2996,6741291811181,6741292806589,995408
2997,6741292810885,6741293805627,994742
2998,6741293809090,6741294805479,996389
2999,6741294809424,6741295804295,994871
3000,6741295807721,6741296803740,996019
3001,6741296808055,6741297804574,996519
3002,6741297807815,6741298800279,992464
3003,6741298807390,6741299806076,998686
3004,6741299808002,6741300801891,993889
3005,6741300807280,6741301803114,995834
3006,6741301807262,6741302803467,996205
3007,6741302807430,6741303803319,995889
3008,6741303807338,6741304804968,997630
3009,6741304809376,6741305804136,994760
3010,6741305807580,6741306802655,995075
3011,6741306807007,6741307802878,995871
3012,6741307806785,6741308814842,1008057
3013,6741308817490,6741309826176,1008686
3014,6741309825083,6741310831139,1006056
3015,6741310814380,6741311833214,1018834
3016,6741311814436,6741312836252,1021816
3017,6741312817937,6741313837753,1019816
3018,6741313818864,6741314837476,1018612
3019,6741314819105,6741315831773,1012668
3020,6741315815198,6741316835440,1020242
3021,6741316819218,6741317834237,1015019
3022,6741317815311,6741318834553,1019242
3023,6741318815682,6741319833127,1017445
3024,6741319816479,6741320829332,1012853
3025,6741320813091,6741321819184,1006093
3026,6741321823073,6741322819481,996408
3027,6741322822815,6741323819575,996760
3028,6741323823334,6741324822927,999593
3029,6741324823409,6741325820521,997112
3030,6741325823428,6741326819855,996427
3031,6741326823410,6741327822281,998871
3032,6741327823355,6741328820726,997371
3033,6741328823282,6741329818468,995186
3034,6741329821857,6741330817913,996056
3035,6741330821839,6741331818488,996649
3036,6741331822210,6741332820933,998723
3037,6741332823155,6741333820045,996890
3038,6741333823082,6741334819972,996890
3039,6741334822934,6741335818935,996001
3040,6741335822287,6741336822066,999779
3041,6741336823140,6741337818566,995426
3042,6741337821751,6741338818123,996372
3043,6741338821900,6741339817957,996057
3044,6741339821734,6741340818661,996927
3045,6741340822346,6741341816736,994390
3046,6741341820532,6741342816200,995668
3047,6741342819663,6741343816478,996815
3048,6741343820237,6741344818423,998186
3049,6741344822349,6741345821202,998853
3050,6741345822220,6741346818314,996094
3051,6741346821091,6741347816407,995316
3052,6741347819981,6741348818463,998482
3053,6741348822297,6741349818853,996556
3054,6741349822131,6741350817242,995111
3055,6741350820687,6741351816910,996223
3056,6741351820669,6741352820688,1000019
3057,6741352821836,6741353816374,994538
3058,6741353820115,6741354816968,996853
3059,6741354820764,6741355820635,999871
3060,6741355821950,6741356800062,978112
3061,6741356805321,6741357772266,966945
3062,6741357808785,6741358775100,966315
3063,6741358803470,6741359770193,966723
3064,6741359808582,6741360775305,966723
3065,6741360803379,6741361770287,966908
3066,6741361808454,6741362774788,966334
3067,6741362803233,6741363770122,966889
3068,6741363808344,6741364774956,966612
3069,6741364803123,6741365771050,967927
3070,6741365808272,6741366774884,966612
3071,6741366802995,6741367769736,966741
3072,6741367808125,6741368774478,966353
3073,6741368802885,6741369769515,966630
3074,6741369808015,6741370774775,966760
3075,6741370802757,6741371769610,966853
3076,6741371807832,6741372774203,966371
3077,6741372802647,6741373769018,966371
3078,6741373807759,6741374774130,966371
3079,6741374802519,6741375769168,966649
3080,6741375807668,6741376773706,966038
3081,6741376802409,6741377769077,966668
3082,6741377807521,6741378773429,965908
3083,6741378802337,6741379768838,966501
3084,6741379807375,6741380773412,966037
3085,6741380802172,6741381768820,966648
3086,6741381807302,6741382773858,966556
3087,6741382802043,6741383768581,966538
3088,6741383807155,6741384774100,966945
3089,6741384801989,6741385769194,967205
3090,6741385807083,6741386773306,966223
3091,6741386801824,6741387768547,966723
3092,6741387806955,6741388773548,966593
3093,6741388801714,6741389768234,966520
3094,6741389806826,6741390773197,966371
3095,6741390801568,6741391768180,966612
3096,6741391806717,6741392772643,965926
3097,6741392801495,6741393768274,966779
3098,6741393806644,6741394773237,966593
3099,6741394801348,6741395769090,967742
3100,6741395806479,6741396772220,965741
3101,6741396801239,6741397768128,966889
3102,6741397806369,6741398772981,966612
3103,6741398801129,6741399767593,966464
3104,6741399806241,6741400773649,967408
3105,6741400801020,6741401767465,966445
3106,6741401806150,6741402772595,966445
3107,6741402800873,6741403767522,966649
3108,6741403806022,6741404772282,966260
3109,6741404800819,6741405768134,967315
3110,6741405805931,6741406772357,966426
3111,6741406800672,6741407767062,966390
3112,6741407805784,6741408772007,966223
3113,6741408800544,6741409767174,966630
3114,6741409805693,6741410772397,966704
3115,6741410800342,6741411766953,966611
3116,6741411805546,6741412771843,966297
3117,6741412800362,6741413766936,966574
3118,6741413805455,6741414771956,966501
3119,6741414800196,6741415767660,967464
3120,6741415805382,6741416771901,966519
3121,6741416800124,6741417766810,966686
3122,6741417805273,6741418771940,966667
3123,6741418799996,6741419766311,966315
3124,6741419805107,6741420771071,965964
3125,6741420799886,6741421766572,966686
3126,6741421804998,6741422771258,966260
3127,6741422799758,6741423766036,966278
3128,6741423804888,6741424770944,966056
3129,6741424799648,6741425767390,967742
3130,6741425804778,6741426770946,966168
3131,6741426799538,6741427766076,966538
3132,6741427804632,6741428770595,965963
3133,6741428799410,6741429765911,966501
3134,6741429804578,6741430771245,966667
3135,6741430799301,6741431766042,966741
3136,6741431804412,6741432770709,966297
3137,6741432799172,6741433765766,966594
3138,6741433804303,6741434770785,966482
3139,6741434799063,6741435766415,967352
3140,6741435804212,6741436770583,966371
3141,6741436798953,6741437765472,966519
3142,6741437804046,6741438770103,966057
3143,6741438798806,6741439765252,966446
3144,6741439803937,6741440769345,965408
3145,6741440798697,6741441765105,966408
3146,6741441803827,6741442769976,966149
3147,6741442798587,6741443765051,966464
3148,6741443803736,6741444793459,989723
3149,6741444799033,6741445796089,997056
3150,6741445800015,6741446797071,997056
3151,6741446801331,6741447799276,997945
3152,6741447803183,6741448796147,992964
3153,6741448800721,6741449796148,995427
3154,6741449799611,6741450800593,1000982
3155,6741450804463,6741451801223,996760
3156,6741451804983,6741452800872,995889
3157,6741452805428,6741453800521,995093
3158,6741453803873,6741454801800,997927
3159,6741454805262,6741455803430,998168
3160,6741455807152,6741456803208,996056
3161,6741456807782,6741457803135,995353
3162,6741457806672,6741458802895,996223
3163,6741458806062,6741459801507,995445
3164,6741459805044,6741460800378,995334
3165,6741460804600,6741461802601,998001
3166,6741461806508,6741462804120,997612
3167,6741462808472,6741463803213,994741
3168,6741463806825,6741464802418,995593
3169,6741464806899,6741465805196,998297
3170,6741465808622,6741466804679,996057
3171,6741466808271,6741467804216,995945
3172,6741467808124,6741468802347,994223
3173,6741468806291,6741469802125,995834
3174,6741469805847,6741470801811,995964
3175,6741470805682,6741471801293,995611
3176,6741471805053,6741472804313,999260
3177,6741472808146,6741473806184,998038
3178,6741473808591,6741474804907,996316
3179,6741474808888,6741475802889,994001
3180,6741475806907,6741476800834,993927
3181,6741476804890,6741477800372,995482
3182,6741477804279,6741478799910,995631
3183,6741478803761,6741479799466,995705
3184,6741479803410,6741480796133,992723
3185,6741480800670,6741481795467,994797
3186,6741481799078,6741482794709,995631
3187,6741482798468,6741483795043,996575
3188,6741483798913,6741484793562,994649
3189,6741484797432,6741485795674,998242
3190,6741485799507,6741486794045,994538
3191,6741486797638,6741487793157,995519
3192,6741487796675,6741488791695,995020
3193,6741488796454,6741489792325,995871
3194,6741489796473,6741490791900,995427
3195,6741490796196,6741491792919,996723
3196,6741491796475,6741492796142,999667
3197,6741492799568,6741493797754,998186
3198,6741493799939,6741494795866,995927
3199,6741494799940,6741495798274,998334
3200,6741495801792,6741496795608,993816
3201,6741496800163,6741497797016,996853
3202,6741497800849,6741498795294,994445
3203,6741498798813,6741499798203,999390
3204,6741499800554,6741500795814,995260
3205,6741500799740,6741501793537,993797
3206,6741501796963,6741502792538,995575
3207,6741502796168,6741503792243,996075
3208,6741503796224,6741504773965,977741
3209,6741504795410,6741505764318,968908
3210,6741505800485,6741506767467,966982
3211,6741506794930,6741507761801,966871
3212,6741507800042,6741508766505,966463
3213,6741508794894,6741509762099,967205
3214,6741509799988,6741510767007,967019
3215,6741510794692,6741511761859,967167
3216,6741511799822,6741512766582,966760
3217,6741512794601,6741513762046,967445
3218,6741513799713,6741514766899,967186
3219,6741514794454,6741515762677,968223
3220,6741515799622,6741516766604,966982
3221,6741516794345,6741517761586,967241
3222,6741517799475,6741518766679,967204
3223,6741518794272,6741519761476,967204
3224,6741519799384,6741520766144,966760
3225,6741520794181,6741521761311,967130
3226,6741521799256,6741522766238,966982
3227,6741522794053,6741523761276,967223
3228,6741523799146,6741524765906,966760
3229,6741524793924,6741525762018,968094
3230,6741525799073,6741526766056,966983
3231,6741526793778,6741527760908,967130
3232,6741527798908,6741528765742,966834
3233,6741528793705,6741529760965,967260
3234,6741529798798,6741530765799,967001
3235,6741530793558,6741531760911,967353
3236,6741531798707,6741532765004,966297
3237,6741532793449,6741533760746,967297
3238,6741533798561,6741534765432,966871
3239,6741534793302,6741535760358,967056
3240,6741535798488,6741536764970,966482
3241,6741536793229,6741537759971,966742
3242,6741537798323,6741538765046,966723
3243,6741538793101,6741539759528,966427
3244,6741539798213,6741540764640,966427
3245,6741540792992,6741541759900,966908
3246,6741541798103,6741542764697,966594
3247,6741542792845,6741543759142,966297
3248,6741543797994,6741544764902,966908
3249,6741544792754,6741545760755,968001
3250,6741545797921,6741546764663,966742
3251,6741546792626,6741547759571,966945
3252,6741547797737,6741548764405,966668
3253,6741548792553,6741549759480,966927
3254,6741549797683,6741550764647,966964
3255,6741550792425,6741551759500,967075
3256,6741551797518,6741552763648,966130
3257,6741552792315,6741553759186,966871
3258,6741553797409,6741554763983,966574
3259,6741554792206,6741555760132,967926
3260,6741555797280,6741556763855,966575
3261,6741556792077,6741557759189,967112
3262,6741557797208,6741558763894,966686
3263,6741558791912,6741559758839,966927
3264,6741559797042,6741560763099,966057
3265,6741560791840,6741561758525,966685
3266,6741561796933,6741562763415,966482
3267,6741562791693,6741563758471,966778
3268,6741563796786,6741564765694,968908
3269,6741564791602,6741565760232,968630
3270,6741565796732,6741566764399,967667
3271,6741566791492,6741567758826,967334
3272,6741567796641,6741568763030,966389
3273,6741568791382,6741569758476,967094
3274,6741569796494,6741570762847,966353
3275,6741570791254,6741571757607,966353
3276,6741571796385,6741572763015,966630
3277,6741572791163,6741573757960,966797
3278,6741573796275,6741574763035,966760
3279,6741574791016,6741575758813,967797
3280,6741575796184,6741576762981,966797
3281,6741576790870,6741577757907,967037
3282,6741577796000,6741578762779,966779
3283,6741578790779,6741579757279,966500
3284,6741579795890,6741580762484,966594
3285,6741580790669,6741581757447,966778
3286,6741581795818,6741582762411,966593
3287,6741582790541,6741583757134,966593
3288,6741583795690,6741584763431,967741
3289,6741584790505,6741585758284,967779
3290,6741585795617,6741586762303,966686
3291,6741586790284,6741587757100,966816
3292,6741587795433,6741588761878,966445
3293,6741588790212,6741589756953,966741
3294,6741589795342,6741590761861,966519
3295,6741590790084,6741591756677,966593
3296,6741591795214,6741592761104,965890
3297,6741592789992,6741593756475,966483
3298,6741593795123,6741594761790,966667
3299,6741594789864,6741595756346,966482
3300,6741595795013,6741596761643,966630
3301,6741596789755,6741597756329,966574
3302,6741597794866,6741598761034,966168
3303,6741598789608,6741599756405,966797
3304,6741599794738,6741600761665,966927
3305,6741600789517,6741601756203,966686
3306,6741601794610,6741602763907,969297
3307,6741602789444,6741603756519,967075
3308,6741603794500,6741604761168,966668
3309,6741604789279,6741605756835,967556
3310,6741605794446,6741606761540,967094
3311,6741606789169,6741607755466,966297
3312,6741607794318,6741608761930,967612
3313,6741608789060,6741609756357,967297
3314,6741609794116,6741610761098,966982
3315,6741610788950,6741611756006,967056
3316,6741611794062,6741612760951,966889
3317,6741612788822,6741613755785,966963
3318,6741613793934,6741614761008,967074
3319,6741614788694,6741615756768,968074
3320,6741615793842,6741616760047,966205
3321,6741616788621,6741617755474,966853
3322,6741617793733,6741618760678,966945
3323,6741618788456,6741619755142,966686
3324,6741619793605,6741620760624,967019
3325,6741620788365,6741621755606,967241
3326,6741621793458,6741622760588,967130
3327,6741622788236,6741623754867,966631
3328,6741623793367,6741624782886,989519
3329,6741624788701,6741625786331,997630
3330,6741625789016,6741626782906,993890
3331,6741626788480,6741627782222,993742
3332,6741627788388,6741628783852,995464
3333,6741628788704,6741629782186,993482
3334,6741629788353,6741630782446,994093
3335,6741630788261,6741631781632,993371
3336,6741631788150,6741632779466,991316
3337,6741632788244,6741633781744,993500
3338,6741633788133,6741634781449,993316
3339,6741634788060,6741635782783,994723
3340,6741635788061,6741636785080,997019
3341,6741636788487,6741637780895,992408
3342,6741637787914,6741638781378,993464
3343,6741638787822,6741639780249,992427
3344,6741639787786,6741640780157,992371
3345,6741640787694,6741641781065,993371
3346,6741641787713,6741642782232,994519
3347,6741642787732,6741643782233,994501
3348,6741643787437,6741644780104,992667
3349,6741644787456,6741645782198,994742
3350,6741645787494,6741646779698,992204
3351,6741646787346,6741647778143,990797
3352,6741647787273,6741648780126,992853
3353,6741648787311,6741649779793,992482
3354,6741649787312,6741650780423,993111
3355,6741650787090,6741651779720,992630
3356,6741651787035,6741652777795,990760
3357,6741652786999,6741653780018,993019
3358,6741653786981,6741654780093,993112
3359,6741654787000,6741655779223,992223
3360,6741655786835,6741656778650,991815
3361,6741656786743,6741657778040,991297
3362,6741657786743,6741658779522,992779
3363,6741658786689,6741659780060,993371
3364,6741659786615,6741660779190,992575
3365,6741660786560,6741661779709,993149
3366,6741661786524,6741662776747,990223
3367,6741662786432,6741663778488,992056
3368,6741663786377,6741664778526,992149
3369,6741664786397,6741665779916,993519
3370,6741665786268,6741666779139,992871
3371,6741666786287,6741667778436,992149
3372,6741667786158,6741668778807,992649
3373,6741668786085,6741669778845,992760
3374,6741669786104,6741670779308,993204
3375,6741670786031,6741671778587,992556
3376,6741671785957,6741672776606,990649
3377,6741672785865,6741673779274,993409
3378,6741673785848,6741674778682,992834
3379,6741674785756,6741675782127,996371
3380,6741675785793,6741676779609,993816
3381,6741676785720,6741677776795,991075
3382,6741677785536,6741678777259,991723
3383,6741678785518,6741679778685,993167
3384,6741679785445,6741680777908,992463
3385,6741680785390,6741681777409,992019
3386,6741681785353,6741682777521,992168
3387,6741682785336,6741683777336,992000
3388,6741683785262,6741684779578,994316
3389,6741684785356,6741685777634,992278
3390,6741685785190,6741686777709,992519
3391,6741686785042,6741687778191,993149
3392,6741687785024,6741688777840,992816
3393,6741688784970,6741689777804,992834
3394,6741689784878,6741690777749,992871
3395,6741690784841,6741691777527,992686
3396,6741691784805,6741692776510,991705
3397,6741692784676,6741693778640,993964
3398,6741693784714,6741694777289,992575
3399,6741694784548,6741695778067,993519
3400,6741695784734,6741696777864,993130
3401,6741696784568,6741697775124,990556
3402,6741697784476,6741698778810,994334
3403,6741698784532,6741699777348,992816
3404,6741699784348,6741700776330,991982
3405,6741700784349,6741701778498,994149
3406,6741701784238,6741702776091,991853
3407,6741702784128,6741703776240,992112
3408,6741703784073,6741704776129,992056
3409,6741704784129,6741705776352,992223
3410,6741705784038,6741706776520,992482
3411,6741706784112,6741707773409,989297
3412,6741707783835,6741708776188,992353
3413,6741708783836,6741709776707,992871
3414,6741709783726,6741710775578,991852
3415,6741710784004,6741711777097,993093
3416,6741711783634,6741712775006,991372
3417,6741712783617,6741713776099,992482
3418,6741713783543,6741714775933,992390
3419,6741714783507,6741715775489,991982
3420,6741715783434,6741716781120,997686
3421,6741716784305,6741717776657,992352
3422,6741717783306,6741718775491,992185
3423,6741718783140,6741719776196,993056
3424,6741719783214,6741720761252,978038
3425,6741720782882,6741721750271,967389
3426,6741721787753,6741722754309,966556
3427,6741722782531,6741723749514,966983
3428,6741723787643,6741724760829,973186
3429,6741724782459,6741725749182,966723
3430,6741725787497,6741726755960,968463
3431,6741726782294,6741727748794,966500
3432,6741727787387,6741728753351,965964
3433,6741728782184,6741729748592,966408
3434,6741729787277,6741730753926,966649
3435,6741730782037,6741731748612,966575
3436,6741731787131,6741732753390,966259
3437,6741732781965,6741733748169,966204
3438,6741733787058,6741734753910,966852
3439,6741734781781,6741735748744,966963
3440,6741735786930,6741736754153,967223
3441,6741736781727,6741737748339,966612
3442,6741737786857,6741738753024,966167
3443,6741738781580,6741739747970,966390
3444,6741739786673,6741740753230,966557
3445,6741740781470,6741741748175,966705
3446,6741741786601,6741742752787,966186
3447,6741742781324,6741743746991,965667
3448,6741743786454,6741744752770,966316
3449,6741744781233,6741745747752,966519
3450,6741745786363,6741746753882,967519
3451,6741746781141,6741747747438,966297
3452,6741747786253,6741748752624,966371
3453,6741748781013,6741749747903,966890
3454,6741749786125,6741750752644,966519
3455,6741750780885,6741751747312,966427
3456,6741751786015,6741752752738,966723
3457,6741752780794,6741753747387,966593
3458,6741753785887,6741754752110,966223
3459,6741754780647,6741755746833,966186
3460,6741755785759,6741756752149,966390
3461,6741756780538,6741757746872,966334
3462,6741757785649,6741758752224,966575
3463,6741758780428,6741759746929,966501
3464,6741759785558,6741760751966,966408
3465,6741760780300,6741761747004,966704
3466,6741761785430,6741762751875,966445
3467,6741762780227,6741763746987,966760
3468,6741763785283,6741764751432,966149
3469,6741764780080,6741765746618,966538
3470,6741765785211,6741766752230,967019
3471,6741766779952,6741767746564,966612
3472,6741767785101,6741768750935,965834
3473,6741768779843,6741769746066,966223
3474,6741769784991,6741770751474,966483
3475,6741770779714,6741771746104,966390
3476,6741771784845,6741772750845,966000
3477,6741772779623,6741773746105,966482
3478,6741773784735,6741774750384,965649
3479,6741774779514,6741775745959,966445
3480,6741775784607,6741776751959,967352
3481,6741776779422,6741777745534,966112
3482,6741777784534,6741778751054,966520
3483,6741778779257,6741779745591,966334
3484,6741779784406,6741780750777,966371
3485,6741780779148,6741781745500,966352
3486,6741781784296,6741782749612,965316
3487,6741782779038,6741783746335,967297
3488,6741783784131,6741784749873,965742
3489,6741784778910,6741785745318,966408
3490,6741785784077,6741786750004,965927
3491,6741786778819,6741787745430,966611
3492,6741787783949,6741788751968,968019
3493,6741788778690,6741789745710,967020
3494,6741789783839,6741790750340,966501
3495,6741790778562,6741791744989,966427
3496,6741791783711,6741792749767,966056
3497,6741792778471,6741793745083,966612
3498,6741793783602,6741794750065,966463
3499,6741794778343,6741795745881,967538
3500,6741795783473,6741796750659,967186
3501,6741796778418,6741797746475,968057
3502,6741797783345,6741798749901,966556
3503,6741798778105,6741799744439,966334
3504,6741799783235,6741800749236,966001
3505,6741800778014,6741801744718,966704
3506,6741801783126,6741802749515,966389
3507,6741802777886,6741803744405,966519
3508,6741803783035,6741804749591,966556
3509,6741804777776,6741805744018,966242
3510,6741805782925,6741806749963,967038
3511,6741806777648,6741807744204,966556
3512,6741807782797,6741808748909,966112
3513,6741808777575,6741809744002,966427
3514,6741809782669,6741810748966,966297
3515,6741810777447,6741811743966,966519
3516,6741811782559,6741812748726,966167
3517,6741812777319,6741813743635,966316
3518,6741813782449,6741814748932,966483
3519,6741814777172,6741815743729,966557
3520,6741815782321,6741816748729,966408
3521,6741816777100,6741817743063,965963
3522,6741817782212,6741818748675,966463
3523,6741818776972,6741819743380,966408
3524,6741819782102,6741820748491,966389
3525,6741820776899,6741821743511,966612
3526,6741821781974,6741822748326,966352
3527,6741822776752,6741823742883,966131
3528,6741823781864,6741824748513,966649
3529,6741824776643,6741825742532,965889
3530,6741825781754,6741826748681,966927
3531,6741826776496,6741827742811,966315
3532,6741827781626,6741828747831,966205
3533,6741828776405,6741829742794,966389
3534,6741829781535,6741830747906,966371
3535,6741830776277,6741831742722,966445
3536,6741831781388,6741832747241,965853
3537,6741832776167,6741833742705,966538
3538,6741833781279,6741834747557,966278
3539,6741834776039,6741835742336,966297
3540,6741835781132,6741836748466,967334
3541,6741836775929,6741837742448,966519
3542,6741837781078,6741838747505,966427
3543,6741838775782,6741839742209,966427
3544,6741839780931,6741840747080,966149
3545,6741840775710,6741841742062,966352
3546,6741841780840,6741842747433,966593
3547,6741842775563,6741843741953,966390
3548,6741843780712,6741844746768,966056
3549,6741844775472,6741845741695,966223
3550,6741845780584,6741846747862,967278
3551,6741846775362,6741847741900,966538
3552,6741847780474,6741848746697,966223
3553,6741848775253,6741849741661,966408
3554,6741849780364,6741850746495,966131
3555,6741850775106,6741851741533,966427
3556,6741851780236,6741852746255,966019
3557,6741852775015,6741853741478,966463
3558,6741853780145,6741854746350,966205
3559,6741854774905,6741855741276,966371
3560,6741855780017,6741856747184,967167
3561,6741856774795,6741857741167,966372
3562,6741857779889,6741858746519,966630
3563,6741858774667,6741859741094,966427
3564,6741859779798,6741860745724,965926
3565,6741860774576,6741861741021,966445
3566,6741861779651,6741862745633,965982
3567,6741862774429,6741863740745,966316
3568,6741863779523,6741864745635,966112
3569,6741864774375,6741865741320,966945
3570,6741865779432,6741866746488,967056
3571,6741866774210,6741867740859,966649
3572,6741867779322,6741868745323,966001
3573,6741868774119,6741869740342,966223
3574,6741869779231,6741870745806,966575
3575,6741870773954,6741871739769,965815
3576,6741871779084,6741872746400,967316
3577,6741872773881,6741873740734,966853
3578,6741873779012,6741874745364,966352
3579,6741874773771,6741875739957,966186
3580,6741875778883,6741876765921,987038
3581,6741876773847,6741877765292,991445
3582,6741877773977,6741878767793,993816
3583,6741878773960,6741879765942,991982
3584,6741879773794,6741880766943,993149
3585,6741880773905,6741881766740,992835
3586,6741881773851,6741882765740,991889
3587,6741882773851,6741883766371,992520
3588,6741883773778,6741884765371,991593
3589,6741884773445,6741885764983,991538
3590,6741885773594,6741886768206,994612
3591,6741886773299,6741887763874,990575
3592,6741887773448,6741888766467,993019
3593,6741888773374,6741889764875,991501
3594,6741889773116,6741890765394,992278
3595,6741890773357,6741891764617,991260
3596,6741891773173,6741892766248,993075
3597,6741892773155,6741893765341,992186
3598,6741893773137,6741894765527,992390
3599,6741894772860,6741895765639,992779
3600,6741895772990,6741896766473,993483
3601,6741896773010,6741897765418,992408
3602,6741897772992,6741898765678,992686
3603,6741898772844,6741899766104,993260
3604,6741899772827,6741900764605,991778
3605,6741900772716,6741901764513,991797
3606,6741901772828,6741902765033,992205
3607,6741902772551,6741903762441,989890
3608,6741903772533,6741904765793,993260
3609,6741904772534,6741905765887,993353
3610,6741905772405,6741906766480,994075
3611,6741906772480,6741907765573,993093
3612,6741907772333,6741908765148,992815
3613,6741908772204,6741909764649,992445
3614,6741909772186,6741910764705,992519
3615,6741910772094,6741911763872,991778
3616,6741911772132,6741912763725,991593
3617,6741912772169,6741913765485,993316
3618,6741913771948,6741914764375,992427
3619,6741914771838,6741915763894,992056
3620,6741915771894,6741916765228,993334
3621,6741916771783,6741917764932,993149
3622,6741917771506,6741918763489,991983
3623,6741918771729,6741919763545,991816
3624,6741919771638,6741920764935,993297
3625,6741920771546,6741921764750,993204
3626,6741921771565,6741922763695,992130
3627,6741922771325,6741923763326,992001
3628,6741923771381,6741924763715,992334
3629,6741924771289,6741925764809,993520
3630,6741925771290,6741926764439,993149
3631,6741926771235,6741927762384,991149
3632,6741927771217,6741928763570,992353
3633,6741928771237,6741929764145,992908
3634,6741929771071,6741930764757,993686
3635,6741930770979,6741931764331,993352
3636,6741931770980,6741932748499,977519
3637,6741932770628,6741933737703,967075
3638,6741933775648,6741934742334,966686
3639,6741934770371,6741935736964,966593
3640,6741935775445,6741936743872,968427
3641,6741936770317,6741937736799,966482
3642,6741937775391,6741938742188,966797
3643,6741938770077,6741939736689,966612
3644,6741939775245,6741940741208,965963
3645,6741940769986,6741941736616,966630
3646,6741941775116,6741942740358,965242
3647,6741942769839,6741943736562,966723
3648,6741943774988,6741944741489,966501
3649,6741944769748,6741945736175,966427
3650,6741945774860,6741946741416,966556
3651,6741946769639,6741947735732,966093
3652,6741947774750,6741948740270,965520
3653,6741948769510,6741949736085,966575
3654,6741949774604,6741950739456,964852
3655,6741950769401,6741951735790,966389
3656,6741951774531,6741952740199,965668
3657,6741952769328,6741953735459,966131
3658,6741953774422,6741954739885,965463
3659,6741954769163,6741955736016,966853
3660,6741955774293,6741956741294,967001
3661,6741956769053,6741957735665,966612
3662,6741957774165,6741958739462,965297
3663,6741958768925,6741959735333,966408
3664,6741959774056,6741960739445,965389
3665,6741960768834,6741961735409,966575
3666,6741961773946,6741962738984,965038
3667,6741962768687,6741963735114,966427
3668,6741963773836,6741964739559,965723
3669,6741964768596,6741965734671,966075
3670,6741965773708,6741966739135,965427
3671,6741966768487,6741967735672,967185
3672,6741967773598,6741968738784,965186
3673,6741968768358,6741969735285,966927
3674,6741969773507,6741970738749,965242
3675,6741970768230,6741971735046,966816
3676,6741971773361,6741972738620,965259
3677,6741972768139,6741973734695,966556
3678,6741973773269,6741974738381,965112
3679,6741974767974,6741975734975,967001
3680,6741975773086,6741976739679,966593
3681,6741976767938,6741977734735,966797
3682,6741977773050,6741978737773,964723
3683,6741978767773,6741979734033,966260
3684,6741979772903,6741980739145,966242
3685,6741980767682,6741981734275,966593
3686,6741981772775,6741982738091,965316
3687,6741982767572,6741983733277,965705
3688,6741983772666,6741984738629,965963
3689,6741984767426,6741985733797,966371
3690,6741985772537,6741986738779,966242
3691,6741986767316,6741987733946,966630
3692,6741987772465,6741988738002,965537
3693,6741988767225,6741989733929,966704
3694,6741989772318,6741990737726,965408
3695,6741990767060,6741991733264,966204
3696,6741991772208,6741992738468,966260
3697,6741992767005,6741993733395,966390
3698,6741993772062,6741994738174,966112
3699,6741994766840,6741995733341,966501
3700,6741995771989,6741996749471,977482
3701,6741996767101,6741997734416,967315
3702,6741997771991,6741998737806,965815
3703,6741998766713,6741999733659,966946
3704,6741999771807,6742000743567,971760
3705,6742000766733,6742001756290,989557
3706,6742001766901,6742002760716,993815
3707,6742002766883,6742003760106,993223
3708,6742003766847,6742004758459,991612
3709,6742004766810,6742005759293,992483
3710,6742005766682,6742006762756,996074
3711,6742006766404,6742007758905,992501
3712,6742007766646,6742008761536,994890
3713,6742008766517,6742009756703,990186
3714,6742009766481,6742010758907,992426
3715,6742010766519,6742011759001,992482
3716,6742011766353,6742012755798,989445
3717,6742012766372,6742013761558,995186
3718,6742013766206,6742014758392,992186
3719,6742014766207,6742015758744,992537
3720,6742015766133,6742016760208,994075
3721,6742016765856,6742017756394,990538
3722,6742017765987,6742018757487,991500
3723,6742018765728,6742019760136,994408
3724,6742019765821,6742020758137,992316
3725,6742020765822,6742021758452,992630
3726,6742021765841,6742022757824,991983
3727,6742022765842,6742023757917,992075
3728,6742023765491,6742024757066,991575
3729,6742024765566,6742025757696,992130
3730,6742025765492,6742026759104,993612
3731,6742026765567,6742027757957,992390
3732,6742027765420,6742028755976,990556
3733,6742028765143,6742029756329,991186
3734,6742029765292,6742030757848,992556
3735,6742030765329,6742031757626,992297
3736,6742031765275,6742032757794,992519
3737,6742032765201,6742033755628,990427
3738,6742033764850,6742034756851,992001
3739,6742034765054,6742035757296,992242
3740,6742035765111,6742036756630,991519
3741,6742036764908,6742037757649,992741
3742,6742037764946,6742038756094,991148
3743,6742038764687,6742039756854,992167
3744,6742039764910,6742040758244,993334
3745,6742040764763,6742041757523,992760
3746,6742041764726,6742042757671,992945
3747,6742042764653,6742043755913,991260
3748,6742043764283,6742044756025,991742
3749,6742044764469,6742045756970,992501
3750,6742045764525,6742046757489,992964
3751,6742046764267,6742047758453,994186
3752,6742047764305,6742048754472,990167
3753,6742048764102,6742049755751,991649
3754,6742049764510,6742050759474,994964
3755,6742050764085,6742051756752,992667
3756,6742051764122,6742052755919,991797
3757,6742052764308,6742053754550,990242
3758,6742053763735,6742054755736,992001
3759,6742054763865,6742055756940,993075
3760,6742055763922,6742056758367,994445
3761,6742056763867,6742057756645,992778
3762,6742057763645,6742058755424,991779
3763,6742058763683,6742059755128,991445
3764,6742059763591,6742060756833,993242
3765,6742060763592,6742061757019,993427
3766,6742061763426,6742062755575,992149
3767,6742062763353,6742063755001,991648
3768,6742063763483,6742064755169,991686
3769,6742064763354,6742065755373,992019
3770,6742065763447,6742066755374,991927
3771,6742066763263,6742067753560,990297
3772,6742067763134,6742068756357,993223
3773,6742068763135,6742069756969,993834
3774,6742069763173,6742070756858,993685
3775,6742070762932,6742071756026,993094
3776,6742071762841,6742072753897,991056
3777,6742072762860,6742073755305,992445
3778,6742073762861,6742074755084,992223
3779,6742074762898,6742075755714,992816
3780,6742075762640,6742076755974,993334
3781,6742076762641,6742077753178,990537
3782,6742077762567,6742078754698,992131
3783,6742078762568,6742079754161,991593
3784,6742079762532,6742080754014,991482
3785,6742080762403,6742081756237,993834
3786,6742081762052,6742082750349,988297
3787,6742082762293,6742083755164,992871
3788,6742083762257,6742084740295,978038
3789,6742084761850,6742085728851,967001
3790,6742085766906,6742086733500,966594
3791,6742086761574,6742087729741,968167
3792,6742087766704,6742088735538,968834
3793,6742088761464,6742089728317,966853
3794,6742089766557,6742090733410,966853
3795,6742090761317,6742091727874,966557
3796,6742091766429,6742092734226,967797
3797,6742092761245,6742093727616,966371
3798,6742093766338,6742094733005,966667
3799,6742094761080,6742095728117,967037
3800,6742095766210,6742096733618,967408
3801,6742096760988,6742097728748,967760
3802,6742097766119,6742098732731,966612
3803,6742098760860,6742099726935,966075
3804,6742099765972,6742100733880,967908
3805,6742100760732,6742101727288,966556
3806,6742101765881,6742102732252,966371
3807,6742102760622,6742103727031,966409
3808,6742103765771,6742104733661,967890
3809,6742104760513,6742105726902,966389
3810,6742105765662,6742106732070,966408
3811,6742106760385,6742107727533,967148
3812,6742107765496,6742108733386,967890
3813,6742108760312,6742109726665,966353
3814,6742109765442,6742110731573,966131
3815,6742110760165,6742111726499,966334
3816,6742111765333,6742112732593,967260
3817,6742112760056,6742113726408,966352
3818,6742113765186,6742114731668,966482
3819,6742114759927,6742115726447,966520
3820,6742115765058,6742116733170,968112
3821,6742116759836,6742117726522,966686
3822,6742117764948,6742118731541,966593
3823,6742118759727,6742119725950,966223
3824,6742119764857,6742120732413,967556
3825,6742120759636,6742121725858,966222
3826,6742121764729,6742122730267,965538
3827,6742122759470,6742123725952,966482
3828,6742123764582,6742124732009,967427
3829,6742124759379,6742125725658,966279
3830,6742125764491,6742126731084,966593
3831,6742126759251,6742127726585,967334
3832,6742127764363,6742128732289,967926
3833,6742128759160,6742129725790,966630
3834,6742129764290,6742130730587,966297
3835,6742130759032,6742131725273,966241
3836,6742131764125,6742132731459,967334
3837,6742132758941,6742133725145,966204
3838,6742133764071,6742134730479,966408
3839,6742134758794,6742135725276,966482
3840,6742135763906,6742136731295,967389
3841,6742136758684,6742137726333,967649
3842,6742137763833,6742138730112,966279
3843,6742138758575,6742139724705,966130
3844,6742139763649,6742140735280,971631
3845,6742140758483,6742141724929,966446
3846,6742141763595,6742142729726,966131
3847,6742142758318,6742143724597,966279
3848,6742143763449,6742144731208,967759
3849,6742144758209,6742145724283,966074
3850,6742145763339,6742146729599,966260
3851,6742146758080,6742147725618,967538
3852,6742147763229,6742148730989,967760
3853,6742148758026,6742149724045,966019
3854,6742149763138,6742150729417,966279
3855,6742150757861,6742151723991,966130
3856,6742151762991,6742152730955,967964
3857,6742152757807,6742153724734,966927
3858,6742153762919,6742154729327,966408
3859,6742154757642,6742155724050,966408
3860,6742155762772,6742156730291,967519
3861,6742156757532,6742157725514,967982
3862,6742157762662,6742158729145,966483
3863,6742158757422,6742159724164,966742
3864,6742159762553,6742160730498,967945
3865,6742160757276,6742161723888,966612
3866,6742161762406,6742162728981,966575
3867,6742162757185,6742163723667,966482
3868,6742163762315,6742164732408,970093
3869,6742164757075,6742165723798,966723
3870,6742165762205,6742166729447,967242
3871,6742166756928,6742167724059,967131
3872,6742167762077,6742168730467,968390
3873,6742168756856,6742169723264,966408
3874,6742169761967,6742170728746,966779
3875,6742170756690,6742171723395,966705
3876,6742171761858,6742172731081,969223
3877,6742172756618,6742173723248,966630
3878,6742173761730,6742174728193,966463
3879,6742174756490,6742175723231,966741
3880,6742175761601,6742176729510,967909
3881,6742176756417,6742177722918,966501
3882,6742177761492,6742178728178,966686
3883,6742178756233,6742179722864,966631
3884,6742179761382,6742180733142,971760
3885,6742180756161,6742181722754,966593
3886,6742181761291,6742182727292,966001
3887,6742182756032,6742183722663,966631
3888,6742183761163,6742184729812,968649
3889,6742184755923,6742185722572,966649
3890,6742185761090,6742186727554,966464
3891,6742186755795,6742187723480,967685
3892,6742187760906,6742188728870,967964
3893,6742188755703,6742189722797,967094
3894,6742189760815,6742190727557,966742
3895,6742190755538,6742191721891,966353
3896,6742191760706,6742192729262,968556
3897,6742192755447,6742193722059,966612
3898,6742193760559,6742194727300,966741
3899,6742194755319,6742195721560,966241
3900,6742195760449,6742196727987,967538
3901,6742196755228,6742197723080,967852
3902,6742197760340,6742198727063,966723
3903,6742198755100,6742199721508,966408
3904,6742199760211,6742200728064,967853
3905,6742200755008,6742201721694,966686
3906,6742201760120,6742202726862,966742
3907,6742202754899,6742203721585,966686
3908,6742203760011,6742204729141,969130
3909,6742204754789,6742205721197,966408
3910,6742205759901,6742206726791,966890
3911,6742206754624,6742207721939,967315
3912,6742207759828,6742208727848,968020
3913,6742208754533,6742209721052,966519
3914,6742209759663,6742210726219,966556
3915,6742210754423,6742211721035,966612
3916,6742211759516,6742212727925,968409
3917,6742212754295,6742213720851,966556
3918,6742213759407,6742214725870,966463
3919,6742214754167,6742215720482,966315
3920,6742215759316,6742216728557,969241
3921,6742216754094,6742217722391,968297
3922,6742217759225,6742218726670,967445
3923,6742218753947,6742219721726,967779
3924,6742219759096,6742220729467,970371
3925,6742220753893,6742221720839,966946
3926,6742221758968,6742222725765,966797
3927,6742222753747,6742223720303,966556
3928,6742223758840,6742224727322,968482
3929,6742224753619,6742225719934,966315
3930,6742225758749,6742226725194,966445
3931,6742226753490,6742227721010,967520
3932,6742227758621,6742228727695,969074
3933,6742228753381,6742229719881,966500
3934,6742229758530,6742230725104,966574
3935,6742230753253,6742231719920,966667
3936,6742231758364,6742232726458,968094
3937,6742232753161,6742233720144,966983
3938,6742233758273,6742234724292,966019
3939,6742234753089,6742235719386,966297
3940,6742235758182,6742236727905,969723
3941,6742236752942,6742237719684,966742
3942,6742237758054,6742238724332,966278
3943,6742238752795,6742239720222,967427
3944,6742239757907,6742240725908,968001
3945,6742240752686,6742241719557,966871
3946,6742241757853,6742242724317,966464
3947,6742242752576,6742243719225,966649
3948,6742243757706,6742244739466,981760
3949,6742244752763,6742245742337,989574
3950,6742245752856,6742246750153,997297
3951,6742246754135,6742247751394,997259
3952,6742247755302,6742248755229,999927
3953,6742248758636,6742249753748,995112
3954,6742249757229,6742250752786,995557
3955,6742250756471,6742251750675,994204
3956,6742251754064,6742252751120,997056
3957,6742252755861,6742253752047,996186
3958,6742253755677,6742254750177,994500
3959,6742254753918,6742255750123,996205
3960,6742255753845,6742256750623,996778
3961,6742256754197,6742257750531,996334
3962,6742257754161,6742258748310,994149
3963,6742258752069,6742259755274,1003205
3964,6742259759051,6742260759552,1000501
3965,6742260763534,6742261759219,995685
3966,6742261763312,6742262757554,994242
3967,6742262761109,6742263762462,1001353
3968,6742263765536,6742264761166,995630
3969,6742264765611,6742265760834,995223
3970,6742265764074,6742266763723,999649
3971,6742266766964,6742267765039,998075
3972,6742267768798,6742268765206,996408
3973,6742268769225,6742269763466,994241
3974,6742269766910,6742270763337,996427
3975,6742270767282,6742271762079,994797
3976,6742271765542,6742272763561,998019
3977,6742272767061,6742273763247,996186
3978,6742273767043,6742274761192,994149
3979,6742274764673,6742275760026,995353
3980,6742275763730,6742276760045,996315
3981,6742276763934,6742277758898,994964
3982,6742277762102,6742278758269,996167
3983,6742278761973,6742279757381,995408
3984,6742279761140,6742280758196,997056
3985,6742280762456,6742281757067,994611
3986,6742281760493,6742282755716,995223
3987,6742282759661,6742283757791,998130
3988,6742283761458,6742284757755,996297
3989,6742284761662,6742285757978,996316
3990,6742285761552,6742286756775,995223
3991,6742286760293,6742287757701,997408
3992,6742287761183,6742288757461,996278
3993,6742288761406,6742289757684,996278
3994,6742289761481,6742290756018,994537
3995,6742290759204,6742291755186,995982
3996,6742291758889,6742292756612,997723
3997,6742292760649,6742293755502,994853
3998,6742293758761,6742294759651,1000890
3999,6742294762799,6742295763948,1001149
4000,6742295767726,6742296763226,995500
4001,6742296767171,6742297765431,998260
4002,6742297767635,6742298762506,994871
4003,6742298765802,6742299766636,1000834
4004,6742299767303,6742300760674,993371
4005,6742300764303,6742301761082,996779
4006,6742301764915,6742302762712,997797
4007,6742302766786,6742303761639,994853
4008,6742303765157,6742304762177,997020
4009,6742304766417,6742305761659,995242
4010,6742305764807,6742306760234,995427
4011,6742306763752,6742307758549,994797
4012,6742307762679,6742308756161,993482
4013,6742308759828,6742309756273,996445
4014,6742309759866,6742310755107,995241
4015,6742310757940,6742311754108,996168
4016,6742311757941,6742312755108,997167
4017,6742312758516,6742313755072,996556
4018,6742313758609,6742314750980,992371
4019,6742314755110,6742315749055,993945
4020,6742315752499,6742316749908,997409
4021,6742316753797,6742317750853,997056
4022,6742317754538,6742318752298,997760
4023,6742318756335,6742319748595,992260
4024,6742319752854,6742320749522,996668
4025,6742320753244,6742321749337,996093
4026,6742321752819,6742322747356,994537
4027,6742322750801,6742323745635,994834
4028,6742323749672,6742324744358,994686
4029,6742324748506,6742325743322,994816
4030,6742325748210,6742326743322,995112
4031,6742326748211,6742327745916,997705
4032,6742327749434,6742328747176,997742
4033,6742328751268,6742329743954,992686
4034,6742329748139,6742330743140,995001
4035,6742330747992,6742331746604,998612
4036,6742331748974,6742332748753,999779
4037,6742332752067,6742333738698,986631
4038,6742333747364,6742334716087,968723
4039,6742334753680,6742335721977,968297
4040,6742335747366,6742336715607,968241
4041,6742336753570,6742337723460,969890
4042,6742337747201,6742338716201,969000
4043,6742338747442,6742339714850,967408
4044,6742339752758,6742340721277,968519
4045,6742340747018,6742341714741,967723
4046,6742341752481,6742342721852,969371
4047,6742342746741,6742343712649,965908
4048,6742343751927,6742344717206,965279
4049,6742344746780,6742345715447,968667
4050,6742345753095,6742346722041,968946
4051,6742346746633,6742347719263,972630
4052,6742347746541,6742348713357,966816
4053,6742348751727,6742349717802,966075
4054,6742349746469,6742350713618,967149
4055,6742350751692,6742351720952,969260
4056,6742351746378,6742352713119,966741
4057,6742352751526,6742353720546,969020
4058,6742353746249,6742354715065,968816
4059,6742354752676,6742355720677,968001
4060,6742355746177,6742356703918,957741
4061,6742356751085,6742357703086,952001
4062,6742357750863,6742358701994,951131
4063,6742358750809,6742359701680,950871
4064,6742359750735,6742360701810,951075
4065,6742360750699,6742361701607,950908
4066,6742361750644,6742362701385,950741
4067,6742362750552,6742363701312,950760
4068,6742363750516,6742364701405,950889
4069,6742364750498,6742365701443,950945
4070,6742365750406,6742366701092,950686
4071,6742366750370,6742367701148,950778
4072,6742367750278,6742368700908,950630
4073,6742368750242,6742369701150,950908
4074,6742369750168,6742370700762,950594
4075,6742370750114,6742371700929,950815
4076,6742371750059,6742372700745,950686
4077,6742372750004,6742373700875,950871
4078,6742373749968,6742374700950,950982
4079,6742374749894,6742375700376,950482
4080,6742375749784,6742376700488,950704
4081,6742376749766,6742377700693,950927
4082,6742377749693,6742378700990,951297
4083,6742378749656,6742379700490,950834
4084,6742379749565,6742380699862,950297
4085,6742380749528,6742381700529,951001
4086,6742381749492,6742382700344,950852
4087,6742382749400,6742383700234,950834
4088,6742383749364,6742384700142,950778
4089,6742384749309,6742385700606,951297
4090,6742385749236,6742386700033,950797
4091,6742386749218,6742387699996,950778
4092,6742387749107,6742388700090,950983
4093,6742388749053,6742389699961,950908
4094,6742389749016,6742390699906,950890
4095,6742390748961,6742391699740,950779
4096,6742391748925,6742392699796,950871
4097,6742392748870,6742393699741,950871
4098,6742393748778,6742394699501,950723
4099,6742394748724,6742395699484,950760
4100,6742395748650,6742396699614,950964
4101,6742396748595,6742397699504,950909
4102,6742397748541,6742398699004,950463
4103,6742398748467,6742399699542,951075
4104,6742399748412,6742400699246,950834
4105,6742400748395,6742401699506,951111
4106,6742401748340,6742402699155,950815
4107,6742402748248,6742403698730,950482
4108,6742403748212,6742404699064,950852
4109,6742404748194,6742405699213,951019
4110,6742405748083,6742406699010,950927
4111,6742406748010,6742407698974,950964
4112,6742407747992,6742408700067,952075
4113,6742408747956,6742409698957,951001
4114,6742409747864,6742410698772,950908
4115,6742410747809,6742411698606,950797
4116,6742411747773,6742412698329,950556
4117,6742412747700,6742413698626,950926
4118,6742413747626,6742414698275,950649
4119,6742414747571,6742415698350,950779
4120,6742415747535,6742416698406,950871
4121,6742416747480,6742417698277,950797
4122,6742417747407,6742418698445,951038
4123,6742418747334,6742419698408,951074
4124,6742419747279,6742420698113,950834
4125,6742420747242,6742421698299,951057
4126,6742421747151,6742422698559,951408
4127,6742422747133,6742423698374,951241
4128,6742423747022,6742424697838,950816
4129,6742424746968,6742425697913,950945
4130,6742425746913,6742426698025,951112
4131,6742426746895,6742427697729,950834
4132,6742427746822,6742428698100,951278
4133,6742428746767,6742429697860,951093
4134,6742429746731,6742430697528,950797
4135,6742430746639,6742431697843,951204
4136,6742431746602,6742432698010,951408
4137,6742432746529,6742433697696,951167
4138,6742433746474,6742434703901,957427
4139,6742434746753,6742435713587,966834
4140,6742435741457,6742436707736,966279
4141,6742436746680,6742437713384,966704
4142,6742437741384,6742438708978,967594
4143,6742438746552,6742439713330,966778
4144,6742439741238,6742440707627,966389
4145,6742440746387,6742441713017,966630
4146,6742441741147,6742442707925,966778
4147,6742442746258,6742443712722,966464
4148,6742443741037,6742444707667,966630
4149,6742444746204,6742445712835,966631
4150,6742445740927,6742446707410,966483
4151,6742446746076,6742447713114,967038
4152,6742447740836,6742448708522,967686
4153,6742448745967,6742449712634,966667
4154,6742449740671,6742450707357,966686
4155,6742450745783,6742451712691,966908
4156,6742451740561,6742452707044,966483
4157,6742452745692,6742453712507,966815
4158,6742453740433,6742454706897,966464
4159,6742454745582,6742455712323,966741
4160,6742455740342,6742456706954,966612
4161,6742456745454,6742457712010,966556
4162,6742457740232,6742458707381,967149
4163,6742458745381,6742459711326,965945
4164,6742459740086,6742460706679,966593
4165,6742460745235,6742461711828,966593
4166,6742461740013,6742462706588,966575
4167,6742462745106,6742463711663,966557
4168,6742463739885,6742464706552,966667
4169,6742464744997,6742465711312,966315
4170,6742465739757,6742466706276,966519
4171,6742466744906,6742467711314,966408
4172,6742467739647,6742468707425,967778
4173,6742468744814,6742469711537,966723
4174,6742469739556,6742470706427,966871
4175,6742470744668,6742471711428,966760
4176,6742471739446,6742472705891,966445
4177,6742472744558,6742473710911,966353
4178,6742473739318,6742474705948,966630
4179,6742474744430,6742475710894,966464
4180,6742475739227,6742476705616,966389
4181,6742476744320,6742477710562,966242
4182,6742477739080,6742478706451,967371
4183,6742478744211,6742479710637,966426
4184,6742479738952,6742480705082,966130
4185,6742480744119,6742481710731,966612
4186,6742481738842,6742482705473,966631
4187,6742482743973,6742483710473,966500
4188,6742483738770,6742484704085,965315
4189,6742484743882,6742485710660,966778
4190,6742485738586,6742486705216,966630
4191,6742486743735,6742487710532,966797
4192,6742487738476,6742488705236,966760
4193,6742488743625,6742489710274,966649
4194,6742489738385,6742490705238,966853
4195,6742490743534,6742491710276,966742
4196,6742491738276,6742492705091,966815
4197,6742492743406,6742493710518,967112
4198,6742493738147,6742494704685,966538
4199,6742494743278,6742495710019,966741
4200,6742495738038,6742496719076,981038
4201,6742496738242,6742497733243,995001
4202,6742497738484,6742498736484,998000
4203,6742498740670,6742499736355,995685
4204,6742499739522,6742500737319,997797
4205,6742500739838,6742501735450,995612
4206,6742501739283,6742502735524,996241
4207,6742502739524,6742503735173,995649
4208,6742503738766,6742504735304,996538
4209,6742504740044,6742505737508,997464
4210,6742505741286,6742506739324,998038
4211,6742506742435,6742507737972,995537
4212,6742507741898,6742508738714,996816
4213,6742508742510,6742509736807,994297
4214,6742509740992,6742510735289,994297
4215,6742510738956,6742511734660,995704
4216,6742511738660,6742512716957,978297
4217,6742512737161,6742513704273,967112
4218,6742513742162,6742514709144,966982
4219,6742514736959,6742515703645,966686
4220,6742515742052,6742516710497,968445
4221,6742516736812,6742517704480,967668
4222,6742517741924,6742518711629,969705
4223,6742518736721,6742519703000,966279
4224,6742519741833,6742520709352,967519
4225,6742520736593,6742521703594,967001
4226,6742521741723,6742522707891,966168
4227,6742522736465,6742523703410,966945
4228,6742523741595,6742524709096,967501
4229,6742524736374,6742525703263,966889
4230,6742525741448,6742526708301,966853
4231,6742526736245,6742527703098,966853
4232,6742527741357,6742528709377,968020
4233,6742528736154,6742529703229,967075
4234,6742529741248,6742530707822,966574
4235,6742530736008,6742531702971,966963
4236,6742531741138,6742532707824,966686
4237,6742532735972,6742533702491,966519
4238,6742533741028,6742534707955,966927
4239,6742534735807,6742535702511,966704
4240,6742535740937,6742536707345,966408
4241,6742536735697,6742537702531,966834
4242,6742537740828,6742538708402,967574
4243,6742538735550,6742539702385,966835
4244,6742539740644,6742540707311,966667
4245,6742540735459,6742541702293,966834
4246,6742541740571,6742542707313,966742
4247,6742542735313,6742543702258,966945
4248,6742543740499,6742544706481,965982
4249,6742544735259,6742545702222,966963
4250,6742545740333,6742546707241,966908
4251,6742546735112,6742547702242,967130
4252,6742547740205,6742548709354,969149
4253,6742548735002,6742549703077,968075
4254,6742549740114,6742550707004,966890
4255,6742550734893,6742551702819,967926
4256,6742551740023,6742552706968,966945
4257,6742552734783,6742553702024,967241
4258,6742553739895,6742554707007,967112
4259,6742554734636,6742555701304,966668
4260,6742555739748,6742556706286,966538
4261,6742556734582,6742557702601,968019
4262,6742557739675,6742558707491,967816
4263,6742558734398,6742559701195,966797
4264,6742559739547,6742560706159,966612
4265,6742560734289,6742561701123,966834
4266,6742561739419,6742562706438,967019
4267,6742562734179,6742563700976,966797
4268,6742563739291,6742564705847,966556
4269,6742564734088,6742565701348,967260
4270,6742565739200,6742566706404,967204
4271,6742566733960,6742567700016,966056
4272,6742567739072,6742568705591,966519
4273,6742568733887,6742569700703,966816
4274,6742569738980,6742570705870,966890
4275,6742570733703,6742571700352,966649
4276,6742571738815,6742572706909,968094
4277,6742572733612,6742573701539,967927
4278,6742573738724,6742574706577,967853
4279,6742574733484,6742575700207,966723
4280,6742575738633,6742576706319,967686
4281,6742576733411,6742577700283,966872
4282,6742577738468,6742578706024,967556
4283,6742578733265,6742579700006,966741
4284,6742579738377,6742580705785,967408
4285,6742580733192,6742581699934,966742
4286,6742581738248,6742582704916,966668
4287,6742582733045,6742583699546,966501
4288,6742583738139,6742584704454,966315
4289,6742584732917,6742585698992,966075
4290,6742585738029,6742586704474,966445
4291,6742586732789,6742587698790,966001
4292,6742587737919,6742588707050,969131
4293,6742588732716,6742589700588,967872
4294,6742589737810,6742590704922,967112
4295,6742590732570,6742591699145,966575
4296,6742591737682,6742592705608,967926
4297,6742592732516,6742593700257,967741
4298,6742593737590,6742594704443,966853
4299,6742594732332,6742595698907,966575
4300,6742595737481,6742596704815,967334
4301,6742596732222,6742597698686,966464
4302,6742597737334,6742598704557,967223
4303,6742598732131,6742599698743,966612
4304,6742599737224,6742600703558,966334
4305,6742600732021,6742601698874,966853
4306,6742601737096,6742602703708,966612
4307,6742602731875,6742603698320,966445
4308,6742603736987,6742604703098,966111
4309,6742604731802,6742605698247,966445
4310,6742605736877,6742606703581,966704
4311,6742606731618,6742607697971,966353
4312,6742607736767,6742608704046,967279
4313,6742608731564,6742609697806,966242
4314,6742609736676,6742610702955,966279
4315,6742610731399,6742611697900,966501
4316,6742611736511,6742612702308,965797
4317,6742612731308,6742613698216,966908
4318,6742613736438,6742614702754,966316
4319,6742614731161,6742615697810,966649
4320,6742615736292,6742616702478,966186
4321,6742616731089,6742617697830,966741
4322,6742617736163,6742618703183,967020
4323,6742618730960,6742619697554,966594
4324,6742619736072,6742620722517,986445
4325,6742620731406,6742621726129,994723
4326,6742621731222,6742622724278,993056
4327,6742622731297,6742623725112,993815
4328,6742623731149,6742624723298,992149
4329,6742624731261,6742625723910,992649
4330,6742625731077,6742626725114,994037
4331,6742626731022,6742627724263,993241
4332,6742627730949,6742628724283,993334
4333,6742628730949,6742629722950,992001
4334,6742629730672,6742630723247,992575
4335,6742630730858,6742631724137,993279
4336,6742631730637,6742632722452,991815
4337,6742632730656,6742633722934,992278
4338,6742633730545,6742634724750,994205
4339,6742634730305,6742635719695,989390
4340,6742635730454,6742636722900,992446
4341,6742636730400,6742637723493,993093
4342,6742637730363,6742638722864,992501
4343,6742638730327,6742639722513,992186
4344,6742639730179,6742640722384,992205
4345,6742640729939,6742641721811,991872
4346,6742641730329,6742642724033,993704
4347,6742642730163,6742643723201,993038
4348,6742643729923,6742644724146,994223
4349,6742644729905,6742645722462,992557
4350,6742645729925,6742646722110,992185
4351,6742646729851,6742647721463,991612
4352,6742647729778,6742648721205,991427
4353,6742648729667,6742649719835,990168
4354,6742649729650,6742650721780,992130
4355,6742650729669,6742651722170,992501
4356,6742651729596,6742652721004,991408
4357,6742652729541,6742653722504,992963
4358,6742653729486,6742654723839,994353
4359,6742654729320,6742655721154,991834
4360,6742655729247,6742656721210,991963
4361,6742656729321,6742657721007,991686
4362,6742657729156,6742658724471,995315
4363,6742658728878,6742659720638,991760
4364,6742659728990,6742660721028,992038
4365,6742660729028,6742661720325,991297
4366,6742661729066,6742662720696,991630
4367,6742662728863,6742663722734,993871
4368,6742663728808,6742664720253,991445
4369,6742664728642,6742665720365,991723
4370,6742665728698,6742666720662,991964
4371,6742666728792,6742667720996,992204
4372,6742667728866,6742668721941,993075
4373,6742668728589,6742669720998,992409
4374,6742669728498,6742670720591,992093
4375,6742670728480,6742671720795,992315
4376,6742671728221,6742672721018,992797
4377,6742672728352,6742673721463,993111
4378,6742673728278,6742674719612,991334
4379,6742674728223,6742675722409,994186
4380,6742675728150,6742676719132,990982
4381,6742676728058,6742677722096,994038
4382,6742677727985,6742678721263,993278
4383,6742678727986,6742679720079,992093
4384,6742679727894,6742680720394,992500
4385,6742680727894,6742681721840,993946
4386,6742681727747,6742682719377,991630
4387,6742682727766,6742683720248,992482
4388,6742683727748,6742684719397,991649
4389,6742684727694,6742685719491,991797
4390,6742685727602,6742686719991,992389
4391,6742686727603,6742687719270,991667
4392,6742687727251,6742688718197,990946
4393,6742688727437,6742689719623,992186
4394,6742689727345,6742690719328,991983
4395,6742690727254,6742691720939,993685
4396,6742691727180,6742692719014,991834
4397,6742692727255,6742693718922,991667
4398,6742693727182,6742694719719,992537
4399,6742694727071,6742695719220,992149
4400,6742695727276,6742696719165,991889
4401,6742696726980,6742697718555,991575
4402,6742697726833,6742698718963,992130
4403,6742698726889,6742699719149,992260
4404,6742699726816,6742700718390,991574
4405,6742700726798,6742701721262,994464
4406,6742701726650,6742702718985,992335
4407,6742702726688,6742703719189,992501
4408,6742703726596,6742704718727,992131
4409,6742704726505,6742705718376,991871
4410,6742705726561,6742706717339,990778
4411,6742706726376,6742707718618,992242
4412,6742707726396,6742708722081,995685
4413,6742708726322,6742709719434,993112
4414,6742709726175,6742710718064,991889
4415,6742710726194,6742711716936,990742
4416,6742711725861,6742712717658,991797
4417,6742712726029,6742713718511,992482
4418,6742713725974,6742714717919,991945
4419,6742714725956,6742715720290,994334
4420,6742715725809,6742716716958,991149
4421,6742716725810,6742717720403,994593
4422,6742717725718,6742718717644,991926
4423,6742718725422,6742719717367,991945
4424,6742719725701,6742720704424,978723
4425,6742720725312,6742721692665,967353
4426,6742721730258,6742722697351,967093
4427,6742722724999,6742723691629,966630
4428,6742723730092,6742724696575,966483
4429,6742724724852,6742725691890,967038
4430,6742725730001,6742726696595,966594
4431,6742726724743,6742727691355,966612
4432,6742727729855,6742728696781,966926
4433,6742728724652,6742729692671,968019
4434,6742729729782,6742730696653,966871
4435,6742730724523,6742731691432,966909
4436,6742731729635,6742732696154,966519
4437,6742732724414,6742733691007,966593
4438,6742733729507,6742734696249,966742
4439,6742734724286,6742735690860,966574
4440,6742735729434,6742736695435,966001
4441,6742736724194,6742737690880,966686
4442,6742737729306,6742738695603,966297
4443,6742738724048,6742739691974,967926
4444,6742739729197,6742740695438,966241
4445,6742740723938,6742741690383,966445
4446,6742741729050,6742742695384,966334
4447,6742742723810,6742743690292,966482
4448,6742743728940,6742744695311,966371
4449,6742744723700,6742745690275,966575
4450,6742745728831,6742746695220,966389
4451,6742746723591,6742747689851,966260
4452,6742747728721,6742748695573,966852
4453,6742748723499,6742749690796,967297
4454,6742749728574,6742750694705,966131
4455,6742750723334,6742751689761,966427
4456,6742751728502,6742752695243,966741
4457,6742752723243,6742753689762,966519
4458,6742753728336,6742754694578,966242
4459,6742754723115,6742755689542,966427
4460,6742755728264,6742756694505,966241
4461,6742756723024,6742757689876,966852
4462,6742757728117,6742758694784,966667
4463,6742758722914,6742759688933,966019
4464,6742759728026,6742760695860,967834
4465,6742760722767,6742761690324,967557
4466,6742761727898,6742762694324,966426
4467,6742762722639,6742763689270,966631
4468,6742763727770,6742764694326,966556
4469,6742764722548,6742765689234,966686
4470,6742765727623,6742766693253,965630
4471,6742766729290,6742767695828,966538
4472,6742767722328,6742768690588,968260
4473,6742768727495,6742769695830,968335
4474,6742769722311,6742770690238,967927
4475,6742770727404,6742771695516,968112
4476,6742771722146,6742772689609,967463
4477,6742772727295,6742773698462,971167
4478,6742773722073,6742774688629,966556
4479,6742774727185,6742775693964,966779
4480,6742775721908,6742776688761,966853
4481,6742776727075,6742777693132,966057
4482,6742777721798,6742778688336,966538
4483,6742778726947,6742779693818,966871
4484,6742779721726,6742780687856,966130
4485,6742780726856,6742781693394,966538
4486,6742781721560,6742782687820,966260
4487,6742782726728,6742783693432,966704
4488,6742783721451,6742784687377,965926
4489,6742784726581,6742785693378,966797
4490,6742785721360,6742786687749,966389
4491,6742786726490,6742787693157,966667
4492,6742787721250,6742788687454,966204
4493,6742788726399,6742789694288,967889
4494,6742789721122,6742790687734,966612
4495,6742790726215,6742791692975,966760
4496,6742791720994,6742792687180,966186
4497,6742792726272,6742793692773,966501
4498,6742793720884,6742794687255,966371
4499,6742794725977,6742795692385,966408
4500,6742795720774,6742796687108,966334
4501,6742796725923,6742797692979,967056
4502,6742797720665,6742798686980,966315
4503,6742798725758,6742799693296,967538
4504,6742799720518,6742800686167,965649
4505,6742800725667,6742801692408,966741
4506,6742801720408,6742802686483,966075
4507,6742802725539,6742803691743,966204
4508,6742803720299,6742804687207,966908
4509,6742804725466,6742805692226,966760
4510,6742805720189,6742806686838,966649
4511,6742806725338,6742807692209,966871
4512,6742807720061,6742808686562,966501
4513,6742808725210,6742809692451,967241
4514,6742809719951,6742810686452,966501
4515,6742810725063,6742811691638,966575
4516,6742811719823,6742812688102,968279
4517,6742812725027,6742813692065,967038
4518,6742813719769,6742814685973,966204
4519,6742814724881,6742815691400,966519
4520,6742815719641,6742816686919,967278
4521,6742816724771,6742817691401,966630
4522,6742817719513,6742818685624,966111
4523,6742818724587,6742819691607,967020
4524,6742819719403,6742820685533,966130
4525,6742820724515,6742821691201,966686
4526,6742821719256,6742822685961,966705
4527,6742822724405,6742823690850,966445
4528,6742823719147,6742824685055,965908
4529,6742824724277,6742825690981,966704
4530,6742825719037,6742826685482,966445
4531,6742826724167,6742827690853,966686
4532,6742827718872,6742828685669,966797
4533,6742828724076,6742829692003,967927
4534,6742829718836,6742830685485,966649
4535,6742830724004,6742831695115,971111
4536,6742831718819,6742832687412,968593
4537,6742832724023,6742833692598,968575
4538,6742833718802,6742834686506,967704
4539,6742834723803,6742835691396,967593
4540,6742835718544,6742836687063,968519
4541,6742836723638,6742837692157,968519
4542,6742837718360,6742838686824,968464
4543,6742838723491,6742839690677,967186
4544,6742839718288,6742840686770,968482
4545,6742840723418,6742841690956,967538
4546,6742841718123,6742842685512,967389
4547,6742842723271,6742843690680,967409
4548,6742843718031,6742844686514,968483
4549,6742844723180,6742845691885,968705
4550,6742845717922,6742846685126,967204
4551,6742846723052,6742847690034,966982
4552,6742847717794,6742848688165,970371
4553,6742848723757,6742849691573,967816
4554,6742849717665,6742850685148,967483
4555,6742850722814,6742851690371,967557
4556,6742851717574,6742852685982,968408
4557,6742852722705,6742853691242,968537
4558,6742853717465,6742854685910,968445
4559,6742854722614,6742855690022,967408
4560,6742855717318,6742856685319,968001
4561,6742856722485,6742857689579,967094
4562,6742857717227,6742858684728,967501
4563,6742858722339,6742859691154,968815
4564,6742859717136,6742860685618,968482
4565,6742860722285,6742861690748,968463
4566,6742861717008,6742862684230,967222
4567,6742862722119,6742863688953,966834
4568,6742863716879,6742864684473,967594
4569,6742864721991,6742865689103,967112
4570,6742865716788,6742866683641,966853
4571,6742866721937,6742867688697,966760
4572,6742867716623,6742868685068,968445
4573,6742868721809,6742869690754,968945
4574,6742869716532,6742870683977,967445
4575,6742870721662,6742871688330,966668
4576,6742871716422,6742872684145,967723
4577,6742872721571,6742873688701,967130
4578,6742873716294,6742874682906,966612
4579,6742874721480,6742875688555,967075
4580,6742875716203,6742876684704,968501
4581,6742876721370,6742877689649,968279
4582,6742877716112,6742878683149,967037
4583,6742878721205,6742879689002,967797
4584,6742879715947,6742880684169,968222
4585,6742880721095,6742881688263,967168
4586,6742881715855,6742882682875,967020
4587,6742882720949,6742883688005,967056
4588,6742883715727,6742884683135,967408
4589,6742884720876,6742885687395,966519
4590,6742885715618,6742886682563,966945
4591,6742886720711,6742887687471,966760
4592,6742887715489,6742888681897,966408
4593,6742888720620,6742889688417,967797
4594,6742889715324,6742890682436,967112
4595,6742890720529,6742891687622,967093
4596,6742891715270,6742892681993,966723
4597,6742892720419,6742893687197,966778
4598,6742893715160,6742894682106,966946
4599,6742894720254,6742895687495,967241
4600,6742895715051,6742896681626,966575
4601,6742896720163,6742897687108,966945
4602,6742897714923,6742898681868,966945
4603,6742898720016,6742899688072,968056
4604,6742899714831,6742900681295,966464
4605,6742900719962,6742901686981,967019
4606,6742901714666,6742902681445,966779
4607,6742902719815,6742903686871,967056
4608,6742903714594,6742904681150,966556
4609,6742904719705,6742905686354,966649
4610,6742905714484,6742906681077,966593
4611,6742906719596,6742907686319,966723
4612,6742907714356,6742908680745,966389
4613,6742908719468,6742909686598,967130
4614,6742909714246,6742910680951,966705
4615,6742910719321,6742911686118,966797
4616,6742911714099,6742912680267,966168
4617,6742912719230,6742913685971,966741
4618,6742913713971,6742914680990,967019
4619,6742914719120,6742915685991,966871
4620,6742915713899,6742916680381,966482
4621,6742916718992,6742917685752,966760
4622,6742917713807,6742918680697,966890
4623,6742918718901,6742919687031,968130
4624,6742919713624,6742920680143,966519
4625,6742920718791,6742921685347,966556
4626,6742921713533,6742922680293,966760
4627,6742922718626,6742923685330,966704
4628,6742923713441,6742924679887,966446
4629,6742924718553,6742925685610,967057
4630,6742925713276,6742926680110,966834
4631,6742926718425,6742927685352,966927
4632,6742927713204,6742928703760,990556
4633,6742928714019,6742929713964,999945
4634,6742929717575,6742930713095,995520
4635,6742930716706,6742931713095,996389
4636,6742931716595,6742932711337,994742
4637,6742932715152,6742933711578,996426
4638,6742933715301,6742934712375,997074
4639,6742934716264,6742935714321,998057
4640,6742935718321,6742936718099,999778
4641,6742936722599,6742937722285,999686
4642,6742937726026,6742938723175,997149
4643,6742938727008,6742939725879,998871
4644,6742939729175,6742940726824,997649
4645,6742940730565,6742941730455,999890
4646,6742941730788,6742942726418,995630
4647,6742942729659,6742943726808,997149
4648,6742943730326,6742944727438,997112
4649,6742944730383,6742945728032,997649
4650,6742945730420,6742946725921,995501
4651,6742946729217,6742947726792,997575
4652,6742947730107,6742948727608,997501
4653,6742948730126,6742949728405,998279
4654,6742949730016,6742950727331,997315
4655,6742950729980,6742951727610,997630
4656,6742951729999,6742952725148,995149
4657,6742952729814,6742953726297,996483
4658,6742953729926,6742954725149,995223
4659,6742954728242,6742955725613,997371
4660,6742955729391,6742956726910,997519
4661,6742956729743,6742957727670,997927
4662,6742957729670,6742958725430,995760
4663,6742958728726,6742959726153,997427
4664,6742959729449,6742960726209,996760
4665,6742960729376,6742961725339,995963
4666,6742961728932,6742962725451,996519
4667,6742962729229,6742963726582,997353
4668,6742963729341,6742964726582,997241
4669,6742964729212,6742965726324,997112
4670,6742965729065,6742966724510,995445
4671,6742966728010,6742967724714,996704
4672,6742967728492,6742968725622,997130
4673,6742968728974,6742969725512,996538
4674,6742969728456,6742970725253,996797
4675,6742970728828,6742971726199,997371
4676,6742971728865,6742972725199,996334
4677,6742972728699,6742973725978,997279
4678,6742973728570,6742974726293,997723
4679,6742974728664,6742975725739,997075
4680,6742975728479,6742976723165,994686
4681,6742976727147,6742977724110,996963
4682,6742977727907,6742978725333,997426
4683,6742978728593,6742979725853,997260
4684,6742979728334,6742980732557,1004223
4685,6742980715724,6742981719780,1004056
4686,6742981723039,6742982718836,995797
4687,6742982722373,6742983718800,996427
4688,6742983722541,6742984718893,996352
4689,6742984722912,6742985720042,997130
4690,6742985724042,6742986721098,997056
4691,6742986725024,6742987721358,996334
4692,6742987725044,6742988721804,996760
4693,6742988726044,6742989724415,998371
4694,6742989727823,6742990724657,996834
4695,6742990727657,6742991725454,997797
4696,6742991727713,6742992724695,996982
4697,6742992727658,6742993725511,997853
4698,6742993727585,6742994723363,995778
4699,6742994726752,6742995723420,996668
4700,6742995727068,6742996722939,995871
4701,6742996727365,6742997724718,997353
4702,6742997727255,6742998724015,996760
4703,6742998727200,6742999723812,996612
4704,6742999727034,6743000723220,996186
4705,6743000727109,6743001721869,994760
4706,6743001725554,6743002721092,995538
4707,6743002724888,6743003722018,997130
4708,6743003725963,6743004722204,996241
4709,6743004726445,6743005723409,996964
4710,6743005726797,6743006724465,997668
4711,6743006726761,6743007722910,996149
4712,6743007726762,6743008721800,995038
4713,6743008725522,6743009723708,998186
4714,6743009726523,6743010723745,997222
4715,6743010726505,6743011724394,997889
4716,6743011726746,6743012722747,996001
4717,6743012726506,6743013721174,994668
4718,6743013724674,6743014720415,995741
4719,6743014724267,6743015720619,996352
4720,6743015724842,6743016720676,995834
4721,6743016725194,6743017722028,996834
4722,6743017725917,6743018723288,997371
4723,6743018726103,6743019724233,998130
4724,6743019726085,6743020722142,996057
4725,6743020725975,6743021720642,994667
4726,6743021724087,6743022726384,1002297
4727,6743022726606,6743023722273,995667
4728,6743023725810,6743024723126,997316
4729,6743024725904,6743025721164,995260
4730,6743025724405,6743026720961,996556
4731,6743026724683,6743027720906,996223
4732,6743027724887,6743028720870,995983
4733,6743028725370,6743029724111,998741
4734,6743029725463,6743030720408,994945
4735,6743030723890,6743031720094,996204
4736,6743031723835,6743032719465,995630
4737,6743032723150,6743033719818,996668
4738,6743033723688,6743034720578,996890
4739,6743034724411,6743035721930,997519
4740,6743035725227,6743036713913,988686
4741,6743036717357,6743037712395,995038
4742,6743037715784,6743038712395,996611
4743,6743038716044,6743039714748,998704
4744,6743039717378,6743040711786,994408
4745,6743040715212,6743041711712,996500
4746,6743041715324,6743042711380,996056
4747,6743042714898,6743043711288,996390
4748,6743043715121,6743044711141,996020
4749,6743044715566,6743045712826,997260
4750,6743045716641,6743046714142,997501
4751,6743046717938,6743047714143,996205
4752,6743047718143,6743048714958,996815
4753,6743048719310,6743049718922,999612
4754,6743049721885,6743050715312,993427
4755,6743050719275,6743051716090,996815
4756,6743051719942,6743052716591,996649
4757,6743052720776,6743053716721,995945
4758,6743053720666,6743054717185,996519
4759,6743054721018,6743055719000,997982
4760,6743055722889,6743056720205,997316
4761,6743056723890,6743057718909,995019
4762,6743057722483,6743058718836,996353
4763,6743058722743,6743059722596,999853
4764,6743059723429,6743060716448,993019
4765,6743060720726,6743061717764,997038
4766,6743061722783,6743062719635,996852
4767,6743062723598,6743063721228,997630
4768,6743063723617,6743064720248,996631
4769,6743064723377,6743065719693,996316
4770,6743065723452,6743066721027,997575
4771,6743066723305,6743067720028,996723
4772,6743067723324,6743068718491,995167
4773,6743068722139,6743069720103,997964
4774,6743069722918,6743070717289,994371
4775,6743070720659,6743071715864,995205
4776,6743071720790,6743072717420,996630
4777,6743072721791,6743073718810,997019
4778,6743073722680,6743074719885,997205
4779,6743074722940,6743075720145,997205
4780,6743075722848,6743076719590,996742
4781,6743076722812,6743077717905,995093
4782,6743077721220,6743078718184,996964
4783,6743078722036,6743079720981,998945
4784,6743079722259,6743080715111,992852
4785,6743080719537,6743081714945,995408
4786,6743081720186,6743082716668,996482
4787,6743082720464,6743083716039,995575
4788,6743083719780,6743084716281,996501
4789,6743084720781,6743085718744,997963
4790,6743085722226,6743086719412,997186
4791,6743086722171,6743087716931,994760
4792,6743087720338,6743088715376,995038
4793,6743088719747,6743089718562,998815
4794,6743089720840,6743090715378,994538
4795,6743090718804,6743091713767,994963
4796,6743091718786,6743092714768,995982
4797,6743092719009,6743093715565,996556
4798,6743093719695,6743094717140,997445
4799,6743094720788,6743095716844,996056
4800,6743095720622,6743096716901,996279
4801,6743096721252,6743097719198,997946
4802,6743097721512,6743098716087,994575
4803,6743098719624,6743099714403,994779
4804,6743099719329,6743100715478,996149
4805,6743100719774,6743101713997,994223
4806,6743101717663,6743102713646,995983
4807,6743102717516,6743103714091,996575
4808,6743103717887,6743104713832,995945
4809,6743104718221,6743105715389,997168
4810,6743105719315,6743106717149,997834
4811,6743106721149,6743107717964,996815
4812,6743107720964,6743108717483,996519
4813,6743108720928,6743109715854,994926
4814,6743109719373,6743110715244,995871
4815,6743110719077,6743111716430,997353
4816,6743111720467,6743112717449,996982
4817,6743112720727,6743113717672,996945
4818,6743113720580,6743114717543,996963
4819,6743114720580,6743115717637,997057
4820,6743115720526,6743116716674,996148
4821,6743116720693,6743117718120,997427
4822,6743117720416,6743118715657,995241
4823,6743118718861,6743119713973,995112
4824,6743119718936,6743120715788,996852
4825,6743120719900,6743121715326,995426
4826,6743121720215,6743122718105,997890
4827,6743122720086,6743123717142,997056
4828,6743123720142,6743124713977,993835
4829,6743124717884,6743125713848,995964
4830,6743125717588,6743126713330,995742
4831,6743126717052,6743127714738,997686
4832,6743127718756,6743128701442,982686
4833,6743128704146,6743129671962,967816
4834,6743129707962,6743130677333,969371
4835,6743130701536,6743131668352,966816
4836,6743131706685,6743132673445,966760
4837,6743132701371,6743133668298,966927
4838,6743133706520,6743134673224,966704
4839,6743134701280,6743135668170,966890
4840,6743135706392,6743136673115,966723
4841,6743136701244,6743137667930,966686
4842,6743137706301,6743138672987,966686
4843,6743138701061,6743139667654,966593
4844,6743139706173,6743140673266,967093
4845,6743140700970,6743141667767,966797
4846,6743141706044,6743142672971,966927
4847,6743142700804,6743143667564,966760
4848,6743143705972,6743144672639,966667
4849,6743144700676,6743145666121,965445
4850,6743145705807,6743146672289,966482
4851,6743146700641,6743147666845,966204
4852,6743147705678,6743148671883,966205
4853,6743148700512,6743149667198,966686
4854,6743149705606,6743150673199,967593
4855,6743150700384,6743151667292,966908
4856,6743151705496,6743152673423,967927
4857,6743152700275,6743153667053,966778
4858,6743153705349,6743154672387,967038
4859,6743154700146,6743155666777,966631
4860,6743155705277,6743156672833,967556
4861,6743156700037,6743157666889,966852
4862,6743157705167,6743158671409,966242
4863,6743158699909,6743159666280,966371
4864,6743159705002,6743160672688,967686
4865,6743160699817,6743161666577,966760
4866,6743161704929,6743162671300,966371
4867,6743162699634,6743163666375,966741
4868,6743163704801,6743164670746,965945
4869,6743164699580,6743165665803,966223
4870,6743165704673,6743166671137,966464
4871,6743166699433,6743167665767,966334
4872,6743167704563,6743168671731,967168
4873,6743168699360,6743169665880,966520
4874,6743169704491,6743170671584,967093
4875,6743170699232,6743171665770,966538
4876,6743171704307,6743172670585,966278
4877,6743172699104,6743173665660,966556
4878,6743173704234,6743174670809,966575
4879,6743174698976,6743175665680,966704
4880,6743175704088,6743176670255,966167
4881,6743176698848,6743177665293,966445
4882,6743177703959,6743178670479,966520
4883,6743178698756,6743179665165,966409
4884,6743179703868,6743180671462,967594
4885,6743180698702,6743181665110,966408
4886,6743181703777,6743182670111,966334
4887,6743182698537,6743183665260,966723
4888,6743183703630,6743184671650,968020
4889,6743184698465,6743185666150,967685
4890,6743185703521,6743186670207,966686
4891,6743186698262,6743187664819,966557
4892,6743187703430,6743188670264,966834
4893,6743188698190,6743189665172,966982
4894,6743189703320,6743190670913,967593
4895,6743190698099,6743191664377,966278
4896,6743191703155,6743192669137,965982
4897,6743192697970,6743193664786,966816
4898,6743193703101,6743194669676,966575
4899,6743194697805,6743195665287,967482
4900,6743195702954,6743196669233,966279
4901,6743196697751,6743197664252,966501
4902,6743197702826,6743198669530,966704
4903,6743198697604,6743199664124,966520
4904,6743199702698,6743200669365,966667
4905,6743200697476,6743201664495,967019
4906,6743201702588,6743202669089,966501
4907,6743202697385,6743203664126,966741
4908,6743203702478,6743204668998,966520
4909,6743204697257,6743205663943,966686
4910,6743205702369,6743206668814,966445
4911,6743206697110,6743207664092,966982
4912,6743207702259,6743208670112,967853
4913,6743208697019,6743209663501,966482
4914,6743209702112,6743210670835,968723
4915,6743210696891,6743211663558,966667
4916,6743211702058,6743212669800,967742
4917,6743212696781,6743213663578,966797
4918,6743213701930,6743214668634,966704
4919,6743214696690,6743215663228,966538
4920,6743215701765,6743216668488,966723
4921,6743216696580,6743217663192,966612
4922,6743217701711,6743218668397,966686
4923,6743218696415,6743219663416,967001
4924,6743219701601,6743220669268,967667
4925,6743220696361,6743221663214,966853
4926,6743221701473,6743222667974,966501
4927,6743222696214,6743223662771,966557
4928,6743223701363,6743224669531,968168
4929,6743224696105,6743225663735,967630
4930,6743225701272,6743226667847,966575
4931,6743226696014,6743227662885,966871
4932,6743227701070,6743228668348,967278
4933,6743228695941,6743229662534,966593
4934,6743229701034,6743230668313,967279
4935,6743230695739,6743231662425,966686
4936,6743231700869,6743232668666,967797
4937,6743232695666,6743233662741,967075
4938,6743233700759,6743234667186,966427
4939,6743234695519,6743235662390,966871
4940,6743235700631,6743236671706,971075
4941,6743236695410,6743237662318,966908
4942,6743237700559,6743238667319,966760
4943,6743238695282,6743239661875,966593
4944,6743239700393,6743240669320,968927
4945,6743240695246,6743241663710,968464
4946,6743241700321,6743242667340,967019
4947,6743242695099,6743243661748,966649
4948,6743243700193,6743244668471,968278
4949,6743244694971,6743245661601,966630
4950,6743245700101,6743246667139,967038
4951,6743246694843,6743247661492,966649
4952,6743247699973,6743248668659,968686
4953,6743248694715,6743249661678,966963
4954,6743249699919,6743250667846,967927
4955,6743250694642,6743251661198,966556
4956,6743251699680,6743252669310,969630
4957,6743252694533,6743253661255,966722
4958,6743253699644,6743254667867,968223
4959,6743254694386,6743255660683,966297
4960,6743255699516,6743256668665,969149
4961,6743256694276,6743257661147,966871
4962,6743257699407,6743258666185,966778
4963,6743258694166,6743259660871,966705
4964,6743259699278,6743260670205,970927
4965,6743260694057,6743261661761,967704
4966,6743261699187,6743262666021,966834
4967,6743262693910,6743263660948,967038
4968,6743263699022,6743264667282,968260
4969,6743264693819,6743265660616,966797
4970,6743265698949,6743266665506,966557
4971,6743266693709,6743267659766,966057
4972,6743267698821,6743268666192,967371
4973,6743268693581,6743269660415,966834
4974,6743269698693,6743270665860,967167
4975,6743270693509,6743271660213,966704
4976,6743271698565,6743272666603,968038
4977,6743272693380,6743273659751,966371
4978,6743273698511,6743274665197,966686
4979,6743274693197,6743275659586,966389
4980,6743275698327,6743276668031,969704
4981,6743276693143,6743277659421,966278
4982,6743277698236,6743278664792,966556
4983,6743278693014,6743279660367,967353
4984,6743279698108,6743280666294,968186
4985,6743280692923,6743281659702,966779
4986,6743281698054,6743282664962,966908
4987,6743282692758,6743283659499,966741
4988,6743283697870,6743284667426,969556
4989,6743284692685,6743285659038,966353
4990,6743285697797,6743286664446,966649
4991,6743286692539,6743287659225,966686
4992,6743287697614,6743288666355,968741
4993,6743288692429,6743289659152,966723
4994,6743289697578,6743290663968,966390
4995,6743290692301,6743291658561,966260
4996,6743291697413,6743292665376,967963
4997,6743292692191,6743293658359,966168
4998,6743293697340,6743294663526,966186
4999,6743294692063,6743295658193,966130
5000,6743295697175,6743296669490,972315
5001,6743296691972,6743297659399,967427
5002,6743297697102,6743298664233,967131
5003,6743298691844,6743299658400,966556
5004,6743299696937,6743300672956,976019
5005,6743300692271,6743301684901,992630
5006,6743301692253,6743302685198,992945
5007,6743302692013,6743303683847,991834
5008,6743303692088,6743304687848,995760
5009,6743304691959,6743305683701,991742
5010,6743305692090,6743306683461,991371
5011,6743306691887,6743307684332,992445
5012,6743307691832,6743308689814,997982
5013,6743308694092,6743309686074,991982
5014,6743309691685,6743310686889,995204
5015,6743310691778,6743311684168,992390
5016,6743311691520,6743312686558,995038
5017,6743312691502,6743313682892,991390
5018,6743313691466,6743314684096,992630
5019,6743314691392,6743315684226,992834
5020,6743315691282,6743316687246,995964
5021,6743316691412,6743317682395,990983
5022,6743317691154,6743318683025,991871
5023,6743318691395,6743319684859,993464
5024,6743319691063,6743320688637,997574
5025,6743320692434,6743321683249,990815
5026,6743321690972,6743322682732,991760
5027,6743322690972,6743323683029,992057
5028,6743323690880,6743324684418,993538
5029,6743324690844,6743325682678,991834
5030,6743325690771,6743326683623,992852
5031,6743326690660,6743327682383,991723
5032,6743327690680,6743328685717,995037
5033,6743328690551,6743329680737,990186
5034,6743329690533,6743330683904,993371
5035,6743330690460,6743331683053,992593
5036,6743331690423,6743332684331,993908
5037,6743332690368,6743333681702,991334
5038,6743333690314,6743334684777,994463
5039,6743334690148,6743335681760,991612
5040,6743335690241,6743336684686,994445
5041,6743336690038,6743337681668,991630
5042,6743337690076,6743338682058,991982
5043,6743338690095,6743339683596,993501
5044,6743339689874,6743340686596,996722
5045,6743340691096,6743341683431,992335
5046,6743341689838,6743342679783,989945
5047,6743342689765,6743343681062,991297
5048,6743343689765,6743344684673,994908
5049,6743344689692,6743345681785,992093
5050,6743345689711,6743346681545,991834
5051,6743346689656,6743347680231,990575
5052,6743347689490,6743348679491,990001
5053,6743348689139,6743349653973,964834
5054,6743349694714,6743350659456,964742
5055,6743350688826,6743351653345,964519
5056,6743351693993,6743352658827,964834
5057,6743352688642,6743353653069,964427
5058,6743353693921,6743354659236,965315
5059,6743354688644,6743355653496,964852
5060,6743355693774,6743356663275,969501
5061,6743356688441,6743357654979,966538
5062,6743357693572,6743358658313,964741
5063,6743358688276,6743359652666,964390
5064,6743359693536,6743360659833,966297
5065,6743360688296,6743361653852,965556
5066,6743361693427,6743362656427,963000
5067,6743362694261,6743363656780,962519
5068,6743363694632,6743364659892,965260
5069,6743364687947,6743365652448,964501
5070,6743365693189,6743366656838,963649
5071,6743366694578,6743367658079,963501
5072,6743367687857,6743368651839,963982
5073,6743368693024,6743369656525,963501
5074,6743369694192,6743370658100,963908
5075,6743370687637,6743371652341,964704
5076,6743371692878,6743372660490,967612
5077,6743372687527,6743373651732,964205
5078,6743373692750,6743374656640,963890
5079,6743374693955,6743375657270,963315
5080,6743375687381,6743376651956,964575
5081,6743376692326,6743377655568,963242
5082,6743377693383,6743378656328,962945
5083,6743378693994,6743379657440,963446
5084,6743379687199,6743380652792,965593
5085,6743380692348,6743381655497,963149
5086,6743381693182,6743382656701,963519
5087,6743382686886,6743383650794,963908
5088,6743383692128,6743384649536,957408
5089,6743384691869,6743385642166,950297
5090,6743385691722,6743386641519,949797
5091,6743386691667,6743387641816,950149
5092,6743387691631,6743388641520,949889
5093,6743388691539,6743389641669,950130
5094,6743389691502,6743390642707,951205
5095,6743390691448,6743391641134,949686
5096,6743391691393,6743392640931,949538
5097,6743392691338,6743393641283,949945
5098,6743393691283,6743394641265,949982
5099,6743394691210,6743395641266,950056
5100,6743395691155,6743396641063,949908
5101,6743396691119,6743397641101,949982
5102,6743397691101,6743398641139,950038
5103,6743398690990,6743399640936,949946
5104,6743399690936,6743400642029,951093
5105,6743400690899,6743401640659,949760
5106,6743401690807,6743402640438,949631
5107,6743402690734,6743403640920,950186
5108,6743403690679,6743404640273,949594
5109,6743404690643,6743405640755,950112
5110,6743405690551,6743406640496,949945
5111,6743406690533,6743407640423,949890
5112,6743407690441,6743408639924,949483
5113,6743408690405,6743409640443,950038
5114,6743409690369,6743410640499,950130
5115,6743410690258,6743411640315,950057
5116,6743411690222,6743412640019,949797
5117,6743412690167,6743413640261,950094
5118,6743413690113,6743414640187,950074
5119,6743414690076,6743415640077,950001
5120,6743415690021,6743416639689,949668
5121,6743416689967,6743417640060,950093
5122,6743417689875,6743418639727,949852
5123,6743418689820,6743419639876,950056
5124,6743419689765,6743420640266,950501
5125,6743420689729,6743421639878,950149
5126,6743421689618,6743422639693,950075
5127,6743422689601,6743423639657,950056
5128,6743423689564,6743424638880,949316
5129,6743424689491,6743425639584,950093
5130,6743425689418,6743426639455,950037
5131,6743426689363,6743427639475,950112
5132,6743427689308,6743428639086,949778
5133,6743428689253,6743429639254,950001
5134,6743429689161,6743430639199,950038
5135,6743430689162,6743431639311,950149
5136,6743431689070,6743432639904,950834
5137,6743432688997,6743433639127,950130
5138,6743433688979,6743434639794,950815
5139,6743434688906,6743435639443,950537
5140,6743435688851,6743436638740,949889
5141,6743436688814,6743437639000,950186
5142,6743437688741,6743438638631,949890
5143,6743438688649,6743439638687,950038
5144,6743439688650,6743440638928,950278
5145,6743440688577,6743441638744,950167
5146,6743441688540,6743442638652,950112
5147,6743442688467,6743443638449,949982
5148,6743443688394,6743444638505,950111
5149,6743444688339,6743445638469,950130
5150,6743445688395,6743446639118,950723
5151,6743446688192,6743447638193,950001
5152,6743447688119,6743448638916,950797
5153,6743448688138,6743449644416,956278
5154,6743449688416,6743450657306,968890
5155,6743450683121,6743451649918,966797
5156,6743451688251,6743452654715,966464
5157,6743452683048,6743453649808,966760
5158,6743453688160,6743454654550,966390
5159,6743454682920,6743455649773,966853
5160,6743455688013,6743456655792,967779
5161,6743456682773,6743457650774,968001
5162,6743457687904,6743458654923,967019
5163,6743458682664,6743459649294,966630
5164,6743459687850,6743460655239,967389
5165,6743460682554,6743461649407,966853
5166,6743461687721,6743462654204,966483
5167,6743462682426,6743463649241,966815
5168,6743463687575,6743464655575,968000
5169,6743464682353,6743465650354,968001
5170,6743465687447,6743466654818,967371
5171,6743466682281,6743467648855,966574
5172,6743467687374,6743468653912,966538
5173,6743468682134,6743469649690,967556
5174,6743469687246,6743470656858,969612
5175,6743470682043,6743471649007,966964
5176,6743471687118,6743472655100,967982
5177,6743472681878,6743473650026,968148
5178,6743473687008,6743474653990,966982
5179,6743474681768,6743475648695,966927
5180,6743475686861,6743476654473,967612
5181,6743476681658,6743477648233,966575
5182,6743477686789,6743478653493,966704
5183,6743478681530,6743479648475,966945
5184,6743479686679,6743480654661,967982
5185,6743480681420,6743481649551,968131
5186,6743481686532,6743482654570,968038
5187,6743482681348,6743483647867,966519
5188,6743483686478,6743484653831,967353
5189,6743484681220,6743485647961,966741
5190,6743485686350,6743486653073,966723
5191,6743486681092,6743487647796,966704
5192,6743487686203,6743488654223,968020
5193,6743488680963,6743489648316,967353
5194,6743489686112,6743490652724,966612
5195,6743490680835,6743491647077,966242
5196,6743491685966,6743492653300,967334
5197,6743492680725,6743493647615,966890
5198,6743493685856,6743494652764,966908
5199,6743494680653,6743495647579,966926
5200,6743495685728,6743496653339,967611
5201,6743496680469,6743497648266,967797
5202,6743497685618,6743498652434,966816
5203,6743498680397,6743499648286,967889
5204,6743499685527,6743500651416,965889
5205,6743500680268,6743501648343,968075
5206,6743501685417,6743502652177,966760
5207,6743502680103,6743503646882,966779
5208,6743503685289,6743504653160,967871
5209,6743504680031,6743505646772,966741
5210,6743505685124,6743506652069,966945
5211,6743506679921,6743507646977,967056
5212,6743507685033,6743508651367,966334
5213,6743508679774,6743509646516,966742
5214,6743509684923,6743510651368,966445
5215,6743510679683,6743511646869,967186
5216,6743511684832,6743512652629,967797
5217,6743512679592,6743513646204,966612
5218,6743513684704,6743514651667,966963
5219,6743514679427,6743515645927,966500
5220,6743515684557,6743516650780,966223
5221,6743516679298,6743517645799,966501
5222,6743517684466,6743518650948,966482
5223,6743518679226,6743519645893,966667
5224,6743519684319,6743520652172,967853
5225,6743520679116,6743521647672,968556
5226,6743521684228,6743522650914,966686
5227,6743522678988,6743523645248,966260
5228,6743523684063,6743524651249,967186
5229,6743524678897,6743525645731,966834
5230,6743525683972,6743526650343,966371
5231,6743526678732,6743527645418,966686
5232,6743527683899,6743528651622,967723
5233,6743528678622,6743529646215,967593
5234,6743529683789,6743530650642,966853
5235,6743530678512,6743531646439,967927
5236,6743531683624,6743532649977,966353
5237,6743532678403,6743533645255,966852
5238,6743533683552,6743534649497,965945
5239,6743534678275,6743535644905,966630
5240,6743535683442,6743536650776,967334
5241,6743536678183,6743537644943,966760
5242,6743537683277,6743538650314,967037
5243,6743538678074,6743539644908,966834
5244,6743539683204,6743540649557,966353
5245,6743540677927,6743541645817,967890
5246,6743541683076,6743542649521,966445
5247,6743542677817,6743543644577,966760
5248,6743543682929,6743544650967,968038
5249,6743544677726,6743545644338,966612
5250,6743545682838,6743546649654,966816
5251,6743546677598,6743547644136,966538
5252,6743547682765,6743548674581,991816
5253,6743548678433,6743549676878,998445
5254,6743549680489,6743550676397,995908
5255,6743550681768,6743551682546,1000778
5256,6743551686639,6743552686343,999704
5257,6743552690769,6743553686011,995242
5258,6743553689733,6743554685771,996038
5259,6743554689771,6743555685938,996167
5260,6743555689716,6743556687494,997778
5261,6743556691976,6743557686921,994945
5262,6743557690051,6743558686107,996056
5263,6743558689977,6743559687200,997223
5264,6743559691330,6743560690293,998963
5265,6743560695034,6743561702072,1007038
5266,6743561684702,6743562689221,1004519
5267,6743562693276,6743563690092,996816
5268,6743563694277,6743564690407,996130
5269,6743564693889,6743565693519,999630
5270,6743565694612,6743566690576,995964
5271,6743566694279,6743567691484,997205
5272,6743567694465,6743568690725,996260
5273,6743568694170,6743569690115,995945
5274,6743569693356,6743570689949,996593
5275,6743570693930,6743571692524,998594
5276,6743571694227,6743572691580,997353
5277,6743572694210,6743573689062,994852
5278,6743573691692,6743574688600,996908
5279,6743574692285,6743575689786,997501
5280,6743575693767,6743576688861,995094
5281,6743576692564,6743577689472,996908
5282,6743577692972,6743578690473,997501
5283,6743578693862,6743579691770,997908
5284,6743579693789,6743580689901,996112
5285,6743580694049,6743581690420,996371
5286,6743581693679,6743582690254,996575
5287,6743582693624,6743583690718,997094
5288,6743583693847,6743584689181,995334
5289,6743584692774,6743585689108,996334
5290,6743585692886,6743586690590,997704
5291,6743586693386,6743587688202,994816
5292,6743587691776,6743588690980,999204
5293,6743588693258,6743589687315,994057
5294,6743589691315,6743590689149,997834
5295,6743590693093,6743591688686,995593
5296,6743591692038,6743592689706,997668
5297,6743592692928,6743593689614,996686
5298,6743593693225,6743594689152,995927
5299,6743594692355,6743595689467,997112
5300,6743595692856,6743596688097,995241
5301,6743596691671,6743597687969,996298
5302,6743597691765,6743598689210,997445
5303,6743598692784,6743599687044,994260
5304,6743599689748,6743600688137,998389
5305,6743600692174,6743601689860,997686
5306,6743601692545,6743602689250,996705
5307,6743602692287,6743603687065,994778
5308,6743603690640,6743604673307,982667
5309,6743604678585,6743605646215,967630
5310,6743605674271,6743606641271,967000
5311,6743606679327,6743607646068,966741
5312,6743607674087,6743608640699,966612
5313,6743608679236,6743609645940,966704
5314,6743609673977,6743610640404,966427
5315,6743610679108,6743611647590,968482
5316,6743611673868,6743612640905,967037
5317,6743612679016,6743613645925,966909
5318,6743613673758,6743614640388,966630
5319,6743614678814,6743615645111,966297
5320,6743615673630,6743616640112,966482
5321,6743616678797,6743617645687,966890
5322,6743617673520,6743618640354,966834
5323,6743618678669,6743619645096,966427
5324,6743619673373,6743620639244,965871
5325,6743620678504,6743621646190,967686
5326,6743621673338,6743622639653,966315
5327,6743622678376,6743623644987,966611
5328,6743623673173,6743624639507,966334
5329,6743624678303,6743625644878,966575
5330,6743625673044,6743626639675,966631
5331,6743626678156,6743627644472,966316
5332,6743627672935,6743628639417,966482
5333,6743628678047,6743629644955,966908
5334,6743629672788,6743630638770,965982
5335,6743630677937,6743631645178,967241
5336,6743631672697,6743632638883,966186
5337,6743632677772,6743633644661,966889
5338,6743633672606,6743634639125,966519
5339,6743634677681,6743635644033,966352
5340,6743635672404,6743636638886,966482
5341,6743636677589,6743637644220,966631
5342,6743637672349,6743638638535,966186
5343,6743638677498,6743639643795,966297
5344,6743639672221,6743640638426,966205
5345,6743640677333,6743641644519,967186
5346,6743641672167,6743642638594,966427
5347,6743642677298,6743643643335,966037
5348,6743643672002,6743644638225,966223
5349,6743644677114,6743645643726,966612
5350,6743645671892,6743646638449,966557
5351,6743646676986,6743647643616,966630
5352,6743647671727,6743648638061,966334
5353,6743648676894,6743649643654,966760
5354,6743649671654,6743650638063,966409
5355,6743650676785,6743651645267,968482
5356,6743651671563,6743652638045,966482
5357,6743652676675,6743653643009,966334
5358,6743653671398,6743654638102,966704
5359,6743654676584,6743655642844,966260
5360,6743655671307,6743656638030,966723
5361,6743656676437,6743657643049,966612
5362,6743657671197,6743658637605,966408
5363,6743658676346,6743659643180,966834
5364,6743659671051,6743660637477,966426
5365,6743660676274,6743661642959,966685
5366,6743661671015,6743662637831,966816
5367,6743662676071,6743663642646,966575
5368,6743663670868,6743664636443,965575
5369,6743664675999,6743665642481,966482
5370,6743665670722,6743666637352,966630
5371,6743666675852,6743667642705,966853
5372,6743667670630,6743668645502,974872
5373,6743668670872,6743669638336,967464
5374,6743669675817,6743670642577,966760
5375,6743670670540,6743671638856,968316
5376,6743671675615,6743672645023,969408
5377,6743672670912,6743673667450,996538
5378,6743673670894,6743674663506,992612
5379,6743674670636,6743675667896,997260
5380,6743675671896,6743676665581,993685
5381,6743676670507,6743677666101,995594
5382,6743677670323,6743678665990,995667
5383,6743678670453,6743679667232,996779
5384,6743679670861,6743680666084,995223
5385,6743680670399,6743681669530,999131
5386,6743681672641,6743682666771,994130
5387,6743682670456,6743683665290,994834
5388,6743683670198,6743684665754,995556
5389,6743684670069,6743685665829,995760
5390,6743685669866,6743686665292,995426
5391,6743686669996,6743687665312,995316
5392,6743687669941,6743688664424,994483
5393,6743688669794,6743689666350,996556
5394,6743689670072,6743690664851,994779
5395,6743690669555,6743691664537,994982
5396,6743691669666,6743692665130,995464
5397,6743692669593,6743693667890,998297
5398,6743693671742,6743694669243,997501
5399,6743694673224,6743695667021,993797
5400,6743695671206,6743696666115,994909
5401,6743696669855,6743697665893,996038
5402,6743697669523,6743698667375,997852
5403,6743698671431,6743699666432,995001
5404,6743699669839,6743700663377,993538
5405,6743700669229,6743701666340,997111
5406,6743701670118,6743702668804,998686
5407,6743702672786,6743703669564,996778
5408,6743703672934,6743704668398,995464
5409,6743704672343,6743705665288,992945
5410,6743705668973,6743706663807,994834
5411,6743706668807,6743707664511,995704
5412,6743707668734,6743708665123,996389
5413,6743708669457,6743709664550,995093
5414,6743709668643,6743710661865,993222
5415,6743710668662,6743711667088,998426
5416,6743711670940,6743712667959,997019
5417,6743712671811,6743713667090,995279
5418,6743713670757,6743714667424,996667
5419,6743714670924,6743715667184,996260
5420,6743715670925,6743716664722,993797
5421,6743716668796,6743717661963,993167
5422,6743717668093,6743718661408,993315
5423,6743718668131,6743719660816,992685
5424,6743719668020,6743720660502,992482
5425,6743720667984,6743721662762,994778
5426,6743721667966,6743722660745,992779
5427,6743722667893,6743723662042,994149
5428,6743723667579,6743724658135,990556
5429,6743724667765,6743725660932,993167
5430,6743725667673,6743726660655,992982
5431,6743726667414,6743727659267,991853
5432,6743727667582,6743728660582,993000
5433,6743728667619,6743729661361,993742
5434,6743729667527,6743730659380,991853
5435,6743730667473,6743731661158,993685
5436,6743731667140,6743732659622,992482
5437,6743732667307,6743733660401,993094
5438,6743733667586,6743734660420,992834
5439,6743734667290,6743735660143,992853
5440,6743735667198,6743736658792,991594
5441,6743736666903,6743737659626,992723
5442,6743737667089,6743738659664,992575
5443,6743738666923,6743739660535,993612
5444,6743739666887,6743740658758,991871
5445,6743740666850,6743741660684,993834
5446,6743741666592,6743742658315,991723
5447,6743742666815,6743743659889,993074
5448,6743743666723,6743744659316,992593
5449,6743744666649,6743745660409,993760
5450,6743745666558,6743746657243,990685
5451,6743746666392,6743747658170,991778
5452,6743747666541,6743748661060,994519
5453,6743748666375,6743749659616,993241
5454,6743749666449,6743750658969,992520
5455,6743750666283,6743751658988,992705
5456,6743751666155,6743752657618,991463
5457,6743752666211,6743753659249,993038
5458,6743753666156,6743754658897,992741
5459,6743754666101,6743755660528,994427
5460,6743755666009,6743756657288,991279
5461,6743756665880,6743757658418,992538
5462,6743757665937,6743758660363,994426
5463,6743758665808,6743759659346,993538
5464,6743759665790,6743760658809,993019
5465,6743760665698,6743761659551,993853
5466,6743761665477,6743762657422,991945
5467,6743762665588,6743763659237,993649
5468,6743763665515,6743764657720,992205
5469,6743764665590,6743765658405,992815
5470,6743765665387,6743766657277,991890
5471,6743766665202,6743767656462,991260
5472,6743767665333,6743768659371,994038
5473,6743768665259,6743769657779,992520
5474,6743769665242,6743770657205,991963
5475,6743770665261,6743771660002,994741
5476,6743771664836,6743772653781,988945
5477,6743772665040,6743773658504,993464
5478,6743773664967,6743774658079,993112
5479,6743774664875,6743775657283,992408
5480,6743775664931,6743776655321,990390
5481,6743776664599,6743777656322,991723
5482,6743777664785,6743778657563,992778
5483,6743778664785,6743779657397,992612
5484,6743779664638,6743780656620,991982
5485,6743780664509,6743781658399,993890
5486,6743781664287,6743782656751,992464
5487,6743782664714,6743783656604,991890
5488,6743783664400,6743784656753,992353
5489,6743784664271,6743785656605,992334
5490,6743785664364,6743786656254,991890
5491,6743786664106,6743787654440,990334
5492,6743787664088,6743788656830,992742
5493,6743788664237,6743789657775,993538
5494,6743789664145,6743790656627,992482
5495,6743790663998,6743791656758,992760
5496,6743791663739,6743792654555,990816
5497,6743792663999,6743793656796,992797
5498,6743793663815,6743794656815,993000
5499,6743794663760,6743795655983,992223
5500,6743795663761,6743796655484,991723
5501,6743796663428,6743797656706,993278
5502,6743797663614,6743798657244,993630
5503,6743798663541,6743799656115,992574
5504,6743799663578,6743800656153,992575
5505,6743800663486,6743801654746,991260
5506,6743801663117,6743802655636,992519
5507,6743802663284,6743803655729,992445
5508,6743803663285,6743804656230,992945
5509,6743804663249,6743805657046,993797
5510,6743805663268,6743806654750,991482
5511,6743806663083,6743807655936,992853
5512,6743807663029,6743808654640,991611
5513,6743808663214,6743809656252,993038
5514,6743809662882,6743810655346,992464
5515,6743810662920,6743811654754,991834
5516,6743811662846,6743812653921,991075
5517,6743812662717,6743813655107,992390
5518,6743813662644,6743814655163,992519
5519,6743814662626,6743815656831,994205
5520,6743815662497,6743816654202,991705
5521,6743816662572,6743817654906,992334
5522,6743817662517,6743818653129,990612
5523,6743818662425,6743819656093,993668
5524,6743819662352,6743820653519,991167
5525,6743820662260,6743821654983,992723
5526,6743821662261,6743822653873,991612
5527,6743822662151,6743823651503,989352
5528,6743823662022,6743824655319,993297
5529,6743824662096,6743825655319,993223
5530,6743825662171,6743826654061,991890
5531,6743826661876,6743827653636,991760
5532,6743827661988,6743828654766,992778
5533,6743828661822,6743829653526,991704
5534,6743829661711,6743830656045,994334
5535,6743830661693,6743831655157,993464
5536,6743831661639,6743832652973,991334
5537,6743832661565,6743833656307,994742
5538,6743833661270,6743834653585,992315
5539,6743834661419,6743835654104,992685
5540,6743835661401,6743836652420,991019
5541,6743836661142,6743837653736,992594
5542,6743837661347,6743838653921,992574
5543,6743838661310,6743839654015,992705
5544,6743839661200,6743840652756,991556
5545,6743840661219,6743841652350,991131
5546,6743841661127,6743842654535,993408
5547,6743842661073,6743843653703,992630
5548,6743843660962,6743844643981,983019
5549,6743844660685,6743845628575,967890
5550,6743845665630,6743846632779,967149
5551,6743846660353,6743847627021,966668
5552,6743847665484,6743848632281,966797
5553,6743848660262,6743849627448,967186
5554,6743849665392,6743850632356,966964
5555,6743850660097,6743851627412,967315
5556,6743851665227,6743852634487,969260
5557,6743852660043,6743853625506,965463
5558,6743853665118,6743854632655,967537
5559,6743854659896,6743855626526,966630
5560,6743855664989,6743856631620,966631
5561,6743856659786,6743857626472,966686
5562,6743857664898,6743858631566,966668
5563,6743858659677,6743859627770,968093
5564,6743859664733,6743860631363,966630
5565,6743860659456,6743861626420,966964
5566,6743861664679,6743862632661,967982
5567,6743862659402,6743863626403,967001
5568,6743863664514,6743864631014,966500
5569,6743864659274,6743865626256,966982
5570,6743865664423,6743866631238,966815
5571,6743866659164,6743867626313,967149
5572,6743867664257,6743868630036,965779
5573,6743868659073,6743869625740,966667
5574,6743869664166,6743870630741,966575
5575,6743870658889,6743871625390,966501
5576,6743871664020,6743872633020,969000
5577,6743872658835,6743873626502,967667
5578,6743873664021,6743874630911,966890
5579,6743874658707,6743875624504,965797
5580,6743875663819,6743876631356,967537
5581,6743876658579,6743877625265,966686
5582,6743877663691,6743878630302,966611
5583,6743878658414,6743879625099,966685
5584,6743879663581,6743880629193,965612
5585,6743880658378,6743881624916,966538
5586,6743881663490,6743882628879,965389
5587,6743882658250,6743883624713,966463
5588,6743883663362,6743884629585,966223
5589,6743884658140,6743885624659,966519
5590,6743885663215,6743886629956,966741
5591,6743886658012,6743887624253,966241
5592,6743887663124,6743888629754,966630
5593,6743888657865,6743889624459,966594
5594,6743889663014,6743890629737,966723
5595,6743890657774,6743891624553,966779
5596,6743891662904,6743892630109,967205
5597,6743892657701,6743893624536,966835
5598,6743893662795,6743894629703,966908
5599,6743894657536,6743895624111,966575
5600,6743895662667,6743896629075,966408
5601,6743896657445,6743897624075,966630
5602,6743897662575,6743898629298,966723
5603,6743898657317,6743899623707,966390
5604,6743899662429,6743900628744,966315
5605,6743900657226,6743901623764,966538
5606,6743901662338,6743902630172,967834
5607,6743902657079,6743903623098,966019
5608,6743903662246,6743904628247,966001
5609,6743904656988,6743905623896,966908
5610,6743905662100,6743906628804,966704
5611,6743906656878,6743907623323,966445
5612,6743907662009,6743908628676,966667
5613,6743908656750,6743909623288,966538
5614,6743909661880,6743910628381,966501
5615,6743910656640,6743911623419,966779
5616,6743911661752,6743912629086,967334
5617,6743912656531,6743913622939,966408
5618,6743913661680,6743914627829,966149
5619,6743914656384,6743915622903,966519
5620,6743915661570,6743916646219,984649
5621,6743916656793,6743917650386,993593
5622,6743917656646,6743918648202,991556
5623,6743918656683,6743919650721,994038
5624,6743919656610,6743920652981,996371
5625,6743920656444,6743921646852,990408
5626,6743921656445,6743922650371,993926
5627,6743922656408,6743923648002,991594
5628,6743923656354,6743924648373,992019
5629,6743924656299,6743925648318,992019
5630,6743925656244,6743926647967,991723
5631,6743926656171,6743927648190,992019
5632,6743927656116,6743928647283,991167
5633,6743928656042,6743929647673,991631
5634,6743929656099,6743930647877,991778
5635,6743930655933,6743931646026,990093
5636,6743931655878,6743932648786,992908
5637,6743932655860,6743933647139,991279
5638,6743933655805,6743934646751,990946
5639,6743934655695,6743935647585,991890
5640,6743935655640,6743936645956,990316
5641,6743936655604,6743937647975,992371
5642,6743937655530,6743938647883,992353
5643,6743938655494,6743939647995,992501
5644,6743939655421,6743940645773,990352
5645,6743940655422,6743941645533,990111
5646,6743941655330,6743942648182,992852
5647,6743942655293,6743943645924,990631
5648,6743943655239,6743944645591,990352
5649,6743944655110,6743945646203,991093
5650,6743945655092,6743946648130,993038
5651,6743946654963,6743947646538,991575
5652,6743947654890,6743948645390,990500
5653,6743948654983,6743949646947,991964
5654,6743949654854,6743950646299,991445
5655,6743950654855,6743951646874,992019
5656,6743951654726,6743952646690,991964
5657,6743952654615,6743953647709,993094
5658,6743953654598,6743954645561,990963
5659,6743954654598,6743955647544,992946
5660,6743955654562,6743956645526,990964
5661,6743956654248,6743957644619,990371
5662,6743957654304,6743958646453,992149
5663,6743958654305,6743959645232,990927
5664,6743959654065,6743960644140,990075
5665,6743960654306,6743961644955,990649
5666,6743961654122,6743962646438,992316
5667,6743962654160,6743963646216,992056
5668,6743963653790,6743964642383,988593
5669,6743964653958,6743965645921,991963
5670,6743965654143,6743966646200,992057
5671,6743966653903,6743967645108,991205
5672,6743967653812,6743968647034,993222
5673,6743968653683,6743969645480,991797
5674,6743969653869,6743970644906,991037
5675,6743970653629,6743971645537,991908
5676,6743971653629,6743972646778,993149
5677,6743972653537,6743973644557,991020
5678,6743973653557,6743974643650,990093
5679,6743974653391,6743975644817,991426
5680,6743975653317,6743976644744,991427
5681,6743976653374,6743977644708,991334
5682,6743977653208,6743978644931,991723
5683,6743978653190,6743979644691,991501
5684,6743979652968,6743980642821,989853
5685,6743980653062,6743981644711,991649
5686,6743981653044,6743982645341,992297
5687,6743982652915,6743983644490,991575
5688,6743983652934,6743984644157,991223
5689,6743984652842,6743985646269,993427
5690,6743985652676,6743986643862,991186
5691,6743986652733,6743987645659,992926
5692,6743987652567,6743988642956,990389
5693,6743988652605,6743989643568,990963
5694,6743989652605,6743990643662,991057
5695,6743990652458,6743991643385,990927
5696,6743991652440,6743992646774,994334
5697,6743992652330,6743993643682,991352
5698,6743993652238,6743994643924,991686
5699,6743994652331,6743995644999,992668
5700,6743995652128,6743996641814,989686
5701,6743996652203,6743997646815,994612
5702,6743997652111,6743998643649,991538
5703,6743998651982,6743999644168,992186
5704,6743999652224,6744000642243,990019
5705,6744000651891,6744001643688,991797
5706,6744001651855,6744002645096,993241
5707,6744002651818,6744003643745,991927
5708,6744003651690,6744004643079,991389
5709,6744004651635,6744005643469,991834
5710,6744005651635,6744006643247,991612
5711,6744006651562,6744007643267,991705
5712,6744007651526,6744008641860,990334
5713,6744008651397,6744009643175,991778
5714,6744009651564,6744010642750,991186
5715,6744010651398,6744011643621,992223
5716,6744011651566,6744012644159,992593
5717,6744012651289,6744013642030,990741
5718,6744013651123,6744014642123,991000
5719,6744014651123,6744015643217,992094
5720,6744015651180,6744016642699,991519
5721,6744016651106,6744017643440,992334
5722,6744017650996,6744018642700,991704
5723,6744018650867,6744019641812,990945
5724,6744019650831,6744020640943,990112
5725,6744020650702,6744021642814,992112
5726,6744021650740,6744022642500,991760
5727,6744022650611,6744023642019,991408
5728,6744023650537,6744024641353,990816
5729,6744024650557,6744025642317,991760
5730,6744025650520,6744026641966,991446
5731,6744026650354,6744027641022,990668
5732,6744027650318,6744028641097,990779
5733,6744028650263,6744029642449,992186
5734,6744029650264,6744030642209,991945
5735,6744030650191,6744031642803,992612
5736,6744031650136,6744032641970,991834
5737,6744032650062,6744033641989,991927
5738,6744033649971,6744034641434,991463
5739,6744034649953,6744035641861,991908
5740,6744035649842,6744036640139,990297
5741,6744036649862,6744037642159,992297
5742,6744037649844,6744038641345,991501
5743,6744038649715,6744039641975,992260
5744,6744039649623,6744040640587,990964
5745,6744040649642,6744041641884,992242
5746,6744041649551,6744042641588,992037
5747,6744042649459,6744043642978,993519
5748,6744043649404,6744044639738,990334
5749,6744044649479,6744045641313,991834
5750,6744045649572,6744046640925,991353
5751,6744046649295,6744047639555,990260
5752,6744047649110,6744048641611,992501
5753,6744048649352,6744049641612,992260
5754,6744049649093,6744050640131,991038
5755,6744050649094,6744051641224,992130
5756,6744051648984,6744052641244,992260
5757,6744052648873,6744053641300,992427
5758,6744053648856,6744054640801,991945
5759,6744054648801,6744055640394,991593
5760,6744055648746,6744056638784,990038
5761,6744056648728,6744057641266,992538
5762,6744057648562,6744058639600,991038
5763,6744058648507,6744059640267,991760
5764,6744059648545,6744060629935,981390
5765,6744060648472,6744061644084,995612
5766,6744061648361,6744062642399,994038
5767,6744062648307,6744063639474,991167
5768,6744063648233,6744064638419,990186
5769,6744064648197,6744065639938,991741
5770,6744065648124,6744066639809,991685
5771,6744066648050,6744067639014,990964
5772,6744067648069,6744068639033,990964
5773,6744068647996,6744069639312,991316
5774,6744069647997,6744070639831,991834
5775,6744070647905,6744071639202,991297
5776,6744071647813,6744072639758,991945
5777,6744072647758,6744073639407,991649
5778,6744073647648,6744074638667,991019
5779,6744074647704,6744075638501,990797
5780,6744075647631,6744076638169,990538
5781,6744076647502,6744077638595,991093
5782,6744077647447,6744078639114,991667
5783,6744078647374,6744079639541,992167
5784,6744079647374,6744080638801,991427
5785,6744080647301,6744081638876,991575
5786,6744081647265,6744082638969,991704
5787,6744082647136,6744083638896,991760
5788,6744083647081,6744084628823,981742
5789,6744084646823,6744085613231,966408
5790,6744085651805,6744086618324,966519
5791,6744086646528,6744087613436,966908
5792,6744087651658,6744088618548,966890
5793,6744088646437,6744089612863,966426
5794,6744089651548,6744090618216,966668
5795,6744090646308,6744091613031,966723
5796,6744091651439,6744092619291,967852
5797,6744092646199,6744093612718,966519
5798,6744093651292,6744094618108,966816
5799,6744094645978,6744095612534,966556
5800,6744095651182,6744096617183,966001
5801,6744096645905,6744097612850,966945
5802,6744097651073,6744098617536,966463
5803,6744098645814,6744099612611,966797
5804,6744099650926,6744100617001,966075
5805,6744100645742,6744101612409,966667
5806,6744101650835,6744102617539,966704
5807,6744102645632,6744103612392,966760
5808,6744103650688,6744104617541,966853
5809,6744104645504,6744105612245,966741
5810,6744105650597,6744106616931,966334
5811,6744106645376,6744107612339,966963
5812,6744107650450,6744108616766,966316
5813,6744108645247,6744109611878,966631
5814,6744109650359,6744110616804,966445
5815,6744110645138,6744111611342,966204
5816,6744111650250,6744112618028,967778
5817,6744112645047,6744113611770,966723
5818,6744113650158,6744114616733,966575
5819,6744114644900,6744115611771,966871
5820,6744115650049,6744116616198,966149
5821,6744116644790,6744117611513,966723
5822,6744117649902,6744118616551,966649
5823,6744118644681,6744119611422,966741
5824,6744119649774,6744120616126,966352
5825,6744120644534,6744121611146,966612
5826,6744121649701,6744122617313,967612
5827,6744122644424,6744123610647,966223
5828,6744123649555,6744124616055,966500
5829,6744124644333,6744125611204,966871
5830,6744125649463,6744126615909,966446
5831,6744126644223,6744127610854,966631
5832,6744127649335,6744128616021,966686
5833,6744128644114,6744129610614,966500
5834,6744129649207,6744130616189,966982
5835,6744130644004,6744131610486,966482
5836,6744131649116,6744132616431,967315
5837,6744132643839,6744133610173,966334
5838,6744133648988,6744134615544,966556
5839,6744134643729,6744135610137,966408
5840,6744135648860,6744136615342,966482
5841,6744136643712,6744137610657,966945
5842,6744137648713,6744138615436,966723
5843,6744138643510,6744139609881,966371
5844,6744139648659,6744140614937,966278
5845,6744140643400,6744141610345,966945
5846,6744141648531,6744142615087,966556
5847,6744142643254,6744143610051,966797
5848,6744143648421,6744144614625,966204
5849,6744144643181,6744145609071,965890
5850,6744145648330,6744146615108,966778
5851,6744146643034,6744147609776,966742
5852,6744147648202,6744148614813,966611
5853,6744148642943,6744149609203,966260
5854,6744149648055,6744150614463,966408
5855,6744150642833,6744151609279,966446
5856,6744151647927,6744152619150,971223
5857,6744152642724,6744153611169,968445
5858,6744153647854,6744154614373,966519
5859,6744154642596,6744155609115,966519
5860,6744155647726,6744156614782,967056
5861,6744156642504,6744157608524,966020
5862,6744157647598,6744158614284,966686
5863,6744158642395,6744159608859,966464
5864,6744159647507,6744160613526,966019
5865,6744160642230,6744161608860,966630
5866,6744161647379,6744162614083,966704
5867,6744162642120,6744163608732,966612
5868,6744163647213,6744164613158,965945
5869,6744164642047,6744165607992,965945
5870,6744165647141,6744166613752,966611
5871,6744166641845,6744167607994,966149
5872,6744167647031,6744168637458,990427
5873,6744168642106,6744169633384,991278
5874,6744169642162,6744170632422,990260
5875,6744170642126,6744171634478,992352
5876,6744171642015,6744172637386,995371
5877,6744172642035,6744173635165,993130
5878,6744173641924,6744174634962,993038
5879,6744174641888,6744175634315,992427
5880,6744175641759,6744176633482,991723
5881,6744176641852,6744177633872,992020
5882,6744177641520,6744178633687,992167
5883,6744178641632,6744179633262,991630
5884,6744179641632,6744180636115,994483
5885,6744180641503,6744181633671,992168
5886,6744181641337,6744182633449,992112
5887,6744182641246,6744183632043,990797
5888,6744183641283,6744184631932,990649
5889,6744184641321,6744185632840,991519
5890,6744185641266,6744186635471,994205
5891,6744186641193,6744187632990,991797
5892,6744187641212,6744188632676,991464
5893,6744188641194,6744189634547,993353
5894,6744189641047,6744190633974,992927
5895,6744190640992,6744191632623,991631
5896,6744191640882,6744192633660,992778
5897,6744192640845,6744193633291,992446
5898,6744193640846,6744194633884,993038
5899,6744194640736,6744195632348,991612
5900,6744195640700,6744196633811,993111
5901,6744196640571,6744197632849,992278
5902,6744197640682,6744198632739,992057
5903,6744198640572,6744199632610,992038
5904,6744199640517,6744200633574,993057
5905,6744200640314,6744201633945,993631
5906,6744201640315,6744202632279,991964
5907,6744202640316,6744203632076,991760
5908,6744203640372,6744204630762,990390
5909,6744204640206,6744205633651,993445
5910,6744205640022,6744206631115,991093
5911,6744206639782,6744207630690,990908
5912,6744207640023,6744208632061,992038
5913,6744208639765,6744209630099,990334
5914,6744209639913,6744210633247,993334
5915,6744210639525,6744211629526,990001
5916,6744211639526,6744212630879,991353
5917,6744212639786,6744213630898,991112
5918,6744213639787,6744214633695,993908
5919,6744214639584,6744215630603,991019
5920,6744215639603,6744216630752,991149
5921,6744216639270,6744217629993,990723
5922,6744217639382,6744218632420,993038
5923,6744218639290,6744219629495,990205
5924,6744219639402,6744220631532,992130
5925,6744220639292,6744221632367,993075
5926,6744221639218,6744222632701,993483
5927,6744222639164,6744223630090,990926
5928,6744223639035,6744224631776,992741
5929,6744224639035,6744225630740,991705
5930,6744225639018,6744226629741,990723
5931,6744226638870,6744227630149,991279
5932,6744227638926,6744228630409,991483
5933,6744228638927,6744229632261,993334
5934,6744229638650,6744230629336,990686
5935,6744230638669,6744231629966,991297
5936,6744231638615,6744232630819,992204
5937,6744232638375,6744233629431,991056
5938,6744233638523,6744234630617,992094
5939,6744234638524,6744235632432,993908
5940,6744235638377,6744236628507,990130
5941,6744236638266,6744237629712,991446
5942,6744237638267,6744238631786,993519
5943,6744238638157,6744239628435,990278
5944,6744239638306,6744240628529,990223
5945,6744240638158,6744241629640,991482
5946,6744241638048,6744242628789,990741
5947,6744242637974,6744243634049,996075
5948,6744243637864,6744244628643,990779
5949,6744244637865,6744245630217,992352
5950,6744245637773,6744246630885,993112
5951,6744246637700,6744247628663,990963
5952,6744247637663,6744248627757,990094
5953,6744248637701,6744249629387,991686
5954,6744249637609,6744250631128,993519
5955,6744250637462,6744251627555,990093
5956,6744251637481,6744252628630,991149
5957,6744252637426,6744253633649,996223
5958,6744253637334,6744254629150,991816
5959,6744254637261,6744255628984,991723
5960,6744255637243,6744256628466,991223
5961,6744256637040,6744257629411,992371
5962,6744257637096,6744258628819,991723
5963,6744258637079,6744259628431,991352
5964,6744259637153,6744260626895,989742
5965,6744260636932,6744261628044,991112
5966,6744261636970,6744262630711,993741
5967,6744262636748,6744263629249,992501
5968,6744263636693,6744264627324,990631
5969,6744264636731,6744265627454,990723
5970,6744265636639,6744266628640,992001
5971,6744266636640,6744267630844,994204
5972,6744267636530,6744268627234,990704
5973,6744268636493,6744269627235,990742
5974,6744269636438,6744270629254,992816
5975,6744270636310,6744271628533,992223
5976,6744271636403,6744272628663,992260
5977,6744272636237,6744273625701,989464
5978,6744273636219,6744274627738,991519
5979,6744274636164,6744275627943,991779
5980,6744275636091,6744276627332,991241
5981,6744276636036,6744277627241,991205
5982,6744277635944,6744278628352,992408
5983,6744278635927,6744279629075,993148
5984,6744279635835,6744280629169,993334
5985,6744280635780,6744281627632,991852
5986,6744281635984,6744282627892,991908
5987,6744282635689,6744283630967,995278
5988,6744283635597,6744284626986,991389
5989,6744284635542,6744285626061,990519
5990,6744285635450,6744286627006,991556
5991,6744286635414,6744287626452,991038
5992,6744287635415,6744288625749,990334
5993,6744288635323,6744289628509,993186
5994,6744289635212,6744290627083,991871
5995,6744290634954,6744291626603,991649
5996,6744291635158,6744292627103,991945
5997,6744292635085,6744293630178,995093
5998,6744293634993,6744294627420,992427
5999,6744294635068,6744295627272,992204
6000,6744295635235,6744296626551,991316
6001,6744296634903,6744297627607,992704
6002,6744297634959,6744298626645,991686
6003,6744298634811,6744299625923,991112
6004,6744299634701,6744300625183,990482
6005,6744300634461,6744301627740,993279
6006,6744301634554,6744302626000,991446
6007,6744302634537,6744303626648,992111
6008,6744303634426,6744304624853,990427
6009,6744304634464,6744305625724,991260
6010,6744305634372,6744306628502,994130
6011,6744306634317,6744307626040,991723
6012,6744307634281,6744308625189,990908
6013,6744308634245,6744309627134,992889
6014,6744309634097,6744310625172,991075
6015,6744310633987,6744311625839,991852
6016,6744311634006,6744312627192,993186
6017,6744312633914,6744313627674,993760
6018,6744313633933,6744314626156,992223
6019,6744314633823,6744315625768,991945
6020,6744315633805,6744316625139,991334
6021,6744316633750,6744317624788,991038
6022,6744317633677,6744318627067,993390
6023,6744318633567,6744319624919,991352
6024,6744319633642,6744320623531,989889
6025,6744320633513,6744321624995,991482
6026,6744321633439,6744322624181,990742
6027,6744322633366,6744323629959,996593
6028,6744323633718,6744324615404,981686
6029,6744324632941,6744325600109,967168
6030,6744325637979,6744326604906,966927
6031,6744326632702,6744327599573,966871
6032,6744327637833,6744328604167,966334
6033,6744328632592,6744329599334,966742
6034,6744329637723,6744330604427,966704
6035,6744330632501,6744331598946,966445
6036,6744331637595,6744332604077,966482
6037,6744332632392,6744333600300,967908
6038,6744333637504,6744334604301,966797
6039,6744334632245,6744335599135,966890
6040,6744335637338,6744336603580,966242
6041,6744336632117,6744337598655,966538
6042,6744337637210,6744338603618,966408
6043,6744338631970,6744339598804,966834
6044,6744339637100,6744340603231,966131
6045,6744340631842,6744341598435,966593
6046,6744341636972,6744342603232,966260
6047,6744342631714,6744343598252,966538
6048,6744343636900,6744344603382,966482
6049,6744344631660,6744345598457,966797
6050,6744345636716,6744346602828,966112
6051,6744346631513,6744347597828,966315
6052,6744347636625,6744348603829,967204
6053,6744348631422,6744349597256,965834
6054,6744349636552,6744350602923,966371
6055,6744350631275,6744351597443,966168
6056,6744351636406,6744352602351,965945
6057,6744352631165,6744353598888,967723
6058,6744353636296,6744354602593,966297
6059,6744354631037,6744355597371,966334
6060,6744355636168,6744356602724,966556
6061,6744356631002,6744357597521,966519
6062,6744357636058,6744358602262,966204
6063,6744358630837,6744359597263,966426
6064,6744359635911,6744360602356,966445
6065,6744360630764,6744361597542,966778
6066,6744361635820,6744362602210,966390
6067,6744362630580,6744363598155,967575
6068,6744363635618,6744364601526,965908
6069,6744364630508,6744365596434,965926
6070,6744365635582,6744366601842,966260
6071,6744366630361,6744367596787,966426
6072,6744367635473,6744368601992,966519
6073,6744368630270,6744369596807,966537
6074,6744369635400,6744370601697,966297
6075,6744370630142,6744371596383,966241
6076,6744371635235,6744372601069,965834
6077,6744372629995,6744373597033,967038
6078,6744373635181,6744374601607,966426
6079,6744374629867,6744375596367,966500
6080,6744375635034,6744376600998,965964
6081,6744376629794,6744377596350,966556
6082,6744377634924,6744378601203,966279
6083,6744378629647,6744379596055,966408
6084,6744379634815,6744380600538,965723
6085,6744380629538,6744381596205,966667
6086,6744381634687,6744382600910,966223
6087,6744382629447,6744383596799,967352
6088,6744383634558,6744384600818,966260
6089,6744384629337,6744385596282,966945
6090,6744385634467,6744386601116,966649
6091,6744386629227,6744387596024,966797
6092,6744387634376,6744388600784,966408
6093,6744388629136,6744389595841,966705
6094,6744389634192,6744390601008,966816
6095,6744390628952,6744391595620,966668
6096,6744391634083,6744392600861,966778
6097,6744392628880,6744393596825,967945
6098,6744393633992,6744394600492,966500
6099,6744394628752,6744395594937,966185
6100,6744395633900,6744396599809,965909
6101,6744396628660,6744397595513,966853
6102,6744397633809,6744398600162,966353
6103,6744398628495,6744399595163,966668
6104,6744399633626,6744400599589,965963
6105,6744400628441,6744401595053,966612
6106,6744401633534,6744402600128,966594
6107,6744402628276,6744403595591,967315
6108,6744403633443,6744404600388,966945
6109,6744404628185,6744405594926,966741
6110,6744405633315,6744406600001,966686
6111,6744406628057,6744407594354,966297
6112,6744407633205,6744408599373,966168
6113,6744408627965,6744409594614,966649
6114,6744409633096,6744410599634,966538
6115,6744410627837,6744411594838,967001
6116,6744411632931,6744412599154,966223
6117,6744412627709,6744413594599,966890
6118,6744413632877,6744414599099,966222
6119,6744414627599,6744415594341,966742
6120,6744415632711,6744416598638,965927
6121,6744416627527,6744417593990,966463
6122,6744417632602,6744418599010,966408
6123,6744418627362,6744419593770,966408
6124,6744419632492,6744420620474,987982
6125,6744420627604,6744421616160,988556
6126,6744421627623,6744422619809,992186
6127,6744422627587,6744423620976,993389
6128,6744423627550,6744424618903,991353
6129,6744424627496,6744425622052,994556
6130,6744425627422,6744426622090,994668
6131,6744426627404,6744427620127,992723
6132,6744427627350,6744428619906,992556
6133,6744428627313,6744429621073,993760
6134,6744429626999,6744430618574,991575
6135,6744430627444,6744431620093,992649
6136,6744431627056,6744432618742,991686
6137,6744432627057,6744433620891,993834
6138,6744433626724,6744434618207,991483
6139,6744434626929,6744435621207,994278
6140,6744435626837,6744436618171,991334
6141,6744436626745,6744437618987,992242
6142,6744437626801,6744438618339,991538
6143,6744438626672,6744439618784,992112
6144,6744439626673,6744440619396,992723
6145,6744440626581,6744441618489,991908
6146,6744441626508,6744442618490,991982
6147,6744442626416,6744443619602,993186
6148,6744443626417,6744444618306,991889
6149,6744444626492,6744445617770,991278
6150,6744445626381,6744446617641,991260
6151,6744446626271,6744447618938,992667
6152,6744447626253,6744448617513,991260
6153,6744448626069,6744449617588,991519
6154,6744449626180,6744450620700,994520
6155,6744450625848,6744451614423,988575
6156,6744451625978,6744452606516,980538
6157,6744452625609,6744453593850,968241
6158,6744453630591,6744454597888,967297
6159,6744454625351,6744455592129,966778
6160,6744455630426,6744456597667,967241
6161,6744456625204,6744457591908,966704
6162,6744457630334,6744458596909,966575
6163,6744458625113,6744459591836,966723
6164,6744459630206,6744460596503,966297
6165,6744460624985,6744461592004,967019
6166,6744461630115,6744462596838,966723
6167,6744462624857,6744463592172,967315
6168,6744463630005,6744464596080,966075
6169,6744464624747,6744465591729,966982
6170,6744465629877,6744466596804,966927
6171,6744466624637,6744467591156,966519
6172,6744467629768,6744468597861,968093
6173,6744468624528,6744469592454,967926
6174,6744469629658,6744470596677,967019
6175,6744470624362,6744471592659,968297
6176,6744471629548,6744472596901,967353
6177,6744472624290,6744473591957,967667
6178,6744473629383,6744474595476,966093
6179,6744474624162,6744475590903,966741
6180,6744475629292,6744476597793,968501
6181,6744476624052,6744477592090,968038
6182,6744477629201,6744478597276,968075
6183,6744478623924,6744479590702,966778
6184,6744479629054,6744480595444,966390
6185,6744480623814,6744481590407,966593
6186,6744481628944,6744482595797,966853
6187,6744482623667,6744483590501,966834
6188,6744483628872,6744484597317,968445
6189,6744484623632,6744485590984,967352
6190,6744485628725,6744486595578,966853
6191,6744486623485,6744487590171,966686
6192,6744487628578,6744488596024,967446
6193,6744488623375,6744489590228,966853
6194,6744489628487,6744490595469,966982
6195,6744490623229,6744491589952,966723
6196,6744491628359,6744492595860,967501
6197,6744492623156,6744493592286,969130
6198,6744493628287,6744494596084,967797
6199,6744494623009,6744495589862,966853
6200,6744495628121,6744496594641,966520
6201,6744496622918,6744497590604,967686
6202,6744497628030,6744498595068,967038
6203,6744498622790,6744499589513,966723
6204,6744499627902,6744500595866,967964
6205,6744500622662,6744501590774,968112
6206,6744501627811,6744502594404,966593
6207,6744502622552,6744503590664,968112
6208,6744503627701,6744504594609,966908
6209,6744504622424,6744505589314,966890
6210,6744505627592,6744506594203,966611
6211,6744506622277,6744507589093,966816
6212,6744507627445,6744508595575,968130
6213,6744508622223,6744509590131,967908
6214,6744509627354,6744510595077,967723
6215,6744510622114,6744511588263,966149
6216,6744511627207,6744512593597,966390
6217,6744512621986,6744513589597,967611
6218,6744513627153,6744514594172,967019
6219,6744514621876,6744515588636,966760
6220,6744515627006,6744516594859,967853
6221,6744516621766,6744517589545,967779
6222,6744517626860,6744518594657,967797
6223,6744518621620,6744519588620,967000
6224,6744519626787,6744520593510,966723
6225,6744520621510,6744521588011,966501
6226,6744521626659,6744522593030,966371
6227,6744522621437,6744523588086,966649
6228,6744523626512,6744524593494,966982
6229,6744524621309,6744525588125,966816
6230,6744525626402,6744526593088,966686
6231,6744526621162,6744527587608,966446
6232,6744527626274,6744528592479,966205
6233,6744528621034,6744529587813,966779
6234,6744529626202,6744530592999,966797
6235,6744530620925,6744531587981,967056
6236,6744531626055,6744532593611,967556
6237,6744532620833,6744533592297,971464
6238,6744533625927,6744534592613,966686
6239,6744534620687,6744535587465,966778
6240,6744535625817,6744536592225,966408
6241,6744536620633,6744537587448,966815
6242,6744537625707,6744538592541,966834
6243,6744538620467,6744539586950,966483
6244,6744539625598,6744540593043,967445
6245,6744540620376,6744541587284,966908
6246,6744541625488,6744542592026,966538
6247,6744542620211,6744543586897,966686
6248,6744543625360,6744544609231,983871
6249,6744544620342,6744545611509,991167
6250,6744545620547,6744546614640,994093
6251,6744546620418,6744547612233,991815
6252,6744547620455,6744548612215,991760
6253,6744548620419,6744549614031,993612
6254,6744549620272,6744550611235,990963
6255,6744550620365,6744551612366,992001
6256,6744551620347,6744552613959,993612
6257,6744552620070,6744553613256,993186
6258,6744553620034,6744554611886,991852
6259,6744554620090,6744555615628,995538
6260,6744555619887,6744556610332,990445
6261,6744556619888,6744557611926,992038
6262,6744557619833,6744558612667,992834
6263,6744558619871,6744559611538,991667
6264,6744559619723,6744560613261,993538
6265,6744560619669,6744561612206,992537
6266,6744561619706,6744562611170,991464
6267,6744562619633,6744563611467,991834
6268,6744563619597,6744564610023,990426
6269,6744564619505,6744565613987,994482
6270,6744565619320,6744566612210,992890
6271,6744566619358,6744567611174,991816
6272,6744567619303,6744568609785,990482
6273,6744568619304,6744569610657,991353
6274,6744569619157,6744570614102,994945
6275,6744570619157,6744571611732,992575
6276,6744571619010,6744572609844,990834
6277,6744572619066,6744573613937,994871
6278,6744573618863,6744574611197,992334
6279,6744574618882,6744575611272,992390
6280,6744575618828,6744576610976,992148
6281,6744576618810,6744577610903,992093
6282,6744577618736,6744578610830,992094
6283,6744578618682,6744579610868,992186
6284,6744579618553,6744580612498,993945
6285,6744580618516,6744581610980,992464
6286,6744581618480,6744582611314,992834
6287,6744582618592,6744583610370,991778
6288,6744583618426,6744584609149,990723
6289,6744584618260,6744585608483,990223
6290,6744585618205,6744586610780,992575
6291,6744586618187,6744587611818,993631
6292,6744587618114,6744588609578,991464
6293,6744588618059,6744589610560,992501
6294,6744589618041,6744590609116,991075
6295,6744590617968,6744591609932,991964
6296,6744591617913,6744592609044,991131
6297,6744592617988,6744593609878,991890
6298,6744593617822,6744594609878,992056
6299,6744594617786,6744595609287,991501
6300,6744595617398,6744596608398,991000
6301,6744596617584,6744597610010,992426
6302,6744597617584,6744598609678,992094
6303,6744598617567,6744599609401,991834
6304,6744599617438,6744600608475,991037
6305,6744600617346,6744601608421,991075
6306,6744601617347,6744602609125,991778
6307,6744602617347,6744603609996,992649
6308,6744603617218,6744604608534,991316
6309,6744604617441,6744605610127,992686
6310,6744605617016,6744606609017,992001
6311,6744606616850,6744607608055,991205
6312,6744607616999,6744608609889,992890
6313,6744608616944,6744609608445,991501
6314,6744609616889,6744610607483,990594
6315,6744610616835,6744611610002,993167
6316,6744611616502,6744612607966,991464
6317,6744612616762,6744613609022,992260
6318,6744613616670,6744614612930,996260
6319,6744614616726,6744615608320,991594
6320,6744615616523,6744616608191,991668
6321,6744616616209,6744617607469,991260
6322,6744617616469,6744618608637,992168
6323,6744618616359,6744619608656,992297
6324,6744619616304,6744620607490,991186
6325,6744620616286,6744621610231,993945
6326,6744621616194,6744622609584,993390
6327,6744622616028,6744623608548,992520
6328,6744623616140,6744624599493,983353
6329,6744624615678,6744625582475,966797
6330,6744625620716,6744626587772,967056
6331,6744626615476,6744627581939,966463
6332,6744627620606,6744628587440,966834
6333,6744628615422,6744629582182,966760
6334,6744629620441,6744630587256,966815
6335,6744630615219,6744631581424,966205
6336,6744631620331,6744632588239,967908
6337,6744632615110,6744633583110,968000
6338,6744633620259,6744634589259,969000
6339,6744634614963,6744635581464,966501
6340,6744635620093,6744636587927,967834
6341,6744636614872,6744637581650,966778
6342,6744637620002,6744638586651,966649
6343,6744638614744,6744639581522,966778
6344,6744639619856,6744640585745,965889
6345,6744640614671,6744641581190,966519
6346,6744641619783,6744642586154,966371
6347,6744642614524,6744643581136,966612
6348,6744643619618,6744644586581,966963
6349,6744644614415,6744645580786,966371
6350,6744645619490,6744646585935,966445
6351,6744646614231,6744647580565,966334
6352,6744647619380,6744648587233,967853
6353,6744648614158,6744649581678,967520
6354,6744649619326,6744650585641,966315
6355,6744650614067,6744651580531,966464
6356,6744651619124,6744652585180,966056
6357,6744652613976,6744653579940,965964
6358,6744653619070,6744654585570,966500
6359,6744654613829,6744655581441,967612
6360,6744655618923,6744656585016,966093
6361,6744656613720,6744657580183,966463
6362,6744657618832,6744658585055,966223
6363,6744658613518,6744659579981,966463
6364,6744659618703,6744660586315,967612
6365,6744660613482,6744661580520,967038
6366,6744661618612,6744662586076,967464
6367,6744662613335,6744663579577,966242
6368,6744663618466,6744664586707,968241
6369,6744664613281,6744665579560,966279
6370,6744665618356,6744666584894,966538
6371,6744666612986,6744667579246,966260
6372,6744667618265,6744668584266,966001
6373,6744668613025,6744669578951,965926
6374,6744669618155,6744670584434,966279
6375,6744670612915,6744671579138,966223
6376,6744671618027,6744672583954,965927
6377,6744672612787,6744673579010,966223
6378,6744673617917,6744674585381,967464
6379,6744674612659,6744675579160,966501
6380,6744675617771,6744676584531,966760
6381,6744676612586,6744677578717,966131
6382,6744677617680,6744678583865,966185
6383,6744678612365,6744679578829,966464
6384,6744679617570,6744680583719,966149
6385,6744680612348,6744681578812,966464
6386,6744681617423,6744682583609,966186
6387,6744682612202,6744683578554,966352
6388,6744683617314,6744684584314,967000
6389,6744684612092,6744685579037,966945
6390,6744685617259,6744686583575,966316
6391,6744686611964,6744687578520,966556
6392,6744687617057,6744688583595,966538
6393,6744688611891,6744689578392,966501
6394,6744689617003,6744690583467,966464
6395,6744690611670,6744691578282,966612
6396,6744691616856,6744692584320,967464
6397,6744692611635,6744693579376,967741
6398,6744693616728,6744694584359,967631
6399,6744694611525,6744695577600,966075
6400,6744695616637,6744696582879,966242
6401,6744696611416,6744697577990,966574
6402,6744697616546,6744698582973,966427
6403,6744698611269,6744699577640,966371
6404,6744699616399,6744700584252,967853
6405,6744700611178,6744701578623,967445
6406,6744701616290,6744702583309,967019
6407,6744702611068,6744703577587,966519
6408,6744703616161,6744704583958,967797
6409,6744704610958,6744705577515,966557
6410,6744705616033,6744706582349,966316
6411,6744706610812,6744707577127,966315
6412,6744707615961,6744708582313,966352
6413,6744708610721,6744709577462,966741
6414,6744709615888,6744710582315,966427
6415,6744710610574,6744711577223,966649
6416,6744711615704,6744712581686,965982
6417,6744712610483,6744713577039,966556
6418,6744713615613,6744714582095,966482
6419,6744714610336,6744715576892,966556
6420,6744715615522,6744716582097,966575
6421,6744716610263,6744717576672,966409
6422,6744717615431,6744718581839,966408
6423,6744718610135,6744719576858,966723
6424,6744719615266,6744720581655,966389
6425,6744720610007,6744721576786,966779
6426,6744721615156,6744722581620,966464
6427,6744722609916,6744723576231,966315
6428,6744723614991,6744724582769,967778
6429,6744724609732,6744725577548,967816
6430,6744725614955,6744726581530,966575
6431,6744726609641,6744727576160,966519
6432,6744727614790,6744728581365,966575
6433,6744728609531,6744729575717,966186
6434,6744729614643,6744730581144,966501
6435,6744730609403,6744731576034,966631
6436,6744731614515,6744732581275,966760
6437,6744732609294,6744733575702,966408
6438,6744733614405,6744734582314,967909
6439,6744734609184,6744735575666,966482
6440,6744735614296,6744736581574,967278
6441,6744736609074,6744737575668,966594
6442,6744737614186,6744738580520,966334
6443,6744738608983,6744739575373,966390
6444,6744739614039,6744740581262,967223
6445,6744740608836,6744741576263,967427
6446,6744741613967,6744742581597,967630
6447,6744742608708,6744743575135,966427
6448,6744743613857,6744744582025,968168
6449,6744744608599,6744745575303,966704
6450,6744745613729,6744746580137,966408
6451,6744746608489,6744747575101,966612
6452,6744747613582,6744748579490,965908
6453,6744748608379,6744749575010,966631
6454,6744749613510,6744750580047,966537
6455,6744750608233,6744751574289,966056
6456,6744751613419,6744752579456,966037
6457,6744752608123,6744753574383,966260
6458,6744753613272,6744754580810,967538
6459,6744754608032,6744755574644,966612
6460,6744755613125,6744756580663,967538
6461,6744756607904,6744757574534,966630
6462,6744757613034,6744758579405,966371
6463,6744758607757,6744759574424,966667
6464,6744759612924,6744760579184,966260
6465,6744760607703,6744761573870,966167
6466,6744761612796,6744762579223,966427
6467,6744762607556,6744763573594,966038
6468,6744763612668,6744764579650,966982
6469,6744764607484,6744765573836,966352
6470,6744765612558,6744766578929,966371
6471,6744766607300,6744767573819,966519
6472,6744767612449,6744768580079,967630
6473,6744768607227,6744769574950,967723
6474,6744769612395,6744770578951,966556
6475,6744770607080,6744771573415,966335
6476,6744771612229,6744772578230,966001
6477,6744772607008,6744773573546,966538
6478,6744773612101,6744774579232,967131
6479,6744774606880,6744775573325,966445
6480,6744775612010,6744776577937,965927
6481,6744776606770,6744777573474,966704
6482,6744777611882,6744778578642,966760
6483,6744778606623,6744779572791,966168
6484,6744779611791,6744780578236,966445
6485,6744780606551,6744781573014,966463
6486,6744781611644,6744782577719,966075
6487,6744782606404,6744783572886,966482
6488,6744783611553,6744784577794,966241
6489,6744784606331,6744785573369,967038
6490,6744785611462,6744786577629,966167
6491,6744786606203,6744787572741,966538
6492,6744787611315,6744788577482,966167
6493,6744788606094,6744789572687,966593
6494,6744789611242,6744790577854,966612
6495,6744790605965,6744791572133,966168
6496,6744791611114,6744792599059,987945
6497,6744792606115,6744793595671,989556
6498,6744793606356,6744794601394,995038
6499,6744794606191,6744795598432,992241
6500,6744795606469,6744796603766,997297
6501,6744796606099,6744797599970,993871
6502,6744797605804,6744798598564,992760
6503,6744798605860,6744799598046,992186
6504,6744799605713,6744800597584,991871
6505,6744800606010,6744801598455,992445
6506,6744801605844,6744802598344,992500
6507,6744802605882,6744803601382,995500
6508,6744803605753,6744804597531,991778
6509,6744804605661,6744805596421,990760
6510,6744805605550,6744806598810,993260
6511,6744806605533,6744807598274,992741
6512,6744807605589,6744808598701,993112
6513,6744808605404,6744809598294,992890
6514,6744809605387,6744810598184,992797
6515,6744810605295,6744811598703,993408
6516,6744811605221,6744812597944,992723
6517,6744812605222,6744813597871,992649
6518,6744813605186,6744814598927,993741
6519,6744814605094,6744815597132,992038
6520,6744815605076,6744816588262,983186
6521,6744816604725,6744817572041,967316
6522,6744817609800,6744818577338,967538
6523,6744818604486,6744819571579,967093
6524,6744819609616,6744820577617,968001
6525,6744820604376,6744821572469,968093
6526,6744821609488,6744822576137,966649
6527,6744822604229,6744823571804,967575
6528,6744823609378,6744824577175,967797
6529,6744824604194,6744825570972,966778
6530,6744825609269,6744826575677,966408
6531,6744826604010,6744827570863,966853
6532,6744827609122,6744828575512,966390
6533,6744828603900,6744829570568,966668
6534,6744829609031,6744830575680,966649
6535,6744830603754,6744831570199,966445
6536,6744831608940,6744832577588,968648
6537,6744832603663,6744833570460,966797
6538,6744833608793,6744834576442,967649
6539,6744834603534,6744835570387,966853
6540,6744835608683,6744836576036,967353
6541,6744836603443,6744837571388,967945
6542,6744837608574,6744838575704,967130
6543,6744838603315,6744839569797,966482
6544,6744839608482,6744840575928,967446
6545,6744840603224,6744841569965,966741
6546,6744841608336,6744842575337,967001
6547,6744842603096,6744843569800,966704
6548,6744843608226,6744844575375,967149
6549,6744844602968,6744845569728,966760
6550,6744845608098,6744846574765,966667
6551,6744846602876,6744847568970,966094
6552,6744847608007,6744848574563,966556
6553,6744848602748,6744849569490,966742
6554,6744849607879,6744850574435,966556
6555,6744850602639,6744851568973,966334
6556,6744851607788,6744852575473,967685
6557,6744852602547,6744853569993,967446
6558,6744853607678,6744854574438,966760
6559,6744854602438,6744855569605,967167
6560,6744855607531,6744856574958,967427
6561,6744856602310,6744857569310,967000
6562,6744857607422,6744858574070,966648
6563,6744858602163,6744859568534,966371
6564,6744859607275,6744860574961,967686
6565,6744860602090,6744861569961,967871
6566,6744861607184,6744862575092,967908
6567,6744862601944,6744863568926,966982
6568,6744863607093,6744864574797,967704
6569,6744864601890,6744865568927,967037
6570,6744865606983,6744866573984,967001
6571,6744866601761,6744867568503,966742
6572,6744867606855,6744868574985,968130
6573,6744868601652,6744869569430,967778
6574,6744869606764,6744870573190,966426
6575,6744870601524,6744871568543,967019
6576,6744871606617,6744872573729,967112
6577,6744872601395,6744873568341,966946
6578,6744873606526,6744874573749,967223
6579,6744874601286,6744875568064,966778
6580,6744875606398,6744876574287,967889
6581,6744876601158,6744877569177,968019
6582,6744877606269,6744878574363,968094
6583,6744878601048,6744879568160,967112
6584,6744879606215,6744880572809,966594
6585,6744880600938,6744881569161,968223
6586,6744881606050,6744882572736,966686
6587,6744882600792,6744883567459,966667
6588,6744883605922,6744884575108,969186
6589,6744884600737,6744885568571,967834
6590,6744885605849,6744886572665,966816
6591,6744886600572,6744887567351,966779
6592,6744887605703,6744888573277,967574
6593,6744888600481,6744889567482,967001
6594,6744889605630,6744890572427,966797
6595,6744890600371,6744891567057,966686
6596,6744891605483,6744892573336,967853
6597,6744892600262,6744893568392,968130
6598,6744893605429,6744894572782,967353
6599,6744894600115,6744895568079,967964
6600,6744895605264,6744896571746,966482
6601,6744896600061,6744897566747,966686
6602,6744897605154,6744898571525,966371
6603,6744898599933,6744899566378,966445
6604,6744899605026,6744900573249,968223
6605,6744900599823,6744901567213,967390
6606,6744901604953,6744902572750,967797
6607,6744902599695,6744903566825,967130
6608,6744903604807,6744904571437,966630
6609,6744904599530,6744905566567,967037
6610,6744905604679,6744906571716,967037
6611,6744906599439,6744907566643,967204
6612,6744907604606,6744908572551,967945
6613,6744908599347,6744909567515,968168
6614,6744909604478,6744910571516,967038
6615,6744910599201,6744911565553,966352
6616,6744911604313,6744912571591,967278
6617,6744912599110,6744913566147,967037
6618,6744913604240,6744914573870,969630
6619,6744914599000,6744915565908,966908
6620,6744915604130,6744916571890,967760
6621,6744916598890,6744917567113,968223
6622,6744917603984,6744918570855,966871
6623,6744918598762,6744919566633,967871
6624,6744919603874,6744920590338,986464
6625,6744920598893,6744921595135,996242
6626,6744921599005,6744922594043,995038
6627,6744922599191,6744923597062,997871
6628,6744923601118,6744924600618,999500
6629,6744924602581,6744925600064,997483
6630,6744925603841,6744926598657,994816
6631,6744926602342,6744927598046,995704
6632,6744927601769,6744928599029,997260
6633,6744928603306,6744929597455,994149
6634,6744929600029,6744930596604,996575
6635,6744930600567,6744931598475,997908
6636,6744931602401,6744932598143,995742
6637,6744932601643,6744933597680,996037
6638,6744933601514,6744934596515,995001
6639,6744934599607,6744935596367,996760
6640,6744935600349,6744936593997,993648
6641,6744936598146,6744937593665,995519
6642,6744937598035,6744938595258,997223
6643,6744938599351,6744939592907,993556
6644,6744939597777,6744940592667,994890
6645,6744940597982,6744941595057,997075
6646,6744941598946,6744942595372,996426
6647,6744942599631,6744943595299,995668
6648,6744943598780,6744944593503,994723
6649,6744944597651,6744945595634,997983
6650,6744945599374,6744946596560,997186
6651,6744946600597,6744947598783,998186
6652,6744947602876,6744948599302,996426
6653,6744948603154,6744949598933,995779
6654,6744949602637,6744950599637,997000
6655,6744950603248,6744951598360,995112
6656,6744951601990,6744952599065,997075
6657,6744952601435,6744953597343,995908
6658,6744953600788,6744954596807,996019
6659,6744954600548,6744955596530,995982
6660,6744955600419,6744956597271,996852
6661,6744956601864,6744957595828,993964
6662,6744957598476,6744958595106,996630
6663,6744958598958,6744959595903,996945
6664,6744959600070,6744960595404,995334
6665,6744960599311,6744961594905,995594
6666,6744961598793,6744962593072,994279
6667,6744962596424,6744963592499,996075
6668,6744963596591,6744964594536,997945
6669,6744964598536,6744965589741,991205
6670,6744965596481,6744966589056,992575
6671,6744966596519,6744967588890,992371
6672,6744967596150,6744968588354,992204
6673,6744968596298,6744969590910,994612
6674,6744969596225,6744970589078,992853
6675,6744970596244,6744971589078,992834
6676,6744971596190,6744972588227,992037
6677,6744972595913,6744973587895,991982
6678,6744973596061,6744974589895,993834
6679,6744974595951,6744975592470,996519
6680,6744975596378,6744976588304,991926
6681,6744976595860,6744977588657,992797
6682,6744977595768,6744978587991,992223
6683,6744978595713,6744979590288,994575
6684,6744979595658,6744980588159,992501
6685,6744980595715,6744981588271,992556
6686,6744981595493,6744982587309,991816
6687,6744982595568,6744983589106,993538
6688,6744983595421,6744984587662,992241
6689,6744984595421,6744985590107,994686
6690,6744985595366,6744986588071,992705
6691,6744986595349,6744987586960,991611
6692,6744987595257,6744988577665,982408
6693,6744988594887,6744989562332,967445
6694,6744989599869,6744990566814,966945
6695,6744990594648,6744991561537,966889
6696,6744991599778,6744992566649,966871
6697,6744992594594,6744993561687,967093
6698,6744993599669,6744994566299,966630
6699,6744994594410,6744995563114,968704
6700,6744995599596,6744996566226,966630
6701,6744996594337,6744997561283,966946
6702,6744997599431,6744998566098,966667
6703,6744998594154,6744999561395,967241
6704,6744999599377,6745000566192,966815
6705,6745000594137,6745001561156,967019
6706,6745001599193,6745002565934,966741
6707,6745002593990,6745003560694,966704
6708,6745003599139,6745004565399,966260
6709,6745004593825,6745005561585,967760
6710,6745005599011,6745006566141,967130
6711,6745006593734,6745007560808,967074
6712,6745007598864,6745008565716,966852
6713,6745008593624,6745009560680,967056
6714,6745009598736,6745010565644,966908
6715,6745010593477,6745011560645,967168
6716,6745011598682,6745012565405,966723
6717,6745012593386,6745013560683,967297
6718,6745013598535,6745014565758,967223
6719,6745014593295,6745015561240,967945
6720,6745015598481,6745016565278,966797
6721,6745016593204,6745017559945,966741
6722,6745017598334,6745018564853,966519
6723,6745018593057,6745019559743,966686
6724,6745019598187,6745020566225,968038
6725,6745020592910,6745021560893,967983
6726,6745021598078,6745022565208,967130
6727,6745022592819,6745023559838,967019
6728,6745023597950,6745024564673,966723
6729,6745024592710,6745025560821,968111
6730,6745025597840,6745026565026,967186
6731,6745026592544,6745027559490,966946
6732,6745027597730,6745028564157,966427
6733,6745028592490,6745029559621,967131
6734,6745029597565,6745030564566,967001
6735,6745030592362,6745031559455,967093
6736,6745031597474,6745032564067,966593
6737,6745032592271,6745033559383,967112
6738,6745033597346,6745034564383,967037
6739,6745034592143,6745035560106,967963
6740,6745035597255,6745036565329,968074
6741,6745036592015,6745037559404,967389
6742,6745037597163,6745038564775,967612
6743,6745038591886,6745039558591,966705
6744,6745039597035,6745040564647,967612
6745,6745040591777,6745041558759,966982
6746,6745041596852,6745042563778,966926
6747,6745042591686,6745043558316,966630
6748,6745043596816,6745044563854,967038
6749,6745044591520,6745045558577,967057
6750,6745045596651,6745046563800,967149
6751,6745046591466,6745047558689,967223
6752,6745047596523,6745048564542,968019
6753,6745048591338,6745049559394,968056
6754,6745049596450,6745050563914,967464
6755,6745050591173,6745051557711,966538
6756,6745051596359,6745052563045,966686
6757,6745052591119,6745053558545,967426
6758,6745053596212,6745054563065,966853
6759,6745054590991,6745055559047,968056
6760,6745055596102,6745056566196,970094
6761,6745056590918,6745057558104,967186
6762,6745057596011,6745058562568,966557
6763,6745058590771,6745059557476,966705
6764,6745059595902,6745060562828,966926
6765,6745060590606,6745061557625,967019
6766,6745061595755,6745062562682,966927
6767,6745062590496,6745063557016,966520
6768,6745063595645,6745064563998,968353
6769,6745064590424,6745065559017,968593
6770,6745065595573,6745066563462,967889
6771,6745066590277,6745067557185,966908
6772,6745067595426,6745068562742,967316
6773,6745068590186,6745069556798,966612
6774,6745069595261,6745070562262,967001
6775,6745070590095,6745071557188,967093
6776,6745071595225,6745072561819,966594
6777,6745072589911,6745073557079,967168
6778,6745073595079,6745074561913,966834
6779,6745074589857,6745075558006,968149
6780,6745075594950,6745076563229,968279
6781,6745076589692,6745077557989,968297
6782,6745077594878,6745078562323,967445
6783,6745078589601,6745079557101,967500
6784,6745079594694,6745080561417,966723
6785,6745080589473,6745081556381,966908
6786,6745081594640,6745082561567,966927
6787,6745082589344,6745083556271,966927
6788,6745083594512,6745084544661,950149
6789,6745084589272,6745085557587,968315
6790,6745085594384,6745086562847,968463
6791,6745086589162,6745087556274,967112
6792,6745087594292,6745088561534,967242
6793,6745088589015,6745089556405,967390
6794,6745089594164,6745090561239,967075
6795,6745090588906,6745091555703,966797
6796,6745091594036,6745092561037,967001
6797,6745092588833,6745093555945,967112
6798,6745093593926,6745094560594,966668
6799,6745094588649,6745095556354,967705
6800,6745095593854,6745096560854,967000
6801,6745096588577,6745097555503,966926
6802,6745097593652,6745098560486,966834
6803,6745098588486,6745099555190,966704
6804,6745099593560,6745100560876,967316
6805,6745100588394,6745101555266,966872
6806,6745101593488,6745102560081,966593
6807,6745102588248,6745103555174,966926
6808,6745103593341,6745104563508,970167
6809,6745104588157,6745105555009,966852
6810,6745105593287,6745106559788,966501
6811,6745106587973,6745107554770,966797
6812,6745107593159,6745108559456,966297
6813,6745108587900,6745109554771,966871
6814,6745109592994,6745110559568,966574
6815,6745110587791,6745111554106,966315
6816,6745111592921,6745112559051,966130
6817,6745112587625,6745113554626,967001
6818,6745113592793,6745114559164,966371
6819,6745114587553,6745115555516,967963
6820,6745115592646,6745116559202,966556
6821,6745116587443,6745117554129,966686
6822,6745117592573,6745118559185,966612
6823,6745118587259,6745119553779,966520
6824,6745119592464,6745120559576,967112
6825,6745120587224,6745121553984,966760
6826,6745121592280,6745122558781,966501
6827,6745122587059,6745123553763,966704
6828,6745123592207,6745124559004,966797
6829,6745124587023,6745125554413,967390
6830,6745125592135,6745126558358,966223
6831,6745126586839,6745127553173,966334
6832,6745127591933,6745128558711,966778
6833,6745128586767,6745129553545,966778
6834,6745129591879,6745130558620,966741
6835,6745130586601,6745131553102,966501
6836,6745131591769,6745132558695,966926
6837,6745132586492,6745133553233,966741
6838,6745133591604,6745134558104,966500
6839,6745134586419,6745135554179,967760
6840,6745135591550,6745136558328,966778
6841,6745136586254,6745137552903,966649
6842,6745137591421,6745138558052,966631
6843,6745138586126,6745139552793,966667
6844,6745139591312,6745140558794,967482
6845,6745140586072,6745141552998,966926
6846,6745141591184,6745142557832,966648
6847,6745142585962,6745143552537,966575
6848,6745143591074,6745144558426,967352
6849,6745144585834,6745145553446,967612
6850,6745145590946,6745146557669,966723
6851,6745146585724,6745147552151,966427
6852,6745147590818,6745148558133,967315
6853,6745148585633,6745149552023,966390
6854,6745149590745,6745150557246,966501
6855,6745150585449,6745151552357,966908
6856,6745151590635,6745152558580,967945
6857,6745152585377,6745153551914,966537
6858,6745153590470,6745154556897,966427
6859,6745154585304,6745155552527,967223
6860,6745155590434,6745156557546,967112
6861,6745156585157,6745157551862,966705
6862,6745157590232,6745158556640,966408
6863,6745158585048,6745159551567,966519
6864,6745159590160,6745160558234,968074
6865,6745160584957,6745161551365,966408
6866,6745161590050,6745162556458,966408
6867,6745162584791,6745163551366,966575
6868,6745163589940,6745164583089,993149
6869,6745164587422,6745165577331,989909
6870,6745165585071,6745166577294,992223
6871,6745166585183,6745167579888,994705
6872,6745167585147,6745168578055,992908
6873,6745168584907,6745169577463,992556
6874,6745169584852,6745170577019,992167
6875,6745170584853,6745171577057,992204
6876,6745171584798,6745172576076,991278
6877,6745172584743,6745173578207,993464
6878,6745173584429,6745174573541,989112
6879,6745174584596,6745175577819,993223
6880,6745175584634,6745176576524,991890
6881,6745176584598,6745177576413,991815
6882,6745177584450,6745178576859,992409
6883,6745178584136,6745179576267,992131
6884,6745179584507,6745180578601,994094
6885,6745180584212,6745181575768,991556
6886,6745181584139,6745182576195,992056
6887,6745182584195,6745183576992,992797
6888,6745183583899,6745184577252,993353
6889,6745184583937,6745185578623,994686
6890,6745185583660,6745186574661,991001
6891,6745186583827,6745187576421,992594
6892,6745187583884,6745188575977,992093
6893,6745188583718,6745189577126,993408
6894,6745189583718,6745190579812,996094
6895,6745190583627,6745191575405,991778
6896,6745191583516,6745192576313,992797
6897,6745192583554,6745193575536,991982
6898,6745193583573,6745194576870,993297
6899,6745194583148,6745195577630,994482
6900,6745195583315,6745196574261,990946
6901,6745196583335,6745197575391,992056
6902,6745197583224,6745198575336,992112
6903,6745198583169,6745199577522,994353
6904,6745199583170,6745200576671,993501
6905,6745200583041,6745201575190,992149
6906,6745201583079,6745202575024,991945
6907,6745202582950,6745203574858,991908
6908,6745203583043,6745204576489,993446
6909,6745204582840,6745205577415,994575
6910,6745205582749,6745206574157,991408
6911,6745206582805,6745207575028,992223
6912,6745207582676,6745208574695,992019
6913,6745208582584,6745209576048,993464
6914,6745209582529,6745210574048,991519
6915,6745210582493,6745211575290,992797
6916,6745211582401,6745212574402,992001
6917,6745212582365,6745213575014,992649
6918,6745213582403,6745214575051,992648
6919,6745214582329,6745215575608,993279
6920,6745215582145,6745216578720,996575
6921,6745216583442,6745217574887,991445
6922,6745217582072,6745218573314,991242
6923,6745218582036,6745219574555,992519
6924,6745219582037,6745220574611,992574
6925,6745220581908,6745221576168,994260
6926,6745221581890,6745222574020,992130
6927,6745222581798,6745223574502,992704
6928,6745223581836,6745224577559,995723
6929,6745224581929,6745225574652,992723
6930,6745225581708,6745226573153,991445
6931,6745226581597,6745227573376,991779
6932,6745227581598,6745228566450,984852
6933,6745228581228,6745229548247,967019
6934,6745229586155,6745230552619,966464
6935,6745230580915,6745231547471,966556
6936,6745231586045,6745232555509,969464
6937,6745232580842,6745233546936,966094
6938,6745233585936,6745234552362,966426
6939,6745234580677,6745235548493,967816
6940,6745235585789,6745236554067,968278
6941,6745236580567,6745237546975,966408
6942,6745237585716,6745238551828,966112
6943,6745238580458,6745239546755,966297
6944,6745239585588,6745240553811,968223
6945,6745240580348,6745241547052,966704
6946,6745241585460,6745242552442,966982
6947,6745242580220,6745243547165,966945
6948,6745243585350,6745244554055,968705
6949,6745244580129,6745245547500,967371
6950,6745245585259,6745246552075,966816
6951,6745246580019,6745247546853,966834
6952,6745247585094,6745248553335,968241
6953,6745248579891,6745249546984,967093
6954,6745249585003,6745250551818,966815
6955,6745250579744,6745251546726,966982
6956,6745251584893,6745252552690,967797
6957,6745252579653,6745253546802,967149
6958,6745253584783,6745254551451,966668
6959,6745254579525,6745255547026,967501
6960,6745255584655,6745256551915,967260
6961,6745256579452,6745257545842,966390
6962,6745257584546,6745258551250,966704
6963,6745258579324,6745259545880,966556
6964,6745259584473,6745260552603,968130
6965,6745260579196,6745261545863,966667
6966,6745261584326,6745262551216,966890
6967,6745262579086,6745263545791,966705
6968,6745263584180,6745264552236,968056
6969,6745264578977,6745265546014,967037
6970,6745265584088,6745266550719,966631
6971,6745266578848,6745267545386,966538
6972,6745267583997,6745268553109,969112
6973,6745268578739,6745269546721,967982
6974,6745269583851,6745270551685,967834
6975,6745270578592,6745271545315,966723
6976,6745271583722,6745272552094,968372
6977,6745272578538,6745273545409,966871
6978,6745273583650,6745274550780,967130
6979,6745274578391,6745275545133,966742
6980,6745275583522,6745276554133,970611
6981,6745276578282,6745277546227,967945
6982,6745277583393,6745278549468,966075
6983,6745278578153,6745279544988,966835
6984,6745279583284,6745280550507,967223
6985,6745280578044,6745281545026,966982
6986,6745281583193,6745282549805,966612
6987,6745282577934,6745283544546,966612
6988,6745283583046,6745284551510,968464
6989,6745284577825,6745285545418,967593
6990,6745285582955,6745286550233,967278
6991,6745286577715,6745287545493,967778
6992,6745287582845,6745288550235,967390
6993,6745288577605,6745289544161,966556
6994,6745289582736,6745290549458,966722
6995,6745290577477,6745291546015,968538
6996,6745291582607,6745292550793,968186
6997,6745292577367,6745293545127,967760
6998,6745293582498,6745294550165,967667
6999,6745294577239,6745295543370,966131
7000,6745295582407,6745296548778,966371
7001,6745296577130,6745297545334,968204
7002,6745297582297,6745298549149,966852
7003,6745298577020,6745299543558,966538
7004,6745299582132,6745300552355,970223
7005,6745300576910,6745301544578,967668
7006,6745301582041,6745302548875,966834
7007,6745302576782,6745303542801,966019
7008,6745303581968,6745304551080,969112
7009,6745304576783,6745305543599,966816
7010,6745305581803,6745306548100,966297
7011,6745306576563,6745307543712,967149
7012,6745307581693,6745308550749,969056
7013,6745308576472,6745309544417,967945
7014,6745309581565,6745310548325,966760
7015,6745310576325,6745311544048,967723
7016,6745311581455,6745312548863,967408
7017,6745312576252,6745313543049,966797
7018,6745313581346,6745314547828,966482
7019,6745314576106,6745315542940,966834
7020,6745315581236,6745316550533,969297
7021,6745316575996,6745317543237,967241
7022,6745317581089,6745318547794,966705
7023,6745318575831,6745319543165,967334
7024,6745319580961,6745320547240,966279
7025,6745320575721,6745321542259,966538
7026,6745321580851,6745322548222,967371
7027,6745322575648,6745323542075,966427
7028,6745323580742,6745324548372,967630
7029,6745324575520,6745325542910,967390
7030,6745325580614,6745326548225,967611
7031,6745326575411,6745327542059,966648
7032,6745327580522,6745328547264,966742
7033,6745328575264,6745329542172,966908
7034,6745329580394,6745330547228,966834
7035,6745330575154,6745331541711,966557
7036,6745331580266,6745332548156,967890
7037,6745332575082,6745333542934,967852
7038,6745333580175,6745334546805,966630
7039,6745334574935,6745335541880,966945
7040,6745335580047,6745336547233,967186
7041,6745336574844,6745337541789,966945
7042,6745337579937,6745338546530,966593
7043,6745338574716,6745339541346,966630
7044,6745339579846,6745340547291,967445
7045,6745340574606,6745341541644,967038
7046,6745341579718,6745342546311,966593
7047,6745342574496,6745343541664,967168
7048,6745343579627,6745344545813,966186
7049,6745344574405,6745345540832,966427
7050,6745345579498,6745346545592,966094
7051,6745346574240,6745347540704,966464
7052,6745347579389,6745348547501,968112
7053,6745348574149,6745349541724,967575
7054,6745349579261,6745350546150,966889
7055,6745350574002,6745351541392,967390
7056,6745351579151,6745352545392,966241
7057,6745352573911,6745353540615,966704
7058,6745353579060,6745354545635,966575
7059,6745354573783,6745355540598,966815
7060,6745355578913,6745356547932,969019
7061,6745356573710,6745357540989,967279
7062,6745357578822,6745358545526,966704
7063,6745358573563,6745359540175,966612
7064,6745359578694,6745360546046,967352
7065,6745360573454,6745361540288,966834
7066,6745361578584,6745362545140,966556
7067,6745362573344,6745363539771,966427
7068,6745363578475,6745364546494,968019
7069,6745364573235,6745365541254,968019
7070,6745365578346,6745366546421,968075
7071,6745366573088,6745367540774,967686
7072,6745367578237,6745368543997,965760
7073,6745368572997,6745369539812,966815
7074,6745369578146,6745370544665,966519
7075,6745370572906,6745371539869,966963
7076,6745371578017,6745372545796,967779
7077,6745372572777,6745373539926,967149
7078,6745373577908,6745374545538,967630
7079,6745374572668,6745375539465,966797
7080,6745375577798,6745376544928,967130
7081,6745376572577,6745377539503,966926
7082,6745377577670,6745378544337,966667
7083,6745378572430,6745379539486,967056
7084,6745379577560,6745380545098,967538
7085,6745380572320,6745381540117,967797
7086,6745381577414,6745382544248,966834
7087,6745382572192,6745383538489,966297
7088,6745383577322,6745384544805,967483
7089,6745384572101,6745385538879,966778
7090,6745385577213,6745386544713,967500
7091,6745386571973,6745387538066,966093
7092,6745387577085,6745388544845,967760
7093,6745388571863,6745389539919,968056
7094,6745389576975,6745390543605,966630
7095,6745390571735,6745391539717,967982
7096,6745391576884,6745392543477,966593
7097,6745392571625,6745393538274,966649
7098,6745393576756,6745394543645,966889
7099,6745394571534,6745395538276,966742
7100,6745395576627,6745396545221,968594
7101,6745396571406,6745397539333,967927
7102,6745397576536,6745398544222,967686
7103,6745398571296,6745399537760,966464
7104,6745399576408,6745400543057,966649
7105,6745400571187,6745401538021,966834
7106,6745401576298,6745402543003,966705
7107,6745402571058,6745403537541,966483
7108,6745403576170,6745404544634,968464
7109,6745404570967,6745405538801,967834
7110,6745405576098,6745406542895,966797
7111,6745406570839,6745407537340,966501
7112,6745407575969,6745408559729,983760
7113,6745408571081,6745409561601,990520
7114,6745409571119,6745410563324,992205
7115,6745410571212,6745411563732,992520
7116,6745411571102,6745412566010,994908
7117,6745412571010,6745413564270,993260
7118,6745413571029,6745414560382,989353
7119,6745414570789,6745415562383,991594
7120,6745415570846,6745416568772,997926
7121,6745416572735,6745417565514,992779
7122,6745417570699,6745418562200,991501
7123,6745418570663,6745419561293,990630
7124,6745419570589,6745420562238,991649
7125,6745420570479,6745421561794,991315
7126,6745421570517,6745422563332,992815
7127,6745422570425,6745423561629,991204
7128,6745423570370,6745424562371,992001
7129,6745424570297,6745425564038,993741
7130,6745425570168,6745426564039,993871
7131,6745426570131,6745427562762,992631
7132,6745427570206,6745428567059,996853
7133,6745428571040,6745429564541,993501
7134,6745429569985,6745430561282,991297
7135,6745430569931,6745431562005,992074
7136,6745431569913,6745432555228,985315
7137,6745432569617,6745433536803,967186
7138,6745433574544,6745434541582,967038
7139,6745434569304,6745435535842,966538
7140,6745435574434,6745436542805,968371
7141,6745436569194,6745437536269,967075
7142,6745437574269,6745438541344,967075
7143,6745438569048,6745439536085,967037
7144,6745439574159,6745440540919,966760
7145,6745440568956,6745441535920,966964
7146,6745441574068,6745442541180,967112
7147,6745442568810,6745443535440,966630
7148,6745443573959,6745444540719,966760
7149,6745444568774,6745445535479,966705
7150,6745445573849,6745446541794,967945
7151,6745446568590,6745447535628,967038
7152,6745447573739,6745448540870,967131
7153,6745448568481,6745449535426,966945
7154,6745449573630,6745450540760,967130
7155,6745450568371,6745451535242,966871
7156,6745451573501,6745452540280,966779
7157,6745452568298,6745453535410,967112
7158,6745453573392,6745454540522,967130
7159,6745454568152,6745455534338,966186
7160,6745455573301,6745456539820,966519
7161,6745456568042,6745457534821,966779
7162,6745457573154,6745458539858,966704
7163,6745458567914,6745459534655,966741
7164,6745459573063,6745460540045,966982
7165,6745460567823,6745461534898,967075
7166,6745461572916,6745462539546,966630
7167,6745462567713,6745463534714,967001
7168,6745463572806,6745464539381,966575
7169,6745464567585,6745465534567,966982
7170,6745465572715,6745466540420,967705
7171,6745466567457,6745467534309,966852
7172,6745467572606,6745468539477,966871
7173,6745468567366,6745469534477,967111
7174,6745469572459,6745470539552,967093
7175,6745470567275,6745471534146,966871
7176,6745471572368,6745472541091,968723
7177,6745472567128,6745473534499,967371
7178,6745473572240,6745474539426,967186
7179,6745474567000,6745475533704,966704
7180,6745475572112,6745476540260,968148
7181,6745476566890,6745477533650,966760
7182,6745477572039,6745478538984,966945
7183,6745478566799,6745479533300,966501
7184,6745479571929,6745480538393,966464
7185,6745480566689,6745481532783,966094
7186,6745481571764,6745482538246,966482
7187,6745482566561,6745483533191,966630
7188,6745483571673,6745484538507,966834
7189,6745484566433,6745485533248,966815
7190,6745485571600,6745486538842,967242
7191,6745486566305,6745487532546,966241
7192,6745487571435,6745488539454,968019
7193,6745488566195,6745489533825,967630
7194,6745489571307,6745490537641,966334
7195,6745490566030,6745491532364,966334
7196,6745491571160,6745492537716,966556
7197,6745492565957,6745493532162,966205
7198,6745493571088,6745494537255,966167
7199,6745494565811,6745495532515,966704
7200,6745495570978,6745496538886,967908
7201,6745496565756,6745497532368,966612
7202,6745497570831,6745498537184,966353
7203,6745498565591,6745499531870,966279
7204,6745499570740,6745500535982,965242
7205,6745500565556,6745501531871,966315
7206,6745501570630,6745502536816,966186
7207,6745502565390,6745503531836,966446
7208,6745503570484,6745504536540,966056
7209,6745504565262,6745505531115,965853
7210,6745505570374,6745506538041,967667
7211,6745506565208,6745507531801,966593
7212,6745507570301,6745508537043,966742
7213,6745508565061,6745509531488,966427
7214,6745509570155,6745510536155,966000
7215,6745510564933,6745511530823,965890
7216,6745511570045,6745512536398,966353
7217,6745512564824,6745513531343,966519
7218,6745513569898,6745514536399,966501
7219,6745514564677,6745515530900,966223
7220,6745515569844,6745516538141,968297
7221,6745516564567,6745517532142,967575
7222,6745517569753,6745518537458,967705
7223,6745518564458,6745519530903,966445
7224,6745519569606,6745520536737,967131
7225,6745520564348,6745521531163,966815
7226,6745521569534,6745522535386,965852
7227,6745522564220,6745523530257,966037
7228,6745523569369,6745524536499,967130
7229,6745524564129,6745525530926,966797
7230,6745525569240,6745526535760,966520
7231,6745526564000,6745527530520,966520
7232,6745527569131,6745528535372,966241
7233,6745528563891,6745529530095,966204
7234,6745529569021,6745530534892,965871
7235,6745530563763,6745531530115,966352
7236,6745531568893,6745532535079,966186
7237,6745532563671,6745533530080,966409
7238,6745533568783,6745534535210,966427
7239,6745534563525,6745535529618,966093
7240,6745535568692,6745536553767,985075
7241,6745536563841,6745537558897,995056
7242,6745537563879,6745538555935,992056
7243,6745538563842,6745539557954,994112
7244,6745539563732,6745540556696,992964
7245,6745540563566,6745541556641,993075
7246,6745541563622,6745542556475,992853
7247,6745542563642,6745543555439,991797
7248,6745543563476,6745544560014,996538
7249,6745544563532,6745545558181,994649
7250,6745545563422,6745546556404,992982
7251,6745546563459,6745547556386,992927
7252,6745547563238,6745548557572,994334
7253,6745548563202,6745549556739,993537
7254,6745549563369,6745550557148,993779
7255,6745550563185,6745551556185,993000
7256,6745551563074,6745552561667,998593
7257,6745552565371,6745553558242,992871
7258,6745553562761,6745554555354,992593
7259,6745554563169,6745555557244,994075
7260,6745555562818,6745556557652,994834
7261,6745556562874,6745557556097,993223
7262,6745557562819,6745558555357,992538
7263,6745558562746,6745559554598,991852
7264,6745559562691,6745560555784,993093
7265,6745560562581,6745561555804,993223
7266,6745561562581,6745562555638,993057
7267,6745562562490,6745563555287,992797
7268,6745563562527,6745564555824,993297
7269,6745564562306,6745565556992,994686
7270,6745565562270,6745566556289,994019
7271,6745566562270,6745567556438,994168
7272,6745567562141,6745568556179,994038
7273,6745568562087,6745569555384,993297
7274,6745569562013,6745570555606,993593
7275,6745570561977,6745571555718,993741
7276,6745571561866,6745572555349,993483
7277,6745572561941,6745573556720,994779
7278,6745573561775,6745574554258,992483
7279,6745574561850,6745575554962,993112
7280,6745575561869,6745576557518,995649
7281,6745576561648,6745577554445,992797
7282,6745577561649,6745578554723,993074
7283,6745578561557,6745579554039,992482
7284,6745579561224,6745580553910,992686
7285,6745580561521,6745581554818,993297
7286,6745581561355,6745582555745,994390
7287,6745582561263,6745583555968,994705
7288,6745583561209,6745584555302,994093
7289,6745584561135,6745585554247,993112
7290,6745585561099,6745586556044,994945
7291,6745586561081,6745587552841,991760
7292,6745587560971,6745588557712,996741
7293,6745588562008,6745589555102,993094
7294,6745589560954,6745590553380,992426
7295,6745590560806,6745591554714,993908
7296,6745591560770,6745592553993,993223
7297,6745592560863,6745593553438,992575
7298,6745593560642,6745594553402,992760
7299,6745594560679,6745595552625,991946
7300,6745595560347,6745596552811,992464
7301,6745596560644,6745597553959,993315
7302,6745597560496,6745598554775,994279
7303,6745598560182,6745599552572,992390
7304,6745599560331,6745600556165,995834
7305,6745600560276,6745601552166,991890
7306,6745601560240,6745602553982,993742
7307,6745602560185,6745603552816,992631
7308,6745603560075,6745604552576,992501
7309,6745604560094,6745605554428,994334
7310,6745605559965,6745606554188,994223
7311,6745606559892,6745607553374,993482
7312,6745607559911,6745608553134,993223
7313,6745608559819,6745609551061,991242
7314,6745609559727,6745610553247,993520
7315,6745610559747,6745611552618,992871
7316,6745611559710,6745612553841,994131
7317,6745612559674,6745613553119,993445
7318,6745613559545,6745614555138,995593
7319,6745614559453,6745615552232,992779
7320,6745615559454,6745616554751,995297
7321,6745616559233,6745617551511,992278
7322,6745617559363,6745618553827,994464
7323,6745618559364,6745619551420,992056
7324,6745619559198,6745620554198,995000
7325,6745620559217,6745621553662,994445
7326,6745621559162,6745622553829,994667
7327,6745622559070,6745623551849,992779
7328,6745623558941,6745624549553,990612
7329,6745624558905,6745625551758,992853
7330,6745625558869,6745626553795,994926
7331,6745626558536,6745627551815,993279
7332,6745627558741,6745628551871,993130
7333,6745628558723,6745629551298,992575
7334,6745629558483,6745630551335,992852
7335,6745630558520,6745631552466,993946
7336,6745631558484,6745632550281,991797
7337,6745632558540,6745633551689,993149
7338,6745633558393,6745634552634,994241
7339,6745634558394,6745635553802,995408
7340,6745635558265,6745636552525,994260
7341,6745636558266,6745637551377,993111
7342,6745637557877,6745638550063,992186
7343,6745638558082,6745639551397,993315
7344,6745639558120,6745640551398,993278
7345,6745640558028,6745641551732,993704
7346,6745641557843,6745642549863,992020
7347,6745642557863,6745643551160,993297
7348,6745643557845,6745644549901,992056
7349,6745644557790,6745645549754,991964
7350,6745645557791,6745646548069,990278
7351,6745646557569,6745647550070,992501
7352,6745647557551,6745648550478,992927
7353,6745648557645,6745649549812,992167
7354,6745649557497,6745650550702,993205
7355,6745650557461,6745651548091,990630
7356,6745651557369,6745652550759,993390
7357,6745652557388,6745653550871,993483
7358,6745653557278,6745654550890,993612
7359,6745654557223,6745655550335,993112
7360,6745655557168,6745656551336,994168
7361,6745656556928,6745657549929,993001
7362,6745657557077,6745658549504,992427
7363,6745658557022,6745659550060,993038
7364,6745659556986,6745660550635,993649
7365,6745660556931,6745661547932,991001
7366,6745661556802,6745662550655,993853
7367,6745662556877,6745663550285,993408
7368,6745663556656,6745664542471,985815
7369,6745664556360,6745665524138,967778
7370,6745665561342,6745666528232,966890
7371,6745666556047,6745667524418,968371
7372,6745667561233,6745668528030,966797
7373,6745668555956,6745669523104,967148
7374,6745669561067,6745670527901,966834
7375,6745670555827,6745671523013,967186
7376,6745671560939,6745672528699,967760
7377,6745672555736,6745673522348,966612
7378,6745673560848,6745674527978,967130
7379,6745674555571,6745675522368,966797
7380,6745675560738,6745676527739,967001
7381,6745676555480,6745677523758,968278
7382,6745677560629,6745678528000,967371
7383,6745678555352,6745679522482,967130
7384,6745679560519,6745680528612,968093
7385,6745680555242,6745681523520,968278
7386,6745681560409,6745682527558,967149
7387,6745682555132,6745683523281,968149
7388,6745683560263,6745684526949,966686
7389,6745684555060,6745685522283,967223
7390,6745685560135,6745686527302,967167
7391,6745686554932,6745687522617,967685
7392,6745687560062,6745688526433,966371
7393,6745688554840,6745689521952,967112
7394,6745689559897,6745690526583,966686
7395,6745690554675,6745691521565,966890
7396,6745691559843,6745692526528,966685
7397,6745692554566,6745693521455,966889
7398,6745693559696,6745694526641,966945
7399,6745694554456,6745695521345,966889
7400,6745695559586,6745696525643,966057
7401,6745696554402,6745697521514,967112
7402,6745697559532,6745698526459,966927
7403,6745698554218,6745699521256,967038
7404,6745699559330,6745700526238,966908
7405,6745700554145,6745701522998,968853
7406,6745701559294,6745702526499,967205
7407,6745702553999,6745703520870,966871
7408,6745703559148,6745704526037,966889
7409,6745704553871,6745705520316,966445
7410,6745705559019,6745706526224,967205
7411,6745706553742,6745707521225,967483
7412,6745707558928,6745708525670,966742
7413,6745708553670,6745709520430,966760
7414,6745709558763,6745710525634,966871
7415,6745710553523,6745711520431,966908
7416,6745711558653,6745712526987,968334
7417,6745712553302,6745713521229,967927
7418,6745713558599,6745714526952,968353
7419,6745714553304,6745715520434,967130
7420,6745715558453,6745716526176,967723
7421,6745716553250,6745717521602,968352
7422,6745717558343,6745718524992,966649
7423,6745718553084,6745719520030,966946
7424,6745719558233,6745720527290,969057
7425,6745720552975,6745721520716,967741
7426,6745721558087,6745722525421,967334
7427,6745722552828,6745723520810,967982
7428,6745723557977,6745724526478,968501
7429,6745724552755,6745725520645,967890
7430,6745725557904,6745726525720,967816
7431,6745726552646,6745727520665,968019
7432,6745727557758,6745728525777,968019
7433,6745728552518,6745729519259,966741
7434,6745729557648,6745730524723,967075
7435,6745730552352,6745731518946,966594
7436,6745731557483,6745732524576,967093
7437,6745732552298,6745733519447,967149
7438,6745733557429,6745734524170,966741
7439,6745734552170,6745735519375,967205
7440,6745735557301,6745736525598,968297
7441,6745736552060,6745737521672,969612
7442,6745737557228,6745738524729,967501
7443,6745738551951,6745739519026,967075
7444,6745739557081,6745740523823,966742
7445,6745740551841,6745741518675,966834
7446,6745741556972,6745742523769,966797
7447,6745742551713,6745743518362,966649
7448,6745743556806,6745744524566,967760
7449,6745744551640,6745745519437,967797
7450,6745745556752,6745746524549,967797
7451,6745746551475,6745747519087,967612
7452,6745747556661,6745748524477,967816
7453,6745748551384,6745749518663,967279
7454,6745749556477,6745750523589,967112
7455,6745750551274,6745751518220,966946
7456,6745751556386,6745752524054,967668
7457,6745752551128,6745753519147,968019
7458,6745753556277,6745754523351,967074
7459,6745754551000,6745755518778,967778
7460,6745755556148,6745756522834,966686
7461,6745756550890,6745757517668,966778
7462,6745757556094,6745758523447,967353
7463,6745758550799,6745759516855,966056
7464,6745759555892,6745760523300,967408
7465,6745760550689,6745761518356,967667
7466,6745761555801,6745762523487,967686
7467,6745762550542,6745763517488,966946
7468,6745763555673,6745764523081,967408
7469,6745764550470,6745765517433,966963
7470,6745765555563,6745766522619,967056
7471,6745766550342,6745767518231,967889
7472,6745767555453,6745768523528,968075
7473,6745768550232,6745769518381,968149
7474,6745769555399,6745770522419,967020
7475,6745770550122,6745771517512,967390
7476,6745771555253,6745772521957,966704
7477,6745772550031,6745773517106,967075
7478,6745773555143,6745774521681,966538
7479,6745774549866,6745775516311,966445
7480,6745775554996,6745776522738,967742
7481,6745776549756,6745777518627,968871
7482,6745777554924,6745778522684,967760
7483,6745778549665,6745779516981,967316
7484,6745779554777,6745780537796,983019
7485,6745780550130,6745781545519,995389
7486,6745781550167,6745782544205,994038
7487,6745782549890,6745783541187,991297
7488,6745783549780,6745784544540,994760
7489,6745784549781,6745785544578,994797
7490,6745785549689,6745786542152,992463
7491,6745786549708,6745787546449,996741
7492,6745787549616,6745788541580,991964
7493,6745788549580,6745789542673,993093
7494,6745789549784,6745790541655,991871
7495,6745790549544,6745791542156,992612
7496,6745791549360,6745792542194,992834
7497,6745792549305,6745793540176,990871
7498,6745793549269,6745794541640,992371
7499,6745794549177,6745795541529,992352
7500,6745795549103,6745796541697,992594
7501,6745796549012,6745797546253,997241
7502,6745797549105,6745798541624,992519
7503,6745798548976,6745799541958,992982
7504,6745799548921,6745800543866,994945
7505,6745800548829,6745801543478,994649
7506,6745801548793,6745802541942,993149
7507,6745802548794,6745803540017,991223
7508,6745803548794,6745804541665,992871
7509,6745804548795,6745805542314,993519
7510,6745805548537,6745806543315,994778
7511,6745806548648,6745807543594,994946
7512,6745807548445,6745808540150,991705
7513,6745808548372,6745809542354,993982
7514,6745809548354,6745810541040,992686
7515,6745810548262,6745811542930,994668
7516,6745811548171,6745812541782,993611
7517,6745812548560,6745813541802,993242
7518,6745813548098,6745814540858,992760
7519,6745814548006,6745815541359,993353
7520,6745815547970,6745816542989,995019
7521,6745816547933,6745817543230,995297
7522,6745817547879,6745818537657,989778
7523,6745818547842,6745819540491,992649
7524,6745819547769,6745820541140,993371
7525,6745820547733,6745821541104,993371
7526,6745821547715,6745822540290,992575
7527,6745822547623,6745823539476,991853
7528,6745823547587,6745824537310,989723
7529,6745824547328,6745825541977,994649
7530,6745825547551,6745826545996,998445
7531,6745826550052,6745827546793,996741
7532,6745827550182,6745828546313,996131
7533,6745828550220,6745829547758,997538
7534,6745829551573,6745830546796,995223
7535,6745830550110,6745831546074,995964
7536,6745831549870,6745832537278,987408
7537,6745832546760,6745833514501,967741
7538,6745833551816,6745834519243,967427
7539,6745834546465,6745835513521,967056
7540,6745835551577,6745836518652,967075
7541,6745836546374,6745837514726,968352
7542,6745837551449,6745838518524,967075
7543,6745838546209,6745839513321,967112
7544,6745839551321,6745840520432,969111
7545,6745840546136,6745841514285,968149
7546,6745841551229,6745842519360,968131
7547,6745842545971,6745843512898,966927
7548,6745843551101,6745844519102,968001
7549,6745844545917,6745845513417,967500
7550,6745845550992,6745846518548,967556
7551,6745846545752,6745847513160,967408
7552,6745847550882,6745848518605,967723
7553,6745848545642,6745849513032,967390
7554,6745849550791,6745850517921,967130
7555,6745850545514,6745851512385,966871
7556,6745851550626,6745852517645,967019
7557,6745852545441,6745853512479,967038
7558,6745853550571,6745854517313,966742
7559,6745854545313,6745855511925,966612
7560,6745855550388,6745856517333,966945
7561,6745856545240,6745857513482,968242
7562,6745857550352,6745858517538,967186
7563,6745858545057,6745859511965,966908
7564,6745859550187,6745860517021,966834
7565,6745860544965,6745861511670,966705
7566,6745861550077,6745862517004,966927
7567,6745862544819,6745863511894,967075
7568,6745863549949,6745864516524,966575
7569,6745864544728,6745865511858,967130
7570,6745865549858,6745866516840,966982
7571,6745866544618,6745867513156,968538
7572,6745867549785,6745868516323,966538
7573,6745868544508,6745869511268,966760
7574,6745869549657,6745870516862,967205
7575,6745870544417,6745871511566,967149
7576,6745871549510,6745872517863,968353
7577,6745872544270,6745873512179,967909
7578,6745873549419,6745874517327,967908
7579,6745874544142,6745875511143,967001
7580,6745875549254,6745876516959,967705
7581,6745876544033,6745877511737,967704
7582,6745877549219,6745878516016,966797
7583,6745878543923,6745879510609,966686
7584,6745879549072,6745880515850,966778
7585,6745880543832,6745881510851,967019
7586,6745881548962,6745882515630,966668
7587,6745882543704,6745883510797,967093
7588,6745883548816,6745884515205,966389
7589,6745884543594,6745885510761,967167
7590,6745885548724,6745886515558,966834
7591,6745886543466,6745887511522,968056
7592,6745887548615,6745888516893,968278
7593,6745888543412,6745889511357,967945
7594,6745889548487,6745890515321,966834
7595,6745890543247,6745891510118,966871
7596,6745891548377,6745892514748,966371
7597,6745892543137,6745893510341,967204
7598,6745893548286,6745894515361,967075
7599,6745894543046,6745895510009,966963
7600,6745895548158,6745896515084,966926
7601,6745896542899,6745897510492,967593
7602,6745897548048,6745898515012,966964
7603,6745898542808,6745899509957,967149
7604,6745899547901,6745900516198,968297
7605,6745900542717,6745901509792,967075
7606,6745901547810,6745902515514,967704
7607,6745902542533,6745903509256,966723
7608,6745903547700,6745904529905,982205
7609,6745904543331,6745905539683,996352
7610,6745905543461,6745906538814,995353
7611,6745906542869,6745907538314,995445
7612,6745907542518,6745908536611,994093
7613,6745908542686,6745909538594,995908
7614,6745909542668,6745910536409,993741
7615,6745910542613,6745911535206,992593
7616,6745911542540,6745912536133,993593
7617,6745912542448,6745913534874,992426
7618,6745913542374,6745914538505,996131
7619,6745914542505,6745915538061,995556
7620,6745915542302,6745916535988,993686
7621,6745916542173,6745917535433,993260
7622,6745917542137,6745918534471,992334
7623,6745918542137,6745919535545,993408
7624,6745919542045,6745920536435,994390
7625,6745920541935,6745921535288,993353
7626,6745921541899,6745922536585,994686
7627,6745922541936,6745923534530,992594
7628,6745923541789,6745924534993,993204
7629,6745924541586,6745925534587,993001
7630,6745925541679,6745926536588,994909
7631,6745926541625,6745927536199,994574
7632,6745927541588,6745928535404,993816
7633,6745928541700,6745929534034,992334
7634,6745929541386,6745930536109,994723
7635,6745930541498,6745931537110,995612
7636,6745931541332,6745932535962,994630
7637,6745932541407,6745933535426,994019
7638,6745933541407,6745934535038,993631
7639,6745934541241,6745935534131,992890
7640,6745935541150,6745936535317,994167
7641,6745936541132,6745937537966,996834
7642,6745937540984,6745938533430,992446
7643,6745938541041,6745939534356,993315
7644,6745939541023,6745940532709,991686
7645,6745940540857,6745941535117,994260
7646,6745941540913,6745942533581,992668
7647,6745942540692,6745943534915,994223
7648,6745943540692,6745944533786,993094
7649,6745944540619,6745945533953,993334
7650,6745945540287,6745946533658,993371
7651,6745946540546,6745947538103,997557
7652,6745947541177,6745948530400,989223
7653,6745948540437,6745949534808,994371
7654,6745949540438,6745950535346,994908
7655,6745950540327,6745951533606,993279
7656,6745951540180,6745952533014,992834
7657,6745952540273,6745953533515,993242
7658,6745953540218,6745954534756,994538
7659,6745954540034,6745955533979,993945
7660,6745955539849,6745956532665,992816
7661,6745956540017,6745957536962,996945
7662,6745957541351,6745958535444,994093
7663,6745958539833,6745959532686,992853
7664,6745959539741,6745960533223,993482
7665,6745960539760,6745961534965,995205
7666,6745961539631,6745962533354,993723
7667,6745962539521,6745963533818,994297
7668,6745963539577,6745964524004,984427
7669,6745964539337,6745965507486,968149
7670,6745965544208,6745966511672,967464
7671,6745966538950,6745967507784,968834
7672,6745967544136,6745968511322,967186
7673,6745968538896,6745969506471,967575
7674,6745969543952,6745970511786,967834
7675,6745970538712,6745971506046,967334
7676,6745971543842,6745972510584,966742
7677,6745972538658,6745973506140,967482
7678,6745973543770,6745974510845,967075
7679,6745974538511,6745975505956,967445
7680,6745975543623,6745976510216,966593
7681,6745976538402,6745977505513,967111
7682,6745977543513,6745978510977,967464
7683,6745978538292,6745979505607,967315
7684,6745979543367,6745980510442,967075
7685,6745980538145,6745981505442,967297
7686,6745981543313,6745982510628,967315
7687,6745982538036,6745983505333,967297
7688,6745983543166,6745984510185,967019
7689,6745984537926,6745985505223,967297
7690,6745985543056,6745986510020,966964
7691,6745986537798,6745987508447,970649
7692,6745987542910,6745988510077,967167
7693,6745988537707,6745989504707,967000
7694,6745989542856,6745990509856,967000
7695,6745990537560,6745991504913,967353
7696,6745991542727,6745992511024,968297
7697,6745992537469,6745993505155,967686
7698,6745993542599,6745994509804,967205
7699,6745994537359,6745995504971,967612
7700,6745995542471,6745996510583,968112
7701,6745996537250,6745997505306,968056
7702,6745997542398,6745998510825,968427
7703,6745998537140,6745999504474,967334
7704,6745999542270,6746000508678,966408
7705,6746000537030,6746001504105,967075
7706,6746001542179,6746002509458,967279
7707,6746002536883,6746003503995,967112
7708,6746003542032,6746004509996,967964
7709,6746004536792,6746005504923,968131
7710,6746005541886,6746006508942,967056
7711,6746006536664,6746007503739,967075
7712,6746007541795,6746008509517,967722
7713,6746008536592,6746009503685,967093
7714,6746009541666,6746010508686,967020
7715,6746010536445,6746011503057,966612
7716,6746011541594,6746012509835,968241
7717,6746012536335,6746013504540,968205
7718,6746013541466,6746014509466,968000
7719,6746014536226,6746015502967,966741
7720,6746015541356,6746016508190,966834
7721,6746016536134,6746017503339,967205
7722,6746017541246,6746018509803,968557
7723,6746018535988,6746019503100,967112
7724,6746019541137,6746020509434,968297
7725,6746020535841,6746021503805,967964
7726,6746021540971,6746022509268,968297
7727,6746022535694,6746023502917,967223
7728,6746023540862,6746024507677,966815
7729,6746024535640,6746025502474,966834
7730,6746025540734,6746026507771,967037
7731,6746026535438,6746027502013,966575
7732,6746027540642,6746028509902,969260
7733,6746028535384,6746029503496,968112
7734,6746029540514,6746030507256,966742
7735,6746030535311,6746031502719,967408
7736,6746031540368,6746032508202,967834
7737,6746032535202,6746033502036,966834
7738,6746033540332,6746034507073,966741
7739,6746034535055,6746035501945,966890
7740,6746035540167,6746036508334,968167
7741,6746036534964,6746037502798,967834
7742,6746037540020,6746038509132,969112
7743,6746038534817,6746039502021,967204
7744,6746039539929,6746040506411,966482
7745,6746040534744,6746041502708,967964
7746,6746041539838,6746042507005,967167
7747,6746042534579,6746043501358,966779
7748,6746043539673,6746044507470,967797
7749,6746044534525,6746045502711,968186
7750,6746045539581,6746046507656,968075
7751,6746046534378,6746047501379,967001
7752,6746047539527,6746048506232,966705
7753,6746048534269,6746049501158,966889
7754,6746049539381,6746050506326,966945
7755,6746050534141,6746051500956,966815
7756,6746051539215,6746052507438,968223
7757,6746052534012,6746053502032,968020
7758,6746053539161,6746054506014,966853
7759,6746054533903,6746055500478,966575
7760,6746055539033,6746056506256,967223
7761,6746056533812,6746057500794,966982
7762,6746057538942,6746058506943,968001
7763,6746058533683,6746059500758,967075
7764,6746059538832,6746060506889,968057
7765,6746060533574,6746061501834,968260
7766,6746061538686,6746062506631,967945
7767,6746062533409,6746063500391,966982
7768,6746063538557,6746064505095,966538
7769,6746064533354,6746065501392,968038
7770,6746065538466,6746066505689,967223
7771,6746066533226,6746067499709,966483
7772,6746067538320,6746068507450,969130
7773,6746068533098,6746069501284,968186
7774,6746069538229,6746070506451,968222
7775,6746070533007,6746071500248,967241
7776,6746071538082,6746072505286,967204
7777,6746072532897,6746073499787,966890
7778,6746073538009,6746074504973,966964
7779,6746074532714,6746075499474,966760
7780,6746075537881,6746076506122,968241
7781,6746076532660,6746077500716,968056
7782,6746077537753,6746078504883,967130
7783,6746078532550,6746079499106,966556
7784,6746079537643,6746080504718,967075
7785,6746080532440,6746081499496,967056
7786,6746081537534,6746082504331,966797
7787,6746082532312,6746083499072,966760
7788,6746083537405,6746084505573,968168
7789,6746084532202,6746085500314,968112
7790,6746085537333,6746086505315,967982
7791,6746086532019,6746087499056,967037
7792,6746087537205,6746088505150,967945
7793,6746088531983,6746089500391,968408
7794,6746089537058,6746090503873,966815
7795,6746090531855,6746091498541,966686
7796,6746091536948,6746092505467,968519
7797,6746092531727,6746093500005,968278
7798,6746093536876,6746094504561,967685
7799,6746094531487,6746095498581,967094
7800,6746095536729,6746096503396,966667
7801,6746096531526,6746097498527,967001
7802,6746097536619,6746098504046,967427
7803,6746098531379,6746099498195,966816
7804,6746099536547,6746100504307,967760
7805,6746100531288,6746101499344,968056
7806,6746101536400,6746102503215,966815
7807,6746102531160,6746103497772,966612
7808,6746103536290,6746104503865,967575
7809,6746104531069,6746105498107,967038
7810,6746105536199,6746106502885,966686
7811,6746106530922,6746107497719,966797
7812,6746107536071,6746108494183,958112
7813,6746108536053,6746109498943,962890
7814,6746109535998,6746110504036,968038
7815,6746110530721,6746111499111,968390
7816,6746111535833,6746112503723,967890
7817,6746112530612,6746113497483,966871
7818,6746113535742,6746114502483,966741
7819,6746114530539,6746115497632,967093
7820,6746115535614,6746116502022,966408
7821,6746116530374,6746117496856,966482
7822,6746117535541,6746118503653,968112
7823,6746118530264,6746119496857,966593
7824,6746119535339,6746120501840,966501
7825,6746120530154,6746121496729,966575
7826,6746121535266,6746122502156,966890
7827,6746122530008,6746123496601,966593
7828,6746123535157,6746124500657,965500
7829,6746124529935,6746125497251,967316
7830,6746125535047,6746126501714,966667
7831,6746126529807,6746127496622,966815
7832,6746127534900,6746128502382,967482
7833,6746128529716,6746129496476,966760
7834,6746129534828,6746130501569,966741
7835,6746130529569,6746131496107,966538
7836,6746131534718,6746132501422,966704
7837,6746132529478,6746133496479,967001
7838,6746133534590,6746134501442,966852
7839,6746134529294,6746135496110,966816
7840,6746135534443,6746136501259,966816
7841,6746136529203,6746137496074,966871
7842,6746137534371,6746138501797,967426
7843,6746138529149,6746139495631,966482
7844,6746139534224,6746140500521,966297
7845,6746140529021,6746141495688,966667
7846,6746141534170,6746142500893,966723
7847,6746142528874,6746143495745,966871
7848,6746143533949,6746144499950,966001
7849,6746144528802,6746145495395,966593
7850,6746145533913,6746146500840,966927
7851,6746146528673,6746147495507,966834
7852,6746147533767,6746148501619,967852
7853,6746148528434,6746149495324,966890
7854,6746149533694,6746150500436,966742
7855,6746150528436,6746151495492,967056
7856,6746151533529,6746152515178,981649
7857,6746152529326,6746153530549,1001223
7858,6746153534104,6746154531253,997149
7859,6746154534346,6746155528143,993797
7860,6746155532050,6746156529310,997260
7861,6746156533588,6746157528644,995056
7862,6746157532107,6746158529701,997594
7863,6746158533645,6746159530424,996779
7864,6746159533516,6746160529480,995964
7865,6746160533221,6746161528610,995389
7866,6746161532388,6746162529426,997038
7867,6746162533259,6746163527982,994723
7868,6746163531797,6746164527631,995834
7869,6746164531575,6746165524243,992668
7870,6746165528409,6746166524688,996279
7871,6746166528688,6746167525281,996593
7872,6746167529244,6746168528097,998853
7873,6746168532615,6746169529098,996483
7874,6746169532968,6746170529802,996834
7875,6746170533617,6746171531043,997426
7876,6746171535117,6746172530581,995464
7877,6746172534563,6746173529230,994667
7878,6746173533063,6746174527657,994594
7879,6746174531157,6746175527417,996260
7880,6746175530343,6746176524417,994074
7881,6746176528195,6746177524307,996112
7882,6746177528214,6746178526678,998464
7883,6746178530178,6746179524531,994353
7884,6746179528068,6746180526939,998871
7885,6746180530791,6746181525699,994908
7886,6746181529606,6746182527348,997742
7887,6746182531385,6746183526885,995500
7888,6746183530071,6746184525645,995574
7889,6746184529497,6746185524720,995223
7890,6746185528313,6746186526277,997964
7891,6746186530128,6746187528444,998316
7892,6746187532370,6746188527185,994815
7893,6746188530463,6746189522723,992260
7894,6746189526668,6746190523168,996500
7895,6746190526946,6746191523502,996556
7896,6746191527651,6746192521614,993963
7897,6746192526503,6746193519893,993390
7898,6746193526430,6746194521893,995463
7899,6746194526338,6746195522431,996093
7900,6746195526246,6746196511839,985593
7901,6746196525969,6746197493655,967686
7902,6746197530914,6746198499267,968353
7903,6746198525730,6746199492934,967204
7904,6746199530804,6746200497398,966594
7905,6746200525583,6746201492176,966593
7906,6746201530676,6746202497418,966742
7907,6746202525436,6746203492400,966964
7908,6746203530548,6746204496808,966260
7909,6746204525327,6746205491364,966037
7910,6746205530438,6746206497347,966909
7911,6746206525198,6746207491958,966760
7912,6746207530347,6746208497959,967612
7913,6746208525126,6746209491867,966741
7914,6746209530219,6746210497146,966927
7915,6746210524998,6746211491924,966926
7916,6746211530072,6746212499555,969483
7917,6746212524925,6746213491704,966779
7918,6746213530000,6746214497093,967093
7919,6746214524778,6746215491761,966983
7920,6746215529890,6746216496317,966427
7921,6746216524632,6746217490781,966149
7922,6746217529781,6746218497337,967556
7923,6746218524541,6746219491504,966963
7924,6746219529652,6746220497264,967612
7925,6746220524412,6746221492357,967945
7926,6746221529543,6746222496229,966686
7927,6746222524303,6746223490933,966630
7928,6746223529470,6746224496934,967464
7929,6746224524175,6746225490860,966685
7930,6746225529323,6746226496009,966686
7931,6746226524065,6746227490621,966556
7932,6746227529195,6746228496826,967631
7933,6746228524011,6746229490493,966482
7934,6746229529123,6746230495790,966667
7935,6746230523864,6746231490365,966501
7936,6746231528976,6746232495125,966149
7937,6746232523754,6746233490940,967186
7938,6746233528885,6746234495719,966834
7939,6746234523589,6746235490053,966464
7940,6746235528720,6746236496591,967871
7941,6746236523517,6746237491443,967926
7942,6746237528647,6746238496185,967538
7943,6746238523407,6746239489778,966371
7944,6746239528519,6746240501834,973315
7945,6746240523297,6746241490613,967316
7946,6746241528409,6746242495002,966593
7947,6746242523188,6746243490003,966815
7948,6746243528336,6746244495596,967260
7949,6746244523059,6746245489838,966779
7950,6746245528171,6746246495190,967019
7951,6746246522968,6746247489562,966594
7952,6746247528043,6746248496081,968038
7953,6746248522840,6746249489600,966760
7954,6746249527970,6746250494730,966760
7955,6746250522712,6746251489731,967019
7956,6746251527861,6746252495936,968075
7957,6746252522658,6746253490010,967352
7958,6746253527733,6746254498807,971074
7959,6746254522622,6746255490567,967945
7960,6746255527604,6746256499827,972223
7961,6746256522401,6746257488810,966409
7962,6746257527513,6746258494533,967020
7963,6746258522310,6746259488811,966501
7964,6746259527441,6746260496923,969482
7965,6746260522145,6746261489127,966982
7966,6746261527294,6746262493943,966649
7967,6746262522035,6746263488425,966390
7968,6746263527147,6746264497889,970742
7969,6746264521926,6746265489649,967723
7970,6746265527056,6746266493687,966631
7971,6746266521835,6746267488169,966334
7972,6746267526928,6746268501929,975001
7973,6746268521799,6746269488411,966612
7974,6746269526818,6746270493189,966371
7975,6746270521597,6746271487894,966297
7976,6746271526727,6746272497228,970501
7977,6746272521506,6746273487914,966408
7978,6746273526581,6746274492896,966315
7979,6746274521303,6746275487712,966409
7980,6746275526452,6746276495638,969186
7981,6746276521249,6746277488843,967594
7982,6746277526343,6746278493769,967426
7983,6746278521121,6746279487437,966316
7984,6746279526215,6746280494641,968426
7985,6746280521012,6746281487346,966334
7986,6746281526179,6746282492624,966445
7987,6746282520846,6746283487236,966390
7988,6746283525995,6746284495033,969038
7989,6746284520848,6746285487126,966278
7990,6746285525904,6746286492590,966686
7991,6746286520646,6746287487109,966463
7992,6746287525813,6746288494721,968908
7993,6746288520573,6746289487166,966593
7994,6746289525703,6746290491760,966057
7995,6746290520426,6746291486371,965945
7996,6746291525538,6746292494594,969056
7997,6746292520354,6746293487947,967593
7998,6746293525447,6746294491911,966464
7999,6746294520188,6746295486819,966631
8000,6746295525319,6746296493727,968408
8001,6746296520116,6746297488098,967982
8002,6746297525228,6746298492969,967741
8003,6746298519988,6746299486544,966556
8004,6746299525099,6746300494470,969371
8005,6746300519878,6746301486582,966704
8006,6746301524990,6746302491750,966760
8007,6746302519731,6746303485843,966112
8008,6746303524880,6746304494085,969205
8009,6746304519677,6746305487326,967649
8010,6746305524752,6746306491549,966797
8011,6746306519493,6746307485772,966279
8012,6746307524624,6746308494421,969797
8013,6746308519421,6746309485903,966482
8014,6746309524514,6746310491033,966519
8015,6746310519311,6746311485849,966538
8016,6746311524404,6746312492109,967705
8017,6746312519164,6746313485424,966260
8018,6746313524295,6746314490721,966426
8019,6746314519073,6746315485407,966334
8020,6746315524185,6746316493408,969223
8021,6746316518945,6746317485483,966538
8022,6746317524075,6746318491335,967260
8023,6746318518798,6746319485262,966464
8024,6746319523966,6746320492800,968834
8025,6746320518707,6746321486264,967557
8026,6746321523838,6746322491449,967611
8027,6746322518579,6746323485246,966667
8028,6746323523746,6746324492099,968353
8029,6746324518488,6746325485229,966741
8030,6746325523581,6746326489804,966223
8031,6746326518378,6746327484731,966353
8032,6746327523546,6746328492250,968704
8033,6746328518324,6746329484621,966297
8034,6746329523380,6746330489807,966427
8035,6746330518140,6746331484900,966760
8036,6746331523308,6746332497864,974556
8037,6746332518049,6746333485902,967853
8038,6746333523161,6746334490125,966964
8039,6746334517921,6746335484218,966297
8040,6746335523052,6746336493904,970852
8041,6746336517811,6746337484460,966649
8042,6746337522942,6746338490313,967371
8043,6746338517702,6746339484091,966389
8044,6746339522832,6746340490722,967890
8045,6746340517592,6746341484130,966538
8046,6746341522723,6746342489612,966889
8047,6746342517464,6746343484020,966556
8048,6746343522594,6746344490465,967871
8049,6746344517354,6746345483929,966575
8050,6746345522466,6746346488930,966464
8051,6746346517226,6746347483560,966334
8052,6746347522357,6746348492061,969704
8053,6746348517135,6746349484599,967464
8054,6746349522265,6746350488729,966464
8055,6746350517007,6746351483211,966204
8056,6746351522119,6746352490156,968037
8057,6746352516860,6746353483305,966445
8058,6746353522065,6746354488306,966241
8059,6746354516750,6746355483270,966520
8060,6746355521881,6746356489752,967871
8061,6746356516659,6746357483290,966631
8062,6746357521808,6746358488161,966353
8063,6746358516531,6746359483254,966723
8064,6746359521680,6746360489014,967334
8065,6746360516440,6746361482830,966390
8066,6746361521570,6746362488016,966446
8067,6746362516293,6746363482794,966501
8068,6746363521442,6746364490073,968631
8069,6746364516202,6746365485907,969705
8070,6746365521314,6746366488000,966686
8071,6746366516093,6746367482501,966408
8072,6746367521223,6746368490501,969278
8073,6746368515983,6746369482669,966686
8074,6746369521113,6746370487744,966631
8075,6746370515855,6746371482226,966371
8076,6746371521022,6746372488838,967816
8077,6746372515745,6746373482264,966519
8078,6746373520857,6746374487487,966630
8079,6746374515654,6746375481988,966334
8080,6746375520766,6746376490804,970038
8081,6746376515526,6746377482804,967278
8082,6746377520638,6746378487027,966389
8083,6746378515398,6746379482343,966945
8084,6746379520528,6746380488510,967982
8085,6746380515288,6746381481715,966427
8086,6746381520418,6746382486789,966371
8087,6746382515160,6746383481512,966352
8088,6746383520309,6746384487957,967648
8089,6746384515069,6746385481606,966537
8090,6746385520199,6746386486440,966241
8091,6746386514940,6746387481589,966649
8092,6746387520052,6746388489646,969594
8093,6746388514868,6746389482183,967315
8094,6746389519961,6746390486536,966575
8095,6746390514703,6746391481240,966537
8096,6746391519851,6746392488315,968464
8097,6746392514611,6746393481205,966594
8098,6746393519705,6746394486298,966593
8099,6746394514483,6746395481114,966631
8100,6746395519614,6746396490133,970519
8101,6746396514392,6746397480930,966538
8102,6746397519523,6746398486060,966537
8103,6746398514264,6746399481987,967723
8104,6746399519394,6746400487173,967779
8105,6746400514154,6746401480692,966538
8106,6746401519285,6746402485934,966649
8107,6746402514045,6746403480323,966278
8108,6746403519175,6746404486620,967445
8109,6746404513916,6746405480788,966872
8110,6746405519047,6746406485455,966408
8111,6746406513825,6746407480048,966223
8112,6746407518919,6746408487216,968297
8113,6746408513716,6746409481457,967741
8114,6746409518846,6746410485347,966501
8115,6746410513569,6746411480403,966834
8116,6746411518718,6746412486404,967686
8117,6746412513441,6746413479775,966334
8118,6746413518590,6746414485090,966500
8119,6746414513239,6746415479647,966408
8120,6746415518480,6746416486499,968019
8121,6746416513221,6746417479833,966612
8122,6746417518370,6746418484501,966131
8123,6746418513167,6746419480483,967316
8124,6746419518279,6746420488261,969982
8125,6746420513058,6746421480577,967519
8126,6746421518151,6746422484596,966445
8127,6746422512911,6746423480597,967686
8128,6746423518023,6746424486394,968371
8129,6746424512801,6746425479247,966446
8130,6746425517876,6746426484673,966797
8131,6746426512692,6746427479452,966760
8132,6746427517804,6746428487767,969963
8133,6746428512564,6746429480601,968037
8134,6746429517675,6746430484176,966501
8135,6746430512417,6746431478788,966371
8136,6746431517566,6746432486826,969260
8137,6746432512307,6746433479086,966779
8138,6746433517438,6746434484123,966685
8139,6746434512198,6746435479161,966963
8140,6746435517309,6746436487032,969723
8141,6746436512125,6746437479977,967852
8142,6746437517218,6746438483812,966594
8143,6746438511978,6746439479831,967853
8144,6746439517127,6746440484387,967260
8145,6746440511887,6746441478517,966630
8146,6746441516980,6746442483092,966112
8147,6746442511740,6746443478408,966668
8148,6746443516871,6746444484779,967908
8149,6746444511649,6746445479187,967538
8150,6746445516780,6746446483132,966352
8151,6746446511521,6746447478207,966686
8152,6746447516633,6746448483911,967278
8153,6746448511411,6746449479301,967890
8154,6746449516560,6746450483209,966649
8155,6746450511302,6746451477914,966612
8156,6746451516395,6746452485396,969001
8157,6746452511174,6746453478897,967723
8158,6746453516304,6746454482453,966149
8159,6746454511064,6746455477602,966538
8160,6746455516213,6746456502177,985964
8161,6746456511399,6746457507529,996130
8162,6746457511362,6746458504585,993223
8163,6746458511271,6746459507864,996593
8164,6746459511994,6746460509457,997463
8165,6746460513753,6746461507865,994112
8166,6746461511717,6746462507588,995871
8167,6746462511403,6746463505145,993742
8168,6746463510978,6746464508590,997612
8169,6746464511145,6746465506757,995612
8170,6746465510905,6746466504110,993205
8171,6746466510795,6746467505296,994501
8172,6746467510740,6746468506037,995297
8173,6746468510685,6746469507519,996834
8174,6746469511075,6746470505057,993982
8175,6746470510798,6746471504724,993926
8176,6746471510521,6746472506336,995815
8177,6746472511096,6746473505467,994371
8178,6746473510467,6746474504245,993778
8179,6746474510430,6746475502950,992520
8180,6746475510376,6746476507247,996871
8181,6746476511228,6746477509821,998593
8182,6746477513321,6746478506267,992946
8183,6746478510118,6746479505378,995260
8184,6746479510045,6746480505750,995705
8185,6746480509990,6746481504195,994205
8186,6746481510028,6746482504677,994649
8187,6746482509936,6746483503752,993816
8188,6746483509937,6746484506641,996704
8189,6746484510252,6746485503253,993001
8190,6746485509772,6746486503680,993908
8191,6746486509754,6746487501958,992204
8192,6746487509606,6746488504681,995075
8193,6746488509681,6746489503589,993908
8194,6746489509497,6746490500960,991463
8195,6746490509368,6746491502980,993612
8196,6746491509461,6746492505277,995816
8197,6746492509666,6746493503815,994149
8198,6746493509315,6746494502223,992908
8199,6746494509260,6746495503057,993797
8200,6746495509205,6746496506372,997167
8201,6746496510761,6746497504484,993723
8202,6746497509058,6746498501466,992408
8203,6746498508985,6746499503374,994389
8204,6746499509023,6746500502653,993630
8205,6746500508838,6746501503024,994186
8206,6746501508876,6746502500765,991889
8207,6746502508766,6746503501414,992648
8208,6746503508766,6746504502508,993742
8209,6746504508823,6746505503601,994778
8210,6746505508620,6746506500509,991889
8211,6746506508546,6746507499195,990649
8212,6746507508288,6746508503585,995297
8213,6746508508511,6746509503882,995371
8214,6746509508419,6746510501882,993463
8215,6746510508438,6746511501698,993260
8216,6746511508309,6746512503754,995445
8217,6746512508217,6746513499736,991519
8218,6746513508144,6746514501571,993427
8219,6746514508108,6746515501386,993278
8220,6746515508034,6746516506590,998556
8221,6746516510868,6746517504350,993482
8222,6746517507906,6746518499629,991723
8223,6746518507833,6746519502111,994278
8224,6746519507907,6746520503223,995316
8225,6746520507816,6746521501927,994111
8226,6746521507724,6746522499799,992075
8227,6746522507687,6746523501947,994260
8228,6746523507614,6746524504133,996519
8229,6746524507856,6746525501467,993611
8230,6746525507449,6746526500394,992945
8231,6746526507524,6746527499561,992037
8232,6746527507339,6746528504007,996668
8233,6746528508284,6746529502896,994612
8234,6746529507230,6746530499193,991963
8235,6746530507212,6746531499120,991908
8236,6746531506916,6746532502769,995853
8237,6746532507102,6746533500121,993019
8238,6746533507010,6746534499918,992908
8239,6746534506974,6746535500586,993612
8240,6746535506901,6746536502309,995408
8241,6746536506661,6746537499569,992908
8242,6746537506791,6746538500514,993723
8243,6746538506829,6746539500107,993278
8244,6746539506718,6746540501515,994797
8245,6746540506589,6746541498627,992038
8246,6746541506516,6746542500572,994056
8247,6746542506517,6746543499814,993297
8248,6746543506480,6746544502703,996223
8249,6746544507203,6746545500315,993112
8250,6746545506315,6746546497631,991316
8251,6746546506335,6746547500132,993797
8252,6746547506298,6746548503521,997223
8253,6746548507466,6746549501577,994111
8254,6746549506096,6746550498467,992371
8255,6746550505986,6746551497597,991611
8256,6746551506042,6746552502580,996538
8257,6746552507283,6746553500173,992890
8258,6746553505877,6746554498896,993019
8259,6746554505877,6746555499137,993260
8260,6746555505748,6746556500731,994983
8261,6746556505786,6746557499157,993371
8262,6746557505694,6746558498936,993242
8263,6746558505603,6746559499751,994148
8264,6746559505640,6746560493141,987501
8265,6746560505122,6746561472234,967112
8266,6746561510271,6746562477272,967001
8267,6746562504920,6746563471088,966168
8268,6746563510032,6746564476440,966408
8269,6746564504848,6746565471663,966815
8270,6746565509978,6746566476923,966945
8271,6746566504701,6746567471591,966890
8272,6746567509850,6746568476350,966500
8273,6746568504591,6746569472203,967612
8274,6746569509740,6746570476482,966742
8275,6746570504463,6746571471112,966649
8276,6746571509593,6746572476057,966464
8277,6746572504353,6746573471206,966853
8278,6746573509502,6746574476484,966982
8279,6746574504262,6746575471374,967112
8280,6746575509374,6746576475542,966168
8281,6746576504116,6746577470783,966667
8282,6746577509227,6746578475265,966038
8283,6746578504024,6746579471007,966983
8284,6746579509099,6746580475396,966297
8285,6746580503896,6746581470212,966316
8286,6746581509027,6746582475231,966204
8287,6746582503787,6746583470324,966537
8288,6746583508917,6746584475344,966427
8289,6746584503658,6746585470307,966649
8290,6746585508807,6746586474938,966131
8291,6746586503586,6746587469994,966408
8292,6746587508679,6746588475550,966871
8293,6746588503421,6746589471069,967648
8294,6746589508644,6746590475144,966500
8295,6746590503329,6746591469478,966149
8296,6746591508441,6746592474757,966316
8297,6746592503220,6746593469517,966297
8298,6746593508332,6746594474721,966389
8299,6746594503073,6746595469518,966445
8300,6746595508259,6746596474760,966501
8301,6746596502982,6746597469260,966278
8302,6746597508094,6746598474761,966667
8303,6746598502872,6746599470410,967538
8304,6746599508003,6746600473540,965537
8305,6746600502726,6746601469115,966389
8306,6746601507875,6746602474746,966871
8307,6746602502616,6746603468802,966186
8308,6746603507746,6746604473821,966075
8309,6746604502543,6746605469007,966464
8310,6746605507637,6746606473878,966241
8311,6746606502397,6746607468583,966186
8312,6746607507546,6746608473787,966241
8313,6746608502306,6746609469621,967315
8314,6746609507454,6746610474140,966686
8315,6746610502159,6746611468400,966241
8316,6746611507289,6746612473438,966149
8317,6746612502068,6746613468457,966389
8318,6746613507180,6746614473958,966778
8319,6746614501977,6746615468329,966352
8320,6746615507051,6746616473126,966075
8321,6746616501848,6746617468590,966742
8322,6746617506997,6746618473498,966501
8323,6746618501739,6746619469351,967612
8324,6746619506888,6746620472814,965926
8325,6746620501574,6746621468111,966537
8326,6746621506722,6746622473482,966760
8327,6746622501482,6746623468076,966594
8328,6746623506631,6746624472706,966075
8329,6746624501391,6746625467799,966408
8330,6746625506503,6746626473207,966704
8331,6746626501263,6746627467671,966408
8332,6746627506375,6746628472413,966038
8333,6746628501172,6746629468543,967371
8334,6746629506321,6746630472581,966260
8335,6746630501025,6746631467248,966223
8336,6746631506174,6746632474045,967871
8337,6746632500916,6746633468398,967482
8338,6746633506046,6746634472750,966704
8339,6746634500824,6746635467029,966205
8340,6746635505955,6746636473511,967556
8341,6746636500715,6746637466975,966260
8342,6746637505808,6746638472290,966482
8343,6746638500587,6746639466902,966315
8344,6746639505680,6746640473181,967501
8345,6746640500458,6746641467126,966668
8346,6746641505589,6746642472164,966575
8347,6746642500312,6746643466664,966352
8348,6746643505442,6746644471498,966056
8349,6746644500276,6746645466758,966482
8350,6746645505332,6746646471629,966297
8351,6746646500074,6746647466649,966575
8352,6746647505204,6746648472520,967316
8353,6746648499964,6746649468724,968760
8354,6746649505150,6746650471577,966427
8355,6746650499855,6746651466318,966463
8356,6746651505003,6746652472245,967242
8357,6746652499745,6746653466172,966427
8358,6746653504912,6746654471469,966557
8359,6746654499709,6746655466006,966297
8360,6746655504747,6746656471044,966297
8361,6746656499544,6746657466082,966538
8362,6746657504619,6746658470360,965741
8363,6746658499397,6746659466917,967520
8364,6746659504491,6746660471862,967371
8365,6746660499269,6746661466826,967557
8366,6746661504418,6746662470937,966519
8367,6746662499141,6746663465568,966427
8368,6746663504308,6746664471328,967020
8369,6746664499068,6746665465662,966594
8370,6746665504162,6746666470440,966278
8371,6746666498940,6746667465497,966557
8372,6746667504089,6746668470794,966705
8373,6746668498812,6746669465683,966871
8374,6746669503961,6746670470665,966704
8375,6746670498721,6746671465388,966667
8376,6746671503833,6746672469926,966093
8377,6746672498593,6746673464964,966371
8378,6746673503723,6746674470242,966519
8379,6746674498483,6746675464928,966445
8380,6746675503613,6746676471225,967612
8381,6746676498392,6746677466022,967630
8382,6746677503485,6746678471227,967742
8383,6746678498245,6746679464802,966557
8384,6746679503357,6746680470469,967112
8385,6746680498154,6746681464210,966056
8386,6746681503266,6746682469730,966464
8387,6746682498026,6746683464490,966464
8388,6746683503156,6746684469157,966001
8389,6746684497916,6746685464287,966371
8390,6746685503047,6746686469455,966408
8391,6746686497788,6746687463733,965945
8392,6746687502974,6746688468604,965630
8393,6746688497753,6746689463975,966222
8394,6746689502790,6746690469161,966371
8395,6746690497569,6746691463903,966334
8396,6746691502718,6746692469292,966574
8397,6746692497459,6746693463682,966223
8398,6746693502590,6746694468609,966019
8399,6746694497331,6746695463535,966204
8400,6746695502443,6746696468203,965760
8401,6746696497221,6746697463333,966112
8402,6746697502352,6746698468778,966426
8403,6746698497112,6746699463409,966297
8404,6746699502224,6746700468354,966130
8405,6746700497002,6746701463114,966112
8406,6746701502114,6746702468448,966334
8407,6746702496892,6746703463189,966297
8408,6746703502004,6746704482709,980705
8409,6746704497060,6746705491098,994038
8410,6746705496969,6746706489062,992093
8411,6746706497006,6746707488118,991112
8412,6746707497211,6746708489897,992686
8413,6746708497082,6746709490397,993315
8414,6746709496916,6746710488694,991778
8415,6746710496935,6746711488529,991594
8416,6746711496825,6746712488400,991575
8417,6746712496807,6746713488308,991501
8418,6746713496808,6746714488234,991426
8419,6746714496734,6746715489587,992853
8420,6746715496643,6746716488995,992352
8421,6746716496551,6746717488718,992167
8422,6746717496570,6746718488960,992390
8423,6746718496274,6746719490368,994094
8424,6746719496423,6746720488998,992575
8425,6746720496387,6746721488258,991871
8426,6746721496314,6746722489240,992926
8427,6746722496222,6746723487945,991723
8428,6746723496185,6746724489594,993409
8429,6746724496112,6746725487613,991501
8430,6746725496094,6746726488539,992445
8431,6746726496169,6746727487040,990871
8432,6746727495985,6746728487171,991186
8433,6746728495763,6746729486449,990686
8434,6746729495875,6746730488413,992538
8435,6746730495857,6746731487599,991742
8436,6746731495691,6746732486877,991186
8437,6746732495748,6746733488137,992389
8438,6746733495619,6746734488082,992463
8439,6746734495582,6746735487768,992186
8440,6746735495453,6746736487621,992168
8441,6746736495473,6746737487381,991908
8442,6746737495344,6746738488974,993630
8443,6746738495344,6746739486679,991335
8444,6746739495234,6746740486901,991667
8445,6746740495327,6746741487810,992483
8446,6746741495180,6746742487496,992316
8447,6746742495162,6746743486996,991834
8448,6746743495144,6746744487553,992409
8449,6746744494756,6746745485627,990871
8450,6746745494887,6746746486591,991704
8451,6746746494850,6746747487555,992705
8452,6746747494851,6746748484741,989890
8453,6746748494796,6746749489556,994760
8454,6746749494741,6746750486835,992094
8455,6746750494612,6746751486576,991964
8456,6746751494613,6746752487225,992612
8457,6746752494614,6746753486152,991538
8458,6746753494522,6746754486282,991760
8459,6746754494356,6746755487431,993075
8460,6746755494338,6746756486783,992445
8461,6746756494413,6746757486210,991797
8462,6746757494210,6746758485989,991779
8463,6746758494229,6746759489452,995223
8464,6746759494100,6746760485805,991705
8465,6746760494064,6746761485806,991742
8466,6746761494065,6746762487121,993056
8467,6746762493955,6746763485974,992019
8468,6746763493844,6746764485771,991927
8469,6746764493882,6746765484438,990556
8470,6746765493790,6746766485272,991482
8471,6746766493735,6746767485440,991705
8472,6746767493680,6746768485477,991797
8473,6746768493626,6746769485830,992204
8474,6746769493793,6746770485164,991371
8475,6746770493312,6746771485146,991834
8476,6746771493554,6746772485240,991686
8477,6746772493425,6746773485388,991963
8478,6746773493314,6746774484815,991501
8479,6746774493315,6746775485557,992242
8480,6746775493242,6746776483298,990056
8481,6746776493131,6746777486021,992890
8482,6746777493132,6746778484651,991519
8483,6746778493114,6746779485522,992408
8484,6746779493041,6746780485486,992445
8485,6746780492912,6746781487061,994149
8486,6746781492802,6746782486432,993630
8487,6746782492710,6746783485988,993278
8488,6746783492803,6746784483896,991093
8489,6746784492748,6746785484527,991779
8490,6746785492953,6746786484453,991500
8491,6746786492565,6746787486584,994019
8492,6746787492473,6746788484418,991945
8493,6746788492529,6746789483511,990982
8494,6746789492456,6746790483956,991500
8495,6746790492364,6746791484216,991852
8496,6746791492383,6746792482662,990279
8497,6746792492217,6746793484236,992019
8498,6746793492255,6746794483515,991260
8499,6746794492181,6746795483867,991686
8500,6746795492127,6746796483776,991649
8501,6746796492035,6746797487054,995019
8502,6746797491906,6746798484036,992130
8503,6746798491962,6746799483296,991334
8504,6746799492241,6746800478427,986186
8505,6746800491482,6746801457983,966501
8506,6746801496538,6746802463169,966631
8507,6746802491206,6746803457540,966334
8508,6746803496355,6746804462929,966574
8509,6746804491133,6746805457578,966445
8510,6746805496227,6746806462098,965871
8511,6746806491005,6746807457617,966612
8512,6746807496154,6746808462710,966556
8513,6746808490914,6746809457229,966315
8514,6746809496007,6746810463934,967927
8515,6746810490804,6746811457249,966445
8516,6746811495916,6746812464546,968630
8517,6746812490639,6746813457232,966593
8518,6746813495806,6746814463307,967501
8519,6746814490529,6746815457419,966890
8520,6746815495697,6746816461846,966149
8521,6746816490420,6746817456883,966463
8522,6746817495587,6746818462291,966704
8523,6746818490292,6746819456570,966278
8524,6746819495440,6746820463626,968186
8525,6746820490219,6746821457201,966982
8526,6746821495349,6746822462165,966816
8527,6746822490072,6746823456628,966556
8528,6746823495203,6746824461981,966778
8529,6746824489981,6746825457241,967260
8530,6746825495093,6746826461908,966815
8531,6746826489816,6746827456242,966426
8532,6746827495002,6746828462669,967667
8533,6746828489762,6746829456744,966982
8534,6746829494855,6746830462078,967223
8535,6746830489634,6746831455912,966278
8536,6746831494764,6746832461598,966834
8537,6746832489542,6746833456302,966760
8538,6746833494636,6746834461081,966445
8539,6746834489396,6746835455878,966482
8540,6746835494563,6746836462101,967538
8541,6746836489286,6746837456676,967390
8542,6746837494416,6746838462232,967816
8543,6746838489139,6746839455770,966631
8544,6746839494288,6746840460770,966482
8545,6746840489085,6746841455771,966686
8546,6746841494197,6746842460716,966519
8547,6746842488939,6746843455439,966500
8548,6746843494069,6746844461440,967371
8549,6746844488884,6746845456885,968001
8550,6746845493978,6746846461349,967371
8551,6746846488719,6746847455424,966705
8552,6746847493794,6746848462480,968686
8553,6746848488647,6746849455647,967000
8554,6746849493721,6746850461704,967983
8555,6746850488518,6746851455149,966631
8556,6746851493630,6746852461594,967964
8557,6746852488372,6746853456354,967982
8558,6746853493465,6746854459503,966038
8559,6746854488262,6746855455115,966853
8560,6746855493374,6746856460689,967315
8561,6746856488134,6746857454912,966778
8562,6746857493264,6746858459765,966501
8563,6746858488006,6746859454618,966612
8564,6746859493173,6746860462081,968908
8565,6746860487952,6746861455138,967186
8566,6746861493064,6746862460805,967741
8567,6746862487805,6746863454472,966667
8568,6746863492917,6746864459306,966389
8569,6746864487695,6746865454474,966779
8570,6746865492789,6746866459382,966593
8571,6746866487586,6746867456438,968852
8572,6746867492772,6746868461180,968408
8573,6746868487457,6746869459292,971835
8574,6746869494329,6746870463311,968982
8575,6746870487422,6746871454330,966908
8576,6746871492497,6746872459034,966537
8577,6746872487257,6746873454257,967000
8578,6746873492387,6746874458795,966408
8579,6746874487129,6746875453759,966630
8580,6746875492277,6746876461315,969038
8581,6746876487056,6746877454557,967501
8582,6746877492131,6746878460020,967889
8583,6746878486891,6746879454317,967426
8584,6746879492003,6746880464577,972574
8585,6746880486855,6746881453597,966742
8586,6746881491893,6746882458968,967075
8587,6746882486653,6746883453561,966908
8588,6746883491839,6746884463302,971463
8589,6746884486617,6746885453266,966649
8590,6746885491674,6746886458674,967000
8591,6746886486434,6746887453545,967111
8592,6746887491545,6746888459824,968279
8593,6746888486361,6746889454269,967908
8594,6746889491491,6746890460196,968705
8595,6746890486196,6746891454252,968056
8596,6746891491456,6746892459586,968130
8597,6746892486123,6746893452920,966797
8598,6746893491198,6746894457958,966760
8599,6746894485939,6746895452644,966705
8600,6746895491070,6746896457367,966297
8601,6746896485885,6746897452590,966705
8602,6746897490997,6746898457368,966371
8603,6746898485702,6746899452276,966574
8604,6746899490850,6746900458814,967964
8605,6746900485499,6746901452000,966501
8606,6746901490722,6746902457112,966390
8607,6746902485501,6746903452390,966889
8608,6746903490594,6746904456465,965871
8609,6746904485447,6746905451873,966426
8610,6746905490540,6746906457059,966519
8611,6746906485263,6746907451856,966593
8612,6746907490356,6746908457172,966816
8613,6746908485190,6746909452043,966853
8614,6746909490302,6746910457229,966927
8615,6746910485081,6746911451748,966667
8616,6746911490174,6746912456582,966408
8617,6746912484989,6746913451638,966649
8618,6746913490064,6746914456176,966112
8619,6746914484787,6746915451195,966408
8620,6746915489936,6746916456474,966538
8621,6746916484585,6746917450975,966390
8622,6746917489863,6746918456679,966816
8623,6746918484605,6746919451291,966686
8624,6746919489717,6746920457014,967297
8625,6746920484514,6746921450940,966426
8626,6746921489589,6746922456256,966667
8627,6746922484386,6746923450960,966574
8628,6746923489442,6746924456350,966908
8629,6746924484257,6746925450980,966723
8630,6746925489369,6746926455907,966538
8631,6746926484148,6746927450556,966408
8632,6746927489260,6746928455760,966500
8633,6746928484020,6746929450594,966574
8634,6746929489206,6746930456540,967334
8635,6746930483928,6746931451059,967131
8636,6746931489040,6746932456208,967168
8637,6746932483763,6746933450505,966742
8638,6746933488931,6746934455820,966889
8639,6746934483691,6746935450210,966519
8640,6746935488803,6746936455285,966482
8641,6746936483581,6746937450174,966593
8642,6746937488693,6746938454971,966278
8643,6746938483471,6746939450009,966538
8644,6746939488565,6746940455436,966871
8645,6746940483325,6746941450122,966797
8646,6746941488455,6746942454733,966278
8647,6746942483234,6746943449827,966593
8648,6746943488345,6746944454494,966149
8649,6746944483124,6746945449625,966501
8650,6746945488273,6746946454977,966704
8651,6746946482996,6746947449385,966389
8652,6746947488182,6746948456182,968000
8653,6746948482923,6746949450850,967927
8654,6746949488053,6746950455628,967575
8655,6746950482795,6746951449444,966649
8656,6746951487888,6746952455426,967538
8657,6746952482667,6746953449353,966686
8658,6746953487779,6746954454261,966482
8659,6746954482539,6746955449206,966667
8660,6746955487669,6746956468577,980908
8661,6746956482966,6746957478356,995390
8662,6746957483004,6746958476578,993574
8663,6746958482819,6746959477042,994223
8664,6746959482727,6746960477858,995131
8665,6746960482765,6746961476618,993853
8666,6746961482525,6746962477878,995353
8667,6746962482544,6746963476434,993890
8668,6746963482601,6746964481435,998834
8669,6746964484138,6746965479047,994909
8670,6746965482417,6746966475918,993501
8671,6746966482362,6746967476048,993686
8672,6746967482270,6746968478456,996186
8673,6746968482271,6746969478512,996241
8674,6746969482309,6746970478087,995778
8675,6746970482421,6746971476810,994389
8676,6746971482014,6746972477181,995167
8677,6746972481903,6746973476052,994149
8678,6746973481960,6746974475998,994038
8679,6746974481868,6746975475239,993371
8680,6746975481832,6746976475999,994167
8681,6746976481703,6746977475352,993649
8682,6746977481796,6746978476871,995075
8683,6746978481686,6746979476260,994574
8684,6746979481575,6746980476261,994686
8685,6746980481687,6746981475206,993519
8686,6746981481447,6746982474392,992945
8687,6746982481300,6746983474208,992908
8688,6746983481337,6746984473801,992464
8689,6746984481320,6746985474765,993445
8690,6746985481228,6746986473562,992334
8691,6746986481136,6746987476118,994982
8692,6746987481063,6746988473934,992871
8693,6746988481026,6746989474694,993668
8694,6746989481008,6746990475861,994853
8695,6746990480898,6746991475251,994353
8696,6746991480899,6746992475937,995038
8697,6746992480788,6746993474993,994205
8698,6746993480715,6746994473975,993260
8699,6746994480753,6746995475161,994408
8700,6746995480642,6746996474754,994112
8701,6746996480717,6746997473977,993260
8702,6746997480607,6746998473422,992815
8703,6746998480571,6746999474182,993611
8704,6746999480442,6747000472868,992426
8705,6747000480368,6747001473221,992853
8706,6747001480276,6747002473703,993427
8707,6747002480148,6747003474926,994778
8708,6747003480148,6747004471630,991482
8709,6747004480130,6747005473613,993483
8710,6747005480020,6747006473447,993427
8711,6747006480002,6747007473244,993242
8712,6747007480022,6747008475337,995315
8713,6747008479930,6747009472727,992797
8714,6747009479838,6747010473394,993556
8715,6747010479598,6747011471580,991982
8716,6747011479691,6747012471840,992149
8717,6747012479673,6747013471915,992242
8718,6747013479581,6747014472286,992705
8719,6747014479564,6747015471472,991908
8720,6747015479490,6747016473750,994260
8721,6747016479547,6747017473251,993704
8722,6747017479547,6747018471900,992353
8723,6747018479289,6747019471308,992019
8724,6747019479215,6747020474068,994853
8725,6747020479235,6747021473161,993926
8726,6747021479217,6747022473181,993964
8727,6747022479106,6747023473292,994186
8728,6747023478792,6747024470701,991909
8729,6747024479108,6747025471127,992019
8730,6747025478886,6747026471220,992334
8731,6747026478943,6747027471999,993056
8732,6747027478814,6747028471666,992852
8733,6747028478778,6747029472871,994093
8734,6747029478686,6747030471890,993204
8735,6747030478723,6747031471761,993038
8736,6747031478557,6747032471262,992705
8737,6747032478521,6747033471707,993186
8738,6747033478503,6747034471967,993464
8739,6747034478374,6747035473060,994686
8740,6747035478486,6747036472561,994075
8741,6747036478394,6747037472988,994594
8742,6747037478303,6747038472988,994685
8743,6747038478266,6747039473286,995020
8744,6747039478193,6747040464694,986501
8745,6747040477842,6747041445083,967241
8746,6747041482843,6747042449640,966797
8747,6747042477547,6747043444548,967001
8748,6747043482714,6747044449734,967020
8749,6747044477419,6747045444382,966963
8750,6747045482512,6747046448679,966167
8751,6747046477272,6747047444217,966945
8752,6747047482384,6747048449181,966797
8753,6747048477199,6747049444311,967112
8754,6747049482330,6747050450423,968093
8755,6747050477071,6747051444053,966982
8756,6747051482165,6747052449128,966963
8757,6747052476925,6747053444073,967148
8758,6747053482055,6747054448926,966871
8759,6747054476778,6747055443760,966982
8760,6747055481964,6747056449853,967889
8761,6747056476687,6747057444780,968093
8762,6747057481873,6747058448873,967000
8763,6747058476577,6747059443874,967297
8764,6747059481707,6747060450801,969094
8765,6747060476523,6747061443542,967019
8766,6747061481616,6747062448247,966631
8767,6747062476358,6747063443266,966908
8768,6747063481470,6747064448452,966982
8769,6747064476267,6747065443267,967000
8770,6747065481378,6747066448546,967168
8771,6747066476138,6747067442824,966686
8772,6747067481250,6747068448918,967668
8773,6747068476084,6747069442992,966908
8774,6747069481159,6747070448678,967519
8775,6747070475938,6747071443216,967278
8776,6747071481050,6747072451347,970297
8777,6747072475828,6747073443144,967316
8778,6747073480903,6747074448311,967408
8779,6747074475681,6747075442812,967131
8780,6747075480775,6747076447572,966797
8781,6747076475553,6747077442535,966982
8782,6747077480721,6747078447555,966834
8783,6747078475425,6747079442500,967075
8784,6747079480574,6747080450093,969519
8785,6747080475371,6747081443872,968501
8786,6747081480464,6747082447669,967205
8787,6747082475224,6747083442299,967075
8788,6747083480392,6747084448300,967908
8789,6747084475096,6747085442430,967334
8790,6747085480245,6747086447357,967112
8791,6747086475005,6747087442135,967130
8792,6747087480135,6747088446840,966705
8793,6747088474895,6747089441674,966779
8794,6747089479989,6747090446989,967000
8795,6747090474749,6747091441768,967019
8796,6747091479860,6747092446602,966742
8797,6747092474713,6747093441417,966704
8798,6747093479806,6747094446659,966853
8799,6747094474511,6747095441252,966741
8800,6747095479678,6747096447790,968112
8801,6747096474420,6747097442068,967648
8802,6747097479550,6747098446088,966538
8803,6747098474310,6747099441292,966982
8804,6747099479422,6747100447293,967871
8805,6747100474274,6747101441275,967001
8806,6747101479331,6747102446257,966926
8807,6747102474054,6747103440943,966889
8808,6747103479221,6747104446185,966964
8809,6747104473999,6747105440778,966779
8810,6747105479093,6747106445742,966649
8811,6747106473853,6747107440650,966797
8812,6747107479020,6747108447076,968056
8813,6747108473706,6747109441744,968038
8814,6747109478873,6747110447226,968353
8815,6747110473652,6747111440301,966649
8816,6747111478782,6747112446561,967779
8817,6747112473524,6747113440691,967167
8818,6747113478636,6747114445396,966760
8819,6747114473377,6747115439656,966279
8820,6747115478544,6747116445378,966834
8821,6747116473379,6747117440305,966926
8822,6747117478361,6747118445195,966834
8823,6747118473158,6747119439992,966834
8824,6747119478307,6747120446974,968667
8825,6747120473104,6747121439864,966760
8826,6747121478160,6747122445087,966927
8827,6747122472957,6747123439643,966686
8828,6747123478069,6747124446347,968278
8829,6747124472847,6747125441033,968186
8830,6747125477922,6747126444552,966630
8831,6747126472701,6747127439757,967056
8832,6747127477849,6747128445369,967520
8833,6747128472647,6747129440055,967408
8834,6747129477703,6747130445352,967649
8835,6747130472444,6747131439575,967131
8836,6747131477612,6747132434094,956482
8837,6747132472390,6747133439724,967334
8838,6747133477483,6747134444725,967242
8839,6747134472262,6747135439133,966871
8840,6747135477355,6747136445634,968279
8841,6747136472134,6747137439190,967056
8842,6747137477283,6747138444469,967186
8843,6747138471987,6747139438173,966186
8844,6747139477136,6747140445007,967871
8845,6747140471952,6747141438786,966834
8846,6747141477008,6747142444064,967056
8847,6747142471768,6747143438083,966315
8848,6747143476935,6747144443399,966464
8849,6747144471695,6747145438696,967001
8850,6747145476826,6747146443826,967000
8851,6747146471586,6747147438475,966889
8852,6747147476697,6747148443494,966797
8853,6747148471494,6747149438625,967131
8854,6747149476588,6747150443551,966963
8855,6747150471311,6747151438719,967408
8856,6747151476497,6747152443034,966537
8857,6747152471238,6747153438146,966908
8858,6747153476350,6747154442888,966538
8859,6747154471110,6747155437999,966889
8860,6747155476240,6747156442482,966242
8861,6747156470982,6747157437612,966630
8862,6747157476094,6747158442742,966648
8863,6747158470872,6747159437891,967019
8864,6747159476002,6747160445318,969316
8865,6747160470799,6747161438004,967205
8866,6747161475874,6747162442875,967001
8867,6747162470671,6747163437320,966649
8868,6747163475783,6747164442302,966519
8869,6747164470543,6747165437414,966871
8870,6747165475692,6747166442489,966797
8871,6747166470415,6747167437712,967297
8872,6747167475564,6747168441953,966389
8873,6747168470342,6747169437232,966890
8874,6747169475491,6747170442325,966834
8875,6747170470196,6747171437252,967056
8876,6747171475326,6747172442086,966760
8877,6747172470123,6747173437124,967001
8878,6747173475216,6747174441847,966631
8879,6747174469995,6747175436977,966982
8880,6747175475144,6747176442200,967056
8881,6747176469867,6747177436367,966500
8882,6747177474978,6747178442257,967279
8883,6747178469738,6747179436665,966927
8884,6747179474869,6747180441573,966704
8885,6747180469629,6747181436537,966908
8886,6747181474778,6747182441852,967074
8887,6747182469538,6747183436483,966945
8888,6747183474668,6747184443002,968334
8889,6747184469409,6747185437799,968390
8890,6747185474540,6747186441689,967149
8891,6747186469263,6747187436504,967241
8892,6747187474412,6747188442375,967963
8893,6747188469209,6747189436135,966926
8894,6747189474283,6747190441580,967297
8895,6747190469043,6747191436285,967242
8896,6747191474192,6747192440804,966612
8897,6747192468934,6747193435972,967038
8898,6747193474083,6747194441102,967019
8899,6747194468824,6747195435880,967056
8900,6747195473992,6747196441974,967982
8901,6747196468714,6747197435734,967020
8902,6747197473845,6747198440846,967001
8903,6747198468605,6747199435476,966871
8904,6747199473735,6747200441680,967945
8905,6747200468477,6747201436811,968334
8906,6747201473588,6747202441071,967483
8907,6747202468367,6747203435331,966964
8908,6747203473479,6747204452813,979334
8909,6747204468517,6747205462999,994482
8910,6747205468610,6747206463777,995167
8911,6747206468666,6747207464426,995760
8912,6747207468519,6747208461797,993278
8913,6747208468668,6747209463465,994797
8914,6747209468502,6747210461021,992519
8915,6747210468391,6747211460744,992353
8916,6747211468355,6747212461226,992871
8917,6747212468263,6747213461782,993519
8918,6747213468227,6747214461524,993297
8919,6747214468079,6747215460950,992871
8920,6747215468210,6747216461322,993112
8921,6747216468099,6747217461526,993427
8922,6747217468008,6747218460990,992982
8923,6747218467916,6747219461157,993241
8924,6747219467879,6747220462380,994501
8925,6747220467880,6747221459510,991630
8926,6747221467770,6747222459548,991778
8927,6747222467696,6747223460641,992945
8928,6747223467660,6747224461087,993427
8929,6747224467716,6747225460884,993168
8930,6747225467624,6747226460347,992723
8931,6747226467458,6747227462274,994816
8932,6747227467404,6747228462053,994649
8933,6747228467404,6747229461368,993964
8934,6747229467331,6747230460647,993316
8935,6747230467184,6747231459870,992686
8936,6747231467166,6747232461592,994426
8937,6747232467130,6747233459186,992056
8938,6747233467056,6747234460649,993593
8939,6747234467020,6747235459576,992556
8940,6747235467058,6747236454281,987223
8941,6747236466706,6747237435818,969112
8942,6747237471633,6747238438763,967130
8943,6747238466375,6747239433746,967371
8944,6747239471505,6747240438265,966760
8945,6747240466228,6747241435395,969167
8946,6747241471395,6747242438729,967334
8947,6747242466137,6747243433286,967149
8948,6747243471286,6747244437823,966537
8949,6747244465990,6747245433009,967019
8950,6747245471102,6747246438214,967112
8951,6747246465917,6747247432955,967038
8952,6747247470992,6747248437956,966964
8953,6747248465808,6747249433031,967223
8954,6747249470920,6747250438031,967111
8955,6747250465643,6747251433680,968037
8956,6747251470773,6747252438496,967723
8957,6747252465607,6747253432904,967297
8958,6747253470682,6747254438016,967334
8959,6747254465405,6747255432924,967519
8960,6747255470554,6747256437147,966593
8961,6747256465351,6747257432351,967000
8962,6747257470425,6747258437685,967260
8963,6747258465185,6747259432519,967334
8964,6747259470334,6747260437613,967279
8965,6747260465076,6747261433076,968000
8966,6747261470225,6747262437596,967371
8967,6747262465003,6747263431985,966982
8968,6747263470134,6747264438690,968556
8969,6747264464875,6747265433172,968297
8970,6747265470024,6747266437617,967593
8971,6747266464765,6747267432081,967316
8972,6747267469822,6747268438433,968611
8973,6747268464637,6747269433101,968464
8974,6747269469749,6747270437231,967482
8975,6747270464472,6747271431639,967167
8976,6747271469676,6747272437992,968316
8977,6747272464399,6747273432659,968260
8978,6747273469511,6747274436790,967279
8979,6747274464271,6747275431290,967019
8980,6747275469439,6747276436773,967334
8981,6747276464143,6747277431292,967149
8982,6747277469310,6747278436311,967001
8983,6747278464070,6747279431127,967057
8984,6747279469182,6747280436201,967019
8985,6747280463998,6747281432110,968112
8986,6747281469091,6747282436092,967001
8987,6747282463870,6747283430426,966556
8988,6747283468963,6747284435334,966371
8989,6747284463723,6747285430594,966871
8990,6747285468872,6747286435947,967075
8991,6747286463595,6747287430336,966741
8992,6747287468744,6747288436726,967982
8993,6747288463504,6747289431652,968148
8994,6747289468671,6747290436172,967501
8995,6747290463431,6747291431802,968371
8996,6747291468487,6747292436729,968242
8997,6747292463229,6747293431600,968371
8998,6747293468433,6747294435545,967112
8999,6747294463175,6747295430472,967297
9000,6747295468231,6747296436917,968686
9001,6747296463083,6747297431547,968464
9002,6747297468177,6747298435103,966926
9003,6747298462918,6747299429900,966982
9004,6747299468049,6747300436234,968185
9005,6747300462809,6747301430920,968111
9006,6747301467939,6747302434884,966945
9007,6747302462699,6747303429718,967019
9008,6747303467829,6747304435404,967575
9009,6747304462589,6747305430164,967575
9010,6747305467720,6747306433739,966019
9011,6747306462498,6747307429591,967093
9012,6747307467573,6747308434407,966834
9013,6747308462370,6747309429482,967112
9014,6747309467500,6747310434742,967242
9015,6747310462242,6747311430261,968019
9016,6747311467391,6747312434132,966741
9017,6747312462132,6747313429207,967075
9018,6747313467244,6747314434541,967297
9019,6747314461985,6747315428949,966964
9020,6747315467153,6747316434079,966926
9021,6747316461950,6747317428932,966982
9022,6747317466988,6747318434303,967315
9023,6747318461822,6747319428748,966926
9024,6747319466915,6747320433712,966797
9025,6747320461693,6747321429435,967742
9026,6747321466842,6747322433750,966908
9027,6747322461565,6747323428751,967186
9028,6747323466677,6747324433233,966556
9029,6747324461474,6747325427975,966501
9030,6747325466586,6747326433772,967186
9031,6747326461327,6747327428143,966816
9032,6747327466495,6747328433199,966704
9033,6747328461218,6747329428144,966926
9034,6747329466367,6747330433127,966760
9035,6747330461127,6747331428127,967000
9036,6747331466220,6747332445758,979538
9037,6747332461332,6747333458703,997371
9038,6747333462740,6747334457093,994353
9039,6747334461352,6747335453760,992408
9040,6747335461223,6747336456187,994964
9041,6747336461224,6747337455447,994223
9042,6747337461113,6747338454133,993020
9043,6747338461133,6747339453985,992852
9044,6747339461059,6747340453190,992131
9045,6747340461004,6747341457024,996020
9046,6747341461024,6747342454302,993278
9047,6747342460876,6747343453562,992686
9048,6747343460858,6747344453822,992964
9049,6747344460729,6747345453730,993001
9050,6747345461064,6747346454472,993408
9051,6747346460638,6747347454195,993557
9052,6747347460546,6747348452992,992446
9053,6747348460547,6747349452992,992445
9054,6747349460455,6747350453826,993371
9055,6747350460493,6747351454346,993853
9056,6747351460346,6747352452161,991815
9057,6747352460309,6747353453514,993205
9058,6747353460366,6747354453570,993204
9059,6747354460292,6747355453126,992834
9060,6747355460071,6747356451609,991538
9061,6747356460016,6747357451109,991093
9062,6747357460072,6747358452925,992853
9063,6747358459925,6747359453481,993556
9064,6747359459870,6747360452260,992390
9065,6747360459778,6747361454631,994853
9066,6747361459779,6747362454206,994427
9067,6747362459650,6747363452577,992927
9068,6747363459688,6747364451763,992075
9069,6747364459651,6747365452522,992871
9070,6747365459485,6747366452079,992594
9071,6747366459412,6747367449802,990390
9072,6747367459431,6747368452691,993260
9073,6747368459377,6747369452155,992778
9074,6747369459303,6747370452637,993334
9075,6747370459359,6747371453953,994594
9076,6747371459212,6747372451287,992075
9077,6747372459287,6747373451954,992667
9078,6747373459102,6747374451881,992779
9079,6747374458973,6747375451993,993020
9080,6747375458974,6747376450901,991927
9081,6747376459030,6747377451790,992760
9082,6747377458883,6747378450458,991575
9083,6747378458847,6747379451255,992408
9084,6747379458773,6747380452570,993797
9085,6747380458830,6747381454516,995686
9086,6747381458682,6747382451813,993131
9087,6747382458664,6747383453258,994594
9088,6747383458499,6747384450796,992297
9089,6747384458462,6747385452278,993816
9090,6747385458333,6747386453260,994927
9091,6747386458445,6747387451613,993168
9092,6747387458187,6747388449798,991611
9093,6747388458243,6747389450484,992241
9094,6747389458095,6747390451541,993446
9095,6747390458170,6747391453504,995334
9096,6747391458023,6747392450357,992334
9097,6747392458098,6747393451117,993019
9098,6747393458024,6747394448414,990390
9099,6747394457895,6747395452341,994446
9100,6747395457859,6747396452934,995075
9101,6747396457860,6747397451175,993315
9102,6747397457786,6747398450028,992242
9103,6747398457454,6747399449547,992093
9104,6747399457621,6747400450881,993260
9105,6747400457529,6747401453808,996279
9106,6747401457419,6747402450160,992741
9107,6747402457457,6747403450791,993334
9108,6747403457402,6747404440699,983297
9109,6747404456995,6747405424015,967020
9110,6747405462015,6747406428312,966297
9111,6747406456756,6747407423220,966464
9112,6747407461886,6747408428646,966760
9113,6747408456646,6747409423277,966631
9114,6747409461795,6747410428314,966519
9115,6747410456500,6747411424056,967556
9116,6747411461704,6747412429538,967834
9117,6747412456427,6747413422687,966260
9118,6747413461502,6747414427706,966204
9119,6747414456280,6747415422688,966408
9120,6747415461411,6747416428263,966852
9121,6747416456189,6747417422486,966297
9122,6747417461320,6747418427598,966278
9123,6747418456024,6747419422302,966278
9124,6747419461173,6747420428618,967445
9125,6747420455951,6747421422471,966520
9126,6747421461026,6747422427286,966260
9127,6747422455842,6747423421954,966112
9128,6747423460954,6747424428528,967574
9129,6747424455732,6747425421788,966056
9130,6747425460807,6747426427104,966297
9131,6747426455585,6747427422123,966538
9132,6747427460734,6747428427753,967019
9133,6747428455494,6747429421810,966316
9134,6747429460643,6747430426755,966112
9135,6747430455366,6747431422663,967297
9136,6747431460478,6747432427312,966834
9137,6747432455293,6747433421739,966446
9138,6747433460405,6747434426387,965982
9139,6747434455128,6747435421073,965945
9140,6747435460277,6747436428111,967834
9141,6747436455056,6747437421390,966334
9142,6747437460167,6747438425927,965760
9143,6747438454872,6747439421354,966482
9144,6747439460058,6747440426966,966908
9145,6747440454818,6747441422152,967334
9146,6747441459911,6747442426208,966297
9147,6747442454671,6747443420987,966316
9148,6747443459764,6747444427061,967297
9149,6747444454561,6747445420840,966279
9150,6747445459710,6747446425989,966279
9151,6747446454433,6747447420638,966205
9152,6747447459564,6747448427046,967482
9153,6747448454361,6747449419695,965334
9154,6747449459454,6747450425658,966204
9155,6747450454214,6747451421344,967130
9156,6747451459363,6747452428438,969075
9157,6747452454086,6747453421920,967834
9158,6747453459253,6747454425587,966334
9159,6747454453995,6747455420143,966148
9160,6747455459106,6747456427515,968409
9161,6747456453922,6747457420441,966519
9162,6747457459034,6747458425368,966334
9163,6747458453757,6747459420202,966445
9164,6747459458924,6747460425869,966945
9165,6747460453629,6747461420481,966852
9166,6747461458777,6747462424889,966112
9167,6747462453537,6747463419631,966094
9168,6747463458668,6747464426113,967445
9169,6747464453409,6747465419503,966094
9170,6747465458558,6747466424559,966001
9171,6747466453318,6747467419541,966223
9172,6747467458449,6747468427283,968834
9173,6747468453190,6747469421043,967853
9174,6747469458302,6747470424821,966519
9175,6747470453043,6747471420044,967001
9176,6747471458229,6747472426434,968205
9177,6747472452989,6747473419379,966390
9178,6747473458120,6747474424713,966593
9179,6747474452880,6747475419102,966222
9180,6747475457973,6747476426196,968223
9181,6747476452770,6747477418789,966019
9182,6747477457882,6747478423734,965852
9183,6747478452642,6747479419050,966408
9184,6747479457698,6747480426754,969056
9185,6747480452569,6747481420218,967649
9186,6747481457662,6747482424256,966594
9187,6747482452367,6747483418534,966167
9188,6747483457553,6747484425424,967871
9189,6747484452294,6747485418462,966168
9190,6747485457406,6747486423851,966445
9191,6747486452148,6747487418204,966056
9192,6747487457259,6747488424853,967594
9193,6747488452093,6747489418483,966390
9194,6747489457205,6747490423447,966242
9195,6747490451928,6747491419133,967205
9196,6747491457096,6747492424522,967426
9197,6747492451856,6747493418153,966297
9198,6747493456930,6747494423116,966186
9199,6747494451709,6747495417543,965834
9200,6747495456876,6747496425710,968834
9201,6747496451581,6747497419211,967630
9202,6747497456730,6747498422564,965834
9203,6747498451471,6747499417398,965927
9204,6747499456583,6747500425380,968797
9205,6747500451380,6747501418751,967371
9206,6747501456529,6747502422733,966204
9207,6747502451252,6747503417438,966186
9208,6747503456401,6747504424105,967704
9209,6747504451161,6747505417754,966593
9210,6747505456291,6747506422014,965723
9211,6747506451032,6747507417403,966371
9212,6747507456181,6747508424960,968779
9213,6747508450904,6747509418109,967205
9214,6747509456053,6747510422517,966464
9215,6747510450813,6747511417740,966927
9216,6747511455906,6747512424852,968946
9217,6747512450703,6747513417297,966594
9218,6747513455834,6747514422149,966315
9219,6747514450557,6747515416983,966426
9220,6747515455706,6747516427688,971982
9221,6747516450447,6747517416837,966390
9222,6747517455559,6747518421486,965927
9223,6747518450282,6747519416283,966001
9224,6747519455431,6747520423543,968112
9225,6747520450209,6747521415840,965631
9226,6747521455321,6747522420877,965556
9227,6747522456951,6747523423267,966316
9228,6747523450008,6747524416971,966963
9229,6747524455157,6747525422898,967741
9230,6747525449917,6747526416084,966167
9231,6747526455028,6747527421214,966186
9232,6747527449788,6747528416697,966909
9233,6747528454956,6747529420919,965963
9234,6747529449734,6747530416124,966390
9235,6747530454828,6747531421995,967167
9236,6747531449569,6747532415514,965945
9237,6747532454681,6747533421163,966482
9238,6747533449478,6747534415627,966149
9239,6747534454553,6747535420739,966186
9240,6747535449331,6747536415258,965927
9241,6747536454462,6747537420555,966093
9242,6747537449222,6747538415370,966148
9243,6747538454315,6747539420667,966352
9244,6747539449112,6747540415946,966834
9245,6747540454242,6747541419928,965686
9246,6747541455725,6747542421707,965982
9247,6747542448929,6747543415189,966260
9248,6747543454078,6747544422449,968371
9249,6747544448838,6747545414709,965871
9250,6747545453968,6747546420469,966501
9251,6747546448691,6747547415136,966445
9252,6747547453821,6747548422989,969168
9253,6747548448600,6747549415045,966445
9254,6747549453712,6747550420046,966334
9255,6747550448472,6747551414695,966223
9256,6747551453602,6747552421177,967575
9257,6747552448362,6747553414363,966001
9258,6747553453474,6747554419827,966353
9259,6747554448234,6747555414105,965871
9260,6747555453364,6747556420847,967483
9261,6747556448143,6747557413903,965760
9262,6747557453255,6747558419570,966315
9263,6747558447996,6747559414793,966797
9264,6747559453127,6747560421627,968500
9265,6747560447942,6747561414295,966353
9266,6747561453035,6747562419369,966334
9267,6747562447795,6747563413759,965964
9268,6747563452907,6747564418723,965816
9269,6747564447686,6747565413705,966019
9270,6747565452798,6747566418539,965741
9271,6747566447558,6747567413558,966000
9272,6747567452669,6747568421763,969094
9273,6747568447485,6747569413782,966297
9274,6747569452597,6747570418560,965963
9275,6747570447320,6747571413431,966111
9276,6747571452450,6747572417914,965464
9277,6747572447210,6747573413396,966186
9278,6747573452340,6747574417897,965557
9279,6747574453897,6747575419971,966074
9280,6747575447027,6747576426009,978982
9281,6747576447380,6747577444399,997019
9282,6747577448251,6747578440788,992537
9283,6747578447474,6747579443715,996241
9284,6747579447789,6747580444234,996445
9285,6747580448494,6747581444587,996093
9286,6747581447087,6747582442347,995260
9287,6747582447143,6747583441533,994390
9288,6747583447162,6747584442682,995520
9289,6747584447034,6747585442757,995723
9290,6747585446997,6747586441442,994445
9291,6747586446868,6747587442832,995964
9292,6747587446776,6747588441370,994594
9293,6747588446777,6747589443037,996260
9294,6747589446778,6747590440538,993760
9295,6747590446631,6747591442483,995852
9296,6747591446705,6747592441558,994853
9297,6747592446521,6747593441336,994815
9298,6747593446466,6747594441930,995464
9299,6747594446337,6747595442671,996334
9300,6747595446653,6747596441876,995223
9301,6747596446524,6747597440339,993815
9302,6747597446247,6747598440636,994389
9303,6747598445951,6747599439915,993964
9304,6747599446174,6747600435064,988890
9305,6747600445767,6747601414120,968353
9306,6747601450787,6747602419084,968297
9307,6747602445547,6747603412566,967019
9308,6747603450658,6747604418918,968260
9309,6747604445455,6747605412678,967223
9310,6747605450549,6747606416290,965741
9311,6747606445290,6747607411995,966705
9312,6747607450439,6747608418514,968075
9313,6747608445218,6747609413607,968389
9314,6747609450292,6747610416682,966390
9315,6747610445071,6747611412812,967741
9316,6747611450201,6747612419017,968816
9317,6747612444998,6747613412110,967112
9318,6747613450110,6747614417148,967038
9319,6747614444870,6747615411704,966834
9320,6747615449982,6747616416223,966241
9321,6747616444742,6747617411409,966667
9322,6747617449854,6747618416780,966926
9323,6747618444614,6747619411207,966593
9324,6747619449744,6747620416300,966556
9325,6747620444541,6747621411394,966853
9326,6747621449635,6747622417357,967722
9327,6747622444432,6747623410710,966278
9328,6747623449488,6747624416211,966723
9329,6747624444266,6747625411119,966853
9330,6747625449378,6747626416268,966890
9331,6747626444175,6747627410954,966779
9332,6747627449269,6747628416084,966815
9333,6747628444047,6747629410751,966704
9334,6747629449214,6747630415956,966742
9335,6747630443919,6747631411216,967297
9336,6747631449068,6747632415365,966297
9337,6747632443828,6747633410347,966519
9338,6747633448940,6747634415329,966389
9339,6747634443700,6747635410571,966871
9340,6747635448848,6747636417423,968575
9341,6747636443627,6747637411257,967630
9342,6747637448720,6747638416443,967723
9343,6747638443480,6747639410259,966779
9344,6747639448574,6747640416722,968148
9345,6747640443352,6747641410242,966890
9346,6747641448482,6747642416076,967594
9347,6747642443242,6747643409891,966649
9348,6747643448373,6747644414614,966241
9349,6747644443114,6747645409485,966371
9350,6747645448263,6747646414708,966445
9351,6747646443005,6747647409820,966815
9352,6747647448135,6747648416173,968038
9353,6747648442913,6747649410877,967964
9354,6747649448025,6747650414507,966482
9355,6747650442785,6747651409397,966612
9356,6747651447897,6747652415527,967630
9357,6747652442731,6747653409769,967038
9358,6747653447787,6747654413955,966168
9359,6747654442529,6747655408863,966334
9360,6747655447678,6747656414067,966389
9361,6747656442438,6747657409198,966760
9362,6747657447587,6747658414032,966445
9363,6747658442310,6747659408681,966371
9364,6747659447477,6747660413978,966501
9365,6747660442237,6747661408627,966390
9366,6747661447349,6747662414072,966723
9367,6747662442090,6747663408887,966797
9368,6747663447202,6747664412944,965742
9369,6747664441981,6747665408296,966315
9370,6747665447074,6747666413593,966519
9371,6747666441852,6747667408149,966297
9372,6747667447020,6747668413058,966038
9373,6747668441743,6747669408040,966297
9374,6747669446873,6747670413133,966260
9375,6747670441689,6747671407838,966149
9376,6747671446745,6747672413746,967001
9377,6747672441560,6747673408172,966612
9378,6747673446654,6747674413377,966723
9379,6747674441414,6747675407414,966000
9380,6747675446526,6747676412674,966148
9381,6747676441286,6747677407805,966519
9382,6747677446397,6747678413065,966668
9383,6747678441176,6747679407658,966482
9384,6747679446288,6747680413585,967297
9385,6747680441066,6747681408604,967538
9386,6747681446197,6747682413420,967223
9387,6747682440957,6747683407735,966778
9388,6747683446068,6747684413106,967038
9389,6747684440847,6747685407663,966816
9390,6747685445959,6747686412663,966704
9391,6747686440756,6747687406386,965630
9392,6747687445849,6747688412887,967038
9393,6747688440591,6747689408351,967760
9394,6747689445721,6747690411592,965871
9395,6747690440500,6747691406259,965759
9396,6747691445630,6747692412927,967297
9397,6747692440408,6747693406909,966501
9398,6747693445520,6747694412021,966501
9399,6747694440262,6747695406188,965926
9400,6747695445411,6747696412967,967556
9401,6747696440171,6747697407542,967371
9402,6747697445301,6747698411802,966501
9403,6747698440042,6747699406376,966334
9404,6747699445154,6747700424025,978871
9405,6747700440303,6747701433878,993575
9406,6747701440304,6747702436212,995908
9407,6747702440249,6747703436065,995816
9408,6747703440194,6747704445491,1005297
9409,6747704447287,6747705445862,998575
9410,6747705448436,6747706445363,996927
9411,6747706448900,6747707442845,993945
9412,6747707445808,6747708447179,1001371
9413,6747708449939,6747709445699,995760
9414,6747709448736,6747710443292,994556
9415,6747710447070,6747711441718,994648
9416,6747711445718,6747712442608,996890
9417,6747712447071,6747713443887,996816
9418,6747713447924,6747714442832,994908
9419,6747714446406,6747715441721,995315
9420,6747715445832,6747716441833,996001
9421,6747716446537,6747717441315,994778
9422,6747717444760,6747718440724,995964
9423,6747718444409,6747719439428,995019
9424,6747719442539,6747720440929,998390
9425,6747720444799,6747721442004,997205
9426,6747721445874,6747722446615,1000741
9427,6747722448967,6747723445153,996186
9428,6747723448931,6747724443117,994186
9429,6747724447135,6747725443377,996242
9430,6747725447340,6747726444155,996815
9431,6747726448174,6747727445230,997056
9432,6747727447471,6747728443305,995834
9433,6747728447527,6747729442880,995353
9434,6747729446269,6747730441992,995723
9435,6747730445880,6747731442437,996557
9436,6747731446196,6747732444549,998353
9437,6747732448900,6747733445272,996372
9438,6747733449234,6747734443124,993890
9439,6747734446457,6747735441791,995334
9440,6747735445773,6747736441144,995371
9441,6747736444903,6747737440256,995353
9442,6747737444423,6747738438886,994463
9443,6747738442442,6747739434998,992556
9444,6747739438257,6747740435647,997390
9445,6747740439684,6747741435870,996186
9446,6747741439888,6747742434704,994816
9447,6747742439019,6747743435390,996371
9448,6747743439390,6747744440039,1000649
9449,6747744442317,6747745441243,998926
9450,6747745443373,6747746439225,995852
9451,6747746443077,6747747438671,995594
9452,6747747442171,6747748440153,997982
9453,6747748443375,6747749438005,994630
9454,6747749441931,6747750436284,994353
9455,6747750439691,6747751437729,998038
9456,6747751439951,6747752438230,998279
9457,6747752441711,6747753438249,996538
9458,6747753441397,6747754435361,993964
9459,6747754438953,6747755434454,995501
9460,6747755438213,6747756437510,999297
9461,6747756440233,6747757438307,998074
9462,6747757441196,6747758436753,995557
9463,6747758440271,6747759434753,994482
9464,6747759438568,6747760441236,1002668
9465,6747760444384,6747761440644,996260
9466,6747761443810,6747762440033,996223
9467,6747762443719,6747763436997,993278
9468,6747763440923,6747764438424,997501
9469,6747764442627,6747765438813,996186
9470,6747765442924,6747766439018,996094
9471,6747766442999,6747767439759,996760
9472,6747767443593,6747768431667,988074
9473,6747768436982,6747769403872,966890
9474,6747769441205,6747770408002,966797
9475,6747770435928,6747771402614,966686
9476,6747771441058,6747772410559,969501
9477,6747772435892,6747773404264,968372
9478,6747773440967,6747774407783,966816
9479,6747774435709,6747775402765,967056
9480,6747775440839,6747776408914,968075
9481,6747776435636,6747777402489,966853
9482,6747777440748,6747778407378,966630
9483,6747778435471,6747779401749,966278
9484,6747779440620,6747780408176,967556
9485,6747780435380,6747781402603,967223
9486,6747781440492,6747782408437,967945
9487,6747782435252,6747783402252,967000
9488,6747783440382,6747784406290,965908
9489,6747784435160,6747785402161,967001
9490,6747785440272,6747786407514,967242
9491,6747786435051,6747787401829,966778
9492,6747787440163,6747788406978,966815
9493,6747788434904,6747789401849,966945
9494,6747789440053,6747790406720,966667
9495,6747790434794,6747791401443,966649
9496,6747791439943,6747792406981,967038
9497,6747792434740,6747793401482,966742
9498,6747793439815,6747794406890,967075
9499,6747794434594,6747795401372,966778
9500,6747795439687,6747796406280,966593
9501,6747796434484,6747797403448,968964
9502,6747797439633,6747798406152,966519
9503,6747798434337,6747799400838,966501
9504,6747799439486,6747800407765,968279
9505,6747800434209,6747801402599,968390
9506,6747801439358,6747802406229,966871
9507,6747802434136,6747803401748,967612
9508,6747803439230,6747804406675,967445
9509,6747804434008,6747805400453,966445
9510,6747805439139,6747806405695,966556
9511,6747806433899,6747807400196,966297
9512,6747807439029,6747808405122,966093
9513,6747808433808,6747809399882,966074
9514,6747809438919,6747810405235,966316
9515,6747810433661,6747811400013,966352
9516,6747811438791,6747812404940,966149
9517,6747812433551,6747813399959,966408
9518,6747813438682,6747814404997,966315
9519,6747814433423,6747815399424,966001
9520,6747815438553,6747816404776,966223
9521,6747816433313,6747817399851,966538
9522,6747817438425,6747818405000,966575
9523,6747818433204,6747819399630,966426
9524,6747819438334,6747820404316,965982
9525,6747820433094,6747821399261,966167
9526,6747821438261,6747822405855,967594
9527,6747822432966,6747823399485,966519
9528,6747823438096,6747824404152,966056
9529,6747824432856,6747825399264,966408
9530,6747825437968,6747826404117,966149
9531,6747826432747,6747827399618,966871
9532,6747827437877,6747828405878,968001
9533,6747828432637,6747829400341,967704
9534,6747829437767,6747830404175,966408
9535,6747830432509,6747831398713,966204
9536,6747831437676,6747832405066,967390
9537,6747832432455,6747833398881,966426
9538,6747833437529,6747834403789,966260
9539,6747834432289,6747835398623,966334
9540,6747835437438,6747836404032,966594
9541,6747836432254,6747837398884,966630
9542,6747837437310,6747838403774,966464
9543,6747838432052,6747839398330,966278
9544,6747839437219,6747840405294,968075
9545,6747840431942,6747841399646,967704
9546,6747841437072,6747842403906,966834
9547,6747842431814,6747843397777,965963
9548,6747843436963,6747844403852,966889
9549,6747844431704,6747845398075,966371
9550,6747845436853,6747846403483,966630
9551,6747846431613,6747847398021,966408
9552,6747847436725,6747848402448,965723
9553,6747848431485,6747849397985,966500
9554,6747849436597,6747850403023,966426
9555,6747850431375,6747851397709,966334
9556,6747851436524,6747852403210,966686
9557,6747852431247,6747853397748,966501
9558,6747853436377,6747854402082,965705
9559,6747854431137,6747855397471,966334
9560,6747855436286,6747856403805,967519
9561,6747856431065,6747857398732,967667
9562,6747857436158,6747858402788,966630
9563,6747858430899,6747859396956,966057
9564,6747859436048,6747860403345,967297
9565,6747860430808,6747861397457,966649
9566,6747861435920,6747862402773,966853
9567,6747862430680,6747863397051,966371
9568,6747863435810,6747864402237,966427
9569,6747864430589,6747865396182,965593
9570,6747865435719,6747866401702,965983
9571,6747866430479,6747867396721,966242
9572,6747867435591,6747868402573,966982
9573,6747868430388,6747869397611,967223
9574,6747869435426,6747870401649,966223
9575,6747870430204,6747871395816,965612
9576,6747871435353,6747872402113,966760
9577,6747872430113,6747873396521,966408
9578,6747873435244,6747874401355,966111
9579,6747874430022,6747875396282,966260
9580,6747875435115,6747876400450,965335
9581,6747876429912,6747877396006,966094
9582,6747877435024,6747878401118,966094
9583,6747878429766,6747879395674,965908
9584,6747879434915,6747880401045,966130
9585,6747880429656,6747881395805,966149
9586,6747881434805,6747882402102,967297
9587,6747882429546,6747883395806,966260
9588,6747883434677,6747884401826,967149
9589,6747884429418,6747885396938,967520
9590,6747885434567,6747886401086,966519
9591,6747886429290,6747887395420,966130
9592,6747887434458,6747888401273,966815
9593,6747888429236,6747889395385,966149
9594,6747889434329,6747890400812,966483
9595,6747890429108,6747891395312,966204
9596,6747891434201,6747892401572,967371
9597,6747892428998,6747893395647,966649
9598,6747893434092,6747894400148,966056
9599,6747894428870,6747895395037,966167
9600,6747895433982,6747896401409,967427
9601,6747896428742,6747897396224,967482
9602,6747897433928,6747898400503,966575
9603,6747898428614,6747899394503,965889
9604,6747899433744,6747900400763,967019
9605,6747900428541,6747901395208,966667
9606,6747901433653,6747902400542,966889
9607,6747902428394,6747903394395,966001
9608,6747903433525,6747904398692,965167
9609,6747904428303,6747905394730,966427
9610,6747905433397,6747906399582,966185
9611,6747906428194,6747907393139,964945
9612,6747907433324,6747908401084,967760
9613,6747908428047,6747909395085,967038
9614,6747909433196,6747910399159,965963
9615,6747910427937,6747911394271,966334
9616,6747911433068,6747912399402,966334
9617,6747912427828,6747913394125,966297
9618,6747913432958,6747914399329,966371
9619,6747914427736,6747915393682,965946
9620,6747915432867,6747916400275,967408
9621,6747916427553,6747917394739,967186
9622,6747917432776,6747918399295,966519
9623,6747918427499,6747919393703,966204
9624,6747919432610,6747920399352,966742
9625,6747920427370,6747921393760,966390
9626,6747921432519,6747922401724,969205
9627,6747922427261,6747923393206,965945
9628,6747923432428,6747924399836,967408
9629,6747924427170,6747925394633,967463
9630,6747925432263,6747926398634,966371
9631,6747926427041,6747927393005,965964
9632,6747927432153,6747928399302,967149
9633,6747928426913,6747929392673,965760
9634,6747929432044,6747930398007,965963
9635,6747930426804,6747931393230,966426
9636,6747931431952,6747932399249,967297
9637,6747932426712,6747933394121,967409
9638,6747933431806,6747934398066,966260
9639,6747934426603,6747935392974,966371
9640,6747935431678,6747936398363,966685
9641,6747936426475,6747937392938,966463
9642,6747937431605,6747938397754,966149
9643,6747938426328,6747939392403,966075
9644,6747939431477,6747940398440,966963
9645,6747940426237,6747941393812,967575
9646,6747941431367,6747942398090,966723
9647,6747942426164,6747943392443,966279
9648,6747943431257,6747944398369,967112
9649,6747944425999,6747945392166,966167
9650,6747945431129,6747946397408,966279
9651,6747946425852,6747947391797,965945
9652,6747947431038,6747948396928,965890
9653,6747948425761,6747949391836,966075
9654,6747949430891,6747950397096,966205
9655,6747950425651,6747951391763,966112
9656,6747951430782,6747952411801,981019
9657,6747952425875,6747953421154,995279
9658,6747953425950,6747954420191,994241
9659,6747954425914,6747955421970,996056
9660,6747955425803,6747956422971,997168
9661,6747956425767,6747957421379,995612
9662,6747957425694,6747958420342,994648
9663,6747958425694,6747959421973,996279
9664,6747959425825,6747960420492,994667
9665,6747960425529,6747961420863,995334
9666,6747961425511,6747962423142,997631
9667,6747962425475,6747963421439,995964
9668,6747963425346,6747964421125,995779
9669,6747964425902,6747965420070,994168
9670,6747965425255,6747966420811,995556
9671,6747966425219,6747967419053,993834
9672,6747967425053,6747968420887,995834
9673,6747968425165,6747969421184,996019
9674,6747969425017,6747970424351,999334
9675,6747970426555,6747971422796,996241
9676,6747971426704,6747972425630,998926
9677,6747972426630,6747973422372,995742
9678,6747973425205,6747974421113,995908
9679,6747974425095,6747975419484,994389
9680,6747975424651,6747976419578,994927
9681,6747976424596,6747977418690,994094
9682,6747977424504,6747978420376,995872
9683,6747978424487,6747979419932,995445
9684,6747979424543,6747980419599,995056
9685,6747980424562,6747981420359,995797
9686,6747981424322,6747982418378,994056
9687,6747982424267,6747983420175,995908
9688,6747983424268,6747984418732,994464
9689,6747984424213,6747985419584,995371
9690,6747985424084,6747986421029,996945
9691,6747986424437,6747987421808,997371
9692,6747987425678,6747988418327,992649
9693,6747988424049,6747989420902,996853
9694,6747989424846,6747990421440,996594
9695,6747990425477,6747991420144,994667
9696,6747991423755,6747992418775,995020
9697,6747992423719,6747993419442,995723
9698,6747993423646,6747994419906,996260
9699,6747994423813,6747995418943,995130
9700,6747995423610,6747996420037,996427
9701,6747996423870,6747997419926,996056
9702,6747997423778,6747998419872,996094
9703,6747998423112,6747999417224,994112
9704,6747999423372,6748000418669,995297
9705,6748000423280,6748001419411,996131
9706,6748001423559,6748002421393,997834
9707,6748002423097,6748003420042,996945
9708,6748003423801,6748004416080,992279
9709,6748004423080,6748005419080,996000
9710,6748005423191,6748006420192,997001
9711,6748006424137,6748007421915,997778
9712,6748007425693,6748008419638,993945
9713,6748008423490,6748009419861,996371
9714,6748009422991,6748010417473,994482
9715,6748010422640,6748011418455,995815
9716,6748011422622,6748012416993,994371
9717,6748012422511,6748013418753,996242
9718,6748013422475,6748014416402,993927
9719,6748014422383,6748015417625,995242
9720,6748015422402,6748016418033,995631
9721,6748016422459,6748017418922,996463
9722,6748017423348,6748018418108,994760
9723,6748018422238,6748019418979,996741
9724,6748019422739,6748020418684,995945
9725,6748020422351,6748021417518,995167
9726,6748021422036,6748022415296,993260
9727,6748022421963,6748023419890,997927
9728,6748023422668,6748024418298,995630
9729,6748024422594,6748025419243,996649
9730,6748025423465,6748026418151,994686
9731,6748026421614,6748027417541,995927
9732,6748027421744,6748028409004,987260
9733,6748028421467,6748029388727,967260
9734,6748029426413,6748030393691,967278
9735,6748030421154,6748031388284,967130
9736,6748031426303,6748032392933,966630
9737,6748032421063,6748033389953,968890
9738,6748033426138,6748034392675,966537
9739,6748034420898,6748035387306,966408
9740,6748035425973,6748036391973,966000
9741,6748036420788,6748037387474,966686
9742,6748037425881,6748038391975,966094
9743,6748038420623,6748039387235,966612
9744,6748039425790,6748040391643,965853
9745,6748040420587,6748041387551,966964
9746,6748041425662,6748042392329,966667
9747,6748042420459,6748043388089,967630
9748,6748043425571,6748044391738,966167
9749,6748044420294,6748045386813,966519
9750,6748045425461,6748046391869,966408
9751,6748046420240,6748047385740,965500
9752,6748047425296,6748048391019,965723
9753,6748048420093,6748049386335,966242
9754,6748049425223,6748050391539,966316
9755,6748050419965,6748051386280,966315
9756,6748051425095,6748052391152,966057
9757,6748052419874,6748053386504,966630
9758,6748053424949,6748054391486,966537
9759,6748054419764,6748055386209,966445
9760,6748055424857,6748056391154,966297
9761,6748056419617,6748057386081,966464
9762,6748057424748,6748058391174,966426
9763,6748058419508,6748059385342,965834
9764,6748059424601,6748060392139,967538
9765,6748060419398,6748061387232,967834
9766,6748061424547,6748062391122,966575
9767,6748062419288,6748063386567,967279
9768,6748063424437,6748064391457,967020
9769,6748064419179,6748065385791,966612
9770,6748065424346,6748066390421,966075
9771,6748066419051,6748067385477,966426
9772,6748067424162,6748068389959,965797
9773,6748068418959,6748069385331,966372
9774,6748069424090,6748070390368,966278
9775,6748070418813,6748071385462,966649
9776,6748071423925,6748072390907,966982
9777,6748072418703,6748073385945,967242
9778,6748073423852,6748074390075,966223
9779,6748074418631,6748075384409,965778
9780,6748075423724,6748076389743,966019
9781,6748076418465,6748077384799,966334
9782,6748077423651,6748078389967,966316
9783,6748078418374,6748079384856,966482
9784,6748079423449,6748080389357,965908
9785,6748080418302,6748081384376,966074
9786,6748081423376,6748082389692,966316
9787,6748082418099,6748083384970,966871
9788,6748083423267,6748084390786,967519
9789,6748084418027,6748085385750,967723
9790,6748085423139,6748086389898,966759
9791,6748086417917,6748087384399,966482
9792,6748087423029,6748088390011,966982
9793,6748088417826,6748089384438,966612
9794,6748089422938,6748090389364,966426
9795,6748090417698,6748091383754,966056
9796,6748091422828,6748092388032,965204
9797,6748092417570,6748093385144,967574
9798,6748093422681,6748094389108,966427
9799,6748094417478,6748095383849,966371
9800,6748095422572,6748096388961,966389
9801,6748096417350,6748097383851,966501
9802,6748097422425,6748098388574,966149
9803,6748098417222,6748099383630,966408
9804,6748099422352,6748100389983,967631
9805,6748100417131,6748101384613,967482
9806,6748101422243,6748102388410,966167
9807,6748102417021,6748103383429,966408
9808,6748103422133,6748104388893,966760
9809,6748104416893,6748105383301,966408
9810,6748105422023,6748106388080,966057
9811,6748106416765,6748107383062,966297
9812,6748107421914,6748108387970,966056
9813,6748108416674,6748109383082,966408
9814,6748109421749,6748110388009,966260
9815,6748110416564,6748111383435,966871
9816,6748111421639,6748112389103,967464
9817,6748112416454,6748113384029,967575
9818,6748113421566,6748114387752,966186
9819,6748114416308,6748115382883,966575
9820,6748115421457,6748116388494,967037
9821,6748116416217,6748117382921,966704
9822,6748117421328,6748118387885,966557
9823,6748118416107,6748119382256,966149
9824,6748119421219,6748120387405,966186
9825,6748120415960,6748121382165,966205
9826,6748121421109,6748122387739,966630
9827,6748122415869,6748123383277,967408
9828,6748123421018,6748124387852,966834
9829,6748124415759,6748125382279,966520
9830,6748125420723,6748126386742,966019
9831,6748126415631,6748127381984,966353
9832,6748127420780,6748128388096,967316
9833,6748128415522,6748129383170,967648
9834,6748129420633,6748130387227,966594
9835,6748130415375,6748131381524,966149
9836,6748131420542,6748132387450,966908
9837,6748132415247,6748133382710,967463
9838,6748133420414,6748134386841,966427
9839,6748134415193,6748135381286,966093
9840,6748135420304,6748136386027,965723
9841,6748136415083,6748137380973,965890
9842,6748137420176,6748138386696,966520
9843,6748138414955,6748139381085,966130
9844,6748139420104,6748140388475,968371
9845,6748140414845,6748141382383,967538
9846,6748141419938,6748142386273,966335
9847,6748142414735,6748143381995,967260
9848,6748143419847,6748144386811,966964
9849,6748144414589,6748145381423,966834
9850,6748145419756,6748146385627,965871
9851,6748146414479,6748147380869,966390
9852,6748147419554,6748148385295,965741
9853,6748148414407,6748149380685,966278
9854,6748149419481,6748150385667,966186
9855,6748150414223,6748151380575,966352
9856,6748151419390,6748152385187,965797
9857,6748152414132,6748153381781,967649
9858,6748153419281,6748154385540,966259
9859,6748154414059,6748155380504,966445
9860,6748155419134,6748156378505,959371
9861,6748156419079,6748157376709,957630
9862,6748157419061,6748158386062,967001
9863,6748158413784,6748159380285,966501
9864,6748159418933,6748160385563,966630
9865,6748160413749,6748161385342,971593
9866,6748161413731,6748162380343,966612
9867,6748162418806,6748163387695,968889
9868,6748163413584,6748164382029,968445
9869,6748164418714,6748165385511,966797
9870,6748165413400,6748166379883,966483
9871,6748166418512,6748167384883,966371
9872,6748167413309,6748168379162,965853
9873,6748168418421,6748169384811,966390
9874,6748169413163,6748170379626,966463
9875,6748170418311,6748171384479,966168
9876,6748171413053,6748172379331,966278
9877,6748172418183,6748173386017,967834
9878,6748173412925,6748174379314,966389
9879,6748174418018,6748175385037,967019
9880,6748175412797,6748176378908,966111
9881,6748176417927,6748177384539,966612
9882,6748177412705,6748178378521,965816
9883,6748178417780,6748179384262,966482
9884,6748179412596,6748180378300,965704
9885,6748180417708,6748181384023,966315
9886,6748181412449,6748182378690,966241
9887,6748182417561,6748183384062,966501
9888,6748183412339,6748184378433,966094
9889,6748184417451,6748185383970,966519
9890,6748185412211,6748186378712,966501
9891,6748186417342,6748187383916,966574
9892,6748187412102,6748188378380,966278
9893,6748188417250,6748189383103,965853
9894,6748189412010,6748190378826,966816
9895,6748190417122,6748191383697,966575
9896,6748191411882,6748192377883,966001
9897,6748192417031,6748193384458,967427
9898,6748193411791,6748194378125,966334
9899,6748194416903,6748195383348,966445
9900,6748195411663,6748196377423,965760
9901,6748196416849,6748197383257,966408
9902,6748197411535,6748198377961,966426
9903,6748198416684,6748199383129,966445
9904,6748199411425,6748200377629,966204
9905,6748200416574,6748201383482,966908
9906,6748201411315,6748202378001,966686
9907,6748202416427,6748203384039,967612
9908,6748203411206,6748204394077,982871
9909,6748204411744,6748205409318,997574
9910,6748205412504,6748206406338,993834
9911,6748206411597,6748207407449,995852
9912,6748207411431,6748208406302,994871
9913,6748208411358,6748209408136,996778
9914,6748209411506,6748210409896,998390
9915,6748210412952,6748211408860,995908
9916,6748211412804,6748212404935,992131
9917,6748212411138,6748213409769,998631
9918,6748213411565,6748214407732,996167
9919,6748214411325,6748215406807,995482
9920,6748215411011,6748216405937,994926
9921,6748216410919,6748217406512,995593
9922,6748217410827,6748218404643,993816
9923,6748218410809,6748219406754,995945
9924,6748219410810,6748220405274,994464
9925,6748220410737,6748221406756,996019
9926,6748221410700,6748222407016,996316
9927,6748222411108,6748223407202,996094
9928,6748223411480,6748224410258,998778
9929,6748224414758,6748225410351,995593
9930,6748225413648,6748226409611,995963
9931,6748226413352,6748227410297,996945
9932,6748227414520,6748228407539,993019
9933,6748228411279,6748229406614,995335
9934,6748229410428,6748230406133,995705
9935,6748230410299,6748231405041,994742
9936,6748231410115,6748232406468,996353
9937,6748232410708,6748233406246,995538
9938,6748233410228,6748234405228,995000
9939,6748234409839,6748235405711,995872
9940,6748235409785,6748236406100,996315
9941,6748236409878,6748237406453,996575
9942,6748237409990,6748238407453,997463
9943,6748238411379,6748239405695,994316
9944,6748239409528,6748240404622,995094
9945,6748240409529,6748241403937,994408
9946,6748241409493,6748242405901,996408
9947,6748242409697,6748243405957,996260
9948,6748243409383,6748244404624,995241
9949,6748244409439,6748245405681,996242
9950,6748245409329,6748246406089,996760
9951,6748246410200,6748247404386,994186
9952,6748247409071,6748248404164,995093
9953,6748248409090,6748249404813,995723
9954,6748249409017,6748250405073,996056
9955,6748250408944,6748251406333,997389
9956,6748251409463,6748252404890,995427
9957,6748252408890,6748253404705,995815
9958,6748253408798,6748254404410,995612
9959,6748254408743,6748255402984,994241
9960,6748255408651,6748256401837,993186
9961,6748256408578,6748257404412,995834
9962,6748257408541,6748258403061,994520
9963,6748258408524,6748259404765,996241
9964,6748259408450,6748260402118,993668
9965,6748260408358,6748261404470,996112
9966,6748261408322,6748262404897,996575
9967,6748262408471,6748263406749,998278
9968,6748263410842,6748264407806,996964
9969,6748264411324,6748265406843,995519
9970,6748265410251,6748266406437,996186
9971,6748266410085,6748267404141,994056
9972,6748267407975,6748268403197,995222
9973,6748268407901,6748269405513,997612
9974,6748269409235,6748270404254,995019
9975,6748270407847,6748271403366,995519
9976,6748271407755,6748272405071,997316
9977,6748272409497,6748273407109,997612
9978,6748273410127,6748274405887,995760
9979,6748274409702,6748275406906,997204
9980,6748275411054,6748276403722,992668
9981,6748276407722,6748277403945,996223
9982,6748277407537,6748278400742,993205
9983,6748278407353,6748279405057,997704
9984,6748279409076,6748280403280,994204
9985,6748280407280,6748281403688,996408
9986,6748281407170,6748282402171,995001
9987,6748282407189,6748283404171,996982
9988,6748283407949,6748284401283,993334
9989,6748284407005,6748285402580,995575
9990,6748285407173,6748286402970,995797
9991,6748286406951,6748287402896,995945
9992,6748287406859,6748288402805,995946
9993,6748288407397,6748289403972,996575
9994,6748289408028,6748290405028,997000
9995,6748290409139,6748291406122,996983
9996,6748291410066,6748292403456,993390
9997,6748292407289,6748293405567,998278
9998,6748293409067,6748294404679,995612
9999,6748294407939,6748295403476,995537
10000,6748295406995,6748296402903,995908
10001,6748296406866,6748297401996,995130
10002,6748297406237,6748298402756,996519
10003,6748298406441,6748299400683,994242
10004,6748299406146,6748300403795,997649
10005,6748300406332,6748301400333,994001
10006,6748301406018,6748302401907,995889
10007,6748302405981,6748303399834,993853
10008,6748303405927,6748304401594,995667
10009,6748304405853,6748305403280,997427
10010,6748305406595,6748306400281,993686
10011,6748306405836,6748307401022,995186
10012,6748307405689,6748308399301,993612
10013,6748308405652,6748309401727,996075
10014,6748309405764,6748310401765,996001
10015,6748310405709,6748311401321,995612
10016,6748311405562,6748312399915,994353
10017,6748312405396,6748313400860,995464
10018,6748313405378,6748314401435,996057
10019,6748314405268,6748315402195,996927
10020,6748315406121,6748316401621,995500
10021,6748316405955,6748317402807,996852
10022,6748317406807,6748318401197,994390
10023,6748318405104,6748319400160,995056
10024,6748319404975,6748320400550,995575
10025,6748320405032,6748321398310,993278
10026,6748321404884,6748322400644,995760
10027,6748322404885,6748323401941,997056
10028,6748323405163,6748324399534,994371
10029,6748324404720,6748325402998,998278
10030,6748325406128,6748326402351,996223
10031,6748326406091,6748327402018,995927
10032,6748327405240,6748328400889,995649
10033,6748328404760,6748329401038,996278
10034,6748329404834,6748330401428,996594
10035,6748330405483,6748331398854,993371
10036,6748331404299,6748332399003,994704
10037,6748332404374,6748333400411,996037
10038,6748333404041,6748334398505,994464
10039,6748334404134,6748335400320,996186
10040,6748335404339,6748336397765,993426
10041,6748336404043,6748337399599,995556
10042,6748337403729,6748338399434,995705
10043,6748338403989,6748339399786,995797
10044,6748339403971,6748340398824,994853
10045,6748340403602,6748341398584,994982
10046,6748341403788,6748342399436,995648
10047,6748342403881,6748343402585,998704
10048,6748343406011,6748344400493,994482
10049,6748344404660,6748345399309,994649
10050,6748345403568,6748346399550,995982
10051,6748346403773,6748347398033,994260
10052,6748347403422,6748348398107,994685
10053,6748348403311,6748349397738,994427
10054,6748349403275,6748350397016,993741
10055,6748350403368,6748351399369,996001
10056,6748351403239,6748352397592,994353
10057,6748352403147,6748353401093,997946
10058,6748353403889,6748354397982,994093
10059,6748354402964,6748355397353,994389
10060,6748355403020,6748356398336,995316
10061,6748356402891,6748357399466,996575
10062,6748357403318,6748358397985,994667
10063,6748358402874,6748359398282,995408
10064,6748359402727,6748360394227,991500
10065,6748360402801,6748361397617,994816
10066,6748361402710,6748362398951,996241
10067,6748362403155,6748363399896,996741
10068,6748363403729,6748364399582,995853
10069,6748364403656,6748365396842,993186
10070,6748365402509,6748366398935,996426
10071,6748366403158,6748367400714,997556
10072,6748367404806,6748368397344,992538
10073,6748368402289,6748369397975,995686
10074,6748369402178,6748370394179,992001
10075,6748370402123,6748371398791,996668
10076,6748371402958,6748372399810,996852
10077,6748372404125,6748373400329,996204
10078,6748373404440,6748374398719,994279
10079,6748374402163,6748375398664,996501
10080,6748375402442,6748376397406,994964
10081,6748376401869,6748377398629,996760
10082,6748377402147,6748378395018,992871
10083,6748378401666,6748379397667,996001
10084,6748379401741,6748380398297,996556
10085,6748380401575,6748381396169,994594
10086,6748381401483,6748382371780,970297
10087,6748382400984,6748383366300,965316
10088,6748383406114,6748384373819,967705
10089,6748384400986,6748385369671,968685
10090,6748385407208,6748386373450,966242
10091,6748386400820,6748387368728,967908
10092,6748387406525,6748388371785,965260
10093,6748388401118,6748389367082,965964
10094,6748389405860,6748390373434,967574
10095,6748390400527,6748391369379,968852
10096,6748391407324,6748392370399,963075
10097,6748392400214,6748393351344,951130
10098,6748393405288,6748394357308,952020
10099,6748394405178,6748395356086,950908
10100,6748395405086,6748396355494,950408
10101,6748396405068,6748397356069,951001
10102,6748397404976,6748398355607,950631
10103,6748398404922,6748399355774,950852
10104,6748399404867,6748400355201,950334
10105,6748400404849,6748401355572,950723
10106,6748401404776,6748402355554,950778
10107,6748402404702,6748403355092,950390
10108,6748403404647,6748404356037,951390
10109,6748404404611,6748405355612,951001
10110,6748405404538,6748406355168,950630
10111,6748406404446,6748407355243,950797
10112,6748407404410,6748408354670,950260
10113,6748408404392,6748409355226,950834
10114,6748409404300,6748410355097,950797
10115,6748410404245,6748411354875,950630
10116,6748411404172,6748412354802,950630
10117,6748412404154,6748413355136,950982
10118,6748413404062,6748414354915,950853
10119,6748414404007,6748415355156,951149
10120,6748415403952,6748416354342,950390
10121,6748416403916,6748417354695,950779
10122,6748417403861,6748418354732,950871
10123,6748418403769,6748419354122,950353
10124,6748419403733,6748420354401,950668
10125,6748420403697,6748421354420,950723
10126,6748421403605,6748422354569,950964
10127,6748422403569,6748423354440,950871
10128,6748423403514,6748424354996,951482
10129,6748424403478,6748425354349,950871
10130,6748425403386,6748426353942,950556
10131,6748426403312,6748427354294,950982
10132,6748427403276,6748428353703,950427
10133,6748428403203,6748429354055,950852
10134,6748429403203,6748430353926,950723
10135,6748430403112,6748431353853,950741
10136,6748431403057,6748432353613,950556
10137,6748432403020,6748433353817,950797
10138,6748433402947,6748434353651,950704
10139,6748434402855,6748435353745,950890
10140,6748435402800,6748436353320,950520
10141,6748436402783,6748437353487,950704
10142,6748437402728,6748438353080,950352
10143,6748438402636,6748439353211,950575
10144,6748439402581,6748440353822,951241
10145,6748440402545,6748441352860,950315
10146,6748441402490,6748442353528,951038
10147,6748442402417,6748443353306,950889
10148,6748443402362,6748444353455,951093
10149,6748444402325,6748445353196,950871
10150,6748445402252,6748446353160,950908
10151,6748446402197,6748447352865,950668
10152,6748447402124,6748448352476,950352
10153,6748448402069,6748449352662,950593
10154,6748449402033,6748450352996,950963
10155,6748450401978,6748451352793,950815
10156,6748451401886,6748452352313,950427
10157,6748452401887,6748453352573,950686
10158,6748453401813,6748454352814,951001
10159,6748454401740,6748455352574,950834
10160,6748455401667,6748456352242,950575
10161,6748456401649,6748457352594,950945
10162,6748457401557,6748458352410,950853
10163,6748458401502,6748459352096,950594
10164,6748459401447,6748460351985,950538
10165,6748460401430,6748461352190,950760
10166,6748461401356,6748462352153,950797
10167,6748462401283,6748463352043,950760
10168,6748463401228,6748464352525,951297
10169,6748464401173,6748465352192,951019
10170,6748465401100,6748466351878,950778
10171,6748466401045,6748467351972,950927
10172,6748467400990,6748468351769,950779
10173,6748468400935,6748469352362,951427
10174,6748469400881,6748470351622,950741
10175,6748470400807,6748471351586,950779
10176,6748471400752,6748472351290,950538
10177,6748472400698,6748473351402,950704
10178,6748473400643,6748474351625,950982
10179,6748474400588,6748475351329,950741
10180,6748475400533,6748476350978,950445
10181,6748476400460,6748477351331,950871
10182,6748477400405,6748478351239,950834
10183,6748478400350,6748479351258,950908
10184,6748479400295,6748480350722,950427
10185,6748480400278,6748481351130,950852
10186,6748481400223,6748482352316,952093
10187,6748482400316,6748483366446,966130
10188,6748483395206,6748484362577,967371
10189,6748484400336,6748485366818,966482
10190,6748485395114,6748486361986,966872
10191,6748486400208,6748487366634,966426
10192,6748487394986,6748488361228,966242
10193,6748488400098,6748489367080,966982
10194,6748489394840,6748490361266,966426
10195,6748490400007,6748491366674,966667
10196,6748491394748,6748492361268,966520
10197,6748492399879,6748493366898,967019
10198,6748493394657,6748494362232,967575
10199,6748494399788,6748495366048,966260
10200,6748495394492,6748496360715,966223
10201,6748496399660,6748497365049,965389
10202,6748497394419,6748498360957,966538
10203,6748498399531,6748499366273,966742
10204,6748499394273,6748500360922,966649
10205,6748500399440,6748501366756,967316
10206,6748501394163,6748502360331,966168
10207,6748502399312,6748503365961,966649
10208,6748503394072,6748504361350,967278
10209,6748504399202,6748505365851,966649
10210,6748505393944,6748506360722,966778
10211,6748506399056,6748507365816,966760
10212,6748507393816,6748508361668,967852
10213,6748508398946,6748509366873,967927
10214,6748509393725,6748510360281,966556
10215,6748510398836,6748511365744,966908
10216,6748511393578,6748512360486,966908
10217,6748512398764,6748513364727,965963
10218,6748513393505,6748514361321,967816
10219,6748514398617,6748515365099,966482
10220,6748515393396,6748516361730,968334
10221,6748516398526,6748517366341,967815
10222,6748517393249,6748518359713,966464
10223,6748518398398,6748519366139,967741
10224,6748519393121,6748520359362,966241
10225,6748520398270,6748521364937,966667
10226,6748521393011,6748522359734,966723
10227,6748522398141,6748523364679,966538
10228,6748523392901,6748524360698,967797
10229,6748524398069,6748525365773,967704
10230,6748525392810,6748526359478,966668
10231,6748526397922,6748527364682,966760
10232,6748527392664,6748528359961,967297
10233,6748528397831,6748529364628,966797
10234,6748529392591,6748530358592,966001
10235,6748530397703,6748531364185,966482
10236,6748531392444,6748532360186,967742
10237,6748532397593,6748533365223,967630
10238,6748533392353,6748534359002,966649
10239,6748534397465,6748535365317,967852
10240,6748535392243,6748536357689,965446
10241,6748536397355,6748537364282,966927
10242,6748537392152,6748538358505,966353
10243,6748538397264,6748539363931,966667
10244,6748539391969,6748540359506,967537
10245,6748540397154,6748541364766,967612
10246,6748541391896,6748542358267,966371
10247,6748542397008,6748543363546,966538
10248,6748543391786,6748544358917,967131
10249,6748544396898,6748545363288,966390
10250,6748545391677,6748546358307,966630
10251,6748546396788,6748547363030,966242
10252,6748547391530,6748548359216,967686
10253,6748548396697,6748549364254,967557
10254,6748549391420,6748550358199,966779
10255,6748550396551,6748551363755,967204
10256,6748551391292,6748552358126,966834
10257,6748552396459,6748553363294,966835
10258,6748553391201,6748554358609,967408
10259,6748554396313,6748555362869,966556
10260,6748555391091,6748556358648,967557
10261,6748556396259,6748557363982,967723
10262,6748557390963,6748558358371,967408
10263,6748558396112,6748559362557,966445
10264,6748559390853,6748560357132,966279
10265,6748560396021,6748561362485,966464
10266,6748561390744,6748562356189,965445
10267,6748562395874,6748563362542,966668
10268,6748563390634,6748564359950,969316
10269,6748564395764,6748565363636,967872
10270,6748565390506,6748566357229,966723
10271,6748566395636,6748567362137,966501
10272,6748567390396,6748568357582,967186
10273,6748568395545,6748569362324,966779
10274,6748569390305,6748570356417,966112
10275,6748570395417,6748571362047,966630
10276,6748571390177,6748572356344,966167
10277,6748572395307,6748573362049,966742
10278,6748573390067,6748574357087,967020
10279,6748574395179,6748575361772,966593
10280,6748575389921,6748576356069,966148
10281,6748576395070,6748577361237,966167
10282,6748577389829,6748578356386,966557
10283,6748578394960,6748579361349,966389
10284,6748579389738,6748580370665,980927
10285,6748580390128,6748581382999,992871
10286,6748581390092,6748582383315,993223
10287,6748582390092,6748583383797,993705
10288,6748583389982,6748584388723,998741
10289,6748584392427,6748585384817,992390
10290,6748585389835,6748586386040,996205
10291,6748586389873,6748587387078,997205
10292,6748587390689,6748588385634,994945
10293,6748588390171,6748589386820,996649
10294,6748589390523,6748590388598,998075
10295,6748590392395,6748591390155,997760
10296,6748591394099,6748592385748,991649
10297,6748592390248,6748593385767,995519
10298,6748593389360,6748594386101,996741
10299,6748594390046,6748595385657,995611
10300,6748595389287,6748596382936,993649
10301,6748596388954,6748597383196,994242
10302,6748597389177,6748598383937,994760
10303,6748598389104,6748599382679,993575
10304,6748599389031,6748600380494,991463
10305,6748600389031,6748601383347,994316
10306,6748601389014,6748602383718,994704
10307,6748602389014,6748603381941,992927
10308,6748603388756,6748604381886,993130
10309,6748604388831,6748605380257,991426
10310,6748605388702,6748606380832,992130
10311,6748606388721,6748607382851,994130
10312,6748607388574,6748608378834,990260
10313,6748608388537,6748609382056,993519
10314,6748609388464,6748610381502,993038
10315,6748610388520,6748611382669,994149
10316,6748611388410,6748612382707,994297
10317,6748612388318,6748613378856,990538
10318,6748613388245,6748614380727,992482
10319,6748614388301,6748615381505,993204
10320,6748615388190,6748616380895,992705
10321,6748616388043,6748617382822,994779
10322,6748617387951,6748618379119,991168
10323,6748618387970,6748619381360,993390
10324,6748619388027,6748620380009,991982
10325,6748620387935,6748621380102,992167
10326,6748621388010,6748622382640,994630
10327,6748622387751,6748623379122,991371
10328,6748623387604,6748624380438,992834
10329,6748624387678,6748625380216,992538
10330,6748625387568,6748626380884,993316
10331,6748626387587,6748627382329,994742
10332,6748627387440,6748628377700,990260
10333,6748628387385,6748629380330,992945
10334,6748629387312,6748630380238,992926
10335,6748630387350,6748631380147,992797
10336,6748631387258,6748632379407,992149
10337,6748632387018,6748633378352,991334
10338,6748633387167,6748634382723,995556
10339,6748634386871,6748635376390,989519
10340,6748635386983,6748636379946,992963
10341,6748636386891,6748637379743,992852
10342,6748637386688,6748638375763,989075
10343,6748638386818,6748639379504,992686
10344,6748639386875,6748640381301,994426
10345,6748640386505,6748641377932,991427
10346,6748641386617,6748642378192,991575
10347,6748642386636,6748643378470,991834
10348,6748643386581,6748644380119,993538
10349,6748644386471,6748645379990,993519
10350,6748645386564,6748646378750,992186
10351,6748646386472,6748647379603,993131
10352,6748647386306,6748648377714,991408
10353,6748648386326,6748649379363,993037
10354,6748649386234,6748650380568,994334
10355,6748650386234,6748651380013,993779
10356,6748651386143,6748652377828,991685
10357,6748652386069,6748653379403,993334
10358,6748653385755,6748654379848,994093
10359,6748654385941,6748655377905,991964
10360,6748655385868,6748656378498,992630
10361,6748656385794,6748657379628,993834
10362,6748657385832,6748658379018,993186
10363,6748658385444,6748659376297,990853
10364,6748659385630,6748660377353,991723
10365,6748660385686,6748661379705,994019
10366,6748661385557,6748662382928,997371
10367,6748662386762,6748663379466,992704
10368,6748663385466,6748664376133,990667
10369,6748664385374,6748665379264,993890
10370,6748665385264,6748666378190,992926
10371,6748666385302,6748667378525,993223
10372,6748667385302,6748668378451,993149
10373,6748668385173,6748669381285,996112
10374,6748669385063,6748670376767,991704
10375,6748670384990,6748671378509,993519
10376,6748671384879,6748672377528,992649
10377,6748672384973,6748673378603,993630
10378,6748673384881,6748674379844,994963
10379,6748674384770,6748675378253,993483
10380,6748675384753,6748676376716,991963
10381,6748676384698,6748677378124,993426
10382,6748677384661,6748678377403,992742
10383,6748678384607,6748679377404,992797
10384,6748679384626,6748680376071,991445
10385,6748680384571,6748681377850,993279
10386,6748681384424,6748682378035,993611
10387,6748682384350,6748683378351,994001
10388,6748683384314,6748684377389,993075
10389,6748684384167,6748685379427,995260
10390,6748685384149,6748686375890,991741
10391,6748686384112,6748687377428,993316
10392,6748687384150,6748688376614,992464
10393,6748688384021,6748689377559,993538
10394,6748689383948,6748690378282,994334
10395,6748690383856,6748691375357,991501
10396,6748691383783,6748692375635,991852
10397,6748692383802,6748693376840,993038
10398,6748693384118,6748694378822,994704
10399,6748694383600,6748695376323,992723
10400,6748695383526,6748696375268,991742
10401,6748696383546,6748697376935,993389
10402,6748697383546,6748698375454,991908
10403,6748698383399,6748699377196,993797
10404,6748699383418,6748700375030,991612
10405,6748700383160,6748701375790,992630
10406,6748701383309,6748702376569,993260
10407,6748702383161,6748703376606,993445
10408,6748703383088,6748704374588,991500
10409,6748704383033,6748705375830,992797
10410,6748705382774,6748706376645,993871
10411,6748706382960,6748707375443,992483
10412,6748707382943,6748708375425,992482
10413,6748708382888,6748709374888,992000
10414,6748709382814,6748710377871,995057
10415,6748710382500,6748711373186,990686
10416,6748711382612,6748712381279,998667
10417,6748712385205,6748713377280,992075
10418,6748713382539,6748714380225,997686
10419,6748714383855,6748715377152,993297
10420,6748715382430,6748716375042,992612
10421,6748716382412,6748717376172,993760
10422,6748717382376,6748718377951,995575
10423,6748718382339,6748719376155,993816
10424,6748719382192,6748720375415,993223
10425,6748720382211,6748721375119,992908
10426,6748721382119,6748722376139,994020
10427,6748722382083,6748723375102,993019
10428,6748723382010,6748724374325,992315
10429,6748724381918,6748725378919,997001
10430,6748725383011,6748726376308,993297
10431,6748726381864,6748727376198,994334
10432,6748727381753,6748728373773,992020
10433,6748728381791,6748729375181,993390
10434,6748729381662,6748730375589,993927
10435,6748730381570,6748731373478,991908
10436,6748731381590,6748732375424,993834
10437,6748732381201,6748733370554,989353
10438,6748733381369,6748734374295,992926
10439,6748734381407,6748735375352,993945
10440,6748735381352,6748736372260,990908
10441,6748736381278,6748737374353,993075
10442,6748737381483,6748738375391,993908
10443,6748738381132,6748739373132,992000
10444,6748739381058,6748740368578,987520
10445,6748740380781,6748741348449,967668
10446,6748741385727,6748742352616,966889
10447,6748742380449,6748743347302,966853
10448,6748743385617,6748744352562,966945
10449,6748744380358,6748745349322,968964
10450,6748745385507,6748746352730,967223
10451,6748746380230,6748747347194,966964
10452,6748747385379,6748748353158,967779
10453,6748748380120,6748749347380,967260
10454,6748749385251,6748750352029,966778
10455,6748750379992,6748751347197,967205
10456,6748751385104,6748752351475,966371
10457,6748752379901,6748753346476,966575
10458,6748753385013,6748754351977,966964
10459,6748754379792,6748755347866,968074
10460,6748755384922,6748756350997,966075
10461,6748756379682,6748757346016,966334
10462,6748757384812,6748758351646,966834
10463,6748758379535,6748759346054,966519
10464,6748759384684,6748760350777,966093
10465,6748760379426,6748761345982,966556
10466,6748761384556,6748762351186,966630
10467,6748762379334,6748763345835,966501
10468,6748763384465,6748764350873,966408
10469,6748764379206,6748765346762,967556
10470,6748765384318,6748766350985,966667
10471,6748766379078,6748767345505,966427
10472,6748767384208,6748768350894,966686
10473,6748768379061,6748769345321,966260
10474,6748769384136,6748770350599,966463
10475,6748770378859,6748771345267,966408
10476,6748771384045,6748772350082,966037
10477,6748772378786,6748773345546,966760
10478,6748773383879,6748774350269,966390
10479,6748774378639,6748775345862,967223
10480,6748775383770,6748776349715,965945
10481,6748776378530,6748777344845,966315
10482,6748777383623,6748778350105,966482
10483,6748778378420,6748779344995,966575
10484,6748779383550,6748780349014,965464
10485,6748780378292,6748781344830,966538
10486,6748781383404,6748782350053,966649
10487,6748782378219,6748783344720,966501
10488,6748783383313,6748784349369,966056
10489,6748784378091,6748785345536,967445
10490,6748785383184,6748786349500,966316
10491,6748786377963,6748787343741,965778
10492,6748787383093,6748788350650,967557
10493,6748788377816,6748789345669,967853
10494,6748789382947,6748790349836,966889
10495,6748790377725,6748791343985,966260
10496,6748791382763,6748792349930,967167
10497,6748792377615,6748793343912,966297
10498,6748793382727,6748794349339,966612
10499,6748794377469,6748795344266,966797
10500,6748795382581,6748796349470,966889
10501,6748796377359,6748797345304,967945
10502,6748797382452,6748798349212,966760
10503,6748798377268,6748799343139,965871
10504,6748799382398,6748800350306,967908
10505,6748800377158,6748801344048,966890
10506,6748801382252,6748802348604,966352
10507,6748802377030,6748803343179,966149
10508,6748803382179,6748804348476,966297
10509,6748804376902,6748805344217,967315
10510,6748805382032,6748806348644,966612
10511,6748806376811,6748807343367,966556
10512,6748807381960,6748808348127,966167
10513,6748808376683,6748809343165,966482
10514,6748809381794,6748810348091,966297
10515,6748810376591,6748811342759,966168
10516,6748811381703,6748812347871,966168
10517,6748812376463,6748813343186,966723
10518,6748813381575,6748814347576,966001
10519,6748814376354,6748815344132,967778
10520,6748815381465,6748816346985,965520
10521,6748816376225,6748817342819,966594
10522,6748817381374,6748818347819,966445
10523,6748818376134,6748819342746,966612
10524,6748819381283,6748820346988,965705
10525,6748820376006,6748821342174,966168
10526,6748821381155,6748822347785,966630
10527,6748822375841,6748823342305,966464
10528,6748823381008,6748824347157,966149
10529,6748824375750,6748825343176,967426
10530,6748825380862,6748826347436,966574
10531,6748826375659,6748827341919,966260
10532,6748827380752,6748828363401,982649
10533,6748828375919,6748829367846,991927
10534,6748829375920,6748830369310,993390
10535,6748830375699,6748831368847,993148
10536,6748831375847,6748832370441,994594
10537,6748832375533,6748833369867,994334
10538,6748833375664,6748834372202,996538
10539,6748834375850,6748835373017,997167
10540,6748835376776,6748836374555,997779
10541,6748836377073,6748837373500,996427
10542,6748837376722,6748838373464,996742
10543,6748838377149,6748839373464,996315
10544,6748839377187,6748840373817,996630
10545,6748840378410,6748841375225,996815
10546,6748841378688,6748842375189,996501
10547,6748842378726,6748843375727,997001
10548,6748843379412,6748844374727,995315
10549,6748844378857,6748845376932,998075
10550,6748845380691,6748846378395,997704
10551,6748846381395,6748847377285,995890
10552,6748847381044,6748848376082,995038
10553,6748848380582,6748849376490,995908
10554,6748849380249,6748850378435,998186
10555,6748850382195,6748851378325,996130
10556,6748851381695,6748852378826,997131
10557,6748852381270,6748853375123,993853
10558,6748853378919,6748854371401,992482
10559,6748854375179,6748855369680,994501
10560,6748855374402,6748856367125,992723
10561,6748856374347,6748857364866,990519
10562,6748857374329,6748858367960,993631
10563,6748858374312,6748859367423,993111
10564,6748859374201,6748860366350,992149
10565,6748860374239,6748861367814,993575
10566,6748861374073,6748862366926,992853
10567,6748862373889,6748863366297,992408
10568,6748863373982,6748864366446,992464
10569,6748864373927,6748865369224,995297
10570,6748865373946,6748866366873,992927
10571,6748866373873,6748867367855,993982
10572,6748867373855,6748868365560,991705
10573,6748868373652,6748869366190,992538
10574,6748869373764,6748870365950,992186
10575,6748870373672,6748871366284,992612
10576,6748871373562,6748872365896,992334
10577,6748872373451,6748873367637,994186
10578,6748873373378,6748874366119,992741
10579,6748874373731,6748875367824,994093
10580,6748875373046,6748876363362,990316
10581,6748876373232,6748877368251,995019
10582,6748877373159,6748878366252,993093
10583,6748878373196,6748879365660,992464
10584,6748879373179,6748880364679,991500
10585,6748880373068,6748881366125,993057
10586,6748881372958,6748882365533,992575
10587,6748882372977,6748883365978,993001
10588,6748883372626,6748884361812,989186
10589,6748884372756,6748885366368,993612
10590,6748885372572,6748886364943,992371
10591,6748886372721,6748887368018,995297
10592,6748887372610,6748888364352,991742
10593,6748888372870,6748889365927,993057
10594,6748889372519,6748890365372,992853
10595,6748890372409,6748891363502,991093
10596,6748891372410,6748892364947,992537
10597,6748892372355,6748893366059,993704
10598,6748893372393,6748894365578,993185
10599,6748894372245,6748895366875,994630
10600,6748895372116,6748896362321,990205
10601,6748896371895,6748897361988,990093
10602,6748897372007,6748898365044,993037
10603,6748898372026,6748899364767,992741
10604,6748899371952,6748900365175,993223
10605,6748900371953,6748901365676,993723
10606,6748901371639,6748902363825,992186
10607,6748902371732,6748903363696,991964
10608,6748903371770,6748904363993,992223
10609,6748904371660,6748905367346,995686
10610,6748905371568,6748906363272,991704
10611,6748906371550,6748907363903,992353
10612,6748907371495,6748908363978,992483
10613,6748908371478,6748909364460,992982
10614,6748909371349,6748910361942,990593
10615,6748910371257,6748911364665,993408
10616,6748911371257,6748912363036,991779
10617,6748912371147,6748913364222,993075
10618,6748913371129,6748914364389,993260
10619,6748914370982,6748915364853,993871
10620,6748915371057,6748916362669,991612
10621,6748916371002,6748917364114,993112
10622,6748917371040,6748918364448,993408
10623,6748918370911,6748919363726,992815
10624,6748919370819,6748920363375,992556
10625,6748920370486,6748921362839,992353
10626,6748921370765,6748922364210,993445
10627,6748922370543,6748923364248,993705
10628,6748923370637,6748924357563,986926
10629,6748924370341,6748925339082,968741
10630,6748925375268,6748926343657,968389
10631,6748926369991,6748927336714,966723
10632,6748927375121,6748928343362,968241
10633,6748928369862,6748929337622,967760
10634,6748929374993,6748930342160,967167
10635,6748930369734,6748931337068,967334
10636,6748931374883,6748932341476,966593
10637,6748932369643,6748933336607,966964
10638,6748933374755,6748934341774,967019
10639,6748934369515,6748935337793,968278
10640,6748935374664,6748936342776,968112
10641,6748936369424,6748937337443,968019
10642,6748937374536,6748938340981,966445
10643,6748938369277,6748939336370,967093
10644,6748939374426,6748940342223,967797
10645,6748940369186,6748941336039,966853
10646,6748941374298,6748942340947,966649
10647,6748942369076,6748943335410,966334
10648,6748943374170,6748944342133,967963
10649,6748944368930,6748945338282,969352
10650,6748945374079,6748946341135,967056
10651,6748946368820,6748947335580,966760
10652,6748947373895,6748948341229,967334
10653,6748948368710,6748949335618,966908
10654,6748949373841,6748950340749,966908
10655,6748950368564,6748951335472,966908
10656,6748951373694,6748952341176,967482
10657,6748952368491,6748953336918,968427
10658,6748953373566,6748954340770,967204
10659,6748954368344,6748955336252,967908
10660,6748955373475,6748956339827,966352
10661,6748956368198,6748957334958,966760
10662,6748957373365,6748958340255,966890
10663,6748958368106,6748959335181,967075
10664,6748959373255,6748960340626,967371
10665,6748960368034,6748961335831,967797
10666,6748961373127,6748962339980,966853
10667,6748962367887,6748963335517,967630
10668,6748963373018,6748964341166,968148
10669,6748964367759,6748965336037,968278
10670,6748965372926,6748966339890,966964
10671,6748966367686,6748967334335,966649
10672,6748967372761,6748968340206,967445
10673,6748968367595,6748969335670,968075
10674,6748969372707,6748970339689,966982
10675,6748970367411,6748971334560,967149
10676,6748971372560,6748972340191,967631
10677,6748972367357,6748973334340,966983
10678,6748973372414,6748974339211,966797
10679,6748974367211,6748975334841,967630
10680,6748975372341,6748976340027,967686
10681,6748976367083,6748977335231,968148
10682,6748977372194,6748978339028,966834
10683,6748978366954,6748979335270,968316
10684,6748979372085,6748980338604,966519
10685,6748980366900,6748981334031,967131
10686,6748981371994,6748982338920,966926
10687,6748982366698,6748983333588,966890
10688,6748983371865,6748984339496,967631
10689,6748984366662,6748985334459,967797
10690,6748985371793,6748986338553,966760
10691,6748986366479,6748987333442,966963
10692,6748987371628,6748988338925,967297
10693,6748988366425,6748989333185,966760
10694,6748989371499,6748990338278,966779
10695,6748990366296,6748991332779,966483
10696,6748991371390,6748992339316,967926
10697,6748992366131,6748993334299,968168
10698,6748993371299,6748994338299,967000
10699,6748994366022,6748995335022,969000
10700,6748995371170,6748996337801,966631
10701,6748996365949,6748997333227,967278
10702,6748997371042,6748998337950,966908
10703,6748998365839,6748999332970,967131
10704,6748999370970,6749000338952,967982
10705,6749000365730,6749001333823,968093
10706,6749001370860,6749002337472,966612
10707,6749002365620,6749003332787,967167
10708,6749003370713,6749004338232,967519
10709,6749004365510,6749005332881,967371
10710,6749005370622,6749006337752,967130
10711,6749006365345,6749007332327,966982
10712,6749007370457,6749008338272,967815
10713,6749008365272,6749009332921,967649
10714,6749009370384,6749010337404,967020
10715,6749010365181,6749011333164,967983
10716,6749011370275,6749012336386,966111
10717,6749012365035,6749013332146,967111
10718,6749013370146,6749014337092,966946
10719,6749014364925,6749015331537,966612
10720,6749015370055,6749016338852,968797
10721,6749016364778,6749017332853,968075
10722,6749017369890,6749018336891,967001
10723,6749018364632,6749019331484,966852
10724,6749019369799,6749020337503,967704
10725,6749020364596,6749021330671,966075
10726,6749021369689,6749022336857,967168
10727,6749022364505,6749023331061,966556
10728,6749023369598,6749024337358,967760
10729,6749024364321,6749025332451,968130
10730,6749025369470,6749026336489,967019
10731,6749026364211,6749027332342,968131
10732,6749027369305,6749028335880,966575
10733,6749028364139,6749029330065,965926
10734,6749029369251,6749030335900,966649
10735,6749030363955,6749031330808,966853
10736,6749031369123,6749032336475,967352
10737,6749032363938,6749033331605,967667
10738,6749033368976,6749034335810,966834
10739,6749034363754,6749035330737,966983
10740,6749035368885,6749036335996,967111
10741,6749036363626,6749037330349,966723
10742,6749037368794,6749038335794,967000
10743,6749038363498,6749039330184,966686
10744,6749039368628,6749040336425,967797
10745,6749040363444,6749041331296,967852
10746,6749041368556,6749042335316,966760
10747,6749042363316,6749043331483,968167
10748,6749043368465,6749044333836,965371
10749,6749044363225,6749045330003,966778
10750,6749045368299,6749046336207,967908
10751,6749046363096,6749047329301,966205
10752,6749047368208,6749048335653,967445
10753,6749048362968,6749049329580,966612
10754,6749049368099,6749050334525,966426
10755,6749050362859,6749051329044,966185
10756,6749051367952,6749052333841,965889
10757,6749052362767,6749053329509,966742
10758,6749053367898,6749054334510,966612
10759,6749054362639,6749055328714,966075
10760,6749055367770,6749056336548,968778
10761,6749056362530,6749057330382,967852
10762,6749057367604,6749058335327,967723
10763,6749058362401,6749059329254,966853
10764,6749059367532,6749060334236,966704
10765,6749060362273,6749061329070,966797
10766,6749061367441,6749062333812,966371
10767,6749062362127,6749063329035,966908
10768,6749063367257,6749064334665,967408
10769,6749064362054,6749065329962,967908
10770,6749065367166,6749066334685,967519
10771,6749066361944,6749067329056,967112
10772,6749067367093,6749068333464,966371
10773,6749068361835,6749069328798,966963
10774,6749069366928,6749070333280,966352
10775,6749070361706,6749071328355,966649
10776,6749071366837,6749072334393,967556
10777,6749072361597,6749073327616,966019
10778,6749073366764,6749074333617,966853
10779,6749074361432,6749075327877,966445
10780,6749075366599,6749076332618,966019
10781,6749076361414,6749077327934,966520
10782,6749077366471,6749078332971,966500
10783,6749078361249,6749079327583,966334
10784,6749079366361,6749080345436,979075
10785,6749080361566,6749081352474,990908
10786,6749081361492,6749082354160,992668
10787,6749082361400,6749083350901,989501
10788,6749083361383,6749084352976,991593
10789,6749084361513,6749085353551,992038
10790,6749085361365,6749086358885,997520
10791,6749086362681,6749087353089,990408
10792,6749087360978,6749088358775,997797
10793,6749088360979,6749089352961,991982
10794,6749089361017,6749090353462,992445
10795,6749090361036,6749091353111,992075
10796,6749091360981,6749092351945,990964
10797,6749092360741,6749093352316,991575
10798,6749093360871,6749094352872,992001
10799,6749094360983,6749095352484,991501
10800,6749095361002,6749096354836,993834
10801,6749096360707,6749097351152,990445
10802,6749097360615,6749098352171,991556
10803,6749098360597,6749099351450,990853
10804,6749099360505,6749100346284,985779
10805,6749100360210,6749101327359,967149
10806,6749101365173,6749102331878,966705
10807,6749102359970,6749103325823,965853
10808,6749103365045,6749104331250,966205
10809,6749104359805,6749105326621,966816
10810,6749105364936,6749106332658,967722
10811,6749106359751,6749107326159,966408
10812,6749107364863,6749108331512,966649
10813,6749108359604,6749109326327,966723
10814,6749109364698,6749110331421,966723
10815,6749110359495,6749111326199,966704
10816,6749111364625,6749112330922,966297
10817,6749112359348,6749113325478,966130
10818,6749113364497,6749114331220,966723
10819,6749114359275,6749115325424,966149
10820,6749115364350,6749116333055,968705
10821,6749116359092,6749117326407,967315
10822,6749117364296,6749118331704,967408
10823,6749118359038,6749119325594,966556
10824,6749119364168,6749120331095,966927
10825,6749120358891,6749121325781,966890
10826,6749121364058,6749122330726,966668
10827,6749122358800,6749123325523,966723
10828,6749123363930,6749124330209,966279
10829,6749124358690,6749125324913,966223
10830,6749125363746,6749126331266,967520
10831,6749126358562,6749127325489,966927
10832,6749127363729,6749128330415,966686
10833,6749128358415,6749129325268,966853
10834,6749129363564,6749130330120,966556
10835,6749130358306,6749131325047,966741
10836,6749131363436,6749132331029,967593
10837,6749132358233,6749133326141,967908
10838,6749133363345,6749134330327,966982
10839,6749134358068,6749135324568,966500
10840,6749135363272,6749136330051,966779
10841,6749136357958,6749137324366,966408
10842,6749137363070,6749138329534,966464
10843,6749138357885,6749139324349,966464
10844,6749139362979,6749140329072,966093
10845,6749140357776,6749141324517,966741
10846,6749141362888,6749142329611,966723
10847,6749142357685,6749143324315,966630
10848,6749143362741,6749144330890,968149
10849,6749144357557,6749145324242,966685
10850,6749145362668,6749146330928,968260
10851,6749146357428,6749147323522,966094
10852,6749147362559,6749148329337,966778
10853,6749148357282,6749149323912,966630
10854,6749149362412,6749150328987,966575
10855,6749150357191,6749151323673,966482
10856,6749151362302,6749152328951,966649
10857,6749152357099,6749153323804,966705
10858,6749153362174,6749154328490,966316
10859,6749154356953,6749155323250,966297
10860,6749155362027,6749156330084,968057
10861,6749156356824,6749157323455,966631
10862,6749157361973,6749158328196,966223
10863,6749158356696,6749159323012,966316
10864,6749159361827,6749160329327,967500
10865,6749160356624,6749161324013,967389
10866,6749161361717,6749162328366,966649
10867,6749162356477,6749163322848,966371
10868,6749163361663,6749164328738,967075
10869,6749164356349,6749165323053,966704
10870,6749165361498,6749166328776,967278
10871,6749166356258,6749167322999,966741
10872,6749167361351,6749168327944,966593
10873,6749168356185,6749169322538,966353
10874,6749169361278,6749170327372,966094
10875,6749170356038,6749171322354,966316
10876,6749171361187,6749172327262,966075
10877,6749172355929,6749173322337,966408
10878,6749173361078,6749174327763,966685
10879,6749174355819,6749175321801,965982
10880,6749175360931,6749176328080,967149
10881,6749176355709,6749177322506,966797
10882,6749177360840,6749178327729,966889
10883,6749178355544,6749179322008,966464
10884,6749179360730,6749180321286,960556
10885,6749180355472,6749181317176,961704
10886,6749181360583,6749182328140,967557
10887,6749182355343,6749183321826,966483
10888,6749183360529,6749184327437,966908
10889,6749184355215,6749185321623,966408
10890,6749185360364,6749186327643,967279
10891,6749186355106,6749187321569,966463
10892,6749187360217,6749188327774,967557
10893,6749188354996,6749189322441,967445
10894,6749189360108,6749190326794,966686
10895,6749190354849,6749191321183,966334
10896,6749191359998,6749192325536,965538
10897,6749192354777,6749193321444,966667
10898,6749193359870,6749194326408,966538
10899,6749194354630,6749195321075,966445
10900,6749195359760,6749196326224,966464
10901,6749196354520,6749197321262,966742
10902,6749197359651,6749198325985,966334
10903,6749198354429,6749199320874,966445
10904,6749199359578,6749200325782,966204
10905,6749200354301,6749201320579,966278
10906,6749201359413,6749202325469,966056
10907,6749202354136,6749203320544,966408
10908,6749203359303,6749204326156,966853
10909,6749204354063,6749205321175,967112
10910,6749205359193,6749206327324,968131
10911,6749206353953,6749207320436,966483
10912,6749207359084,6749208340825,981741
10913,6749208354140,6749209344270,990130
10914,6749209354215,6749210346771,992556
10915,6749210354234,6749211345198,990964
10916,6749211354068,6749212345569,991501
10917,6749212354162,6749213345773,991611
10918,6749213353959,6749214346367,992408
10919,6749214353978,6749215351256,997278
10920,6749215355238,6749216346831,991593
10921,6749216353942,6749217347536,993594
10922,6749217353832,6749218346777,992945
10923,6749218353795,6749219345537,991742
10924,6749219353704,6749220345167,991463
10925,6749220353630,6749221346038,992408
10926,6749221353612,6749222347021,993409
10927,6749222353447,6749223346484,993037
10928,6749223353484,6749224344781,991297
10929,6749224353467,6749225344004,990537
10930,6749225353356,6749226346542,993186
10931,6749226353227,6749227345154,991927
10932,6749227353172,6749228344840,991668
10933,6749228353136,6749229344322,991186
10934,6749229352933,6749230343415,990482
10935,6749230353045,6749231344231,991186
10936,6749231352860,6749232341824,988964
10937,6749232352972,6749233345288,992316
10938,6749233352880,6749234345085,992205
10939,6749234352918,6749235345104,992186
10940,6749235352771,6749236344697,991926
10941,6749236352716,6749237344272,991556
10942,6749237352809,6749238344606,991797
10943,6749238352625,6749239344366,991741
10944,6749239352533,6749240343923,991390
10945,6749240352460,6749241344460,992000
10946,6749241352423,6749242344424,992001
10947,6749242352313,6749243343869,991556
10948,6749243352406,6749244342907,990501
10949,6749244352240,6749245344315,992075
10950,6749245351963,6749246342705,990742
10951,6749246352001,6749247342483,990482
10952,6749247352076,6749248343743,991667
10953,6749248351873,6749249343355,991482
10954,6749249351948,6749250343837,991889
10955,6749250351911,6749251343116,991205
10956,6749251351875,6749252342598,990723
10957,6749252351839,6749253342136,990297
10958,6749253351543,6749254342970,991427
10959,6749254351618,6749255343545,991927
10960,6749255351748,6749256343027,991279
10961,6749256351564,6749257345083,993519
10962,6749257351472,6749258341695,990223
10963,6749258351232,6749259342862,991630
10964,6749259351566,6749260342678,991112
10965,6749260351437,6749261343864,992427
10966,6749261351234,6749262342346,991112
10967,6749262351216,6749263341291,990075
10968,6749263350958,6749264341773,990815
10969,6749264351162,6749265342774,991612
10970,6749265351052,6749266344016,992964
10971,6749266351053,6749267341979,990926
10972,6749267350998,6749268341591,990593
10973,6749268350647,6749269342296,991649
10974,6749269350870,6749270342667,991797
10975,6749270350722,6749271343038,992316
10976,6749271350704,6749272341520,990816
10977,6749272350668,6749273341984,991316
10978,6749273350354,6749274341355,991001
10979,6749274350484,6749275342781,992297
10980,6749275350726,6749276343338,992612
10981,6749276350412,6749277341949,991537
10982,6749277350338,6749278340413,990075
10983,6749278350080,6749279341599,991519
10984,6749279350247,6749280342063,991816
10985,6749280350174,6749281343452,993278
10986,6749281350026,6749282342268,992242
10987,6749282350046,6749283340509,990463
10988,6749283349713,6749284341047,991334
10989,6749284349955,6749285341918,991963
10990,6749285349992,6749286341123,991131
10991,6749286349900,6749287342290,992390
10992,6749287349809,6749288340235,990426
10993,6749288349624,6749289339625,990001
10994,6749289349643,6749290341681,992038
10995,6749290349644,6749291341237,991593
10996,6749291349515,6749292341849,992334
10997,6749292349479,6749293340480,991001
10998,6749293349276,6749294340647,991371
10999,6749294349388,6749295341685,992297
11000,6749295349407,6749296341037,991630
11001,6749296349093,6749297341871,992778
11002,6749297349242,6749298340854,991612
11003,6749298349205,6749299341910,992705
11004,6749299349077,6749300340429,991352
11005,6749300349040,6749301341800,992760
11006,6749301349004,6749302339394,990390
11007,6749302348894,6749303340691,991797
11008,6749303348894,6749304340451,991557
11009,6749304348839,6749305341470,992631
11010,6749305348785,6749306344359,995574
11011,6749306348748,6749307336286,987538
11012,6749307348619,6749308339991,991372
11013,6749308348639,6749309339436,990797
11014,6749309348510,6749310339955,991445
11015,6749310348418,6749311340252,991834
11016,6749311348382,6749312337993,989611
11017,6749312348438,6749313339976,991538
11018,6749313348216,6749314339254,991038
11019,6749314348291,6749315341070,992779
11020,6749315348144,6749316341570,993426
11021,6749316347830,6749317340219,992389
11022,6749317348034,6749318340702,992668
11023,6749318347924,6749319340739,992815
11024,6749319347906,6749320340833,992927
11025,6749320347870,6749321339074,991204
11026,6749321347815,6749322338908,991093
11027,6749322347816,6749323339409,991593
11028,6749323347742,6749324338206,990464
11029,6749324347632,6749325338929,991297
11030,6749325347651,6749326339744,992093
11031,6749326347504,6749327338578,991074
11032,6749327347430,6749328338431,991001
11033,6749328347468,6749329339006,991538
11034,6749329347450,6749330340210,992760
11035,6749330347377,6749331338229,990852
11036,6749331347285,6749332337489,990204
11037,6749332347341,6749333338305,990964
11038,6749333347138,6749334338472,991334
11039,6749334347121,6749335340566,993445
11040,6749335347010,6749336337196,990186
11041,6749336346937,6749337339030,992093
11042,6749337346956,6749338338698,991742
11043,6749338346938,6749339340346,993408
11044,6749339346754,6749340336829,990075
11045,6749340346736,6749341338237,991501
11046,6749341346681,6749342339460,992779
11047,6749342346589,6749343338331,991742
11048,6749343346590,6749344338369,991779
11049,6749344346591,6749345338351,991760
11050,6749345346499,6749346338000,991501
11051,6749346346352,6749347336186,989834
11052,6749347346334,6749348333186,986852
11053,6749348345983,6749349313891,967908
11054,6749349351039,6749350318428,967389
11055,6749350345743,6749351312781,967038
11056,6749351350966,6749352320874,969908
11057,6749352345652,6749353312653,967001
11058,6749353350745,6749354317709,966964
11059,6749354345505,6749355312302,966797
11060,6749355350654,6749356320266,969612
11061,6749356345433,6749357314822,969389
11062,6749357350526,6749358317157,966631
11063,6749358345268,6749359312491,967223
11064,6749359350379,6749360319917,969538
11065,6749360345214,6749361312548,967334
11066,6749361350288,6749362316622,966334
11067,6749362345048,6749363311790,966742
11068,6749363350142,6749364319865,969723
11069,6749364344939,6749365312625,967686
11070,6749365350051,6749366317070,967019
11071,6749366344810,6749367313719,968909
11072,6749367349978,6749368318293,968315
11073,6749368344719,6749369311553,966834
11074,6749369349813,6749370316221,966408
11075,6749370344610,6749371311203,966593
11076,6749371349703,6749372319593,969890
11077,6749372344482,6749373312334,967852
11078,6749373349630,6749374316613,966983
11079,6749374344353,6749375311817,967464
11080,6749375349502,6749376318447,968945
11081,6749376344262,6749377312133,967871
11082,6749377349411,6749378316153,966742
11083,6749378344134,6749379310283,966149
11084,6749379349246,6749380318358,969112
11085,6749380344006,6749381311655,967649
11086,6749381349155,6749382316026,966871
11087,6749382343896,6749383310489,966593
11088,6749383349027,6749384317953,968926
11089,6749384343768,6749385310639,966871
11090,6749385348935,6749386315658,966723
11091,6749386343695,6749387310455,966760
11092,6749387348844,6749388318326,969482
11093,6749388343567,6749389311346,967779
11094,6749389348716,6749390316328,967612
11095,6749390343421,6749391310143,966722
11096,6749391348588,6749392320348,971760
11097,6749392343348,6749393311460,968112
11098,6749393348441,6749394315368,966927
11099,6749394343238,6749395309887,966649
11100,6749395348332,6749396317295,968963
11101,6749396343092,6749397312185,969093
11102,6749397348203,6749398314760,966557
11103,6749398342982,6749399310816,967834
11104,6749399348094,6749400315557,967463
11105,6749400342872,6749401309206,966334
11106,6749401348003,6749402314948,966945
11107,6749402342707,6749403309226,966519
11108,6749403347874,6749404317523,969649
11109,6749404342653,6749405310154,967501
11110,6749405347765,6749406314432,966667
11111,6749406342488,6749407310377,967889
11112,6749407347674,6749408316489,968815
11113,6749408342434,6749409308823,966389
11114,6749409347564,6749410314361,966797
11115,6749410342268,6749411308936,966668
11116,6749411347399,6749412316585,969186
11117,6749412342196,6749413310048,967852
11118,6749413347326,6749414314142,966816
11119,6749414342068,6749415309846,967778
11120,6749415347198,6749416315384,968186
11121,6749416341976,6749417309681,967705
11122,6749417347088,6749418312922,965834
11123,6749418341848,6749419308405,966557
11124,6749419346923,6749420316831,969908
11125,6749420341720,6749421309350,967630
11126,6749421346869,6749422313925,967056
11127,6749422341610,6749423308130,966520
11128,6749423346722,6749424315501,968779
11129,6749424341519,6749425308390,966871
11130,6749425346631,6749426313206,966575
11131,6749426341410,6749427309244,967834
11132,6749427346522,6749428316244,969722
11133,6749428341263,6749429309023,967760
11134,6749429346412,6749430312950,966538
11135,6749430341172,6749431307710,966538
11136,6749431346284,6749432315692,969408
11137,6749432341044,6749433307600,966556
11138,6749433346193,6749434312582,966389
11139,6749434340934,6749435307416,966482
11140,6749435346064,6749436314639,968575
11141,6749436340806,6749437308288,967482
11142,6749437345992,6749438312529,966537
11143,6749438340678,6749439307012,966334
11144,6749439345808,6749440313049,967241
11145,6749440340587,6749441307198,966611
11146,6749441345735,6749442312088,966353
11147,6749442340477,6749443306737,966260
11148,6749443345589,6749444315867,970278
11149,6749444340367,6749445307109,966742
11150,6749445345479,6749446311869,966390
11151,6749446340239,6749447307073,966834
11152,6749447345388,6749448313074,967686
11153,6749448340129,6749449306537,966408
11154,6749449345260,6749450311483,966223
11155,6749450340001,6749451306743,966742
11156,6749451345132,6749452315799,970667
11157,6749452339910,6749453306355,966445
11158,6749453345003,6749454311578,966575
11159,6749454339763,6749455306357,966594
11160,6749455344894,6749456313654,968760
11161,6749456339672,6749457307006,967334
11162,6749457344840,6749458311322,966482
11163,6749458339526,6749459306174,966648
11164,6749459344693,6749460313045,968352
11165,6749460339453,6749461305972,966519
11166,6749461344565,6749462311288,966723
11167,6749462339288,6749463305807,966519
11168,6749463344455,6749464312752,968297
11169,6749464339215,6749465305753,966538
11170,6749465344327,6749466310513,966186
11171,6749466339087,6749467306847,967760
11172,6749467344254,6749468312588,968334
11173,6749468338977,6749469305682,966705
11174,6749469344089,6749470311071,966982
11175,6749470338849,6749471305479,966630
11176,6749471343998,6749472311036,967038
11177,6749472338758,6749473305592,966834
11178,6749473343888,6749474310204,966316
11179,6749474338630,6749475305297,966667
11180,6749475343760,6749476311150,967390
11181,6749476338539,6749477306187,967648
11182,6749477343650,6749478310077,966427
11183,6749478338410,6749479305226,966816
11184,6749479343504,6749480311041,967537
11185,6749480338282,6749481304653,966371
11186,6749481343450,6749482309802,966352
11187,6749482338173,6749483304636,966463
11188,6749483343340,6749484309433,966093
11189,6749484338081,6749485305045,966964
11190,6749485343193,6749486309675,966482
11191,6749486337935,6749487305584,967649
11192,6749487343158,6749488310899,967741
11193,6749488337844,6749489305955,968111
11194,6749489342974,6749490309845,966871
11195,6749490337734,6749491303957,966223
11196,6749491342864,6749492310384,967520
11197,6749492337624,6749493304495,966871
11198,6749493342755,6749494309533,966778
11199,6749494337496,6749495304293,966797
11200,6749495342626,6749496312442,969816
11201,6749496337424,6749497306091,968667
11202,6749497342572,6749498309425,966853
11203,6749498337277,6749499304129,966852
11204,6749499342407,6749500311834,969427
11205,6749500337167,6749501303705,966538
11206,6749501342279,6749502308743,966464
11207,6749502337039,6749503303984,966945
11208,6749503342169,6749504309466,967297
11209,6749504336892,6749505303374,966482
11210,6749505342041,6749506308690,966649
11211,6749506336857,6749507303431,966574
11212,6749507341969,6749508308969,967000
11213,6749508336691,6749509303322,966631
11214,6749509341803,6749510308286,966483
11215,6749510336600,6749511302657,966057
11216,6749511341712,6749512322546,980834
11217,6749512336713,6749513333306,996593
11218,6749513336899,6749514330696,993797
11219,6749514336863,6749515330697,993834
11220,6749515336752,6749516332123,995371
11221,6749516336475,6749517330624,994149
11222,6749517336624,6749518330662,994038
11223,6749518336551,6749519331385,994834
11224,6749519336514,6749520330274,993760
11225,6749520336737,6749521329719,992982
11226,6749521336423,6749522329924,993501
11227,6749522336387,6749523328665,992278
11228,6749523336314,6749524330796,994482
11229,6749524336259,6749525328130,991871
11230,6749525336185,6749526329056,992871
11231,6749526336112,6749527330705,994593
11232,6749527335816,6749528330169,994353
11233,6749528335928,6749529331781,995853
11234,6749529335947,6749530328930,992983
11235,6749530335930,6749531329356,993426
11236,6749531335912,6749532331339,995427
11237,6749532335894,6749533329228,993334
11238,6749533335691,6749534329359,993668
11239,6749534335673,6749535328396,992723
11240,6749535335581,6749536331082,995501
11241,6749536335601,6749537327250,991649
11242,6749537335472,6749538328658,993186
11243,6749538335473,6749539329918,994445
11244,6749539335140,6749540330159,995019
11245,6749540335252,6749541327549,992297
11246,6749541335271,6749542328512,993241
11247,6749542335272,6749543326272,991000
11248,6749543335106,6749544331514,996408
11249,6749544335440,6749545327774,992334
11250,6749545334996,6749546329349,994353
11251,6749546334997,6749547328664,993667
11252,6749547334961,6749548330498,995537
11253,6749548334906,6749549332277,997371
11254,6749549335721,6749550329222,993501
11255,6749550334815,6749551326260,991445
11256,6749551334686,6749552329298,994612
11257,6749552334835,6749553328076,993241
11258,6749553334595,6749554329114,994519
11259,6749554334484,6749555328115,993631
11260,6749555334485,6749556330060,995575
11261,6749556334356,6749557328060,993704
11262,6749557334338,6749558327802,993464
11263,6749558334283,6749559330543,996260
11264,6749559334321,6749560329155,994834
11265,6749560334174,6749561325915,991741
11266,6749561334100,6749562328323,994223
11267,6749562333990,6749563327787,993797
11268,6749563334009,6749564331473,997464
11269,6749564334214,6749565326455,992241
11270,6749565333863,6749566326715,992852
11271,6749566333845,6749567329531,995686
11272,6749567333734,6749568329050,995316
11273,6749568333717,6749569325180,991463
11274,6749569333662,6749570325996,992334
11275,6749570333644,6749571326960,993316
11276,6749571333515,6749572331627,998112
11277,6749572335738,6749573328276,992538
11278,6749573333424,6749574325517,992093
11279,6749574333221,6749575325722,992501
11280,6749575333370,6749576330371,997001
11281,6749576334611,6749577328556,993945
11282,6749577333223,6749578327002,993779
11283,6749578333113,6749579327484,994371
11284,6749579332928,6749580326873,993945
11285,6749580333022,6749581325967,992945
11286,6749581333041,6749582326838,993797
11287,6749582332912,6749583324765,991853
11288,6749583332820,6749584328747,995927
11289,6749584333117,6749585327340,994223
11290,6749585332692,6749586326211,993519
11291,6749586332674,6749587327267,994593
11292,6749587332675,6749588329250,996575
11293,6749588333361,6749589326121,992760
11294,6749589332454,6749590325899,993445
11295,6749590332214,6749591324141,991927
11296,6749591332363,6749592327771,995408
11297,6749592332271,6749593323346,991075
11298,6749593332253,6749594325624,993371
11299,6749594332328,6749595325033,992705
11300,6749595331958,6749596325867,993909
11301,6749596332070,6749597324756,992686
11302,6749597332052,6749598326331,994279
11303,6749598331998,6749599325943,993945
11304,6749599332147,6749600326888,994741
11305,6749600331629,6749601320889,989260
11306,6749601331852,6749602324964,993112
11307,6749602331834,6749603326075,994241
11308,6749603331668,6749604327002,995334
11309,6749604331687,6749605324651,992964
11310,6749605331595,6749606323559,991964
11311,6749606331541,6749607327041,995500
11312,6749607331467,6749608328098,996631
11313,6749608332357,6749609326376,994019
11314,6749609331413,6749610325025,993612
11315,6749610331340,6749611326100,994760
11316,6749611331211,6749612325878,994667
11317,6749612331008,6749613324194,993186
11318,6749613331157,6749614326102,994945
11319,6749614331102,6749615325121,994019
11320,6749615331029,6749616326974,995945
11321,6749616331363,6749617328104,996741
11322,6749617331826,6749618324475,992649
11323,6749618330957,6749619323661,992704
11324,6749619330902,6749620326180,995278
11325,6749620330773,6749621321829,991056
11326,6749621330681,6749622324348,993667
11327,6749622330608,6749623321794,991186
11328,6749623330516,6749624326276,995760
11329,6749624330850,6749625324777,993927
11330,6749625330462,6749626324055,993593
11331,6749626330500,6749627325167,994667
11332,6749627330130,6749628326408,996278
11333,6749628330538,6749629322687,992149
11334,6749629330261,6749630323651,993390
11335,6749630330169,6749631323818,993649
11336,6749631330207,6749632325726,995519
11337,6749632329856,6749633322764,992908
11338,6749633330097,6749634323190,993093
11339,6749634330005,6749635322043,992038
11340,6749635329839,6749636325025,995186
11341,6749636329840,6749637323396,993556
11342,6749637329600,6749638322064,992464
11343,6749638329842,6749639322953,993111
11344,6749639329676,6749640325843,996167
11345,6749640330287,6749641322418,992131
11346,6749641329547,6749642322956,993409
11347,6749642329493,6749643324864,995371
11348,6749643329345,6749644324753,995408
11349,6749644329420,6749645321773,992353
11350,6749645329310,6749646321625,992315
11351,6749646329347,6749647325107,995760
11352,6749647329070,6749648317590,988520
11353,6749648328997,6749649320572,991575
11354,6749649329164,6749650322202,993038
11355,6749650329073,6749651321999,992926
11356,6749651329092,6749652325518,996426
11357,6749652329278,6749653320038,990760
11358,6749653328834,6749654321724,992890
11359,6749654328779,6749655321724,992945
11360,6749655328780,6749656323892,995112
11361,6749656328688,6749657324707,996019
11362,6749657329152,6749658322189,993037
11363,6749658328597,6749659321635,993038
11364,6749659328709,6749660317987,989278
11365,6749660328228,6749661295969,967741
11366,6749661333173,6749662300748,967575
11367,6749662327989,6749663295304,967315
11368,6749663333138,6749664299897,966759
11369,6749664327823,6749665294750,966927
11370,6749665332935,6749666299732,966797
11371,6749666327714,6749667295696,967982
11372,6749667332807,6749668299734,966927
11373,6749668327641,6749669294716,967075
11374,6749669332734,6749670299531,966797
11375,6749670327476,6749671294366,966890
11376,6749671332606,6749672298829,966223
11377,6749672327403,6749673294126,966723
11378,6749673332497,6749674299516,967019
11379,6749674327257,6749675294350,967093
11380,6749675332424,6749676299165,966741
11381,6749676327128,6749677293796,966668
11382,6749677332259,6749678299371,967112
11383,6749678327037,6749679293853,966816
11384,6749679332149,6749680298335,966186
11385,6749680326965,6749681294039,967074
11386,6749681332039,6749682298744,966705
11387,6749682326781,6749683293893,967112
11388,6749683331930,6749684298023,966093
11389,6749684326671,6749685293542,966871
11390,6749685331802,6749686298691,966889
11391,6749686326580,6749687296933,970353
11392,6749687331711,6749688298878,967167
11393,6749688326452,6749689293730,967278
11394,6749689331564,6749690298527,966963
11395,6749690326324,6749691293269,966945
11396,6749691331454,6749692298307,966853
11397,6749692326233,6749693293382,967149
11398,6749693331345,6749694298586,967241
11399,6749694326123,6749695292327,966204
11400,6749695331253,6749696297810,966557
11401,6749696325995,6749697292792,966797
11402,6749697331125,6749698297959,966834
11403,6749698325848,6749699292830,966982
11404,6749699330867,6749700298201,967334
11405,6749700325850,6749701292721,966871
11406,6749701330887,6749702297425,966538
11407,6749702325684,6749703292315,966631
11408,6749703330778,6749704297408,966630
11409,6749704325538,6749705292501,966963
11410,6749705330650,6749706297372,966722
11411,6749706325410,6749707292077,966667
11412,6749707330540,6749708297429,966889
11413,6749708325318,6749709292189,966871
11414,6749709330430,6749710297301,966871
11415,6749710325172,6749711292117,966945
11416,6749711330284,6749712298581,968297
11417,6749712325081,6749713293155,968074
11418,6749713330192,6749714296749,966557
11419,6749714324934,6749715291601,966667
11420,6749715330064,6749716297824,967760
11421,6749716324824,6749717291658,966834
11422,6749717329955,6749718296252,966297
11423,6749718324733,6749719291530,966797
11424,6749719329882,6749720296346,966464
11425,6749720324623,6749721291531,966908
11426,6749721329772,6749722296736,966964
11427,6749722324514,6749723291163,966649
11428,6749723329607,6749724295997,966390
11429,6749724324423,6749725291257,966834
11430,6749725329516,6749726296294,966778
11431,6749726324257,6749727291369,967112
11432,6749727329406,6749728298240,968834
11433,6749728324148,6749729292111,967963
11434,6749729329241,6749730295982,966741
11435,6749730324075,6749731290705,966630
11436,6749731329131,6749732296688,967557
11437,6749732323910,6749733291059,967149
11438,6749733329059,6749734295800,966741
11439,6749734323800,6749735291023,967223
11440,6749735328931,6749736294987,966056
11441,6749736323691,6749737290469,966778
11442,6749737328784,6749738296377,967593
11443,6749738323581,6749739290396,966815
11444,6749739328656,6749740294897,966241
11445,6749740323453,6749741289990,966537
11446,6749741328565,6749742295436,966871
11447,6749742323343,6749743289862,966519
11448,6749743328473,6749744294659,966186
11449,6749744323215,6749745290142,966927
11450,6749745328364,6749746294976,966612
11451,6749746323087,6749747289624,966537
11452,6749747328217,6749748295496,967279
11453,6749748323051,6749749289756,966705
11454,6749749328107,6749750294997,966890
11455,6749750322867,6749751289535,966668
11456,6749751327998,6749752293906,965908
11457,6749752322739,6749753289592,966853
11458,6749753327870,6749754294518,966648
11459,6749754322648,6749755289445,966797
11460,6749755327778,6749756295520,967742
11461,6749756322557,6749757290447,967890
11462,6749757327687,6749758294651,966964
11463,6749758322429,6749759288967,966538
11464,6749759327522,6749760302023,974501
11465,6749760323097,6749761320505,997408
11466,6749761323968,6749762316709,992741
11467,6749762322709,6749763314210,991501
11468,6749763322692,6749764315989,993297
11469,6749764322581,6749765314045,991464
11470,6749765322526,6749766315509,992983
11471,6749766322509,6749767317269,994760
11472,6749767322306,6749768324177,1001871
11473,6749768328473,6749769321178,992705
11474,6749769324678,6749770318549,993871
11475,6749770322586,6749771314494,991908
11476,6749771322142,6749772309143,987001
11477,6749772321828,6749773288699,966871
11478,6749773326866,6749774294311,967445
11479,6749774321552,6749775289034,967482
11480,6749775326663,6749776293571,966908
11481,6749776321386,6749777288665,967279
11482,6749777326572,6749778295777,969205
11483,6749778321332,6749779288296,966964
11484,6749779326426,6749780293000,966574
11485,6749780321223,6749781288371,967148
11486,6749781326316,6749782293557,967241
11487,6749782321057,6749783288262,967205
11488,6749783326225,6749784293207,966982
11489,6749784320966,6749785287874,966908
11490,6749785326097,6749786293301,967204
11491,6749786320857,6749787288154,967297
11492,6749787325931,6749788295265,969334
11493,6749788320728,6749789289229,968501
11494,6749789325859,6749790293267,967408
11495,6749790320637,6749791287693,967056
11496,6749791325749,6749792292379,966630
11497,6749792320528,6749793287510,966982
11498,6749793325621,6749794292918,967297
11499,6749794320399,6749795287548,967149
11500,6749795325511,6749796292105,966594
11501,6749796320290,6749797289031,968741
11502,6749797325383,6749798292995,967612
11503,6749798320180,6749799287533,967353
11504,6749799325310,6749800293607,968297
11505,6749800320070,6749801288516,968446
11506,6749801325201,6749802292498,967297
11507,6749802319942,6749803287128,967186
11508,6749803325073,6749804293444,968371
11509,6749804319851,6749805288185,968334
11510,6749805324963,6749806291890,966927
11511,6749806319667,6749807287242,967575
11512,6749807324835,6749808293873,969038
11513,6749808319595,6749809288095,968500
11514,6749809324725,6749810291337,966612
11515,6749810319448,6749811286486,967038
11516,6749811324560,6749812292709,968149
11517,6749812319338,6749813287561,968223
11518,6749813324487,6749814291673,967186
11519,6749814319247,6749815286415,967168
11520,6749815324359,6749816292360,968001
11521,6749816319156,6749817286953,967797
11522,6749817324268,6749818291472,967204
11523,6749818318972,6749819285881,966909
11524,6749819324121,6749820292918,968797
11525,6749820318900,6749821286660,967760
11526,6749821324049,6749822290920,966871
11527,6749822318790,6749823285754,966964
11528,6749823323883,6749824292236,968353
11529,6749824318680,6749825285903,967223
11530,6749825323755,6749826290756,967001
11531,6749826318589,6749827285257,966668
11532,6749827323664,6749828291387,967723
11533,6749828318498,6749829285462,966964
11534,6749829323573,6749830290592,967019
11535,6749830318333,6749831285019,966686
11536,6749831323426,6749832291446,968020
11537,6749832318223,6749833286057,967834
11538,6749833323317,6749834290040,966723
11539,6749834318095,6749835284763,966668
11540,6749835323207,6749836290856,967649
11541,6749836317985,6749837284727,966742
11542,6749837323190,6749838290968,967778
11543,6749838317894,6749839284747,966853
11544,6749839322969,6749840290914,967945
11545,6749840317785,6749841285767,967982
11546,6749841322897,6749842289934,967037
11547,6749842317619,6749843284694,967075
11548,6749843322750,6749844290491,967741
11549,6749844317528,6749845284770,967242
11550,6749845322640,6749846289511,966871
11551,6749846317419,6749847284216,966797
11552,6749847322531,6749848291679,969148
11553,6749848317309,6749849285125,967816
11554,6749849322421,6749850289236,966815
11555,6749850317181,6749851283996,966815
11556,6749851322274,6749852290219,967945
11557,6749852317090,6749853284942,967852
11558,6749853322202,6749854289073,966871
11559,6749854316943,6749855284018,967075
11560,6749855322073,6749856290278,968205
11561,6749856316852,6749857284945,968093
11562,6749857321964,6749858290242,968278
11563,6749858316687,6749859283613,966926
11564,6749859321873,6749860289373,967500
11565,6749860316614,6749861283707,967093
11566,6749861321744,6749862288486,966742
11567,6749862316523,6749863283468,966945
11568,6749863321598,6749864289617,968019
11569,6749864316376,6749865284895,968519
11570,6749865321507,6749866288748,967241
11571,6749866316267,6749867283249,966982
11572,6749867321378,6749868289990,968612
11573,6749868316194,6749869283084,966890
11574,6749869321269,6749870288529,967260
11575,6749870316029,6749871282529,966500
11576,6749871321178,6749872289178,968000
11577,6749872315956,6749873283994,968038
11578,6749873321068,6749874287976,966908
11579,6749874315809,6749875282736,966927
11580,6749875320921,6749876288366,967445
11581,6749876315700,6749877282830,967130
11582,6749877320867,6749878288183,967316
11583,6749878315609,6749879282646,967037
11584,6749879320683,6749880288795,968112
11585,6749880315499,6749881282963,967464
11586,6749881320611,6749882287463,966852
11587,6749882315352,6749883282168,966816
11588,6749883320501,6749884297502,977001
11589,6749884315539,6749885307058,991519
11590,6749885315614,6749886307670,992056
11591,6749886315596,6749887307060,991464
11592,6749887315578,6749888308857,993279
11593,6749888315246,6749889305820,990574
11594,6749889315320,6749890309636,994316
11595,6749890315284,6749891308914,993630
11596,6749891315285,6749892308137,992852
11597,6749892315415,6749893309731,994316
11598,6749893314879,6749894305787,990908
11599,6749894315102,6749895309436,994334
11600,6749895314991,6749896306937,991946
11601,6749896315029,6749897306845,991816
11602,6749897314900,6749898308049,993149
11603,6749898314623,6749899305216,990593
11604,6749899314865,6749900304180,989315
11605,6749900314551,6749901282107,967556
11606,6749901319514,6749902286404,966890
11607,6749902314256,6749903281071,966815
11608,6749903319331,6749904285572,966241
11609,6749904314109,6749905280980,966871
11610,6749905319239,6749906286277,967038
11611,6749906313962,6749907281093,967131
11612,6749907319130,6749908287575,968445
11613,6749908313945,6749909281039,967094
11614,6749909319002,6749910285928,966926
11615,6749910313762,6749911280744,966982
11616,6749911318910,6749912285652,966742
11617,6749912313615,6749913280560,966945
11618,6749913318782,6749914285524,966742
11619,6749914313524,6749915280469,966945
11620,6749915318636,6749916285284,966648
11621,6749916313470,6749917280118,966648
11622,6749917318563,6749918286508,967945
11623,6749918313286,6749919280175,966889
11624,6749919318416,6749920284565,966149
11625,6749920313213,6749921280010,966797
11626,6749921318307,6749922285252,966945
11627,6749922313085,6749923279826,966741
11628,6749923318215,6749924285012,966797
11629,6749924312994,6749925279698,966704
11630,6749925318106,6749926284995,966889
11631,6749926312847,6749927279644,966797
11632,6749927317959,6749928284478,966519
11633,6749928312738,6749929279720,966982
11634,6749929317886,6749930284628,966742
11635,6749930312591,6749931279610,967019
11636,6749931317740,6749932284815,967075
11637,6749932312518,6749933279612,967094
11638,6749933317667,6749934284279,966612
11639,6749934312372,6749935278983,966611
11640,6749935317520,6749936285447,967927
11641,6749936312262,6749937280281,968019
11642,6749937317411,6749938285782,968371
11643,6749938312208,6749939278912,966704
11644,6749939317283,6749940284691,967408
11645,6749940312061,6749941279247,967186
11646,6749941317191,6749942284377,967186
11647,6749942311951,6749943278841,966890
11648,6749943317063,6749944283471,966408
11649,6749944311823,6749945278583,966760
11650,6749945316935,6749946283769,966834
11651,6749946311695,6749947278714,967019
11652,6749947316825,6749948285215,968390
11653,6749948311585,6749949278457,966872
11654,6749949316679,6749950283587,966908
11655,6749950311420,6749951278643,967223
11656,6749951316569,6749952283236,966667
11657,6749952311348,6749953278108,966760
11658,6749953316459,6749954283164,966705
11659,6749954311238,6749955278090,966852
11660,6749955316350,6749956284610,968260
11661,6749956311091,6749957279166,968075
11662,6749957316259,6749958284074,967815
11663,6749958310945,6749959277797,966852
11664,6749959316075,6749960283502,967427
11665,6749960310853,6749961277762,966909
11666,6749961315984,6749962282910,966926
11667,6749962310725,6749963277633,966908
11668,6749963315837,6749964283375,967538
11669,6749964310597,6749965277598,967001
11670,6749965315764,6749966282561,966797
11671,6749966310487,6749967277007,966520
11672,6749967315618,6749968282211,966593
11673,6749968310396,6749969277193,966797
11674,6749969315490,6749970282787,967297
11675,6749970310268,6749971277213,966945
11676,6749971315361,6749972282955,967594
11677,6749972310158,6749973278122,967964
11678,6749973315289,6749974282086,966797
11679,6749974310012,6749975276938,966926
11680,6749975315161,6749976283013,967852
11681,6749976309976,6749977276718,966742
11682,6749977315107,6749978282885,967778
11683,6749978309811,6749979276071,966260
11684,6749979314941,6749980282794,967853
11685,6749980309701,6749981277683,967982
11686,6749981314832,6749982281518,966686
11687,6749982309573,6749983276240,966667
11688,6749983314685,6749984282038,967353
11689,6749984309500,6749985276205,966705
11690,6749985314649,6749986280872,966223
11691,6749986309335,6749987275910,966575
11692,6749987314503,6749988282540,968037
11693,6749988309263,6749989275986,966723
11694,6749989314356,6749990281116,966760
11695,6749990309116,6749991275931,966815
11696,6749991314246,6749992280710,966464
11697,6749992309006,6749993275951,966945
11698,6749993314174,6749994280878,966704
11699,6749994308934,6749995275675,966741
11700,6749995314027,6749996280657,966630
11701,6749996308806,6749997275621,966815
11702,6749997313917,6749998281807,967890
11703,6749998308659,6749999275678,967019
11704,6749999313808,6750000281290,967482
11705,6750000308586,6750001276698,968112
11706,6750001313698,6750002280551,966853
11707,6750002308458,6750003275311,966853
11708,6750003313570,6750004280904,967334
11709,6750004308348,6750005275312,966964
11710,6750005313479,6750006280535,967056
11711,6750006308220,6750007275184,966964
11712,6750007313351,6750008293462,980111
11713,6750008308648,6750009305945,997297
11714,6750009310019,6750010304242,994223
11715,6750010308612,6750011304779,996167
11716,6750011308372,6750012303965,995593
11717,6750012308447,6750013302577,994130
11718,6750013308281,6750014304467,996186
11719,6750014308282,6750015300060,991778
11720,6750015308190,6750016311839,1003649
11721,6750016315635,6750017312913,997278
11722,6750017316913,6750018314747,997834
11723,6750018317618,6750019311822,994204
11724,6750019315174,6750020309045,993871
11725,6750020313304,6750021309342,996038
11726,6750021313231,6750022306954,993723
11727,6750022310621,6750023306158,995537
11728,6750023309825,6750024305122,995297
11729,6750024309715,6750025301586,991871
11730,6750025307678,6750026303624,995946
11731,6750026307624,6750027304106,996482
11732,6750027308291,6750028303884,995593
11733,6750028308532,6750029302848,994316
11734,6750029307367,6750030299701,992334
11735,6750030307367,6750031302257,994890
11736,6750031307201,6750032306295,999094
11737,6750032310313,6750033305684,995371
11738,6750033309647,6750034306352,996705
11739,6750034310092,6750035307038,996946
11740,6750035310630,6750036309353,998723
11741,6750036313316,6750037313187,999871
11742,6750037316576,6750038310225,993649
11743,6750038313447,6750039309874,996427
11744,6750039313578,6750040309541,995963
11745,6750040313763,6750041308894,995131
11746,6750041312301,6750042308209,995908
11747,6750042312098,6750043306062,993964
11748,6750043309599,6750044304192,994593
11749,6750044308470,6750045303545,995075
11750,6750045307286,6750046303620,996334
11751,6750046306286,6750047300602,994316
11752,6750047306454,6750048301491,995037
11753,6750048306343,6750049307233,1000890
11754,6750049310992,6750050307067,996075
11755,6750050311011,6750051304679,993668
11756,6750051308142,6750052302957,994815
11757,6750052307383,6750053303884,996501
11758,6750053307810,6750054302051,994241
11759,6750054305866,6750055301793,995927
11760,6750055305848,6750056302182,996334
11761,6750056306275,6750057300054,993779
11762,6750057305720,6750058301795,996075
11763,6750058305777,6750059301703,995926
11764,6750059305685,6750060302222,996537
11765,6750060305722,6750061301797,996075
11766,6750061305575,6750062302002,996427
11767,6750062305909,6750063300799,994890
11768,6750063305354,6750064298373,993019
11769,6750064305411,6750065300856,995445
11770,6750065305282,6750066299653,994371
11771,6750066305153,6750067300283,995130
11772,6750067305190,6750068299191,994001
11773,6750068305173,6750069299544,994371
11774,6750069305081,6750070300859,995778
11775,6750070305193,6750071302804,997611
11776,6750071306582,6750072301157,994575
11777,6750072304879,6750073300843,995964
11778,6750073304899,6750074297788,992889
11779,6750074304862,6750075301141,996279
11780,6750075305030,6750076302808,997778
11781,6750076306086,6750077302624,996538
11782,6750077306383,6750078300402,994019
11783,6750078304513,6750079301107,996594
11784,6750079304847,6750080298904,994057
11785,6750080304496,6750081300127,995631
11786,6750081304386,6750082298942,994556
11787,6750082304294,6750083299980,995686
11788,6750083304258,6750084295351,991093
11789,6750084304369,6750085300296,995927
11790,6750085304315,6750086300649,996334
11791,6750086304593,6750087300686,996093
11792,6750087304983,6750088300169,995186
11793,6750088304613,6750089302781,998168
11794,6750089306651,6750090300300,993649
11795,6750090303892,6750091299319,995427
11796,6750091303893,6750092297283,993390
11797,6750092303838,6750093303265,999427
11798,6750093307006,6750094304062,997056
11799,6750094308136,6750095305026,996890
11800,6750095308933,6750096301971,993038
11801,6750096306008,6750097298249,992241
11802,6750097303490,6750098298454,994964
11803,6750098303417,6750099301084,997667
11804,6750099304491,6750100303233,998742
11805,6750100305863,6750101301086,995223
11806,6750101304326,6750102299957,995631
11807,6750102303457,6750103298587,995130
11808,6750103303180,6750104296958,993778
11809,6750104303051,6750105298922,995871
11810,6750105303070,6750106299071,996001
11811,6750106302774,6750107296942,994168
11812,6750107302886,6750108299091,996205
11813,6750108303387,6750109300758,997371
11814,6750109304814,6750110301222,996408
11815,6750110305259,6750111301167,995908
11816,6750111304871,6750112297705,992834
11817,6750112302575,6750113297928,995353
11818,6750113302631,6750114298836,996205
11819,6750114302373,6750115298022,995649
11820,6750115302448,6750116297337,994889
11821,6750116302485,6750117299023,996538
11822,6750117302653,6750118299802,997149
11823,6750118303376,6750119301099,997723
11824,6750119305006,6750120299099,994093
11825,6750120303044,6750121298526,995482
11826,6750121302359,6750122298212,995853
11827,6750122302064,6750123296250,994186
11828,6750123301990,6750124295658,993668
11829,6750124302028,6750125298214,996186
11830,6750125302159,6750126298789,996630
11831,6750126302882,6750127299197,996315
11832,6750127303271,6750128297642,994371
11833,6750128301698,6750129296754,995056
11834,6750129301698,6750130297607,995909
11835,6750130301588,6750131298033,996445
11836,6750131301830,6750132295756,993926
11837,6750132301460,6750133297442,995982
11838,6750133301387,6750134293276,991889
11839,6750134301424,6750135299925,998501
11840,6750135304277,6750136301630,997353
11841,6750136306296,6750137303482,997186
11842,6750137307704,6750138303538,995834
11843,6750138307742,6750139300539,992797
11844,6750139304891,6750140296077,991186
11845,6750140300984,6750141268226,967242
11846,6750141305781,6750142272430,966649
11847,6750142300467,6750143267005,966538
11848,6750143305616,6750144271950,966334
11849,6750144300339,6750145266580,966241
11850,6750145305525,6750146271229,965704
11851,6750146300266,6750147266600,966334
11852,6750147305341,6750148272935,967594
11853,6750148300157,6750149269139,968982
11854,6750149305269,6750150272010,966741
11855,6750150299992,6750151266177,966185
11856,6750151305122,6750152272234,967112
11857,6750152299900,6750153266327,966427
11858,6750153304975,6750154271346,966371
11859,6750154299791,6750155265810,966019
11860,6750155304903,6750156272255,967352
11861,6750156299700,6750157266663,966963
11862,6750157304774,6750158271164,966390
11863,6750158299571,6750159265868,966297
11864,6750159304665,6750160272091,967426
11865,6750160299443,6750161266648,967205
11866,6750161304592,6750162271389,966797
11867,6750162299278,6750163265668,966390
11868,6750163304501,6750164271946,967445
11869,6750164299205,6750165265725,966520
11870,6750165304336,6750166270448,966112
11871,6750166299059,6750167265393,966334
11872,6750167304208,6750168272023,967815
11873,6750168298986,6750169266802,967816
11874,6750169304135,6750170270469,966334
11875,6750170298895,6750171265210,966315
11876,6750171303988,6750172271322,967334
11877,6750172298767,6750173266360,967593
11878,6750173303897,6750174270416,966519
11879,6750174298620,6750175265121,966501
11880,6750175303769,6750176270529,966760
11881,6750176298529,6750177265085,966556
11882,6750177303604,6750178270160,966556
11883,6750178298401,6750179265661,967260
11884,6750179303568,6750180270921,967353
11885,6750180298291,6750181265996,967705
11886,6750181303403,6750182270070,966667
11887,6750182298181,6750183264386,966205
11888,6750183303293,6750184270035,966742
11889,6750184298072,6750185264128,966056
11890,6750185303202,6750186269610,966408
11891,6750186297925,6750187264444,966519
11892,6750187303055,6750188269427,966372
11893,6750188297871,6750189265131,967260
11894,6750189302983,6750190269169,966186
11895,6750190297724,6750191263484,965760
11896,6750191302855,6750192269207,966352
11897,6750192297615,6750193264264,966649
11898,6750193302764,6750194269005,966241
11899,6750194297486,6750195263672,966186
11900,6750195302598,6750196271025,968427
11901,6750196297395,6750197264526,967131
11902,6750197302526,6750198269119,966593
11903,6750198297249,6750199264805,967556
11904,6750199302398,6750200269250,966852
11905,6750200297158,6750201263769,966611
11906,6750201302269,6750202268863,966594
11907,6750202297066,6750203264049,966983
11908,6750203302160,6750204264105,961945
11909,6750204302086,6750205254180,952094
11910,6750205302050,6750206268143,966093
11911,6750206296829,6750207263237,966408
11912,6750207301940,6750208267700,965760
11913,6750208296700,6750209263812,967112
11914,6750209301831,6750210268183,966352
11915,6750210296572,6750211263054,966482
11916,6750211301703,6750212269333,967630
11917,6750212296518,6750213263889,967371
11918,6750213301556,6750214267982,966426
11919,6750214296334,6750215262483,966149
11920,6750215301483,6750216268984,967501
11921,6750216296243,6750217263744,967501
11922,6750217301355,6750218267319,965964
11923,6750218296097,6750219262579,966482
11924,6750219301301,6750220268672,967371
11925,6750220296024,6750221263154,967130
11926,6750221301117,6750222267748,966631
11927,6750222295877,6750223262211,966334
11928,6750223301026,6750224267730,966704
11929,6750224295805,6750225262324,966519
11930,6750225300879,6750226267213,966334
11931,6750226295658,6750227261862,966204
11932,6750227300770,6750228266863,966093
11933,6750228295530,6750229262530,967000
11934,6750229300660,6750230267124,966464
11935,6750230295439,6750231261921,966482
11936,6750231300587,6750232266792,966205
11937,6750232295347,6750233261848,966501
11938,6750233300422,6750234266923,966501
11939,6750234295201,6750235261590,966389
11940,6750235300331,6750236266406,966075
11941,6750236295128,6750237261629,966501
11942,6750237300221,6750238266500,966279
11943,6750238294963,6750239262167,967204
11944,6750239300093,6750240267242,967149
11945,6750240294872,6750241262058,967186
11946,6750241300002,6750242266447,966445
11947,6750242294744,6750243261170,966426
11948,6750243299855,6750244267078,967223
11949,6750244294671,6750245261005,966334
11950,6750245299764,6750246266061,966297
11951,6750246294506,6750247260932,966426
11952,6750247299655,6750248267118,967463
11953,6750248294433,6750249262841,968408
11954,6750249299526,6750250265916,966390
11955,6750250294286,6750251260102,965816
11956,6750251299398,6750252266399,967001
11957,6750252294177,6750253261752,967575
11958,6750253299307,6750254265826,966519
11959,6750254294049,6750255260457,966408
11960,6750255299216,6750256277346,978130
11961,6750256294402,6750257292106,997704
11962,6750257294829,6750258288348,993519
11963,6750258294385,6750259287830,993445
11964,6750259294237,6750260286460,992223
11965,6750260294257,6750261288702,994445
11966,6750261294109,6750262287017,992908
11967,6750262294203,6750263287833,993630
11968,6750263294055,6750264288130,994075
11969,6750264294093,6750265284279,990186
11970,6750265293964,6750266288428,994464
11971,6750266293928,6750267288577,994649
11972,6750267293836,6750268288281,994445
11973,6750268293800,6750269289745,995945
11974,6750269293708,6750270286171,992463
11975,6750270293653,6750271288117,994464
11976,6750271293598,6750272287284,993686
11977,6750272293599,6750273286211,992612
11978,6750273293433,6750274288859,995426
11979,6750274293415,6750275286712,993297
11980,6750275293305,6750276286657,993352
11981,6750276293472,6750277286565,993093
11982,6750277293213,6750278286659,993446
11983,6750278293251,6750279289233,995982
11984,6750279293252,6750280289142,995890
11985,6750280292993,6750281285105,992112
11986,6750281292994,6750282286606,993612
11987,6750282292995,6750283286292,993297
11988,6750283293070,6750284285700,992630
11989,6750284292867,6750285287404,994537
11990,6750285292756,6750286287276,994520
11991,6750286292739,6750287286813,994074
11992,6750287292684,6750288285759,993075
11993,6750288292629,6750289287963,995334
11994,6750289292370,6750290285353,992983
11995,6750290292501,6750291285872,993371
11996,6750291292372,6750292286632,994260
11997,6750292292354,6750293286410,994056
11998,6750293292299,6750294283059,990760
11999,6750294292096,6750295285727,993631
12000,6750295292264,6750296285709,993445
12001,6750296292190,6750297287839,995649
12002,6750297292154,6750298285803,993649
12003,6750298292044,6750299285989,993945
12004,6750299291822,6750300285082,993260
12005,6750300291934,6750301285157,993223
12006,6750301291861,6750302284621,992760
12007,6750302291824,6750303283418,991594
12008,6750303291732,6750304284122,992390
12009,6750304291418,6750305282901,991483
12010,6750305291382,6750306257938,966556
12011,6750306296383,6750307262050,965667
12012,6750307291050,6750308254458,963408
12013,6750308296014,6750309247589,951575
12014,6750309295811,6750310246126,950315
12015,6750310295775,6750311245997,950222
12016,6750311295683,6750312247572,951889
12017,6750312295646,6750313245888,950242
12018,6750313295573,6750314246037,950464
12019,6750314295500,6750315245667,950167
12020,6750315295426,6750316249408,953982
12021,6750316295409,6750317245705,950296
12022,6750317295335,6750318245151,949816
12023,6750318295280,6750319245448,950168
12024,6750319295207,6750320246134,950927
12025,6750320295171,6750321245301,950130
12026,6750321295134,6750322245413,950279
12027,6750322295043,6750323244895,949852
12028,6750323294969,6750324245692,950723
12029,6750324294914,6750325245341,950427
12030,6750325294878,6750326245027,950149
12031,6750326294805,6750327244787,949982
12032,6750327294787,6750328245584,950797
12033,6750328294714,6750329245751,951037
12034,6750329294622,6750330244826,950204
12035,6750330294567,6750331244568,950001
12036,6750331294512,6750332247587,953075
12037,6750332294476,6750333244421,949945
12038,6750333294384,6750334244496,950112
12039,6750334294366,6750335244496,950130
12040,6750335294293,6750336245219,950926
12041,6750336294275,6750337244405,950130
12042,6750337294165,6750338244610,950445
12043,6750338294110,6750339243999,949889
12044,6750339294073,6750340244815,950742
12045,6750340294000,6750341244019,950019
12046,6750341293927,6750342243946,950019
12047,6750342293890,6750343243891,950001
12048,6750343293854,6750344244595,950741
12049,6750344293762,6750345243504,949742
12050,6750345293726,6750346243930,950204
12051,6750346293653,6750347243727,950074
12052,6750347293579,6750348244080,950501
12053,6750348293524,6750349243914,950390
12054,6750349293488,6750350243729,950241
12055,6750350293452,6750351243508,950056
12056,6750351293360,6750352244212,950852
12057,6750352293287,6750353243361,950074
12058,6750353293269,6750354243214,949945
12059,6750354293214,6750355243122,949908
12060,6750355293141,6750356243678,950537
12061,6750356293104,6750357242920,949816
12062,6750357293031,6750358243106,950075
12063,6750358292995,6750359242977,949982
12064,6750359292903,6750360243811,950908
12065,6750360292885,6750361242775,949890
12066,6750361292775,6750362243090,950315
12067,6750362292738,6750363242572,949834
12068,6750363292776,6750364243777,951001
12069,6750364292666,6750365242777,950111
12070,6750365292592,6750366242574,949982
12071,6750366292537,6750367242649,950112
12072,6750367292446,6750368243243,950797
12073,6750368292428,6750369242466,950038
12074,6750369292336,6750370242300,949964
12075,6750370292281,6750371242226,949945
12076,6750371292208,6750372243357,951149
12077,6750372292190,6750373242357,950167
12078,6750373292135,6750374241969,949834
12079,6750374292025,6750375242100,950075
12080,6750375291988,6750376242785,950797
12081,6750376291989,6750377242231,950242
12082,6750377291897,6750378241805,949908
12083,6750378291824,6750379241565,949741
12084,6750379291769,6750380247251,955482
12085,6750380291770,6750381242030,950260
12086,6750381291641,6750382241753,950112
12087,6750382291605,6750383241939,950334
12088,6750383291568,6750384242754,951186
12089,6750384291495,6750385258273,966778
12090,6750385286551,6750386251496,964945
12091,6750386291737,6750387256534,964797
12092,6750387286534,6750388253239,966705
12093,6750388291628,6750389256462,964834
12094,6750389286406,6750390250610,964204
12095,6750390291499,6750391255111,963612
12096,6750391286259,6750392251890,965631
12097,6750392291427,6750393254946,963519
12098,6750393292761,6750394256039,963278
12099,6750394286113,6750395249170,963057
12100,6750395291244,6750396254818,963574
12101,6750396292170,6750397274967,982797
12102,6750397286356,6750398279709,993353
12103,6750398286357,6750399279784,993427
12104,6750399286210,6750400277914,991704
12105,6750400286525,6750401279137,992612
12106,6750401286211,6750402277304,991093
12107,6750402286064,6750403277750,991686
12108,6750403286157,6750404277343,991186
12109,6750404286010,6750405278121,992111
12110,6750405285936,6750406279937,994001
12111,6750406285844,6750407277604,991760
12112,6750407285975,6750408279475,993500
12113,6750408285679,6750409277624,991945
12114,6750409285717,6750410278088,992371
12115,6750410285569,6750411277144,991575
12116,6750411285552,6750412279201,993649
12117,6750412285534,6750413277998,992464
12118,6750413285516,6750414280109,994593
12119,6750414285387,6750415276832,991445
12120,6750415285629,6750416277611,991982
12121,6750416285296,6750417278704,993408
12122,6750417285186,6750418277168,991982
12123,6750418285186,6750419278946,993760
12124,6750419285057,6750420276892,991835
12125,6750420285058,6750421276744,991686
12126,6750421285022,6750422276245,991223
12127,6750422285004,6750423279023,994019
12128,6750423284820,6750424276246,991426
12129,6750424284894,6750425278136,993242
12130,6750425284710,6750426276692,991982
12131,6750426284785,6750427278063,993278
12132,6750427284582,6750428275471,990889
12133,6750428284786,6750429277935,993149
12134,6750429284472,6750430277510,993038
12135,6750430284491,6750431276233,991742
12136,6750431284474,6750432275085,990611
12137,6750432284456,6750433278605,994149
12138,6750433284234,6750434277217,992983
12139,6750434284328,6750435275958,991630
12140,6750435284180,6750436276107,991927
12141,6750436284199,6750437278422,994223
12142,6750437284034,6750438275590,991556
12143,6750438284071,6750439276387,992316
12144,6750439283924,6750440271795,987871
12145,6750440283591,6750441249722,966131
12146,6750441288536,6750442254815,966279
12147,6750442283389,6750443250297,966908
12148,6750443288519,6750444256464,967945
12149,6750444283279,6750445250447,967168
12150,6750445288410,6750446255133,966723
12151,6750446283151,6750447249893,966742
12152,6750447288263,6750448257004,968741
12153,6750448283041,6750449249764,966723
12154,6750449288135,6750450256636,968501
12155,6750450282913,6750451249636,966723
12156,6750451287988,6750452256767,968779
12157,6750452282822,6750453249527,966705
12158,6750453287953,6750454254675,966722
12159,6750454282638,6750455249139,966501
12160,6750455287806,6750456255584,967778
12161,6750456282566,6750457249178,966612
12162,6750457287733,6750458254438,966705
12163,6750458282438,6750459248994,966556
12164,6750459287512,6750460255439,967927
12165,6750460282347,6750461248995,966648
12166,6750461287458,6750462254311,966853
12167,6750462282181,6750463248682,966501
12168,6750463287367,6750464254590,967223
12169,6750464282127,6750465248832,966705
12170,6750465287258,6750466254055,966797
12171,6750466281925,6750467248592,966667
12172,6750467287111,6750468254778,967667
12173,6750468281871,6750469248427,966556
12174,6750469287020,6750470254539,967519
12175,6750470281761,6750471248706,966945
12176,6750471286873,6750472254429,967556
12177,6750472281652,6750473248060,966408
12178,6750473286763,6750474253301,966538
12179,6750474281542,6750475247783,966241
12180,6750475286654,6750476254266,967612
12181,6750476281414,6750477247914,966500
12182,6750477286544,6750478252841,966297
12183,6750478281304,6750479247860,966556
12184,6750479286397,6750480253991,967594
12185,6750480281231,6750481247954,966723
12186,6750481286325,6750482252714,966389
12187,6750482281066,6750483247660,966594
12188,6750483286215,6750484253660,967445
12189,6750484280957,6750485247717,966760
12190,6750485286105,6750486252884,966779
12191,6750486280865,6750487247125,966260
12192,6750487285922,6750488254848,968926
12193,6750488280737,6750489248886,968149
12194,6750489285849,6750490253553,967704
12195,6750490280646,6750491247258,966612
12196,6750491285758,6750492254518,968760
12197,6750492280499,6750493247074,966575
12198,6750493285630,6750494252482,966852
12199,6750494280390,6750495246890,966500
12200,6750495285539,6750496255206,969667
12201,6750496280299,6750497247281,966982
12202,6750497285429,6750498251948,966519
12203,6750498280189,6750499246801,966612
12204,6750499285282,6750500254190,968908
12205,6750500280061,6750501246691,966630
12206,6750501285191,6750502251840,966649
12207,6750502279933,6750503246730,966797
12208,6750503285044,6750504254286,969242
12209,6750504279804,6750505245416,965612
12210,6750505284935,6750506252695,967760
12211,6750506279676,6750507246621,966945
12212,6750507284807,6750508252215,967408
12213,6750508279585,6750509246549,966964
12214,6750509284715,6750510252198,967483
12215,6750510279475,6750511245772,966297
12216,6750511284587,6750512256310,971723
12217,6750512279366,6750513244792,965426
12218,6750513284515,6750514252182,967667
12219,6750514279238,6750515245979,966741
12220,6750515284368,6750516253424,969056
12221,6750516279128,6750517245277,966149
12222,6750517284258,6750518251333,967075
12223,6750518279018,6750519245889,966871
12224,6750519284149,6750520254890,970741
12225,6750520278927,6750521245317,966390
12226,6750521284020,6750522251206,967186
12227,6750522278780,6750523245429,966649
12228,6750523283874,6750524252967,969093
12229,6750524278708,6750525245097,966389
12230,6750525283764,6750526250857,967093
12231,6750526278543,6750527245617,967074
12232,6750527283673,6750528252266,968593
12233,6750528278470,6750529245637,967167
12234,6750529283582,6750530251212,967630
12235,6750530278323,6750531244639,966316
12236,6750531283398,6750532251751,968353
12237,6750532278232,6750533245029,966797
12238,6750533283344,6750534249974,966630
12239,6750534278048,6750535244790,966742
12240,6750535283234,6750536251124,967890
12241,6750536278013,6750537244588,966575
12242,6750537283143,6750538249422,966279
12243,6750538277885,6750539243959,966074
12244,6750539282997,6750540250812,967815
12245,6750540277794,6750541244165,966371
12246,6750541282887,6750542249573,966686
12247,6750542277628,6750543244277,966649
12248,6750543282777,6750544252871,970094
12249,6750544277556,6750545244631,967075
12250,6750545282668,6750546249094,966426
12251,6750546277465,6750547245039,967574
12252,6750547282539,6750548250948,968409
12253,6750548277318,6750549243985,966667
12254,6750549282411,6750550249949,967538
12255,6750550277190,6750551243487,966297
12256,6750551282320,6750552251728,969408
12257,6750552277099,6750553244525,967426
12258,6750553282192,6750554249026,966834
12259,6750554276933,6750555243434,966501
12260,6750555282101,6750556251139,969038
12261,6750556276861,6750557243639,966778
12262,6750557281954,6750558248158,966204
12263,6750558276733,6750559243141,966408
12264,6750559281863,6750560252734,970871
12265,6750560276623,6750561244309,967686
12266,6750561281753,6750562249495,967742
12267,6750562276513,6750563243625,967112
12268,6750563281607,6750564250959,969352
12269,6750564276404,6750565243886,967482
12270,6750565281534,6750566248368,966834
12271,6750566276275,6750567242869,966594
12272,6750567281387,6750568253684,972297
12273,6750568276166,6750569242944,966778
12274,6750569281278,6750570248538,967260
12275,6750570276001,6750571242483,966482
12276,6750571281112,6750572248798,967686
12277,6750572275946,6750573242392,966446
12278,6750573281021,6750574247689,966668
12279,6750574275781,6750575242263,966482
12280,6750575280930,6750576248690,967760
12281,6750576275727,6750577242487,966760
12282,6750577280839,6750578247210,966371
12283,6750578275617,6750579242026,966409
12284,6750579280692,6750580252378,971686
12285,6750580275526,6750581242453,966927
12286,6750581280638,6750582247213,966575
12287,6750582275343,6750583243380,968037
12288,6750583280510,6750584248214,967704
12289,6750584275251,6750585241845,966594
12290,6750585280382,6750586246790,966408
12291,6750586275086,6750587241809,966723
12292,6750587280272,6750588249699,969427
12293,6750588275014,6750589242551,967537
12294,6750589280144,6750590247497,967353
12295,6750590274904,6750591241497,966593
12296,6750591280016,6750592248739,968723
12297,6750592274776,6750593241443,966667
12298,6750593279906,6750594246685,966779
12299,6750594274648,6750595240778,966130
12300,6750595279815,6750596249279,969464
12301,6750596274575,6750597242316,967741
12302,6750597279687,6750598247558,967871
12303,6750598274447,6750599241411,966964
12304,6750599279559,6750600249448,969889
12305,6750600274374,6750601242523,968149
12306,6750601279486,6750602247283,967797
12307,6750602274228,6750603241173,966945
12308,6750603279339,6750604248803,969464
12309,6750604274099,6750605241507,967408
12310,6750605279248,6750606245416,966168
12311,6750606274008,6750607240657,966649
12312,6750607279120,6750608248491,969371
12313,6750608273880,6750609239473,965593
12314,6750609278992,6750610246400,967408
12315,6750610273715,6750611241141,967426
12316,6750611278882,6750612247068,968186
12317,6750612273642,6750613240532,966890
12318,6750613278791,6750614245181,966390
12319,6750614273533,6750615240181,966648
12320,6750615278663,6750616247960,969297
12321,6750616273423,6750617240683,967260
12322,6750617278553,6750618244813,966260
12323,6750618273332,6750619239888,966556
12324,6750619278444,6750620248463,970019
12325,6750620273222,6750621240112,966890
12326,6750621278352,6750622245001,966649
12327,6750622273057,6750623239576,966519
12328,6750623278206,6750624248151,969945
12329,6750624272947,6750625240170,967223
12330,6750625278133,6750626245912,967779
12331,6750626272875,6750627239560,966685
12332,6750627278005,6750628259746,981741
12333,6750628273728,6750629273784,1000056
12334,6750629277247,6750630272452,995205
12335,6750630276063,6750631272563,996500
12336,6750631276230,6750632271860,995630
12337,6750632274286,6750633270546,996260
12338,6750633273176,6750634267695,994519
12339,6750634272732,6750635266733,994001
12340,6750635272770,6750636269826,997056
12341,6750636273697,6750637271475,997778
12342,6750637275401,6750638273494,998093
12343,6750638277365,6750639278143,1000778
12344,6750639281495,6750640277033,995538
12345,6750640281107,6750641277941,996834
12346,6750641281663,6750642276442,994779
12347,6750642279905,6750643280350,1000445
12348,6750643284368,6750644278795,994427
12349,6750644282777,6750645275407,992630
12350,6750645278870,6750646274667,995797
12351,6750646278574,6750647274797,996223
12352,6750647278964,6750648271946,992982
12353,6750648275854,6750649271243,995389
12354,6750649275077,6750650271299,996222
12355,6750650275022,6750651269337,994315
12356,6750651272615,6750652267468,994853
12357,6750652271801,6750653266061,994260
12358,6750653271709,6750654266821,995112
12359,6750654271599,6750655265599,994000
12360,6750655271599,6750656265767,994168
12361,6750656271508,6750657266230,994722
12362,6750657271416,6750658264731,993315
12363,6750658271546,6750659267399,995853
12364,6750659271417,6750660266918,995501
12365,6750660271344,6750661265696,994352
12366,6750661271233,6750662266327,995094
12367,6750662271160,6750663264068,992908
12368,6750663271235,6750664267124,995889
12369,6750664271421,6750665267644,996223
12370,6750665271477,6750666268181,996704
12371,6750666272515,6750667266812,994297
12372,6750667270886,6750668266238,995352
12373,6750668270683,6750669264128,993445
12374,6750669270795,6750670268592,997797
12375,6750670272092,6750671266796,994704
12376,6750671270518,6750672262408,991890
12377,6750672270390,6750673237649,967259
12378,6750673275372,6750674242243,966871
12379,6750674270039,6750675236873,966834
12380,6750675275207,6750676243670,968463
12381,6750676270022,6750677236782,966760
12382,6750677275152,6750678241561,966409
12383,6750678269875,6750679236413,966538
12384,6750679275006,6750680245247,970241
12385,6750680269803,6750681238007,968204
12386,6750681274896,6750682241860,966964
12387,6750682269619,6750683236638,967019
12388,6750683274712,6750684242120,967408
12389,6750684269565,6750685236751,967186
12390,6750685274695,6750686241603,966908
12391,6750686269437,6750687235882,966445
12392,6750687274530,6750688241494,966964
12393,6750688269346,6750689235865,966519
12394,6750689274457,6750690241069,966612
12395,6750690269199,6750691235718,966519
12396,6750691274311,6750692240034,965723
12397,6750692269126,6750693235979,966853
12398,6750693274183,6750694240794,966611
12399,6750694268961,6750695235721,966760
12400,6750695274073,6750696240574,966501
12401,6750696268833,6750697235611,966778
12402,6750697273982,6750698240760,966778
12403,6750698268705,6750699235668,966963
12404,6750699273854,6750700240577,966723
12405,6750700268632,6750701235559,966927
12406,6750701273781,6750702240263,966482
12407,6750702268467,6750703235282,966815
12408,6750703273671,6750704241320,967649
12409,6750704268394,6750705236191,967797
12410,6750705273506,6750706240322,966816
12411,6750706268211,6750707234859,966648
12412,6750707273396,6750708240934,967538
12413,6750708268156,6750709234713,966557
12414,6750709273342,6750710240917,967575
12415,6750710268028,6750711234566,966538
12416,6750711273159,6750712239345,966186
12417,6750712267937,6750713234512,966575
12418,6750713273049,6750714239846,966797
12419,6750714267809,6750715234513,966704
12420,6750715272921,6750716240699,967778
12421,6750716267718,6750717235293,967575
12422,6750717272848,6750718239664,966816
12423,6750718267553,6750719234183,966630
12424,6750719272701,6750720241387,968686
12425,6750720267498,6750721234629,967131
12426,6750721272573,6750722239426,966853
12427,6750722267370,6750723234167,966797
12428,6750723272482,6750724239187,966705
12429,6750724267242,6750725233335,966093
12430,6750725272391,6750726239151,966760
12431,6750726267132,6750727233967,966835
12432,6750727272263,6750728240227,967964
12433,6750728267023,6750729234357,967334
12434,6750729272172,6750730239561,967389
12435,6750730266913,6750731233710,966797
12436,6750731272062,6750732239063,967001
12437,6750732266804,6750733233026,966222
12438,6750733271915,6750734238972,967057
12439,6750734266675,6750735233269,966594
12440,6750735271769,6750736238158,966389
12441,6750736266584,6750737233603,967019
12442,6750737271733,6750738238956,967223
12443,6750738266438,6750739232957,966519
12444,6750739271586,6750740239883,968297
12445,6750740266328,6750741234180,967852
12446,6750741271458,6750742238663,967205
12447,6750742266218,6750743233145,966927
12448,6750743271367,6750744238942,967575
12449,6750744266146,6750745232776,966630
12450,6750745271257,6750746237999,966742
12451,6750746265943,6750747232685,966742
12452,6750747271092,6750748237834,966742
12453,6750748265889,6750749233094,967205
12454,6750749271038,6750750237743,966705
12455,6750750265780,6750751232873,967093
12456,6750751270891,6750752239244,968353
12457,6750752265651,6750753233615,967964
12458,6750753270819,6750754237542,966723
12459,6750754265505,6750755231691,966186
12460,6750755270672,6750756237988,967316
12461,6750756265414,6750757232136,966722
12462,6750757270581,6750758239545,968964
12463,6750758265396,6750759232008,966612
12464,6750759270434,6750760239528,969094
12465,6750760265250,6750761232695,967445
12466,6750761270325,6750762237103,966778
12467,6750762265103,6750763231974,966871
12468,6750763270178,6750764237660,967482
12469,6750764264956,6750765231587,966631
12470,6750765270068,6750766237013,966945
12471,6750766264810,6750767231459,966649
12472,6750767269977,6750768236033,966056
12473,6750768264737,6750769231553,966816
12474,6750769269867,6750770236498,966631
12475,6750770264590,6750771230961,966371
12476,6750771269721,6750772236629,966908
12477,6750772264518,6750773231056,966538
12478,6750773269648,6750774236390,966742
12479,6750774264371,6750775231242,966871
12480,6750775269483,6750776237335,967852
12481,6750776264317,6750777232207,967890
12482,6750777269429,6750778236559,967130
12483,6750778264133,6750779230801,966668
12484,6750779269282,6750780235172,965890
12485,6750780264061,6750781232302,968241
12486,6750781269172,6750782235636,966464
12487,6750782263932,6750783230785,966853
12488,6750783269063,6750784235675,966612
12489,6750784263823,6750785230509,966686
12490,6750785268953,6750786235787,966834
12491,6750786263695,6750787230325,966630
12492,6750787268788,6750788235215,966427
12493,6750788263585,6750789230400,966815
12494,6750789268734,6750790235457,966723
12495,6750790263457,6750791231346,967889
12496,6750791268550,6750792235514,966964
12497,6750792263366,6750793230218,966852
12498,6750793268496,6750794235608,967112
12499,6750794263237,6750795230072,966835
12500,6750795268349,6750796235276,966927
12501,6750796263146,6750797232110,968964
12502,6750797268277,6750798234796,966519
12503,6750798263037,6750799231056,968019
12504,6750799268149,6750800236353,968204
12505,6750800262871,6750801231798,968927
12506,6750801268057,6750802234614,966557
12507,6750802262780,6750803229633,966853
12508,6750803267892,6750804235689,967797
12509,6750804262652,6750805229801,967149
12510,6750805267820,6750806234691,966871
12511,6750806262561,6750807229710,967149
12512,6750807267654,6750808233785,966131
12513,6750808262451,6750809229156,966705
12514,6750809267582,6750810234471,966889
12515,6750810262305,6750811228565,966260
12516,6750811267454,6750812236102,968648
12517,6750812262195,6750813230251,968056
12518,6750813267362,6750814234252,966890
12519,6750814262048,6750815229086,967038
12520,6750815267216,6750816235161,967945
12521,6750816261994,6750817250254,988260
12522,6750817262162,6750818254422,992260
12523,6750818262329,6750819258441,996112
12524,6750819262274,6750820260071,997797
12525,6750820264256,6750821268553,1004297
12526,6750821271961,6750822265480,993519
12527,6750822268147,6750823259759,991612
12528,6750823263277,6750824261833,998556
12529,6750824266370,6750825263038,996668
12530,6750825266797,6750826263631,996834
12531,6750826267557,6750827261428,993871
12532,6750827263928,6750828261966,998038
12533,6750828266392,6750829263318,996926
12534,6750829267263,6750830264153,996890
12535,6750830268078,6750831264394,996316
12536,6750831267820,6750832265061,997241
12537,6750832269302,6750833264062,994760
12538,6750833267377,6750834262933,995556
12539,6750834266618,6750835261878,995260
12540,6750835265638,6750836264787,999149
12541,6750836268583,6750837264028,995445
12542,6750837267676,6750838263732,996056
12543,6750838267751,6750839263048,995297
12544,6750839266141,6750840265123,998982
12545,6750840269030,6750841267086,998056
12546,6750841271086,6750842265828,994742
12547,6750842268902,6750843264736,995834
12548,6750843268162,6750844269126,1000964
12549,6750844272996,6750845267330,994334
12550,6750845271275,6750846267794,996519
12551,6750846271868,6750847268350,996482
12552,6750847272295,6750848268443,996148
12553,6750848272943,6750849267296,994353
12554,6750849270703,6750850267389,996686
12555,6750850271112,6750851269520,998408
12556,6750851273390,6750852267520,994130
12557,6750852271280,6750853266706,995426
12558,6750853270354,6750854266596,996242
12559,6750854270300,6750855264152,993852
12560,6750855267634,6750856264746,997112
12561,6750856269264,6750857264080,994816
12562,6750857268283,6750858263247,994964
12563,6750858266765,6750859262840,996075
12564,6750859266674,6750860265137,998463
12565,6750860269674,6750861265508,995834
12566,6750861269268,6750862264361,995093
12567,6750862267768,6750863263232,995464
12568,6750863266917,6750864264937,998020
12569,6750864268788,6750865265067,996279
12570,6750865268974,6750866266253,997279
12571,6750866269642,6750867264161,994519
12572,6750867267642,6750868266013,998371
12573,6750868270328,6750869266681,996353
12574,6750869270496,6750870267367,996871
12575,6750870271145,6750871264145,993000
12576,6750871267608,6750872267405,999797
12577,6750872271350,6750873265017,993667
12578,6750873268295,6750874264296,996001
12579,6750874267888,6750875263945,996057
12580,6750875267482,6750876263964,996482
12581,6750876267593,6750877264279,996686
12582,6750877267872,6750878261076,993204
12583,6750878264336,6750879260188,995852
12584,6750879264225,6750880263541,999316
12585,6750880268059,6750881267893,999834
12586,6750881271245,6750882266950,995705
12587,6750882270727,6750883266395,995668
12588,6750883270061,6750884264340,994279
12589,6750884268266,6750885263859,995593
12590,6750885267804,6750886263175,995371
12591,6750886265915,6750887262657,996742
12592,6750887265935,6750888264547,998612
12593,6750888268917,6750889265936,997019
12594,6750889269825,6750890264326,994501
12595,6750890267733,6750891266234,998501
12596,6750891269641,6750892265624,995983
12597,6750892269309,6750893264513,995204
12598,6750893268143,6750894264014,995871
12599,6750894267810,6750895263015,995205
12600,6750895266996,6750896262423,995427
12601,6750896266460,6750897262090,995630
12602,6750897265775,6750898261906,996131
12603,6750898265628,6750899261962,996334
12604,6750899266277,6750900263426,997149
12605,6750900267018,6750901263612,996594
12606,6750901267167,6750902261335,994168
12607,6750902264742,6750903260039,995297
12608,6750903263613,6750904263651,1000038
12609,6750904267817,6750905264022,996205
12610,6750905267800,6750906264023,996223
12611,6750906268078,6750907261264,993186
12612,6750907264801,6750908264246,999445
12613,6750908266950,6750909264562,997612
12614,6750909267228,6750910263340,996112
12615,6750910267285,6750911262174,994889
12616,6750911265600,6750912260008,994408
12617,6750912264064,6750913231750,967686
12618,6750913256509,6750914223695,967186
12619,6750914261565,6750915228511,966946
12620,6750915256344,6750916223141,966797
12621,6750916261511,6750917228457,966946
12622,6750917256253,6750918223439,967186
12623,6750918261328,6750919228551,967223
12624,6750919256106,6750920224273,968167
12625,6750920261236,6750921230867,969631
12626,6750921256034,6750922222886,966852
12627,6750922261127,6750923228202,967075
12628,6750923255868,6750924224147,968279
12629,6750924260999,6750925228073,967074
12630,6750925255796,6750926222963,967167
12631,6750926260870,6750927227667,966797
12632,6750927255612,6750928222279,966667
12633,6750928260798,6750929227502,966704
12634,6750929255521,6750930222262,966741
12635,6750930260633,6750931227411,966778
12636,6750931255430,6750932222004,966574
12637,6750932260579,6750933227542,966963
12638,6750933255376,6750934222284,966908
12639,6750934260432,6750935227451,967019
12640,6750935255173,6750936222433,967260
12641,6750936260285,6750937227415,967130
12642,6750937255101,6750938222009,966908
12643,6750938260175,6750939226658,966483
12644,6750939254954,6750940221492,966538
12645,6750940260047,6750941227252,967205
12646,6750941254863,6750942220401,965538
12647,6750942259956,6750943226124,966168
12648,6750943254753,6750944221291,966538
12649,6750944259884,6750945225421,965537
12650,6750945254644,6750946221459,966815
12651,6750946259737,6750947225423,965686
12652,6750947254515,6750948219849,965334
12653,6750948259627,6750949225313,965686
12654,6750949254406,6750950219795,965389
12655,6750950259518,6750951226092,966574
12656,6750951254278,6750952219926,965648
12657,6750952259408,6750953225520,966112
12658,6750953254149,6750954219057,964908
12659,6750954259298,6750955226114,966816
12660,6750955254021,6750956219911,965890
12661,6750956259152,6750957224412,965260
12662,6750957253949,6750958219727,965778
12663,6750958259060,6750959225061,966001
12664,6750959253839,6750960219432,965593
12665,6750960258969,6750961225859,966890
12666,6750961253729,6750962218748,965019
12667,6750962258823,6750963226008,967185
12668,6750963253583,6750964222472,968889
12669,6750964258713,6750965225528,966815
12670,6750965253510,6750966219325,965815
12671,6750966258585,6750967224660,966075
12672,6750967253345,6750968219160,965815
12673,6750968258494,6750969224365,965871
12674,6750969253272,6750970218551,965279
12675,6750970258217,6750971226237,968020
12676,6750971253199,6750972219034,965835
12677,6750972258274,6750973223553,965279
12678,6750973253034,6750974218572,965538
12679,6750974258091,6750975223851,965760
12680,6750975252925,6750976218573,965648
12681,6750976258111,6750977223852,965741
12682,6750977252796,6750978217445,964649
12683,6750978257927,6750979224724,966797
12684,6750979252668,6750980218799,966131
12685,6750980257780,6750981224114,966334
12686,6750981252614,6750982218356,965742
12687,6750982257707,6750983222634,964927
12688,6750983252412,6750984219042,966630
12689,6750984257598,6750985223599,966001
12690,6750985252339,6750986218136,965797
12691,6750986257414,6750987222785,965371
12692,6750987252211,6750988218323,966112
12693,6750988257360,6750989222824,965464
12694,6750989252101,6750990217861,965760
12695,6750990257232,6750991222084,964852
12696,6750991252010,6750992217937,965927
12697,6750992257141,6750993222660,965519
12698,6750993251901,6750994217235,965334
12699,6750994257012,6750995222680,965668
12700,6750995251772,6750996217921,966149
12701,6750996256866,6750997221533,964667
12702,6750997251663,6750998217219,965556
12703,6750998256775,6750999221998,965223
12704,6750999251553,6751000217072,965519
12705,6751000256684,6751001223369,966685
12706,6751001251406,6751002216944,965538
12707,6751002256481,6751003222297,965816
12708,6751003251315,6751004217390,966075
12709,6751004256446,6751005222613,966167
12710,6751005251150,6751006217225,966075
12711,6751006256318,6751007222374,966056
12712,6751007251059,6751008216837,965778
12713,6751008256226,6751009222134,965908
12714,6751009251005,6751010216450,965445
12715,6751010256061,6751011222821,966760
12716,6751011250821,6751012216526,965705
12717,6751012255914,6751013221434,965520
12718,6751013250749,6751014216157,965408
12719,6751014255860,6751015221528,965668
12720,6751015250565,6751016216140,965575
12721,6751016255769,6751017221270,965501
12722,6751017250492,6751018216326,965834
12723,6751018255623,6751019221105,965482
12724,6751019250401,6751020215587,965186
12725,6751020255513,6751021222125,966612
12726,6751021250328,6751022215811,965483
12727,6751022255422,6751023220922,965500
12728,6751023250126,6751024215812,965686
12729,6751024255294,6751025221405,966111
12730,6751025250072,6751026215739,965667
12731,6751026255165,6751027220314,965149
12732,6751027249907,6751028215408,965501
12733,6751028255074,6751029220482,965408
12734,6751029249816,6751030215502,965686
12735,6751030254909,6751031221650,966741
12736,6751031249725,6751032215540,965815
12737,6751032254836,6751033220467,965631
12738,6751033249633,6751034215042,965409
12739,6751034254708,6751035220209,965501
12740,6751035249468,6751036215191,965723
12741,6751036254562,6751037220025,965463
12742,6751037249377,6751038214878,965501
12743,6751038254470,6751039219453,964983
12744,6751039249193,6751040214268,965075
12745,6751040254379,6751041220769,966390
12746,6751041249158,6751042215010,965852
12747,6751042254233,6751043219622,965389
12748,6751043249011,6751044214734,965723
12749,6751044254141,6751045219383,965242
12750,6751045248920,6751046214291,965371
12751,6751046254050,6751047219477,965427
12752,6751047248773,6751048214626,965853
12753,6751048253867,6751049219386,965519
12754,6751049248682,6751050213609,964927
12755,6751050253775,6751051219035,965260
12756,6751051248498,6751052214240,965742
12757,6751052253703,6751053219648,965945
12758,6751053248463,6751054213889,965426
12759,6751054253556,6751055218872,965316
12760,6751055248316,6751056222261,973945
12761,6751056248446,6751057241281,992835
12762,6751057248799,6751058239281,990482
12763,6751058248707,6751059238597,989890
12764,6751059248282,6751060237912,989630
12765,6751060248505,6751061240728,992223
12766,6751061248487,6751062239266,990779
12767,6751062248377,6751063240674,992297
12768,6751063248433,6751064238897,990464
12769,6751064248045,6751065239046,991001
12770,6751065248175,6751066240657,992482
12771,6751066248157,6751067238621,990464
12772,6751067248103,6751068239326,991223
12773,6751068248122,6751069239530,991408
12774,6751069247974,6751070239086,991112
12775,6751070247864,6751071240735,992871
12776,6751071247920,6751072238717,990797
12777,6751072247847,6751073239977,992130
12778,6751073247718,6751074237811,990093
12779,6751074247626,6751075238479,990853
12780,6751075247590,6751076238572,990982
12781,6751076247591,6751077239721,992130
12782,6751077247443,6751078236407,988964
12783,6751078247481,6751079237778,990297
12784,6751079247426,6751080239149,991723
12785,6751080247149,6751081236335,989186
12786,6751081247242,6751082237447,990205
12787,6751082247299,6751083237040,989741
12788,6751083247188,6751084237448,990260
12789,6751084247152,6751085238505,991353
12790,6751085247134,6751086237820,990686
12791,6751086247116,6751087237450,990334
12792,6751087247025,6751088238747,991722
12793,6751088246655,6751089235952,989297
12794,6751089246804,6751090237601,990797
12795,6751090246897,6751091237842,990945
12796,6751091246509,6751092236880,990371
12797,6751092246676,6751093236936,990260
12798,6751093246584,6751094237344,990760
12799,6751094246622,6751095237290,990668
12800,6751095246512,6751096236031,989519
12801,6751096246142,6751097235995,989853
12802,6751097246439,6751098237070,990631
12803,6751098246310,6751099236700,990390
12804,6751099246311,6751100238404,992093
12805,6751100246053,6751101234535,988482
12806,6751101245961,6751102236480,990519
12807,6751102246202,6751103235981,989779
12808,6751103246073,6751104235796,989723
12809,6751104246018,6751105237241,991223
12810,6751105245889,6751106237798,991909
12811,6751106245724,6751107235261,989537
12812,6751107245817,6751108237095,991278
12813,6751108245873,6751109236244,990371
12814,6751109245633,6751110235726,990093
12815,6751110245726,6751111236949,991223
12816,6751111245394,6751112235358,989964
12817,6751112245580,6751113235803,990223
12818,6751113245543,6751114236266,990723
12819,6751114245322,6751115235637,990315
12820,6751115245415,6751116237194,991779
12821,6751116245120,6751117234287,989167
12822,6751117245195,6751118237677,992482
12823,6751118245177,6751119237937,992760
12824,6751119245122,6751120236956,991834
12825,6751120245123,6751121237160,992037
12826,6751121244716,6751122236031,991315
12827,6751122244976,6751123236866,991890
12828,6751123244828,6751124237255,992427
12829,6751124244922,6751125236441,991519
12830,6751125244848,6751126236627,991779
12831,6751126244442,6751127236035,991593
12832,6751127244554,6751128236665,992111
12833,6751128244665,6751129236407,991742
12834,6751129244537,6751130235797,991260
12835,6751130244537,6751131237427,992890
12836,6751131244242,6751132235168,990926
12837,6751132244483,6751133235447,990964
12838,6751133244280,6751134234392,990112
12839,6751134244262,6751135234263,990001
12840,6751135244041,6751136233801,989760
12841,6751136243894,6751137233653,989759
12842,6751137244098,6751138233858,989760
12843,6751138243932,6751139233451,989519
12844,6751139243877,6751140235785,991908
12845,6751140243896,6751141236008,992112
12846,6751141243693,6751142231713,988020
12847,6751142243731,6751143233973,990242
12848,6751143243769,6751144234436,990667
12849,6751144243770,6751145234178,990408
12850,6751145243641,6751146236049,992408
12851,6751146243364,6751147230457,987093
12852,6751147243476,6751148233291,989815
12853,6751148243495,6751149233810,990315
12854,6751149243255,6751150232830,989575
12855,6751150243237,6751151236127,992890
12856,6751151243071,6751152233331,990260
12857,6751152243220,6751153233110,989890
12858,6751153243184,6751154233925,990741
12859,6751154243092,6751155233463,990371
12860,6751155243037,6751156232593,989556
12861,6751156242834,6751157232557,989723
12862,6751157243001,6751158234428,991427
12863,6751158242891,6751159231892,989001
12864,6751159242910,6751160234763,991853
12865,6751160242744,6751161233171,990427
12866,6751161242615,6751162228672,986057
12867,6751162242635,6751163235506,992871
12868,6751163242524,6751164234710,992186
12869,6751164242618,6751165232489,989871
12870,6751165242581,6751166232971,990390
12871,6751166242526,6751167232675,990149
12872,6751167242323,6751168232861,990538
12873,6751168242361,6751169235547,993186
12874,6751169242306,6751170233881,991575
12875,6751170242252,6751171237123,994871
12876,6751171242160,6751172232586,990426
12877,6751172242105,6751173233587,991482
12878,6751173242032,6751174234106,992074
12879,6751174241958,6751175233996,992038
12880,6751175241940,6751176232867,990927
12881,6751176241904,6751177234053,992149
12882,6751177241831,6751178233035,991204
12883,6751178241702,6751179233128,991426
12884,6751179241832,6751180232370,990538
12885,6751180241703,6751181233537,991834
12886,6751181241611,6751182231445,989834
12887,6751182241445,6751183233280,991835
12888,6751183241446,6751184233336,991890
12889,6751184241373,6751185232429,991056
12890,6751185241355,6751186232763,991408
12891,6751186241282,6751187232875,991593
12892,6751187241245,6751188231765,990520
12893,6751188241228,6751189233376,992148
12894,6751189241154,6751190231729,990575
12895,6751190241081,6751191229563,988482
12896,6751191240989,6751192231471,990482
12897,6751192240971,6751193232231,991260
12898,6751193241046,6751194232176,991130
12899,6751194240899,6751195231899,991000
12900,6751195240751,6751196234122,993371
12901,6751196240789,6751197233123,992334
12902,6751197240642,6751198232050,991408
12903,6751198240624,6751199232662,992038
12904,6751199240569,6751200231144,990575
12905,6751200240533,6751201230737,990204
12906,6751201240441,6751202230997,990556
12907,6751202240404,6751203232127,991723
12908,6751203240368,6751204231054,990686
12909,6751204240258,6751205231814,991556
12910,6751205240221,6751206230907,990686
12911,6751206240148,6751207230982,990834
12912,6751207240038,6751208230168,990130
12913,6751208240205,6751209232058,991853
12914,6751209240021,6751210231836,991815
12915,6751210240003,6751211231800,991797
12916,6751211239670,6751212228597,988927
12917,6751212239745,6751213230727,990982
12918,6751213239894,6751214230876,990982
12919,6751214239450,6751215230951,991501
12920,6751215239655,6751216230766,991111
12921,6751216239637,6751217230286,990649
12922,6751217239619,6751218231546,991927
12923,6751218239490,6751219231102,991612
12924,6751219239232,6751220230214,990982
12925,6751220239325,6751221230900,991575
12926,6751221239566,6751222235734,996168
12927,6751222239308,6751223230809,991501
12928,6751223239197,6751224229383,990186
12929,6751224239069,6751225230921,991852
12930,6751225239069,6751226229644,990575
12931,6751226238940,6751227230589,991649
12932,6751227238978,6751228224812,985834
12933,6751228239312,6751229225369,986057
12934,6751229238869,6751230233777,994908
12935,6751230238703,6751231231351,992648
12936,6751231238740,6751232229686,990946
12937,6751232238686,6751233232057,993371
12938,6751233238538,6751234230020,991482
12939,6751234238539,6751235230003,991464
12940,6751235238465,6751236229429,990964
12941,6751236238448,6751237229874,991426
12942,6751237238356,6751238228505,990149
12943,6751238238282,6751239229654,991372
12944,6751239238320,6751240229302,990982
12945,6751240238191,6751241230044,991853
12946,6751241238211,6751242232545,994334
12947,6751242237804,6751243228916,991112
12948,6751243238008,6751244230509,992501
12949,6751244238009,6751245230084,992075
12950,6751245237936,6751246229918,991982
12951,6751246238011,6751247231270,993259
12952,6751247237530,6751248226512,988982
12953,6751248237808,6751249229420,991612
12954,6751249237698,6751250229310,991612
12955,6751250237569,6751251230736,993167
12956,6751251237496,6751252229256,991760
12957,6751252237496,6751253226534,989038
12958,6751253237590,6751254228627,991037
12959,6751254237702,6751255230276,992574
12960,6751255237276,6751256227740,990464
12961,6751256237296,6751257230148,992852
12962,6751257237148,6751258227241,990093
12963,6751258237167,6751259227650,990483
12964,6751259237094,6751260226835,989741
12965,6751260237076,6751261228707,991631
12966,6751261236966,6751262228485,991519
12967,6751262236985,6751263227356,990371
12968,6751263236838,6751264228135,991297
12969,6751264236838,6751265228821,991983
12970,6751265236839,6751266228432,991593
12971,6751266236766,6751267227785,991019
12972,6751267236748,6751268227564,990816
12973,6751268236564,6751269227879,991315
12974,6751269236638,6751270227750,991112
12975,6751270236509,6751271227825,991316
12976,6751271236455,6751272232770,996315
12977,6751272237011,6751273226808,989797
12978,6751273236252,6751274227160,990908
12979,6751274236383,6751275227902,991519
12980,6751275236272,6751276228866,992594
12981,6751276236069,6751277228774,992705
12982,6751277235959,6751278228978,993019
12983,6751278235812,6751279225349,989537
12984,6751279236016,6751280226813,990797
12985,6751280235943,6751281225480,989537
12986,6751281235684,6751282230537,994853
12987,6751282235722,6751283226704,990982
12988,6751283235760,6751284226297,990537
12989,6751284235723,6751285226983,991260
12990,6751285235687,6751286226688,991001
12991,6751286235577,6751287227003,991426
12992,6751287235522,6751288226634,991112
12993,6751288235467,6751289226671,991204
12994,6751289235357,6751290226450,991093
12995,6751290235339,6751291223858,988519
12996,6751291235247,6751292230859,995612
12997,6751292235192,6751293226341,991149
12998,6751293235137,6751294225527,990390
12999,6751294235082,6751295228046,992964
13000,6751295235065,6751296225102,990037
13001,6751296234806,6751297225733,990927
13002,6751297234899,6751298226159,991260
13003,6751298234937,6751299226086,991149
13004,6751299234586,6751300226365,991779
13005,6751300234828,6751301226625,991797
13006,6751301235106,6751302227533,992427
13007,6751302234662,6751303224867,990205
13008,6751303234589,6751304223942,989353
13009,6751304234275,6751305224868,990593
13010,6751305234405,6751306225739,991334
13011,6751306234517,6751307225740,991223
13012,6751307234370,6751308225333,990963
13013,6751308234444,6751309223908,989464
13014,6751309234019,6751310224835,990816
13015,6751310234187,6751311225576,991389
13016,6751311234206,6751312227355,993149
13017,6751312234096,6751313225263,991167
13018,6751313233967,6751314222282,988315
13019,6751314233764,6751315224894,991130
13020,6751315233820,6751316224543,990723
13021,6751316233876,6751317226729,992853
13022,6751317233710,6751318224415,990705
13023,6751318233785,6751319225989,992204
13024,6751319233471,6751320223064,989593
13025,6751320233638,6751321226528,992890
13026,6751321233565,6751322226529,992964
13027,6751322233566,6751323225178,991612
13028,6751323233400,6751324224567,991167
13029,6751324233289,6751325224494,991205
13030,6751325233272,6751326224643,991371
13031,6751326233272,6751327224588,991316
13032,6751327233236,6751328224200,990964
13033,6751328233200,6751329223626,990426
13034,6751329233052,6751330223831,990779
13035,6751330233109,6751331226887,993778
13036,6751331232961,6751332225962,993001
13037,6751332232888,6751333224240,991352
13038,6751333232907,6751334225852,992945
13039,6751334232797,6751335226316,993519
13040,6751335232723,6751336223428,990705
13041,6751336232706,6751337223706,991000
13042,6751337232706,6751338224411,991705
13043,6751338232596,6751339224448,991852
13044,6751339232504,6751340222671,990167
13045,6751340232486,6751341223765,991279
13046,6751341232394,6751342225377,992983
13047,6751342232358,6751343223970,991612
13048,6751343232396,6751344223119,990723
13049,6751344232693,6751345221953,989260
13050,6751345232212,6751346222694,990482
13051,6751346232194,6751347223584,991390
13052,6751347232084,6751348222733,990649
13053,6751348232103,6751349222919,990816
13054,6751349232011,6751350224531,992520
13055,6751350231919,6751351223624,991705
13056,6751351231865,6751352221328,989463
13057,6751352231495,6751353199033,967538
13058,6751353236477,6751354203293,966816
13059,6751354231237,6751355198071,966834
13060,6751355236349,6751356202350,966001
13061,6751356231072,6751357197925,966853
13062,6751357236221,6751358202666,966445
13063,6751358230999,6751359197556,966557
13064,6751359236093,6751360202371,966278
13065,6751360230890,6751361197483,966593
13066,6751361236002,6751362203724,967722
13067,6751362230724,6751363197503,966779
13068,6751363235929,6751364202781,966852
13069,6751364230707,6751365197708,967001
13070,6751365235801,6751366201857,966056
13071,6751366230524,6751367197080,966556
13072,6751367235691,6751368202062,966371
13073,6751368230433,6751369197100,966667
13074,6751369235544,6751370202119,966575
13075,6751370230304,6751371196990,966686
13076,6751371235416,6751372202935,967519
13077,6751372230195,6751373196918,966723
13078,6751373235288,6751374201770,966482
13079,6751374230085,6751375196715,966630
13080,6751375235197,6751376201568,966371
13081,6751376229957,6751377196569,966612
13082,6751377235106,6751378201218,966112
13083,6751378229829,6751379196144,966315
13084,6751379234941,6751380200960,966019
13085,6751380229756,6751381196183,966427
13086,6751381234923,6751382202369,967446
13087,6751382229628,6751383196166,966538
13088,6751383234740,6751384202185,967445
13089,6751384229500,6751385196741,967241
13090,6751385234612,6751386201131,966519
13091,6751386229372,6751387196057,966685
13092,6751387234483,6751388202003,967520
13093,6751388229225,6751389196411,967186
13094,6751389234411,6751390201504,967093
13095,6751390229097,6751391195579,966482
13096,6751391234301,6751392201006,966705
13097,6751392229080,6751393195840,966760
13098,6751393234173,6751394200655,966482
13099,6751394228933,6751395195378,966445
13100,6751395234082,6751396201379,967297
13101,6751396228823,6751397196342,967519
13102,6751397233917,6751398200658,966741
13103,6751398228695,6751399195233,966538
13104,6751399233788,6751400199678,965890
13105,6751400228530,6751401194882,966352
13106,6751401233716,6751402201087,967371
13107,6751402228439,6751403194865,966426
13108,6751403233569,6751404200033,966464
13109,6751404228385,6751405194793,966408
13110,6751405233478,6751406200386,966908
13111,6751406228256,6751407194165,965909
13112,6751407233350,6751408199350,966000
13113,6751408228110,6751409194666,966556
13114,6751409233277,6751410199593,966316
13115,6751410228019,6751411194686,966667
13116,6751411233130,6751412201742,968612
13117,6751412227853,6751413194947,967094
13118,6751413233039,6751414200392,967353
13119,6751414227744,6751415194115,966371
13120,6751415232893,6751416199838,966945
13121,6751416227690,6751417194431,966741
13122,6751417232764,6751418199321,966557
13123,6751418227543,6751419193933,966390
13124,6751419232692,6751420199248,966556
13125,6751420227433,6751421193841,966408
13126,6751421232582,6751422199824,967242
13127,6751422227324,6751423193695,966371
13128,6751423232417,6751424198362,965945
13129,6751424227232,6751425193696,966464
13130,6751425232400,6751426198660,966260
13131,6751426227067,6751427193438,966371
13132,6751427232235,6751428204791,972556
13133,6751428227495,6751429221681,994186
13134,6751429227366,6751430220237,992871
13135,6751430227404,6751431220108,992704
13136,6751431227589,6751432220609,993020
13137,6751432227090,6751433219535,992445
13138,6751433227109,6751434220129,993020
13139,6751434227055,6751435219592,992537
13140,6751435227055,6751436220963,993908
13141,6751436226945,6751437219668,992723
13142,6751437226983,6751438218909,991926
13143,6751438226928,6751439219429,992501
13144,6751439226817,6751440218929,992112
13145,6751440226744,6751441219819,993075
13146,6751441226671,6751442221801,995130
13147,6751442226727,6751443219987,993260
13148,6751443226320,6751444219136,992816
13149,6751444226580,6751445220637,994057
13150,6751445226526,6751446221304,994778
13151,6751446226304,6751447218638,992334
13152,6751447226286,6751448218139,991853
13153,6751448226306,6751449218621,992315
13154,6751449226251,6751450218696,992445
13155,6751450226177,6751451220048,993871
13156,6751451226104,6751452222068,995964
13157,6751452226234,6751453219013,992779
13158,6751453226031,6751454219254,993223
13159,6751454225977,6751455219885,993908
13160,6751455225866,6751456218422,992556
13161,6751456225848,6751457218331,992483
13162,6751457225794,6751458217128,991334
13163,6751458225702,6751459219165,993463
13164,6751459225351,6751460215999,990648
13165,6751460225518,6751461219445,993927
13166,6751461225500,6751462220038,994538
13167,6751462225427,6751463218224,992797
13168,6751463225483,6751464217613,992130
13169,6751464225428,6751465218003,992575
13170,6751465225336,6751466217319,991983
13171,6751466225078,6751467216930,991852
13172,6751467225190,6751468219709,994519
13173,6751468225190,6751469218154,992964
13174,6751469225136,6751470218099,992963
13175,6751470225155,6751471218007,992852
13176,6751471225174,6751472215878,990704
13177,6751472225082,6751473217657,992575
13178,6751473224861,6751474218028,993167
13179,6751474224806,6751475216603,991797
13180,6751475224714,6751476217493,992779
13181,6751476224752,6751477219586,994834
13182,6751477224567,6751478217735,993168
13183,6751478224605,6751479217550,992945
13184,6751479224550,6751480216977,992427
13185,6751480224292,6751481217218,992926
13186,6751481224367,6751482217423,993056
13187,6751482224386,6751483216775,992389
13188,6751483224386,6751484217091,992705
13189,6751484224202,6751485218129,993927
13190,6751485224092,6751486220185,996093
13191,6751486224055,6751487217426,993371
13192,6751487224315,6751488216353,992038
13193,6751488224223,6751489216132,991909
13194,6751489223928,6751490217132,993204
13195,6751490223892,6751491214355,990463
13196,6751491223855,6751492217412,993557
13197,6751492223837,6751493216597,992760
13198,6751493223690,6751494216357,992667
13199,6751494223746,6751495215692,991946
13200,6751495223617,6751496213600,989983
13201,6751496223507,6751497216971,993464
13202,6751497223508,6751498216860,993352
13203,6751498223527,6751499215972,992445
13204,6751499223417,6751500216066,992649
13205,6751500223417,6751501216844,993427
13206,6751501223085,6751502216141,993056
13207,6751502223234,6751503216364,993130
13208,6751503223253,6751504215531,992278
13209,6751504223068,6751505215588,992520
13210,6751505223051,6751506214940,991889
13211,6751506222996,6751507214867,991871
13212,6751507222867,6751508215590,992723
13213,6751508222831,6751509215665,992834
13214,6751509222831,6751510215036,992205
13215,6751510222814,6751511215018,992204
13216,6751511222777,6751512215593,992816
13217,6751512222389,6751513214779,992390
13218,6751513222649,6751514214742,992093
13219,6751514222502,6751515215113,992611
13220,6751515222521,6751516215281,992760
13221,6751516222522,6751517214022,991500
13222,6751517222448,6751518213875,991427
13223,6751518222264,6751519215116,992852
13224,6751519222265,6751520214895,992630
13225,6751520222265,6751521214340,992075
13226,6751521222099,6751522217748,995649
13227,6751522221822,6751523212656,990834
13228,6751523221953,6751524213824,991871
13229,6751524222027,6751525214621,992594
13230,6751525221973,6751526214566,992593
13231,6751526221936,6751527215604,993668
13232,6751527221659,6751528213530,991871
13233,6751528221753,6751529214846,993093
13234,6751529221624,6751530214087,992463
13235,6751530221624,6751531213570,991946
13236,6751531221607,6751532217163,995556
13237,6751532221792,6751533215404,993612
13238,6751533221441,6751534215738,994297
13239,6751534221405,6751535215165,993760
13240,6751535221332,6751536214407,993075
13241,6751536221332,6751537213666,992334
13242,6751537221166,6751538213389,992223
13243,6751538221149,6751539214224,993075
13244,6751539221112,6751540213780,992668
13245,6751540221076,6751541214947,993871
13246,6751541221095,6751542215485,994390
13247,6751542220985,6751543213041,992056
13248,6751543220875,6751544214505,993630
13249,6751544220801,6751545213432,992631
13250,6751545220839,6751546214080,993241
13251,6751546220729,6751547212840,992111
13252,6751547220655,6751548212878,992223
13253,6751548220730,6751549213860,993130
13254,6751549220509,6751550212843,992334
13255,6751550220324,6751551213621,993297
13256,6751551220399,6751552212937,992538
13257,6751552220437,6751553213271,992834
13258,6751553220308,6751554215438,995130
13259,6751554220197,6751555212920,992723
13260,6751555220217,6751556213699,993482
13261,6751556220125,6751557212940,992815
13262,6751557220163,6751558213700,993537
13263,6751558219960,6751559213016,993056
13264,6751559219942,6751560211257,991315
13265,6751560219887,6751561213499,993612
13266,6751561219851,6751562211981,992130
13267,6751562219814,6751563212889,993075
13268,6751563219871,6751564212464,992593
13269,6751564219742,6751565213094,993352
13270,6751565219576,6751566212002,992426
13271,6751566219521,6751567213059,993538
13272,6751567219485,6751568212133,992648
13273,6751568219485,6751569212468,992983
13274,6751569219375,6751570209876,990501
13275,6751570219320,6751571212432,993112
13276,6751571219339,6751572212229,992890
13277,6751572219229,6751573212304,993075
13278,6751573219174,6751574211619,992445
13279,6751574218897,6751575211639,992742
13280,6751575219120,6751576210602,991482
13281,6751576219010,6751577210714,991704
13282,6751577218844,6751578212122,993278
13283,6751578218807,6751579211493,992686
13284,6751579218919,6751580213235,994316
13285,6751580218735,6751581210273,991538
13286,6751581218680,6751582210514,991834
13287,6751582218644,6751583211237,992593
13288,6751583218570,6751584210108,991538
13289,6751584218608,6751585212127,993519
13290,6751585218220,6751586210535,992315
13291,6751586218702,6751587210870,992168
13292,6751587218314,6751588210741,992427
13293,6751588218259,6751589210704,992445
13294,6751589218297,6751590210187,991890
13295,6751590218168,6751591210335,992167
13296,6751591218076,6751592211003,992927
13297,6751592217818,6751593185485,967667
13298,6751593222837,6751594189949,967112
13299,6751594217541,6751595184746,967205
13300,6751595222690,6751596189339,966649
13301,6751596217376,6751597184469,967093
13302,6751597222543,6751598189729,967186
13303,6751598217303,6751599184175,966872
13304,6751599222452,6751600190768,968316
13305,6751600217212,6751601185546,968334
13306,6751601222324,6751602189029,966705
13307,6751602217121,6751603186270,969149
13308,6751603222400,6751604189400,967000
13309,6751604216974,6751605183975,967001
13310,6751605222086,6751606189217,967131
13311,6751606216865,6751607183940,967075
13312,6751607221995,6751608190644,968649
13313,6751608216718,6751609184960,968242
13314,6751609221867,6751610190442,968575
13315,6751610216608,6751611183609,967001
13316,6751611221720,6751612190628,968908
13317,6751612216536,6751613185759,969223
13318,6751613221629,6751614188000,966371
13319,6751614216371,6751615183075,966704
13320,6751615221538,6751616194983,973445
13321,6751616216317,6751617183206,966889
13322,6751617221354,6751618187911,966557
13323,6751618216207,6751619182930,966723
13324,6751619221263,6751620189449,968186
13325,6751620216005,6751621182783,966778
13326,6751621221191,6751622187950,966759
13327,6751622215932,6751623182914,966982
13328,6751623221025,6751624188915,967890
13329,6751624215841,6751625182749,966908
13330,6751625220934,6751626188139,967205
13331,6751626215694,6751627182658,966964
13332,6751627220787,6751628188844,968057
13333,6751628215603,6751629182604,967001
13334,6751629220678,6751630187197,966519
13335,6751630215493,6751631181901,966408
13336,6751631220568,6751632188328,967760
13337,6751632215347,6751633182958,967611
13338,6751633220533,6751634187274,966741
13339,6751634215218,6751635181386,966168
13340,6751635220386,6751636190090,969704
13341,6751636215109,6751637182628,967519
13342,6751637220239,6751638186721,966482
13343,6751638214999,6751639180981,965982
13344,6751639220130,6751640188760,968630
13345,6751640214945,6751641179649,964704
13346,6751641220020,6751642186409,966389
13347,6751642214743,6751643182262,967519
13348,6751643219947,6751644188652,968705
13349,6751644214670,6751645181449,966779
13350,6751645219764,6751646186264,966500
13351,6751646214561,6751647180932,966371
13352,6751647219672,6751648186766,967094
13353,6751648214395,6751649180840,966445
13354,6751649219563,6751650186100,966537
13355,6751650214286,6751651180879,966593
13356,6751651219435,6751652188546,969111
13357,6751652214213,6751653183084,968871
13358,6751653219325,6751654186881,967556
13359,6751654214085,6751655180308,966223
13360,6751655219252,6751656187790,968538
13361,6751656213957,6751657180643,966686
13362,6751657219106,6751658185773,966667
13363,6751658213884,6751659180514,966630
13364,6751659218959,6751660186200,967241
13365,6751660213756,6751661180201,966445
13366,6751661218868,6751662185368,966500
13367,6751662213628,6751663181203,967575
13368,6751663218777,6751664187777,969000
13369,6751664213537,6751665181352,967815
13370,6751665218630,6751666185186,966556
13371,6751666213408,6751667179983,966575
13372,6751667218520,6751668187317,968797
13373,6751668213299,6751669180577,967278
13374,6751669218374,6751670185615,967241
13375,6751670213152,6751671179690,966538
13376,6751671218264,6751672186913,968649
13377,6751672213079,6751673180413,967334
13378,6751673218228,6751674184007,965779
13379,6751674212951,6751675179433,966482
13380,6751675218082,6751676198823,980741
13381,6751676212916,6751677206879,993963
13382,6751677213287,6751678209473,996186
13383,6751678213158,6751679208955,995797
13384,6751679213103,6751680206937,993834
13385,6751680213030,6751681206105,993075
13386,6751681212975,6751682208439,995464
13387,6751682212920,6751683210699,997779
13388,6751683214495,6751684211588,997093
13389,6751684215959,6751685213904,997945
13390,6751685217607,6751686210182,992575
13391,6751686214238,6751687212331,998093
13392,6751687215164,6751688209165,994001
13393,6751688213110,6751689209184,996074
13394,6751689213055,6751690207870,994815
13395,6751690212463,6751691205612,993149
13396,6751691212427,6751692207761,995334
13397,6751692212390,6751693208447,996057
13398,6751693212280,6751694209077,996797
13399,6751694213040,6751695210022,996982
13400,6751695214152,6751696209986,995834
13401,6751696214060,6751697208301,994241
13402,6751697211987,6751698207746,995759
13403,6751698212246,6751699206136,993890
13404,6751699211729,6751700207989,996260
13405,6751700212118,6751701208378,996260
13406,6751701212397,6751702208286,995889
13407,6751702212138,6751703209398,997260
13408,6751703213195,6751704207084,993889
13409,6751704211640,6751705207548,995908
13410,6751705211548,6751706207363,995815
13411,6751706211586,6751707208179,996593
13412,6751707212272,6751708206161,993889
13413,6751708211402,6751709205551,994149
13414,6751709211366,6751710207477,996111
13415,6751710211348,6751711207460,996112
13416,6751711211330,6751712206720,995390
13417,6751712211238,6751713208313,997075
13418,6751713211609,6751714205999,994390
13419,6751714211110,6751715213222,1002112
13420,6751715216500,6751716212352,995852
13421,6751716216815,6751717213816,997001
13422,6751717217742,6751718214835,997093
13423,6751718218705,6751719211336,992631
13424,6751719215651,6751720211911,996260
13425,6751720216133,6751721210893,994760
13426,6751721214115,6751722210116,996001
13427,6751722213949,6751723209820,995871
13428,6751723213079,6751724208969,995890
13429,6751724213173,6751725207266,994093
13430,6751725210785,6751726206193,995408
13431,6751726210341,6751727207249,996908
13432,6751727211268,6751728204324,993056
13433,6751728210213,6751729208732,998519
13434,6751729212584,6751730208511,995927
13435,6751730212677,6751731208696,996019
13436,6751731212659,6751732208419,995760
13437,6751732213030,6751733207494,994464
13438,6751733211198,6751734204995,993797
13439,6751734209921,6751735205236,995315
13440,6751735209940,6751736205422,995482
13441,6751736209848,6751737204553,994705
13442,6751737209775,6751738203664,993889
13443,6751738209739,6751739208110,998371
13444,6751739211739,6751740206777,995038
13445,6751740211296,6751741207556,996260
13446,6751741211556,6751742205334,993778
13447,6751742209427,6751743206520,997093
13448,6751743210113,6751744203224,993111
13449,6751744209373,6751745204947,995574
13450,6751745209318,6751746205300,995982
13451,6751746209133,6751747206356,997223
13452,6751747210375,6751748206746,996371
13453,6751748211320,6751749207691,996371
13454,6751749211728,6751750207858,996130
13455,6751750211692,6751751205655,993963
13456,6751751208970,6751752204138,995168
13457,6751752208897,6751753205472,996575
13458,6751753208935,6751754204676,995741
13459,6751754208787,6751755205381,996594
13460,6751755209084,6751756205270,996186
13461,6751756209307,6751757205252,995945
13462,6751757209123,6751758203827,994704
13463,6751758208531,6751759204569,996038
13464,6751759208587,6751760201792,993205
13465,6751760208440,6751761205903,997463
13466,6751761209829,6751762203867,994038
13467,6751762208275,6751763206146,997871
13468,6751763209997,6751764205294,995297
13469,6751764208202,6751765202369,994167
13470,6751765208092,6751766204777,996685
13471,6751766208889,6751767206000,997111
13472,6751767210260,6751768207371,997111
13473,6751768211686,6751769208928,997242
13474,6751769213168,6751770205391,992223
13475,6751770209428,6751771206114,996686
13476,6751771209892,6751772207023,997131
13477,6751772211615,6751773207634,996019
13478,6751773210894,6751774207005,996111
13479,6751774211024,6751775204284,993260
13480,6751775207636,6751776203377,995741
13481,6751776207877,6751777204878,997001
13482,6751777208748,6751778202508,993760
13483,6751778207360,6751779203287,995927
13484,6751779207342,6751780199288,991946
13485,6751780207306,6751781203474,996168
13486,6751781207418,6751782203622,996204
13487,6751782207641,6751783205382,997741
13488,6751783209382,6751784205235,995853
13489,6751784209550,6751785206717,997167
13490,6751785209995,6751786205644,995649
13491,6751786209459,6751787204996,995537
13492,6751787208626,6751788202108,993482
13493,6751788206905,6751789202702,995797
13494,6751789206794,6751790204110,997316
13495,6751790208313,6751791202999,994686
13496,6751791206666,6751792202056,995390
13497,6751792206630,6751793202001,995371
13498,6751793206575,6751794201835,995260
13499,6751794206613,6751795202595,995982
13500,6751795206447,6751796202762,996315
13501,6751796207355,6751797202281,994926
13502,6751797206152,6751798198819,992667
13503,6751798206319,6751799201153,994834
13504,6751799206301,6751800202469,996168
13505,6751800206506,6751801201655,995149
13506,6751801206155,6751802202878,996723
13507,6751802206767,6751803202286,995519
13508,6751803206193,6751804200009,993816
13509,6751804205953,6751805206454,1000501
13510,6751805209602,6751806206047,996445
13511,6751806209769,6751807205900,996131
13512,6751807209289,6751808203938,994649
13513,6751808207438,6751809203068,995630
13514,6751809206883,6751810202291,995408
13515,6751810206495,6751811201199,994704
13516,6751811205440,6751812199274,993834
13517,6751812205311,6751813200682,995371
13518,6751813205423,6751814199997,994574
13519,6751814205368,6751815205276,999908
13520,6751815208202,6751816203777,995575
13521,6751816207869,6751817200352,992483
13522,6751817205259,6751818201612,996353
13523,6751818205556,6751819202483,996927
13524,6751819206594,6751820200854,994260
13525,6751820205002,6751821200521,995519
13526,6751821204947,6751822197503,992556
13527,6751822205022,6751823202226,997204
13528,6751823206152,6751824201690,995538
13529,6751824206320,6751825202524,996204
13530,6751825206468,6751826202303,995835
13531,6751826206414,6751827201340,994926
13532,6751827204840,6751828199693,994853
13533,6751828204582,6751829202268,997686
13534,6751829206027,6751830202676,996649
13535,6751830205065,6751831201306,996241
13536,6751831205269,6751832196677,991408
13537,6751832204177,6751833174122,969945
13538,6751833209196,6751834175845,966649
13539,6751834203808,6751835170883,967075
13540,6751835208939,6751836175236,966297
13541,6751836203625,6751837170755,967130
13542,6751837208718,6751838175867,967149
13543,6751838203515,6751839170979,967464
13544,6751839208664,6751840174942,966278
13545,6751840203442,6751841170591,967149
13546,6751841208536,6751842175684,967148
13547,6751842203296,6751843170556,967260
13548,6751843208463,6751844175038,966575
13549,6751844203186,6751845170039,966853
13550,6751845208279,6751846174502,966223
13551,6751846203039,6751847169744,966705
13552,6751847208207,6751848175726,967519
13553,6751848202985,6751849170986,968001
13554,6751849208060,6751850175005,966945
13555,6751850202820,6751851169061,966241
13556,6751851207987,6751852175636,967649
13557,6751852202729,6751853170896,968167
13558,6751853207896,6751854174138,966242
13559,6751854202601,6751855169101,966500
13560,6751855207731,6751856175528,967797
13561,6751856202510,6751857170399,967889
13562,6751857207640,6751858175048,967408
13563,6751858202363,6751859169289,966926
13564,6751859207512,6751860174642,967130
13565,6751860202272,6751861168995,966723
13566,6751861207365,6751862174681,967316
13567,6751862202144,6751863169922,967778
13568,6751863207255,6751864175404,968149
13569,6751864202071,6751865170183,968112
13570,6751865207127,6751866173683,966556
13571,6751866201924,6751867168480,966556
13572,6751867207036,6751868174981,967945
13573,6751868201833,6751869169667,967834
13574,6751869206908,6751870173131,966223
13575,6751870201686,6751871169076,967390
13576,6751871206817,6751872173484,966667
13577,6751872201632,6751873168448,966816
13578,6751873206670,6751874173449,966779
13579,6751874201449,6751875168320,966871
13580,6751875206560,6751876172968,966408
13581,6751876201357,6751877168358,967001
13582,6751877206469,6751878173155,966686
13583,6751878201248,6751879167785,966537
13584,6751879206341,6751880173453,967112
13585,6751880201138,6751881167991,966853
13586,6751881206250,6751882172936,966686
13587,6751882200991,6751883168585,967594
13588,6751883206122,6751884174011,967889
13589,6751884200919,6751885168697,967778
13590,6751885206012,6751886172772,966760
13591,6751886200772,6751887166884,966112
13592,6751887205884,6751888172718,966834
13593,6751888200662,6751889167422,966760
13594,6751889205793,6751890172460,966667
13595,6751890200534,6751891167090,966556
13596,6751891205683,6751892173425,967742
13597,6751892200462,6751893168370,967908
13598,6751893205555,6751894172500,966945
13599,6751894200315,6751895167945,967630
13600,6751895205427,6751896170650,965223
13601,6751896207076,6751897173447,966371
13602,6751897200169,6751898166503,966334
13603,6751898205281,6751899171967,966686
13604,6751899200022,6751900167282,967260
13605,6751900205190,6751901171061,965871
13606,6751901199894,6751902167395,967501
13607,6751902205024,6751903171988,966964
13608,6751903199803,6751904166915,967112
13609,6751904204952,6751905172156,967204
13610,6751905199675,6751906166046,966371
13611,6751906204824,6751907171121,966297
13612,6751907199584,6751908167029,967445
13613,6751908204751,6751909172659,967908
13614,6751909199474,6751910166160,966686
13615,6751910204586,6751911172272,967686
13616,6751911199364,6751912167309,967945
13617,6751912204476,6751913173106,968630
13618,6751913199218,6751914167070,967852
13619,6751914204385,6751915171052,966667
13620,6751915199126,6751916165349,966223
13621,6751916204275,6751917171054,966779
13622,6751917199017,6751918165332,966315
13623,6751918204110,6751919169796,965686
13624,6751919198926,6751920166463,967537
13625,6751920204019,6751921171705,967686
13626,6751921198760,6751922165224,966464
13627,6751922203946,6751923171040,967094
13628,6751923198651,6751924164226,965575
13629,6751924203800,6751925169893,966093
13630,6751925198541,6751926165134,966593
13631,6751926203653,6751927170339,966686
13632,6751927198450,6751928172432,973982
13633,6751928199414,6751929194637,995223
13634,6751929199933,6751930194378,994445
13635,6751930198619,6751931192508,993889
13636,6751931198675,6751932194917,996242
13637,6751932199361,6751933192473,993112
13638,6751933198565,6751934189566,991001
13639,6751934198511,6751935191308,992797
13640,6751935198511,6751936195271,996760
13641,6751936198420,6751937191476,993056
13642,6751937198272,6751938192162,993890
13643,6751938198236,6751939190274,992038
13644,6751939198274,6751940192108,993834
13645,6751940197978,6751941165682,967704
13646,6751941202886,6751942169720,966834
13647,6751942197683,6751943164906,967223
13648,6751943202795,6751944171573,968778
13649,6751944197536,6751945164796,967260
13650,6751945202667,6751946169260,966593
13651,6751946197427,6751947164539,967112
13652,6751947202520,6751948170613,968093
13653,6751948197299,6751949165744,968445
13654,6751949202392,6751950169726,967334
13655,6751950197170,6751951164430,967260
13656,6751951202356,6751952169783,967427
13657,6751952197079,6751953164339,967260
13658,6751953202228,6751954170433,968205
13659,6751954196933,6751955164156,967223
13660,6751955202044,6751956168453,966409
13661,6751956196841,6751957163935,967094
13662,6751957201953,6751958169010,967057
13663,6751958196695,6751959163529,966834
13664,6751959201825,6751960168918,967093
13665,6751960196678,6751961163715,967037
13666,6751961201771,6751962168531,966760
13667,6751962196475,6751963162958,966483
13668,6751963201643,6751964169958,968315
13669,6751964196403,6751965163663,967260
13670,6751965201515,6751966168552,967037
13671,6751966196256,6751967162998,966742
13672,6751967201387,6751968169739,968352
13673,6751968196165,6751969164462,968297
13674,6751969201314,6751970168518,967204
13675,6751970196037,6751971163149,967112
13676,6751971201149,6751972168075,966926
13677,6751972195927,6751973163243,967316
13678,6751973201020,6751974167725,966705
13679,6751974195836,6751975162522,966686
13680,6751975200929,6751976168634,967705
13681,6751976195726,6751977162486,966760
13682,6751977200820,6751978167394,966574
13683,6751978195598,6751979162840,967242
13684,6751979200692,6751980167266,966574
13685,6751980195507,6751981162693,967186
13686,6751981200656,6751982167601,966945
13687,6751982195397,6751983162324,966927
13688,6751983200491,6751984169695,969204
13689,6751984195251,6751985163548,968297
13690,6751985200381,6751986167104,966723
13691,6751986195141,6751987161827,966686
13692,6751987200216,6751988167698,967482
13693,6751988195031,6751989162254,967223
13694,6751989200125,6751990166996,966871
13695,6751990194903,6751991162608,967705
13696,6751991200052,6751992166608,966556
13697,6751992194775,6751993161776,967001
13698,6751993199850,6751994167832,967982
13699,6751994194665,6751995161388,966723
13700,6751995199777,6751996166482,966705
13701,6751996194519,6751997161556,967037
13702,6751997199668,6751998166705,967037
13703,6751998194465,6751999161428,966963
13704,6751999199539,6752000166225,966686
13705,6752000194318,6752001161319,967001
13706,6752001199430,6752002166579,967149
13707,6752002194208,6752003161413,967205
13708,6752003199302,6752004167710,968408
13709,6752004194080,6752005161988,967908
13710,6752005199192,6752006166415,967223
13711,6752006193970,6752007161027,967057
13712,6752007199101,6752008166676,967575
13713,6752008193898,6752009161195,967297
13714,6752009198991,6752010166103,967112
13715,6752010193733,6752011160641,966908
13716,6752011198881,6752012166604,967723
13717,6752012193604,6752013160994,967390
13718,6752013198753,6752014166902,968149
13719,6752014193513,6752015160384,966871
13720,6752015198607,6752016165681,967074
13721,6752016193441,6752017160238,966797
13722,6752017198497,6752018165127,966630
13723,6752018193312,6752019160647,967335
13724,6752019198424,6752020166499,968075
13725,6752020193166,6752021161685,968519
13726,6752021198333,6752022165297,966964
13727,6752022193056,6752023160001,966945
13728,6752023198205,6752024166928,968723
13729,6752024192946,6752025160225,967279
13730,6752025198077,6752026165040,966963
13731,6752026192837,6752027159263,966426
13732,6752027197949,6752028165727,967778
13733,6752028192746,6752029161006,968260
13734,6752029197839,6752030165117,967278
13735,6752030192617,6752031159674,967057
13736,6752031197711,6752032165082,967371
13737,6752032192489,6752033159527,967038
13738,6752033197601,6752034164472,966871
13739,6752034192380,6752035159103,966723
13740,6752035197491,6752036164363,966872
13741,6752036192270,6752037159419,967149
13742,6752037197382,6752038164327,966945
13743,6752038192142,6752039159272,967130
13744,6752039197254,6752040164514,967260
13745,6752040192051,6752041158533,966482
13746,6752041197181,6752042164071,966890
13747,6752042191922,6752043158719,966797
13748,6752043197053,6752044165979,968926
13749,6752044191813,6752045160295,968482
13750,6752045196906,6752046163999,967093
13751,6752046191685,6752047158537,966852
13752,6752047196834,6752048164464,967630
13753,6752048191612,6752049158705,967093
13754,6752049196724,6752050163780,967056
13755,6752050191447,6752051158355,966908
13756,6752051196577,6752052162652,966075
13757,6752052191374,6752053158319,966945
13758,6752053196468,6752054164413,967945
13759,6752054191228,6752055158395,967167
13760,6752055196395,6752056167840,971445
13761,6752056191507,6752057185415,993908
13762,6752057191489,6752058184342,992853
13763,6752058191434,6752059187490,996056
13764,6752059191361,6752060188473,997112
13765,6752060192713,6752061184733,992020
13766,6752061191159,6752062183437,992278
13767,6752062191307,6752063184901,993594
13768,6752063191104,6752064187216,996112
13769,6752064191439,6752065183402,991963
13770,6752065190976,6752066184162,993186
13771,6752066190958,6752067184163,993205
13772,6752067190996,6752068187182,996186
13773,6752068191553,6752069183257,991704
13774,6752069190868,6752070184387,993519
13775,6752070190739,6752071184036,993297
13776,6752071190795,6752072186481,995686
13777,6752072190926,6752073184260,993334
13778,6752073190612,6752074184909,994297
13779,6752074190538,6752075183298,992760
13780,6752075190428,6752076182984,992556
13781,6752076190429,6752077185096,994667
13782,6752077190337,6752078183134,992797
13783,6752078190226,6752079182764,992538
13784,6752079190283,6752080187135,996852
13785,6752080190913,6752081184969,994056
13786,6752081189914,6752082182452,992538
13787,6752082190063,6752083184619,994556
13788,6752083190286,6752084187231,996945
13789,6752084191120,6752085185213,994093
13790,6752085189898,6752086183603,993705
13791,6752086189825,6752087182659,992834
13792,6752087189974,6752088182419,992445
13793,6752088189715,6752089182605,992890
13794,6752089189716,6752090182494,992778
13795,6752090189680,6752091182773,993093
13796,6752091189736,6752092182588,992852
13797,6752092189311,6752093182182,992871
13798,6752093189478,6752094184257,994779
13799,6752094189442,6752095182591,993149
13800,6752095189128,6752096181073,991945
13801,6752096189351,6752097182629,993278
13802,6752097189240,6752098182482,993242
13803,6752098189204,6752099181945,992741
13804,6752099189242,6752100181279,992037
13805,6752100189020,6752101181910,992890
13806,6752101188984,6752102185244,996260
13807,6752102189318,6752103182004,992686
13808,6752103188819,6752104184005,995186
13809,6752104188875,6752105182468,993593
13810,6752105188691,6752106183784,995093
13811,6752106188654,6752107181655,993001
13812,6752107188562,6752108181637,993075
13813,6752108188600,6752109181101,992501
13814,6752109188527,6752110181435,992908
13815,6752110188416,6752111180454,992038
13816,6752111188380,6752112183233,994853
13817,6752112188362,6752113182141,993779
13818,6752113188289,6752114181956,993667
13819,6752114188308,6752115181531,993223
13820,6752115188161,6752116183624,995463
13821,6752116188161,6752117181125,992964
13822,6752117188070,6752118180774,992704
13823,6752118188181,6752119181071,992890
13824,6752119187960,6752120180498,992538
13825,6752120187979,6752121181887,993908
13826,6752121187610,6752122176629,989019
13827,6752122187758,6752123181500,993742
13828,6752123187796,6752124182871,995075
13829,6752124187741,6752125182520,994779
13830,6752125187594,6752126180632,993038
13831,6752126187521,6752127179114,991593
13832,6752127187521,6752128179967,992446
13833,6752128187411,6752129180356,992945
13834,6752129187356,6752130181153,993797
13835,6752130187468,6752131180746,993278
13836,6752131187265,6752132181469,994204
13837,6752132186914,6752133154748,967834
13838,6752133192081,6752134160989,968908
13839,6752134186749,6752135153749,967000
13840,6752135191805,6752136159083,967278
13841,6752136186546,6752137153806,967260
13842,6752137191695,6752138158937,967242
13843,6752138186455,6752139153382,966927
13844,6752139191586,6752140159494,967908
13845,6752140186327,6752141154976,968649
13846,6752141191476,6752142158903,967427
13847,6752142186199,6752143153718,967519
13848,6752143191366,6752144160404,969038
13849,6752144186126,6752145153442,967316
13850,6752145191201,6752146158646,967445
13851,6752146186035,6752147153110,967075
13852,6752147191091,6752148157648,966557
13853,6752148185870,6752149152889,967019
13854,6752149191000,6752150158260,967260
13855,6752150185797,6752151152872,967075
13856,6752151190909,6752152157502,966593
13857,6752152185651,6752153152596,966945
13858,6752153190762,6752154158967,968205
13859,6752154185522,6752155153005,967483
13860,6752155190690,6752156158302,967612
13861,6752156185431,6752157153043,967612
13862,6752157190506,6752158157525,967019
13863,6752158185322,6752159152674,967352
13864,6752159190415,6752160158582,968167
13865,6752160185175,6752161153620,968445
13866,6752161190342,6752162157399,967057
13867,6752162185084,6752163151825,966741
13868,6752163190251,6752164159641,969390
13869,6752164185011,6752165152642,967631
13870,6752165190086,6752166157179,967093
13871,6752166184827,6752167152087,967260
13872,6752167189976,6752168156329,966353
13873,6752168184718,6752169151885,967167
13874,6752169189848,6752170156867,967019
13875,6752170184645,6752171151683,967038
13876,6752171189776,6752172156221,966445
13877,6752172184517,6752173151647,967130
13878,6752173189629,6752174157500,967871
13879,6752174184426,6752175151334,966908
13880,6752175189519,6752176157798,968279
13881,6752176184316,6752177152798,968482
13882,6752177189410,6752178156466,967056
13883,6752178184188,6752179151578,967390
13884,6752179189281,6752180157023,967742
13885,6752180184060,6752181150875,966815
13886,6752181189172,6752182156339,967167
13887,6752182183950,6752183151081,967131
13888,6752183189081,6752184157581,968500
13889,6752184183841,6752185152286,968445
13890,6752185188915,6752186156527,967612
13891,6752186183694,6752187150306,966612
13892,6752187188806,6752188156769,967963
13893,6752188183547,6752189151992,968445
13894,6752189188678,6752190155493,966815
13895,6752190183456,6752191150623,967167
13896,6752191188531,6752192156346,967815
13897,6752192183346,6752193150532,967186
13898,6752193188458,6752194155218,966760
13899,6752194183218,6752195150404,967186
13900,6752195188349,6752196156720,968371
13901,6752196183127,6752197151313,968186
13902,6752197188202,6752198155295,967093
13903,6752198182980,6752199149907,966927
13904,6752199188111,6752200155797,967686
13905,6752200182871,6752201149575,966704
13906,6752201188020,6752202155224,967204
13907,6752202182780,6752203149706,966926
13908,6752203187873,6752204154818,966945
13909,6752204182670,6752205148911,966241
13910,6752205187763,6752206155023,967260
13911,6752206182505,6752207149061,966556
13912,6752207187691,6752208154117,966426
13913,6752208182432,6752209149544,967112
13914,6752209187562,6752210154711,967149
13915,6752210182341,6752211149638,967297
13916,6752211187453,6752212155935,968482
13917,6752212182176,6752213150102,967926
13918,6752213187288,6752214155751,968463
13919,6752214182085,6752215149104,967019
13920,6752215187215,6752216154716,967501
13921,6752216181938,6752217149253,967315
13922,6752217187087,6752218153976,966889
13923,6752218181828,6752219148903,967075
13924,6752219186977,6752220155274,968297
13925,6752220181756,6752221149830,968074
13926,6752221186830,6752222153979,967149
13927,6752222181609,6752223148665,967056
13928,6752223186795,6752224155296,968501
13929,6752224181518,6752225149852,968334
13930,6752225186611,6752226153890,967279
13931,6752226181408,6752227148538,967130
13932,6752227186501,6752228153798,967297
13933,6752228181280,6752229148632,967352
13934,6752229186392,6752230153596,967204
13935,6752230181152,6752231148190,967038
13936,6752231186264,6752232154357,968093
13937,6752232181042,6752233149432,968390
13938,6752233186135,6752234154081,967946
13939,6752234180895,6752235147637,966742
13940,6752235186100,6752236153526,967426
13941,6752236180823,6752237148101,967278
13942,6752237185953,6752238152991,967038
13943,6752238180713,6752239147695,966982
13944,6752239185788,6752240153122,967334
13945,6752240180622,6752241147623,967001
13946,6752241185715,6752242153160,967445
13947,6752242180475,6752243147198,966723
13948,6752243185606,6752244152866,967260
13949,6752244180347,6752245147292,966945
13950,6752245185515,6752246152052,966537
13951,6752246180256,6752247147331,967075
13952,6752247185386,6752248153109,967723
13953,6752248180109,6752249148554,968445
13954,6752249185221,6752250152407,967186
13955,6752250180018,6752251146852,966834
13956,6752251185167,6752252148446,963279
13957,6752252185094,6752253134798,949704
13958,6752253184983,6752254152503,967520
13959,6752254179799,6752255147614,967815
13960,6752255184911,6752256152837,967926
13961,6752256179689,6752257148042,968353
13962,6752257184783,6752258151413,966630
13963,6752258179524,6752259148062,968538
13964,6752259184691,6752260152674,967983
13965,6752260179451,6752261146600,967149
13966,6752261184563,6752262152138,967575
13967,6752262179342,6752263146491,967149
13968,6752263184454,6752264152436,967982
13969,6752264179214,6752265146992,967778
13970,6752265184362,6752266151530,967168
13971,6752266179104,6752267146290,967186
13972,6752267184197,6752268151365,967168
13973,6752268178994,6752269145680,966686
13974,6752269184125,6752270151255,967130
13975,6752270178848,6752271145719,966871
13976,6752271184015,6752272150460,966445
13977,6752272178756,6752273145739,966983
13978,6752273183831,6752274150869,967038
13979,6752274178647,6752275146666,968019
13980,6752275183796,6752276149741,965945
13981,6752276178537,6752277145464,966927
13982,6752277183630,6752278150631,967001
13983,6752278178409,6752279145317,966908
13984,6752279183502,6752280151503,968001
13985,6752280178281,6752281144615,966334
13986,6752281183411,6752282150301,966890
13987,6752282178153,6752283145635,967482
13988,6752283183338,6752284149413,966075
13989,6752284178080,6752285146118,968038
13990,6752285183210,6752286149896,966686
13991,6752286177952,6752287145341,967389
13992,6752287183082,6752288151157,968075
13993,6752288177861,6752289145065,967204
13994,6752289182935,6752290150010,967075
13995,6752290177751,6752291144826,967075
13996,6752291182900,6752292150863,967963
13997,6752292177586,6752293144864,967278
13998,6752293182772,6752294149698,966926
13999,6752294177513,6752295145884,968371
14000,6752295182606,6752296150496,967890
14001,6752296177385,6752297146386,969001
14002,6752297182552,6752298150905,968353
14003,6752298177146,6752299144202,967056
14004,6752299182406,6752300148980,966574
14005,6752300177184,6752301144240,967056
14006,6752301182277,6752302149149,966872
14007,6752302177037,6752303144186,967149
14008,6752303182186,6752304149706,967520
14009,6752304176965,6752305143799,966834
14010,6752305182040,6752306148559,966519
14011,6752306176818,6752307142856,966038
14012,6752307181930,6752308155394,973464
14013,6752308177208,6752309171246,994038
14014,6752309177080,6752310170191,993111
14015,6752310177006,6752311170062,993056
14016,6752311177025,6752312169174,992149
14017,6752312176748,6752313165731,988983
14018,6752313176823,6752314171491,994668
14019,6752314176824,6752315169973,993149
14020,6752315176751,6752316169066,992315
14021,6752316176714,6752317168363,991649
14022,6752317176604,6752318167105,990501
14023,6752318176549,6752319169087,992538
14024,6752319176476,6752320167791,991315
14025,6752320176421,6752321168477,992056
14026,6752321176385,6752322168996,992611
14027,6752322176348,6752323168905,992557
14028,6752323176497,6752324169739,993242
14029,6752324176165,6752325167684,991519
14030,6752325176147,6752326168073,991926
14031,6752326176092,6752327169389,993297
14032,6752327176074,6752328168130,992056
14033,6752328176056,6752329169909,993853
14034,6752329175890,6752330167947,992057
14035,6752330175854,6752331168651,992797
14036,6752331175799,6752332167041,991242
14037,6752332175800,6752333167449,991649
14038,6752333175893,6752334166690,990797
14039,6752334175672,6752335168006,992334
14040,6752335175710,6752336166933,991223
14041,6752336175581,6752337166970,991389
14042,6752337175433,6752338168008,992575
14043,6752338175434,6752339166546,991112
14044,6752339175398,6752340167287,991889
14045,6752340175306,6752341167455,992149
14046,6752341175251,6752342167067,991816
14047,6752342175233,6752343167289,992056
14048,6752343175123,6752344166642,991519
14049,6752344174920,6752345170995,996075
14050,6752345175069,6752346166755,991686
14051,6752346174958,6752347166737,991779
14052,6752347174922,6752348166238,991316
14053,6752348174849,6752349166738,991889
14054,6752349174775,6752350169406,994631
14055,6752350174665,6752351166314,991649
14056,6752351174610,6752352166240,991630
14057,6752352174666,6752353166334,991668
14058,6752353174612,6752354166927,992315
14059,6752354174557,6752355168002,993445
14060,6752355174520,6752356167299,992779
14061,6752356174354,6752357165281,990927
14062,6752357174411,6752358166430,992019
14063,6752358174374,6752359167209,992835
14064,6752359174227,6752360165246,991019
14065,6752360174209,6752361167654,993445
14066,6752361174006,6752362165859,991853
14067,6752362174063,6752363165730,991667
14068,6752363174100,6752364164620,990520
14069,6752364173768,6752365144824,971056
14070,6752365179805,6752366146491,966686
14071,6752366173362,6752367140566,967204
14072,6752367178511,6752368145400,966889
14073,6752368173308,6752369140327,967019
14074,6752369178401,6752370145254,966853
14075,6752370173124,6752371139902,966778
14076,6752371178236,6752372144551,966315
14077,6752372173033,6752373138978,965945
14078,6752373178200,6752374144868,966668
14079,6752374172905,6752375140665,967760
14080,6752375178035,6752376144573,966538
14081,6752376172795,6752377139907,967112
14082,6752377177925,6752378144593,966668
14083,6752378172685,6752379139445,966760
14084,6752379177797,6752380146724,968927
14085,6752380172594,6752381139558,966964
14086,6752381177687,6752382145503,967816
14087,6752382172447,6752383139411,966964
14088,6752383177559,6752384144134,966575
14089,6752384172338,6752385139950,967612
14090,6752385177468,6752386144450,966982
14091,6752386172210,6752387139007,966797
14092,6752387177340,6752388143415,966075
14093,6752388172100,6752389138934,966834
14094,6752389177267,6752390143712,966445
14095,6752390171972,6752391138787,966815
14096,6752391177102,6752392143640,966538
14097,6752392171899,6752393138085,966186
14098,6752393176992,6752394143734,966742
14099,6752394171752,6752395139401,967649
14100,6752395176846,6752396142587,965741
14101,6752396171643,6752397138106,966463
14102,6752397176755,6752398143329,966574
14103,6752398171496,6752399138145,966649
14104,6752399176608,6752400142609,966001
14105,6752400171386,6752401138165,966779
14106,6752401176498,6752402142832,966334
14107,6752402171258,6752403137870,966612
14108,6752403176389,6752404143741,967352
14109,6752404171167,6752405139075,967908
14110,6752405176316,6752406142613,966297
14111,6752406171039,6752407137336,966297
14112,6752407176169,6752408141911,965742
14113,6752408170948,6752409137374,966426
14114,6752409176041,6752410142634,966593
14115,6752410170820,6752411138320,967500
14116,6752411175950,6752412143784,967834
14117,6752412170729,6752413138655,967926
14118,6752413175840,6752414141526,965686
14119,6752414170600,6752415138008,967408
14120,6752415175712,6752416143694,967982
14121,6752416170472,6752417136121,965649
14122,6752417175603,6752418143177,967574
14123,6752418170363,6752419136641,966278
14124,6752419175474,6752420142401,966927
14125,6752420170253,6752421136957,966704
14126,6752421175383,6752422142143,966760
14127,6752422170125,6752423136514,966389
14128,6752423175255,6752424141534,966279
14129,6752424170034,6752425137645,967611
14130,6752425175145,6752426141757,966612
14131,6752426169887,6752427136406,966519
14132,6752427175054,6752428142666,967612
14133,6752428169814,6752429137648,967834
14134,6752429174963,6752430140927,965964
14135,6752430169686,6752431136187,966501
14136,6752431174779,6752432144169,969390
14137,6752432170206,6752433162910,992704
14138,6752433170003,6752434161707,991704
14139,6752434169967,6752435164634,994667
14140,6752435169856,6752436160561,990705
14141,6752436169857,6752437161728,991871
14142,6752437169765,6752438162303,992538
14143,6752438169951,6752439160581,990630
14144,6752439169711,6752440162897,993186
14145,6752440169730,6752441161361,991631
14146,6752441169527,6752442162732,993205
14147,6752442169491,6752443161436,991945
14148,6752443169473,6752444160789,991316
14149,6752444169363,6752445162493,993130
14150,6752445169345,6752446161235,991890
14151,6752446169383,6752447160347,990964
14152,6752447169217,6752448160292,991075
14153,6752448169273,6752449160552,991279
14154,6752449169107,6752450161071,991964
14155,6752450169071,6752451160979,991908
14156,6752451168961,6752452161461,992500
14157,6752452169109,6752453160740,991631
14158,6752453168832,6752454160907,992075
14159,6752454168889,6752455161538,992649
14160,6752455168704,6752456160464,991760
14161,6752456168649,6752457160317,991668
14162,6752457168446,6752458158929,990483
14163,6752458168614,6752459162300,993686
14164,6752459168448,6752460159319,990871
14165,6752460168412,6752461159375,990963
14166,6752461168375,6752462161987,993612
14167,6752462168265,6752463160025,991760
14168,6752463168303,6752464158729,990426
14169,6752464168174,6752465161397,993223
14170,6752465168211,6752466160860,992649
14171,6752466168120,6752467160583,992463
14172,6752467167991,6752468160806,992815
14173,6752468167973,6752469161400,993427
14174,6752469167863,6752470159530,991667
14175,6752470167919,6752471159697,991778
14176,6752471167883,6752472158513,990630
14177,6752472167791,6752473157717,989926
14178,6752473167680,6752474158829,991149
14179,6752474167792,6752475162348,994556
14180,6752475167552,6752476158905,991353
14181,6752476167608,6752477159313,991705
14182,6752477167424,6752478158295,990871
14183,6752478167388,6752479159574,992186
14184,6752479167425,6752480157593,990168
14185,6752480167334,6752481158593,991259
14186,6752481167279,6752482161261,993982
14187,6752482167131,6752483159558,992427
14188,6752483166910,6752484157225,990315
14189,6752484167059,6752485160393,993334
14190,6752485166948,6752486158319,991371
14191,6752486166968,6752487159913,992945
14192,6752487166950,6752488158099,991149
14193,6752488166821,6752489158322,991501
14194,6752489166803,6752490158304,991501
14195,6752490166711,6752491157879,991168
14196,6752491166693,6752492157639,990946
14197,6752492166694,6752493158676,991982
14198,6752493166547,6752494160362,993815
14199,6752494166436,6752495160548,994112
14200,6752495166196,6752496155438,989242
14201,6752496166141,6752497133790,967649
14202,6752497170957,6752498137606,966649
14203,6752498165884,6752499132755,966871
14204,6752499170977,6752500137626,966649
14205,6752500165811,6752501132793,966982
14206,6752501170886,6752502137461,966575
14207,6752502165627,6752503132369,966742
14208,6752503170758,6752504137092,966334
14209,6752504165518,6752505133518,968000
14210,6752505170648,6752506137482,966834
14211,6752506165389,6752507132205,966816
14212,6752507170501,6752508136465,965964
14213,6752508165298,6752509132188,966890
14214,6752509170410,6752510137096,966686
14215,6752510165115,6752511131837,966722
14216,6752511170282,6752512136320,966038
14217,6752512165060,6752513131857,966797
14218,6752513170191,6752514136969,966778
14219,6752514164951,6752515132618,967667
14220,6752515170063,6752516136674,966611
14221,6752516164878,6752517131897,967019
14222,6752517169972,6752518136620,966648
14223,6752518164713,6752519131788,967075
14224,6752519169806,6752520135826,966020
14225,6752520164640,6752521131178,966538
14226,6752521169752,6752522136494,966742
14227,6752522164475,6752523131383,966908
14228,6752523169568,6752524137365,967797
14229,6752524164384,6752525132070,967686
14230,6752525169459,6752526136737,967278
14231,6752526164200,6752527130979,966779
14232,6752527169331,6752528136702,967371
14233,6752528164128,6752529130647,966519
14234,6752529169295,6752530135833,966538
14235,6752530164018,6752531130371,966353
14236,6752531169111,6752532135612,966501
14237,6752532163927,6752533130965,967038
14238,6752533169057,6752534135873,966816
14239,6752534163762,6752535131577,967815
14240,6752535168929,6752536136726,967797
14241,6752536163671,6752537131690,968019
14242,6752537168708,6752538135598,966890
14243,6752538163561,6752539130506,966945
14244,6752539168673,6752540134877,966204
14245,6752540163414,6752541129841,966427
14246,6752541168545,6752542135379,966834
14247,6752542163323,6752543130490,967167
14248,6752543168416,6752544134528,966112
14249,6752544163232,6752545130844,967612
14250,6752545168381,6752546135048,966667
14251,6752546163085,6752547129845,966760
14252,6752547168160,6752548135772,967612
14253,6752548162994,6752549129865,966871
14254,6752549168143,6752550135088,966945
14255,6752550162847,6752551129681,966834
14256,6752551167996,6752552135386,967390
14257,6752552162793,6752553129516,966723
14258,6752553167905,6752554134628,966723
14259,6752554162647,6752555129814,967167
14260,6752555167795,6752556134944,967149
14261,6752556162555,6752557129075,966520
14262,6752557167649,6752558134538,966889
14263,6752558162427,6752559129669,967242
14264,6752559167521,6752560135373,967852
14265,6752560162151,6752561129559,967408
14266,6752561167448,6752562134282,966834
14267,6752562162189,6752563127838,965649
14268,6752563167320,6752564134895,967575
14269,6752564162098,6752565130914,968816
14270,6752565167284,6752566134044,966760
14271,6752566161915,6752567128489,966574
14272,6752567167100,6752568133249,966149
14273,6752568161842,6752569128509,966667
14274,6752569166935,6752570133714,966779
14275,6752570161751,6752571128474,966723
14276,6752571166881,6752572134586,967705
14277,6752572161623,6752573129771,968148
14278,6752573166753,6752574134698,967945
14279,6752574161494,6752575129514,968020
14280,6752575166625,6752576133811,967186
14281,6752576161403,6752577128404,967001
14282,6752577166515,6752578133386,966871
14283,6752578161294,6752579127942,966648
14284,6752579166350,6752580132295,965945
14285,6752580161184,6752581126851,965667
14286,6752581166296,6752582133019,966723
14287,6752582161019,6752583127945,966926
14288,6752583166186,6752584132354,966168
14289,6752584160928,6752585128502,967574
14290,6752585166021,6752586132670,966649
14291,6752586160818,6752587127041,966223
14292,6752587165893,6752588133708,967815
14293,6752588160727,6752589126265,965538
14294,6752589165857,6752590131580,965723
14295,6752590160543,6752591127155,966612
14296,6752591165729,6752592132933,967204
14297,6752592160452,6752593127601,967149
14298,6752593165601,6752594132527,966926
14299,6752594160361,6752595127232,966871
14300,6752595165454,6752596133436,967982
14301,6752596160233,6752597127548,967315
14302,6752597165344,6752598131679,966335
14303,6752598160142,6752599125679,965537
14304,6752599165235,6752600131532,966297
14305,6752600160013,6752601127033,967020
14306,6752601165144,6752602131978,966834
14307,6752602159867,6752603127219,967352
14308,6752603165034,6752604131461,966427
14309,6752604159794,6752605129795,970001
14310,6752605164887,6752606132036,967149
14311,6752606159684,6752607126815,967131
14312,6752607164796,6752608133482,968686
14313,6752608159519,6752609127538,968019
14314,6752609164705,6752610132558,967853
14315,6752610159447,6752611126355,966908
14316,6752611164521,6752612131892,967371
14317,6752612159337,6752613126301,966964
14318,6752613164412,6752614131412,967000
14319,6752614159135,6752615126043,966908
14320,6752615164321,6752616131710,967389
14321,6752616159062,6752617124822,965760
14322,6752617164174,6752618130878,966704
14323,6752618159008,6752619125564,966556
14324,6752619164101,6752620130546,966445
14325,6752620158880,6752621125417,966537
14326,6752621164010,6752622130752,966742
14327,6752622158752,6752623125567,966815
14328,6752623163919,6752624131512,967593
14329,6752624158586,6752625124531,965945
14330,6752625163791,6752626129699,965908
14331,6752626158532,6752627125718,967186
14332,6752627163589,6752628131367,967778
14333,6752628158404,6752629125386,966982
14334,6752629163479,6752630130035,966556
14335,6752630158313,6752631125054,966741
14336,6752631163443,6752632131648,968205
14337,6752632158166,6752633125222,967056
14338,6752633163260,6752634130186,966926
14339,6752634158057,6752635123520,965463
14340,6752635163150,6752636129262,966112
14341,6752636157984,6752637124985,967001
14342,6752637163096,6752638129985,966889
14343,6752638157856,6752639125282,967426
14344,6752639162931,6752640129579,966648
14345,6752640157728,6752641124673,966945
14346,6752641162821,6752642129599,966778
14347,6752642157581,6752643124545,966964
14348,6752643162748,6752644130879,968131
14349,6752644157508,6752645125824,968316
14350,6752645162657,6752646130639,967982
14351,6752646157380,6752647124344,966964
14352,6752647162473,6752648129696,967223
14353,6752648157307,6752649124345,967038
14354,6752649162419,6752650129698,967279
14355,6752650157105,6752651124032,966927
14356,6752651162273,6752652128607,966334
14357,6752652157070,6752653122811,965741
14358,6752653162181,6752654128997,966816
14359,6752654156867,6752655123998,967131
14360,6752655162053,6752656129221,967168
14361,6752656156832,6752657123721,966889
14362,6752657161907,6752658128667,966760
14363,6752658156704,6752659123501,966797
14364,6752659161834,6752660129779,967945
14365,6752660156575,6752661122447,965872
14366,6752661161650,6752662127336,965686
14367,6752662156447,6752663123578,967131
14368,6752663161541,6752664128856,967315
14369,6752664156356,6752665123412,967056
14370,6752665161449,6752666129450,968001
14371,6752666156209,6752667122488,966279
14372,6752667161395,6752668129415,968020
14373,6752668156137,6752669123989,967852
14374,6752669161193,6752670128194,967001
14375,6752670155990,6752671121417,965427
14376,6752671161102,6752672127695,966593
14377,6752672155880,6752673122640,966760
14378,6752673161011,6752674127734,966723
14379,6752674155789,6752675123383,967594
14380,6752675160864,6752676134698,973834
14381,6752676156198,6752677148254,992056
14382,6752677155773,6752678147607,991834
14383,6752678155940,6752679147830,991890
14384,6752679155923,6752680151183,995260
14385,6752680155812,6752681148461,992649
14386,6752681155850,6752682148369,992519
14387,6752682155832,6752683148592,992760
14388,6752683155722,6752684148908,993186
14389,6752684155500,6752685147964,992464
14390,6752685155668,6752686148613,992945
14391,6752686155502,6752687148206,992704
14392,6752687155558,6752688147633,992075
14393,6752688155503,6752689146115,990612
14394,6752689155208,6752690147486,992278
14395,6752690155320,6752691150950,995630
14396,6752691155209,6752692146191,990982
14397,6752692155284,6752693148174,992890
14398,6752693155137,6752694147489,992352
14399,6752694155322,6752695151286,995964
14400,6752695155101,6752696152305,997204
14401,6752696156046,6752697147825,991779
14402,6752697154880,6752698147066,992186
14403,6752698155029,6752699146585,991556
14404,6752699154789,6752700147530,992741
14405,6752700154697,6752701147235,992538
14406,6752701154605,6752702146958,992353
14407,6752702154587,6752703148625,994038
14408,6752703154533,6752704146996,992463
14409,6752704154626,6752705147312,992686
14410,6752705154442,6752706151461,997019
14411,6752706155016,6752707145647,990631
14412,6752707154239,6752708145981,991742
14413,6752708154240,6752709146315,992075
14414,6752709154222,6752710146353,992131
14415,6752710154056,6752711146020,991964
14416,6752711154113,6752712146076,991963
14417,6752712154021,6752713148133,994112
14418,6752713153984,6752714145930,991946
14419,6752714153893,6752715145782,991889
14420,6752715154004,6752716147190,993186
14421,6752716153894,6752717145969,992075
14422,6752717153876,6752718145747,991871
14423,6752718153969,6752719145767,991798
14424,6752719153618,6752720145138,991520
14425,6752720153638,6752721144990,991352
14426,6752721153583,6752722145806,992223
14427,6752722153528,6752723148566,995038
14428,6752723153436,6752724145307,991871
14429,6752724153326,6752725144623,991297
14430,6752725153345,6752726146957,993612
14431,6752726153346,6752727145717,992371
14432,6752727152958,6752728142847,989889
14433,6752728152884,6752729120959,968075
14434,6752729157848,6752730125237,967389
14435,6752730152608,6752731120090,967482
14436,6752731157683,6752732124461,966778
14437,6752732152498,6752733119906,967408
14438,6752733157610,6752734124870,967260
14439,6752734152351,6752735119574,967223
14440,6752735157482,6752736125353,967871
14441,6752736152297,6752737119539,967242
14442,6752737157354,6752738124280,966926
14443,6752738152114,6752739119225,967111
14444,6752739157225,6752740126004,968779
14445,6752740152023,6752741119357,967334
14446,6752741157153,6752742124635,967482
14447,6752742151876,6752743119265,967389
14448,6752743157025,6752744124470,967445
14449,6752744151766,6752745119267,967501
14450,6752745156897,6752746124138,967241
14451,6752746151638,6752747119176,967538
14452,6752747156768,6752748123732,966964
14453,6752748151528,6752749118973,967445
14454,6752749156640,6752750123882,967242
14455,6752750151437,6752751118623,967186
14456,6752751156549,6752752123828,967279
14457,6752752151309,6752753118754,967445
14458,6752753156458,6752754123681,967223
14459,6752754151218,6752755117978,966760
14460,6752755156330,6752756125849,969519
14461,6752756151127,6752757119405,968278
14462,6752757156220,6752758123536,967316
14463,6752758150906,6752759118166,967260
14464,6752759156073,6752760122241,966168
14465,6752760150833,6752761118204,967371
14466,6752761155982,6752762123038,967056
14467,6752762150742,6752763118373,967631
14468,6752763155854,6752764122410,966556
14469,6752764150633,6752765118430,967797
14470,6752765155744,6752766123690,967946
14471,6752766150523,6752767117635,967112
14472,6752767155616,6752768122172,966556
14473,6752768150395,6752769117507,967112
14474,6752769155507,6752770122378,966871
14475,6752770150248,6752771117045,966797
14476,6752771155378,6752772122046,966668
14477,6752772150194,6752773117250,967056
14478,6752773155287,6752774122621,967334
14479,6752774150047,6752775117103,967056
14480,6752775155159,6752776124271,969112
14481,6752776149975,6752777116901,966926
14482,6752777155049,6752778123087,968038
14483,6752778149809,6752779117347,967538
14484,6752779154921,6752780123126,968205
14485,6752780149663,6752781117571,967908
14486,6752781154830,6752782122146,967316
14487,6752782149609,6752783117461,967852
14488,6752783154720,6752784121888,967168
14489,6752784149499,6752785116333,966834
14490,6752785154592,6752786122667,968075
14491,6752786149334,6752787116723,967389
14492,6752787154483,6752788122631,968148
14493,6752788149317,6752789116243,966926
14494,6752789154391,6752790122281,967890
14495,6752790149133,6752791116300,967167
14496,6752791154263,6752792121986,967723
14497,6752792149023,6752793116265,967242
14498,6752793154135,6752794121265,967130
14499,6752794148914,6752795116044,967130
14500,6752795154044,6752796123397,969353
14501,6752796148822,6752797117879,969057
14502,6752797153916,6752798121509,967593
14503,6752798148620,6752799115714,967094
14504,6752799153806,6752800122196,968390
14505,6752800148566,6752801115993,967427
14506,6752801153678,6752802122160,968482
14507,6752802148475,6752803115531,967056
14508,6752803153568,6752804125236,971668
14509,6752804148921,6752805140977,992056
14510,6752805148773,6752806147163,998390
14511,6752806149070,6752807145386,996316
14512,6752807149201,6752808143276,994075
14513,6752808148387,6752809140165,991778
14514,6752809148536,6752810141703,993167
14515,6752810148370,6752811141019,992649
14516,6752811148426,6752812141130,992704
14517,6752812148334,6752813140964,992630
14518,6752813148335,6752814141539,993204
14519,6752814148224,6752815141021,992797
14520,6752815148114,6752816143911,995797
14521,6752816147819,6752817140375,992556
14522,6752817148060,6752818140116,992056
14523,6752818148024,6752819142580,994556
14524,6752819147913,6752820139562,991649
14525,6752820148118,6752821140063,991945
14526,6752821147785,6752822140304,992519
14527,6752822147804,6752823140287,992483
14528,6752823147750,6752824138806,991056
14529,6752824147713,6752825141269,993556
14530,6752825147603,6752826141844,994241
14531,6752826147529,6752827140252,992723
14532,6752827147512,6752828140642,993130
14533,6752828147568,6752829140995,993427
14534,6752829147365,6752830140014,992649
14535,6752830147347,6752831139774,992427
14536,6752831147292,6752832138312,991020
14537,6752832147219,6752833138720,991501
14538,6752833147183,6752834140906,993723
14539,6752834147017,6752835139073,992056
14540,6752835147073,6752836140018,992945
14541,6752836146907,6752837138889,991982
14542,6752837146889,6752838138872,991983
14543,6752838146797,6752839138483,991686
14544,6752839146780,6752840138854,992074
14545,6752840146706,6752841139189,992483
14546,6752841146651,6752842140337,993686
14547,6752842146578,6752843138449,991871
14548,6752843146579,6752844137357,990778
14549,6752844146487,6752845138210,991723
14550,6752845146580,6752846139729,993149
14551,6752846146322,6752847137100,990778
14552,6752847146304,6752848139601,993297
14553,6752848146231,6752849137898,991667
14554,6752849146194,6752850137565,991371
14555,6752850145936,6752851138677,992741
14556,6752851145825,6752852135900,990075
14557,6752852146011,6752853139734,993723
14558,6752853145753,6752854136513,990760
14559,6752854145883,6752855138310,992427
14560,6752855145884,6752856139144,993260
14561,6752856145848,6752857137645,991797
14562,6752857145608,6752858137349,991741
14563,6752858145719,6752859138405,992686
14564,6752859145942,6752860136276,990334
14565,6752860145425,6752861112610,967185
14566,6752861150296,6752862117519,967223
14567,6752862145074,6752863111982,966908
14568,6752863150167,6752864116816,966649
14569,6752864144983,6752865111799,966816
14570,6752865150076,6752866118040,967964
14571,6752866144836,6752867111615,966779
14572,6752867149967,6752868116097,966130
14573,6752868144708,6752869111709,967001
14574,6752869149764,6752870116469,966705
14575,6752870144580,6752871111173,966593
14576,6752871149692,6752872117267,967575
14577,6752872144470,6752873111212,966742
14578,6752873149582,6752874117175,967593
14579,6752874144305,6752875111195,966890
14580,6752875149473,6752876116566,967093
14581,6752876144270,6752877111215,966945
14582,6752877149326,6752878116086,966760
14583,6752878144141,6752879110975,966834
14584,6752879149253,6752880115643,966390
14585,6752880143995,6752881110921,966926
14586,6752881149181,6752882116070,966889
14587,6752882143885,6752883110904,967019
14588,6752883148997,6752884115238,966241
14589,6752884143794,6752885110202,966408
14590,6752885148887,6752886116906,968019
14591,6752886143610,6752887110148,966538
14592,6752887148778,6752888116315,967537
14593,6752888143556,6752889111223,967667
14594,6752889148649,6752890115539,966890
14595,6752890143409,6752891110058,966649
14596,6752891148558,6752892116707,968149
14597,6752892143318,6752893109986,966668
14598,6752893148467,6752894115486,967019
14599,6752894143209,6752895109987,966778
14600,6752895148302,6752896116488,968186
14601,6752896143117,6752897110081,966964
14602,6752897148248,6752898115137,966889
14603,6752898142971,6752899109638,966667
14604,6752899148027,6752900115731,967704
14605,6752900142861,6752901110751,967890
14606,6752901147973,6752902114511,966538
14607,6752902142733,6752903109530,966797
14608,6752903147863,6752904113975,966112
14609,6752904142623,6752905109105,966482
14610,6752905147754,6752906115199,967445
14611,6752906142532,6752907109570,967038
14612,6752907147625,6752908115441,967816
14613,6752908142385,6752909108701,966316
14614,6752909147479,6752910114831,967352
14615,6752910142239,6752911109276,967037
14616,6752911147388,6752912115185,967797
14617,6752912142166,6752913109926,967760
14618,6752913147333,6752914113964,966631
14619,6752914142001,6752915108316,966315
14620,6752915147205,6752916113243,966038
14621,6752916141947,6752917108781,966834
14622,6752917147059,6752918113800,966741
14623,6752918141782,6752919109153,967371
14624,6752919146949,6752920115098,968149
14625,6752920141672,6752921108561,966889
14626,6752921146802,6752922114729,967927
14627,6752922141581,6752923108470,966889
14628,6752923146711,6752924113693,966982
14629,6752924141490,6752925108175,966685
14630,6752925146601,6752926116306,969705
14631,6752926141361,6752927108344,966983
14632,6752927146473,6752928119493,973020
14633,6752928141993,6752929136864,994871
14634,6752929141660,6752930135105,993445
14635,6752930141568,6752931136606,995038
14636,6752931141476,6752932135218,993742
14637,6752932141421,6752933134144,992723
14638,6752933141478,6752934134441,992963
14639,6752934141349,6752935135257,993908
14640,6752935141312,6752936134739,993427
14641,6752936141295,6752937132610,991315
14642,6752937141129,6752938134222,993093
14643,6752938141092,6752939134223,993131
14644,6752939141038,6752940133112,992074
14645,6752940141038,6752941133595,992557
14646,6752941140965,6752942133336,992371
14647,6752942140855,6752943134133,993278
14648,6752943140800,6752944133115,992315
14649,6752944140986,6752945133949,992963
14650,6752945140690,6752946132728,992038
14651,6752946140598,6752947133617,993019
14652,6752947140562,6752948132229,991667
14653,6752948140581,6752949132582,992001
14654,6752949140545,6752950133323,992778
14655,6752950140453,6752951132768,992315
14656,6752951140435,6752952132806,992371
14657,6752952140306,6752953132844,992538
14658,6752953140233,6752954132863,992630
14659,6752954140215,6752955132957,992742
14660,6752955140290,6752956130180,989890
14661,6752956140254,6752957133254,993000
14662,6752957140032,6752958133311,993279
14663,6752958139996,6752959132497,992501
14664,6752959139941,6752960131238,991297
14665,6752960139886,6752961131813,991927
14666,6752961139813,6752962132869,993056
14667,6752962139684,6752963132370,992686
14668,6752963139703,6752964131871,992168
14669,6752964139871,6752965132279,992408
14670,6752965139612,6752966130335,990723
14671,6752966139539,6752967133169,993630
14672,6752967139539,6752968131892,992353
14673,6752968139466,6752969132967,993501
14674,6752969139356,6752970132264,992908
14675,6752970139227,6752971130783,991556
14676,6752971139209,6752972130969,991760
14677,6752972139117,6752973131914,992797
14678,6752973139173,6752974132304,993131
14679,6752974139082,6752975132304,993222
14680,6752975139027,6752976130157,991130
14681,6752976138953,6752977132102,993149
14682,6752977138880,6752978131399,992519
14683,6752978138936,6752979133067,994131
14684,6752979138789,6752980133141,994352
14685,6752980138475,6752981105013,966538
14686,6752981143475,6752982110902,967427
14687,6752982138180,6752983105736,967556
14688,6752983143292,6752984111552,968260
14689,6752984138126,6752985105812,967686
14690,6752985143238,6752986110498,967260
14691,6752986137942,6752987106998,969056
14692,6752987143109,6752988111092,967983
14693,6752988137832,6752989105333,967501
14694,6752989142944,6752990110075,967131
14695,6752990137686,6752991104742,967056
14696,6752991142816,6752992110113,967297
14697,6752992137595,6752993104892,967297
14698,6752993142706,6752994109559,966853
14699,6752994137503,6752995104634,967131
14700,6752995142597,6752996111301,968704
14701,6752996137375,6752997105728,968353
14702,6752997142487,6752998110117,967630
14703,6752998137247,6752999104859,967612
14704,6752999142377,6753000110637,968260
14705,6753000137137,6753001104805,967668
14706,6753001142305,6753002109417,967112
14707,6753002137028,6753003104510,967482
14708,6753003142121,6753004110585,968464
14709,6753004136937,6753005103234,966297
14710,6753005142011,6753006109031,967020
14711,6753006136790,6753007105994,969204
14712,6753007141939,6753008109032,967093
14713,6753008136680,6753009103940,967260
14714,6753009141792,6753010108904,967112
14715,6753010136589,6753011103590,967001
14716,6753011141664,6753012108331,966667
14717,6753012136461,6753013103684,967223
14718,6753013141573,6753014108370,966797
14719,6753014136333,6753015103315,966982
14720,6753015141463,6753016109019,967556
14721,6753016136242,6753017103668,967426
14722,6753017141372,6753018108336,966964
14723,6753018136095,6753019103133,967038
14724,6753019141207,6753020107837,966630
14725,6753020136004,6753021103134,967130
14726,6753021141116,6753022108394,967278
14727,6753022135857,6753023103210,967353
14728,6753023141006,6753024108951,967945
14729,6753024135785,6753025103507,967722
14730,6753025140896,6753026107971,967075
14731,6753026135638,6753027104268,968630
14732,6753027140824,6753028108380,967556
14733,6753028135602,6753029102677,967075
14734,6753029140677,6753030107770,967093
14735,6753030135400,6753031102586,967186
14736,6753031140530,6753032108624,968094
14737,6753032135327,6753033103921,968594
14738,6753033140421,6753034108699,968278
14739,6753034135181,6753035102348,967167
14740,6753035140311,6753036108386,968075
14741,6753036135090,6753037103961,968871
14742,6753037140183,6753038107332,967149
14743,6753038134943,6753039101888,966945
14744,6753039140073,6753040108518,968445
14745,6753040134870,6753041101130,966260
14746,6753041139982,6753042106742,966760
14747,6753042134705,6753043102891,968186
14748,6753043139854,6753044106558,966704
14749,6753044134651,6753045102022,967371
14750,6753045139763,6753046106578,966815
14751,6753046134486,6753047102172,967686
14752,6753047139653,6753048106376,966723
14753,6753048134395,6753049101580,967185
14754,6753049139506,6753050106248,966742
14755,6753050134248,6753051101341,967093
14756,6753051139378,6753052110397,971019
14757,6753052134601,6753053126917,992316
14758,6753053134528,6753054129325,994797
14759,6753054134510,6753055127603,993093
14760,6753055134437,6753056128641,994204
14761,6753056134419,6753057128253,993834
14762,6753057134346,6753058126087,991741
14763,6753058134235,6753059127328,993093
14764,6753059134199,6753060126514,992315
14765,6753060134477,6753061126237,991760
14766,6753061134089,6753062127590,993501
14767,6753062134034,6753063127628,993594
14768,6753063133961,6753064126221,992260
14769,6753064133832,6753065125759,991927
14770,6753065133796,6753066125852,992056
14771,6753066133760,6753067128371,994611
14772,6753067133705,6753068126668,992963
14773,6753068133650,6753069125410,991760
14774,6753069133558,6753070126892,993334
14775,6753070133577,6753071126837,993260
14776,6753071133245,6753072123319,990074
14777,6753072133431,6753073127635,994204
14778,6753073133339,6753074125728,992389
14779,6753074133099,6753075125414,992315
14780,6753075133303,6753076125470,992167
14781,6753076133230,6753077129656,996426
14782,6753077133527,6753078126139,992612
14783,6753078133083,6753079125936,992853
14784,6753079132880,6753080124547,991667
14785,6753080133084,6753081127363,994279
14786,6753081132919,6753082126123,993204
14787,6753082132882,6753083126327,993445
14788,6753083132901,6753084128032,995131
14789,6753084132847,6753085125107,992260
14790,6753085132662,6753086125681,993019
14791,6753086132737,6753087127182,994445
14792,6753087132590,6753088124813,992223
14793,6753088132479,6753089125961,993482
14794,6753089132573,6753090125684,993111
14795,6753090132481,6753091123481,991000
14796,6753091132352,6753092124371,992019
14797,6753092132149,6753093100594,968445
14798,6753093137038,6753094104354,967316
14799,6753094131780,6753095099188,967408
14800,6753095136892,6753096103985,967093
14801,6753096131652,6753097100671,969019
14802,6753097136819,6753098104135,967316
14803,6753098131542,6753099099154,967612
14804,6753099136691,6753100105229,968538
14805,6753100131432,6753101098637,967205
14806,6753101136526,6753102104693,968167
14807,6753102131286,6753103098675,967389
14808,6753103136435,6753104104824,968389
14809,6753104131158,6753105099584,968426
14810,6753105136288,6753106103752,967464
14811,6753106131048,6753107099326,968278
14812,6753107136215,6753108102772,966557
14813,6753108130957,6753109097365,966408
14814,6753109136124,6753110102995,966871
14815,6753110130829,6753111098737,967908
14816,6753111135940,6753112104034,968094
14817,6753112130737,6753113097886,967149
14818,6753113135868,6753114103276,967408
14819,6753114130591,6753115097369,966778
14820,6753115135721,6753116103444,967723
14821,6753116130611,6753117098093,967482
14822,6753117135685,6753118102668,966983
14823,6753118130445,6753119097391,966946
14824,6753119135539,6753120103577,968038
14825,6753120130373,6753121097707,967334
14826,6753121135411,6753122102226,966815
14827,6753122130189,6753123097301,967112
14828,6753123135301,6753124102116,966815
14829,6753124130098,6753125097599,967501
14830,6753125135173,6753126101785,966612
14831,6753126129988,6753127098008,968020
14832,6753127135045,6753128103212,968167
14833,6753128129860,6753129098213,968353
14834,6753129134972,6753130101584,966612
14835,6753130129713,6753131096547,966834
14836,6753131134881,6753132101196,966315
14837,6753132129622,6753133096512,966890
14838,6753133134697,6753134101920,967223
14839,6753134129513,6753135097124,967611
14840,6753135134662,6753136100959,966297
14841,6753136129403,6753137097256,967853
14842,6753137134441,6753138101238,966797
14843,6753138129256,6753139096220,966964
14844,6753139134368,6753140100665,966297
14845,6753140129147,6753141095573,966426
14846,6753141134258,6753142100981,966723
14847,6753142129018,6753143095112,966094
14848,6753143134130,6753144100557,966427
14849,6753144128927,6753145095798,966871
14850,6753145134021,6753146100744,966723
14851,6753146128799,6753147096022,967223
14852,6753147133911,6753148101541,967630
14853,6753148128634,6753149096153,967519
14854,6753149133801,6753150101246,967445
14855,6753150128543,6753151095081,966538
14856,6753151133710,6753152100989,967279
14857,6753152128452,6753153094823,966371
14858,6753153133545,6753154100379,966834
14859,6753154128342,6753155094954,966612
14860,6753155133454,6753156099417,965963
14861,6753156128232,6753157095863,967631
14862,6753157133326,6753158099808,966482
14863,6753158128123,6753159094623,966500
14864,6753159133197,6753160100032,966835
14865,6753160127995,6753161094773,966778
14866,6753161133106,6753162100070,966964
14867,6753162127866,6753163094534,966668
14868,6753163133108,6753164100923,967815
14869,6753164127775,6753165095739,967964
14870,6753165132869,6753166099814,966945
14871,6753166127647,6753167096777,969130
14872,6753167132777,6753168099260,966483
14873,6753168127519,6753169094075,966556
14874,6753169132594,6753170099057,966463
14875,6753170127391,6753171094021,966630
14876,6753171132521,6753172100411,967890
14877,6753172127337,6753173093689,966352
14878,6753173132430,6753174100208,967778
14879,6753174127171,6753175093709,966538
14880,6753175132302,6753176099654,967352
14881,6753176127080,6753177095840,968760
14882,6753177132192,6753178099156,966964
14883,6753178126971,6753179094027,967056
14884,6753179132064,6753180103324,971260
14885,6753180127250,6753181121288,994038
14886,6753181127269,6753182120010,992741
14887,6753182127159,6753183120511,993352
14888,6753183127067,6753184115716,988649
14889,6753184127086,6753185119402,992316
14890,6753185126976,6753186120162,993186
14891,6753186126939,6753187121199,994260
14892,6753187126607,6753188116811,990204
14893,6753188126700,6753189119090,992390
14894,6753189126664,6753190119164,992500
14895,6753190126664,6753191119758,993094
14896,6753191126684,6753192118036,991352
14897,6753192126573,6753193118537,991964
14898,6753193126593,6753194118260,991667
14899,6753194126464,6753195118927,992463
14900,6753195126409,6753196118187,991778
14901,6753196126391,6753197120614,994223
14902,6753197126318,6753198119152,992834
14903,6753198126281,6753199116227,989946
14904,6753199126134,6753200118098,991964
14905,6753200126246,6753201119098,992852
14906,6753201126061,6753202118229,992168
14907,6753202126044,6753203118785,992741
14908,6753203125933,6753204114656,988723
14909,6753204126008,6753205119064,993056
14910,6753205125916,6753206117991,992075
14911,6753206125732,6753207119769,994037
14912,6753207125677,6753208118085,992408
14913,6753208125678,6753209116363,990685
14914,6753209125586,6753210117827,992241
14915,6753210125790,6753211119124,993334
14916,6753211125569,6753212117106,991537
14917,6753212125532,6753213118218,992686
14918,6753213125366,6753214116312,990946
14919,6753214125312,6753215117034,991722
14920,6753215125220,6753216117294,992074
14921,6753216125165,6753217119017,993852
14922,6753217125184,6753218117777,992593
14923,6753218125129,6753219115648,990519
14924,6753219125019,6753220116964,991945
14925,6753220125057,6753221117687,992630
14926,6753221124946,6753222117743,992797
14927,6753222124928,6753223117540,992612
14928,6753223124837,6753224115097,990260
14929,6753224124819,6753225117616,992797
14930,6753225124764,6753226117191,992427
14931,6753226124672,6753227119340,994668
14932,6753227124599,6753228116470,991871
14933,6753228124303,6753229091656,967353
14934,6753229129304,6753230096045,966741
14935,6753230124008,6753231090694,966686
14936,6753231129139,6753232095399,966260
14937,6753232123899,6753233090603,966704
14938,6753233129029,6753234095567,966538
14939,6753234123752,6753235090308,966556
14940,6753235128901,6753236094920,966019
14941,6753236123679,6753237091995,968316
14942,6753237128847,6753238095588,966741
14943,6753238123551,6753239090256,966705
14944,6753239128663,6753240095423,966760
14945,6753240123442,6753241090702,967260
14946,6753241128535,6753242095239,966704
14947,6753242123332,6753243090166,966834
14948,6753243128481,6753244096352,967871
14949,6753244123185,6753245089853,966668
14950,6753245128279,6753246095094,966815
14951,6753246123113,6753247091021,967908
14952,6753247128169,6753248095021,966852
14953,6753248122947,6753249089670,966723
14954,6753249128096,6753250094653,966557
14955,6753250122819,6753251089672,966853
14956,6753251127987,6753252093876,965889
14957,6753252122747,6753253089618,966871
14958,6753253127821,6753254094637,966816
14959,6753254122581,6753255089360,966779
14960,6753255127712,6753256093879,966167
14961,6753256122490,6753257089991,967501
14962,6753257127658,6753258094603,966945
14963,6753258122381,6753259088659,966278
14964,6753259127511,6753260094826,967315
14965,6753260122289,6753261090401,968112
14966,6753261127438,6753262094198,966760
14967,6753262122124,6753263089106,966982
14968,6753263127255,6753264093403,966148
14969,6753264122070,6753265088867,966797
14970,6753265127163,6753266094016,966853
14971,6753266121942,6753267089702,967760
14972,6753267126998,6753268093258,966260
14973,6753268121832,6753269088518,966686
14974,6753269126926,6753270093797,966871
14975,6753270121686,6753271088316,966630
14976,6753271126834,6753272092909,966075
14977,6753272121594,6753273088447,966853
14978,6753273126706,6753274093670,966964
14979,6753274121448,6753275088226,966778
14980,6753275126615,6753276091431,964816
14981,6753276126560,6753277084894,958334
14982,6753277126450,6753278094432,967982
14983,6753278121247,6753279088137,966890
14984,6753279126359,6753280093045,966686
14985,6753280121100,6753281088045,966945
14986,6753281126268,6753282093194,966926
14987,6753282121009,6753283087676,966667
14988,6753283126102,6753284094251,968149
14989,6753284120918,6753285086752,965834
14990,6753285126048,6753286093827,967779
14991,6753286120753,6753287088031,967278
14992,6753287125939,6753288093180,967241
14993,6753288120680,6753289087773,967093
14994,6753289125792,6753290092570,966778
14995,6753290120552,6753291087571,967019
14996,6753291125682,6753292091609,965927
14997,6753292120424,6753293087387,966963
14998,6753293125554,6753294092333,966779
14999,6753294120296,6753295087056,966760
15000,6753295125444,6753296093316,967872
15001,6753296120223,6753297095224,975001
15002,6753297120279,6753298090854,970575
15003,6753298125595,6753299093262,967667
15004,6753299120077,6753300088263,968186
15005,6753300125207,6753301092208,967001
15006,6753301119949,6753302087061,967112
15007,6753302125079,6753303091987,966908
15008,6753303119821,6753304086803,966982
15009,6753304124988,6753305092322,967334
15010,6753305119711,6753306086971,967260
15011,6753306124841,6753307092342,967501
15012,6753307119601,6753308088361,968760
15013,6753308124769,6753309090677,965908
15014,6753309119473,6753310087863,968390
15015,6753310124604,6753311091789,967185
15016,6753311119345,6753312087142,967797
15017,6753312124531,6753313091809,967278
15018,6753313119254,6753314086366,967112
15019,6753314124403,6753315091570,967167
15020,6753315119126,6753316086182,967056
15021,6753316124275,6753317091331,967056
15022,6753317119053,6753318087369,968316
15023,6753318124146,6753319090888,966742
15024,6753319118869,6753320086740,967871
15025,6753320124037,6753321091963,967926
15026,6753321118760,6753322085816,967056
15027,6753322123872,6753323090650,966778
15028,6753323118650,6753324084873,966223
15029,6753324123836,6753325090892,967056
15030,6753325118540,6753326085245,966705
15031,6753326123763,6753327090634,966871
15032,6753327118431,6753328086987,968556
15033,6753328123580,6753329090377,966797
15034,6753329118395,6753330085248,966853
15035,6753330123451,6753331089285,965834
15036,6753331118193,6753332084582,966389
15037,6753332123342,6753333089157,965815
15038,6753333118083,6753334084880,966797
15039,6753334123195,6753335089103,965908
15040,6753335117955,6753336084141,966186
15041,6753336123122,6753337090123,967001
15042,6753337117864,6753338085661,967797
15043,6753338122976,6753339088680,965704
15044,6753339117754,6753340084736,966982
15045,6753340122885,6753341089811,966926
15046,6753341117626,6753342084349,966723
15047,6753342122738,6753343088387,965649
15048,6753343117516,6753344083980,966464
15049,6753344122647,6753345089573,966926
15050,6753345117388,6753346084093,966705
15051,6753346122537,6753347088112,965575
15052,6753347117260,6753348083502,966242
15053,6753348122465,6753349089373,966908
15054,6753349117187,6753350084133,966946
15055,6753350122299,6753351088041,965742
15056,6753351117059,6753352082986,965927
15057,6753352122190,6753353089005,966815
15058,6753353116894,6753354083895,967001
15059,6753354122043,6753355087488,965445
15060,6753355116784,6753356083137,966353
15061,6753356121970,6753357088934,966964
15062,6753357116712,6753358084861,968149
15063,6753358121787,6753359088417,966630
15064,6753359116621,6753360092918,976297
15065,6753360117010,6753361110770,993760
15066,6753361117011,6753362109012,992001
15067,6753362116956,6753363108753,991797
15068,6753363116846,6753364109143,992297
15069,6753364116847,6753365110532,993685
15070,6753365116736,6753366109200,992464
15071,6753366116718,6753367109071,992353
15072,6753367116571,6753368114127,997556
15073,6753368118368,6753369109943,991575
15074,6753369116480,6753370108610,992130
15075,6753370116443,6753371109518,993075
15076,6753371116333,6753372108093,991760
15077,6753372116352,6753373108335,991983
15078,6753373116298,6753374110039,993741
15079,6753374116132,6753375108484,992352
15080,6753375116355,6753376108300,991945
15081,6753376116170,6753377108486,992316
15082,6753377116078,6753378112820,996742
15083,6753378116560,6753379108246,991686
15084,6753379115931,6753380107395,991464
15085,6753380115969,6753381108970,993001
15086,6753381115748,6753382107267,991519
15087,6753382115804,6753383107323,991519
15088,6753383115749,6753384107694,991945
15089,6753384115602,6753385106640,991038
15090,6753385115473,6753386106955,991482
15091,6753386115511,6753387107197,991686
15092,6753387115474,6753388108660,993186
15093,6753388115401,6753389106976,991575
15094,6753389115365,6753390107606,992241
15095,6753390115291,6753391108644,993353
15096,6753391115237,6753392106756,991519
15097,6753392115237,6753393106331,991094
15098,6753393115219,6753394109739,994520
15099,6753394115016,6753395107054,992038
15100,6753395115036,6753396106851,991815
15101,6753396114962,6753397106945,991983
15102,6753397114852,6753398109982,995130
15103,6753398114908,6753399107113,992205
15104,6753399114779,6753400105558,990779
15105,6753400114687,6753401106540,991853
15106,6753401114725,6753402108337,993612
15107,6753402114578,6753403106893,992315
15108,6753403114597,6753404106616,992019
15109,6753404114320,6753405082895,968575
15110,6753405119210,6753406086859,967649
15111,6753406113970,6753407081822,967852
15112,6753407119081,6753408087823,968742
15113,6753408113841,6753409081472,967631
15114,6753409118916,6753410086602,967686
15115,6753410113676,6753411081288,967612
15116,6753411118807,6753412087567,968760
15117,6753412113585,6753413080271,966686
15118,6753413118697,6753414087438,968741
15119,6753414113438,6753415080661,967223
15120,6753415118624,6753416086051,967427
15121,6753416113329,6753417080922,967593
15122,6753417118478,6753418086256,967778
15123,6753418113238,6753419081146,967908
15124,6753419118349,6753420087072,968723
15125,6753420113109,6753421079943,966834
15126,6753421118240,6753422086203,967963
15127,6753422112981,6753423082075,969094
15128,6753423118130,6753424087038,968908
15129,6753424112927,6753425081520,968593
15130,6753425117983,6753426086836,968853
15131,6753426112725,6753427080429,967704
15132,6753427117874,6753428086078,968204
15133,6753428112652,6753429080375,967723
15134,6753429117783,6753430085080,967297
15135,6753430112561,6753431080154,967593
15136,6753431117654,6753432085970,968316
15137,6753432112396,6753433080174,967778
15138,6753433117545,6753434085434,967889
15139,6753434112305,6753435080250,967945
15140,6753435117417,6753436084362,966945
15141,6753436112251,6753437079844,967593
15142,6753437117307,6753438086234,968927
15143,6753438112085,6753439079679,967594
15144,6753439117216,6753440084087,966871
15145,6753440111976,6753441079865,967889
15146,6753441117088,6753442084644,967556
15147,6753442111885,6753443079422,967537
15148,6753443116978,6753444084219,967241
15149,6753444111757,6753445079146,967389
15150,6753445116850,6753446084610,967760
15151,6753446111647,6753447079073,967426
15152,6753447116759,6753448086519,969760
15153,6753448111519,6753449080353,968834
15154,6753449116631,6753450085224,968593
15155,6753450111428,6753451078891,967463
15156,6753451116465,6753452083836,967371
15157,6753452111336,6753453078670,967334
15158,6753453116411,6753454083486,967075
15159,6753454111153,6753455078857,967704
15160,6753455116265,6753456085321,969056
15161,6753456111080,6753457078192,967112
15162,6753457116173,6753458086119,969946
15163,6753458110933,6753459078916,967983
15164,6753459116045,6753460084083,968038
15165,6753460110824,6753461078917,968093
15166,6753461115936,6753462083510,967574
15167,6753462110733,6753463078530,967797
15168,6753463115844,6753464083586,967742
15169,6753464110586,6753465078253,967667
15170,6753465115753,6753466083384,967631
15171,6753466110476,6753467078088,967612
15172,6753467115588,6753468084996,969408
15173,6753468110385,6753469079145,968760
15174,6753469115497,6753470084257,968760
15175,6753470110220,6753471077758,967538
15176,6753471115387,6753472083258,967871
15177,6753472110166,6753473077981,967815
15178,6753473115241,6753474082908,967667
15179,6753474110019,6753475077205,967186
15180,6753475115149,6753476082021,966872
15181,6753476109891,6753477077614,967723
15182,6753477115058,6753478082503,967445
15183,6753478109781,6753479077504,967723
15184,6753479114893,6753480083246,968353
15185,6753480109690,6753481076135,966445
15186,6753481114820,6753482083543,968723
15187,6753482109543,6753483077340,967797
15188,6753483114692,6753484092360,977668
15189,6753484110008,6753485104675,994667
15190,6753485109786,6753486101269,991483
15191,6753486109787,6753487101714,991927
15192,6753487109677,6753488103214,993537
15193,6753488109640,6753489101548,991908
15194,6753489109734,6753490102327,992593
15195,6753490109605,6753491101013,991408
15196,6753491109587,6753492101717,992130
15197,6753492109495,6753493099922,990427
15198,6753493109496,6753494104126,994630
15199,6753494109256,6753495101405,992149
15200,6753495109349,6753496101461,992112
15201,6753496109276,6753497101832,992556
15202,6753497109165,6753498103499,994334
15203,6753498109074,6753499101037,991963
15204,6753499109204,6753500102816,993612
15205,6753500109001,6753501100928,991927
15206,6753501108946,6753502103354,994408
15207,6753502108891,6753503100540,991649
15208,6753503108818,6753504101615,992797
15209,6753504108615,6753505101097,992482
15210,6753505108745,6753506104024,995279
15211,6753506108561,6753507100488,991927
15212,6753507108580,6753508101285,992705
15213,6753508108285,6753509100767,992482
15214,6753509108415,6753510100416,992001
15215,6753510108490,6753511101546,993056
15216,6753511108287,6753512099417,991130
15217,6753512108436,6753513100992,992556
15218,6753513108214,6753514100067,991853
15219,6753514108159,6753515099975,991816
15220,6753515108141,6753516100901,992760
15221,6753516108031,6753517099569,991538
15222,6753517108124,6753518101681,993557
15223,6753518107958,6753519099755,991797
15224,6753519107700,6753520099164,991464
15225,6753520107793,6753521101553,993760
15226,6753521107738,6753522099443,991705
15227,6753522107758,6753523100036,992278
15228,6753523107832,6753524101241,993409
15229,6753524107592,6753525098278,990686
15230,6753525107575,6753526102001,994426
15231,6753526107446,6753527099002,991556
15232,6753527107372,6753528099595,992223
15233,6753528107410,6753529076337,968927
15234,6753529106837,6753530070671,963834
15235,6753530112023,6753531075598,963575
15236,6753531113431,6753532079209,965778
15237,6753532106746,6753533070432,963686
15238,6753533111858,6753534075415,963557
15239,6753534112655,6753535076563,963908
15240,6753535106563,6753536073620,967057
15241,6753536111694,6753537076065,964371
15242,6753537106991,6753538072843,965852
15243,6753538112010,6753539076233,964223
15244,6753539106233,6753540072771,966538
15245,6753540111400,6753541075123,963723
15246,6753541106179,6753542070957,964778
15247,6753542111309,6753543076236,964927
15248,6753543105977,6753544071996,966019
15249,6753544111144,6753545075330,964186
15250,6753545105885,6753546069164,963279
15251,6753546111016,6753547074757,963741
15252,6753547112276,6753548078277,966001
15253,6753548105777,6753549071629,965852
15254,6753549110907,6753550073982,963075
15255,6753550112019,6753551074871,962852
15256,6753551112353,6753552078298,965945
15257,6753552105576,6753553069021,963445
15258,6753553110725,6753554074244,963519
15259,6753554112170,6753555075671,963501
15260,6753555105356,6753556070671,965315
15261,6753556110338,6753557074468,964130
15262,6753557105209,6753558070858,965649
15263,6753558110488,6753559074896,964408
15264,6753559105118,6753560070637,965519
15265,6753560110396,6753561074101,963705
15266,6753561111730,6753562076120,964390
15267,6753562104935,6753563069158,964223
15268,6753563110121,6753564074992,964871
15269,6753564104825,6753565069807,964982
15270,6753565109974,6753566074475,964501
15271,6753566104697,6753567068698,964001
15272,6753567109901,6753568076180,966279
15273,6753568104624,6753569071107,966483
15274,6753569109736,6753570075663,965927
15275,6753570104515,6753571069627,965112
15276,6753571109664,6753572075053,965389
15277,6753572104387,6753573069443,965056
15278,6753573109535,6753574073240,963705
15279,6753574110981,6753575074648,963667
15280,6753575104278,6753576071778,967500
15281,6753576109464,6753577074779,965315
15282,6753577104224,6753578070669,966445
15283,6753578109113,6753579072095,962982
15284,6753579110095,6753580076189,966094
15285,6753580103763,6753581067338,963575
15286,6753581109115,6753582072227,963112
15287,6753582109820,6753583075635,965815
15288,6753583103783,6753584068988,965205
15289,6753584108729,6753585073081,964352
15290,6753585103674,6753586067582,963908
15291,6753586108804,6753587072564,963760
15292,6753587110342,6753588076509,966167
15293,6753588103583,6753589068029,964446
15294,6753589108621,6753590072140,963519
15295,6753590109955,6753591073956,964001
15296,6753591103308,6753592068957,965649
15297,6753592108512,6753593073309,964797
15298,6753593103235,6753594067717,964482
15299,6753594108310,6753595072014,963704
15300,6753595109922,6753596074848,964926
15301,6753596102997,6753597068127,965130
15302,6753597108127,6753598072276,964149
15303,6753598102720,6753599066017,963297
15304,6753599108091,6753600072722,964631
15305,6753600102814,6753601066982,964168
15306,6753601107963,6753602072371,964408
15307,6753602102705,6753603066076,963371
15308,6753603107650,6753604071299,963649
15309,6753604108410,6753605073540,965130
15310,6753605102299,6753606065671,963372
15311,6753606107615,6753607072023,964408
15312,6753607102394,6753608066431,964037
15313,6753608107561,6753609071765,964204
15314,6753609102302,6753610066285,963983
15315,6753610107359,6753611070600,963241
15316,6753611108378,6753612074379,966001
15317,6753612102101,6753613065768,963667
15318,6753613107231,6753614071232,964001
15319,6753614101973,6753615066473,964500
15320,6753615107214,6753616072104,964890
15321,6753616101845,6753617066660,964815
15322,6753617107049,6753618071531,964482
15323,6753618101864,6753619066550,964686
15324,6753619106865,6753620070218,963353
15325,6753620108199,6753621072033,963834
15326,6753621101552,6753622066812,965260
15327,6753622106719,6753623071201,964482
15328,6753623101387,6753624065813,964426
15329,6753624106536,6753625071166,964630
15330,6753625101351,6753626065963,964612
15331,6753626106518,6753627070760,964242
15332,6753627101204,6753628064816,963612
15333,6753628106372,6753629071335,964963
15334,6753629101613,6753630093281,991668
15335,6753630101503,6753631093355,991852
15336,6753631101522,6753632092078,990556
15337,6753632101449,6753633093598,992149
15338,6753633101412,6753634095802,994390
15339,6753634101358,6753635092988,991630
15340,6753635101247,6753636092433,991186
15341,6753636101341,6753637095286,993945
15342,6753637101156,6753638094749,993593
15343,6753638101101,6753639092306,991205
15344,6753639100861,6753640093621,992760
15345,6753640100973,6753641092566,991593
15346,6753641100937,6753642093437,992500
15347,6753642100863,6753643093235,992372
15348,6753643100938,6753644092624,991686
15349,6753644100754,6753645095088,994334
15350,6753645100625,6753646093033,992408
15351,6753646100700,6753647092460,991760
15352,6753647100682,6753648092127,991445
15353,6753648100497,6753649093220,992723
15354,6753649100480,6753650094369,993889
15355,6753650100369,6753651092314,991945
15356,6753651100351,6753652092445,992094
15357,6753652100093,6753653067890,967797
15358,6753653105020,6753654072039,967019
15359,6753654099761,6753655066521,966760
15360,6753655104873,6753656074688,969815
15361,6753656099651,6753657067041,967390
15362,6753657104745,6753658071653,966908
15363,6753658099523,6753659068079,968556
15364,6753659104617,6753660074821,970204
15365,6753660099432,6753661067636,968204
15366,6753661104507,6753662070989,966482
15367,6753662099267,6753663066045,966778
15368,6753663104397,6753664073194,968797
15369,6753664099213,6753665065695,966482
15370,6753665104306,6753666071029,966723
15371,6753666099048,6753667065659,966611
15372,6753667104159,6753668071123,966964
15373,6753668098938,6753669068142,969204
15374,6753669104087,6753670071069,966982
15375,6753670098791,6753671065922,967131
15376,6753671103940,6753672071385,967445
15377,6753672098737,6753673065479,966742
15378,6753673103812,6753674069961,966149
15379,6753674098553,6753675065795,967242
15380,6753675103702,6753676072555,968853
15381,6753676098499,6753677066037,967538
15382,6753677103593,6753678071427,967834
15383,6753678098353,6753679066020,967667
15384,6753679103464,6753680071873,968409
15385,6753680098224,6753681065040,966816
15386,6753681103392,6753682070189,966797
15387,6753682098115,6753683064764,966649
15388,6753683103264,6753684071153,967889
15389,6753684098079,6753685065524,967445
15390,6753685103135,6753686069766,966631
15391,6753686097877,6753687065155,967278
15392,6753687103007,6753688071045,968038
15393,6753688097823,6753689064823,967000
15394,6753689102898,6753690070398,967500
15395,6753690097658,6753691064066,966408
15396,6753691102788,6753692072178,969390
15397,6753692097585,6753693064530,966945
15398,6753693102678,6753694069012,966334
15399,6753694097438,6753695064661,967223
15400,6753695102532,6753696071940,969408
15401,6753696097347,6753697064422,967075
15402,6753697102496,6753698069274,966778
15403,6753698097200,6753699065016,967816
15404,6753699102331,6753700070535,968204
15405,6753700097128,6753701063980,966852
15406,6753701102203,6753702068648,966445
15407,6753702096981,6753703063352,966371
15408,6753703102111,6753704070038,967927
15409,6753704096853,6753705063835,966982
15410,6753705102002,6753706068225,966223
15411,6753706096595,6753707064133,967538
15412,6753707101892,6753708069374,967482
15413,6753708096671,6753709063542,966871
15414,6753709101764,6753710068728,966964
15415,6753710096524,6753711064654,968130
15416,6753711101654,6753712069451,967797
15417,6753712096414,6753713064508,968094
15418,6753713101545,6753714069194,967649
15419,6753714096286,6753715062861,966575
15420,6753715101398,6753716068158,966760
15421,6753716096195,6753717062733,966538
15422,6753717101307,6753718068233,966926
15423,6753718096030,6753719063142,967112
15424,6753719101197,6753720069328,968131
15425,6753720095994,6753721063976,967982
15426,6753721101088,6753722068940,967852
15427,6753722095792,6753723061830,966038
15428,6753723100959,6753724068756,967797
15429,6753724095738,6753725063664,967926
15430,6753725100813,6753726068869,968056
15431,6753726095610,6753727062129,966519
15432,6753727100759,6753728071685,970926
15433,6753728096000,6753729090630,994630
15434,6753729096001,6753730092705,996704
15435,6753730096353,6753731091724,995371
15436,6753731095891,6753732092577,996686
15437,6753732095688,6753733093318,997630
15438,6753733095818,6753734089523,993705
15439,6753734095393,6753735091931,996538
15440,6753735095709,6753736091321,995612
15441,6753736095543,6753737093044,997501
15442,6753737096895,6753738094341,997446
15443,6753738098526,6753739096619,998093
15444,6753739100138,6753740095861,995723
15445,6753740100138,6753741096880,996742
15446,6753741100917,6753742096029,995112
15447,6753742100029,6753743094141,994112
15448,6753743097659,6753744092419,994760
15449,6753744096215,6753745091068,994853
15450,6753745094920,6753746091235,996315
15451,6753746095032,6753747090995,995963
15452,6753747094866,6753748090626,995760
15453,6753748094996,6753749088719,993723
15454,6753749094756,6753750093183,998427
15455,6753750096794,6753751093535,996741
15456,6753751097683,6753752091906,994223
15457,6753752095425,6753753091629,996204
15458,6753753095370,6753754090167,994797
15459,6753754094426,6753755090742,996316
15460,6753755094334,6753756088039,993705
15461,6753756094280,6753757089929,995649
15462,6753757094188,6753758089022,994834
15463,6753758094170,6753759089837,995667
15464,6753759094208,6753760088357,994149
15465,6753760094097,6753761090098,996001
15466,6753761094172,6753762089932,995760
15467,6753762093969,6753763090211,996242
15468,6753763094396,6753764088508,994112
15469,6753764093897,6753765090897,997000
15470,6753765094842,6753766090954,996112
15471,6753766095120,6753767089102,993982
15472,6753767093658,6753768088029,994371
15473,6753768093659,6753769089196,995537
15474,6753769093419,6753770087568,994149
15475,6753770093494,6753771088291,994797
15476,6753771093494,6753772088662,995168
15477,6753772093199,6753773086903,993704
15478,6753773093422,6753774088404,994982
15479,6753774093311,6753775088960,995649
15480,6753775093293,6753776088461,995168
15481,6753776093183,6753777089128,995945
15482,6753777092925,6753778087388,994463
15483,6753778093110,6753779090111,997001
15484,6753779093778,6753780088260,994482
15485,6753780092982,6753781087483,994501
15486,6753781092909,6753782084132,991223
15487,6753782093113,6753783088040,994927
15488,6753783093262,6753784088152,994890
15489,6753784093022,6753785088486,995464
15490,6753785093541,6753786089913,996372
15491,6753786093801,6753787085617,991816
15492,6753787092598,6753788089618,997020
15493,6753788094025,6753789090341,996316
15494,6753789094915,6753790090267,995352
15495,6753790094008,6753791092509,998501
15496,6753791096324,6753792087787,991463
15497,6753792092565,6753793088918,996353
15498,6753793092973,6753794089455,996482
15499,6753794093567,6753795087530,993963
15500,6753795092104,6753796086568,994464
15501,6753796092031,6753797087328,995297
15502,6753797091976,6753798086995,995019
15503,6753798092088,6753799086792,994704
15504,6753799091903,6753800087015,995112
15505,6753800091849,6753801088127,996278
15506,6753801092349,6753802086683,994334
15507,6753802091813,6753803086629,994816
15508,6753803091573,6753804090129,998556
15509,6753804094222,6753805090741,996519
15510,6753805094482,6753806088909,994427
15511,6753806093112,6753807087706,994594
15512,6753807091409,6753808085836,994427
15513,6753808091299,6753809087170,995871
15514,6753809091281,6753810086967,995686
15515,6753810091189,6753811086505,995316
15516,6753811090986,6753812085339,994353
15517,6753812091154,6753813086247,995093
15518,6753813091099,6753814086988,995889
15519,6753814091025,6753815086100,995075
15520,6753815090860,6753816085175,994315
15521,6753816090786,6753817085250,994464
15522,6753817090805,6753818087214,996409
15523,6753818090973,6753819088085,997112
15524,6753819091881,6753820085604,993723
15525,6753820090622,6753821085808,995186
15526,6753821090345,6753822084828,994483
15527,6753822090365,6753823085458,995093
15528,6753823090532,6753824088533,998001
15529,6753824091459,6753825085404,993945
15530,6753825090441,6753826084590,994149
15531,6753826090331,6753827086146,995815
15532,6753827090350,6753828084480,994130
15533,6753828090184,6753829086870,996686
15534,6753829090610,6753830084759,994149
15535,6753830090093,6753831083667,993574
15536,6753831089964,6753832085150,995186
15537,6753832089983,6753833085984,996001
15538,6753833089984,6753834084392,994408
15539,6753834089873,6753835085004,995131
15540,6753835089726,6753836084338,994612
15541,6753836089764,6753837085098,995334
15542,6753837089746,6753838085117,995371
15543,6753838089617,6753839086636,997019
15544,6753839090729,6753840086674,995945
15545,6753840091248,6753841086193,994945
15546,6753841089508,6753842085546,996038
15547,6753842089398,6753843084935,995537
15548,6753843089676,6753844083936,994260
15549,6753844089251,6753845084233,994982
15550,6753845089233,6753846081401,992168
15551,6753846089271,6753847085309,996038
15552,6753847089253,6753848086458,997205
15553,6753848090754,6753849086810,996056
15554,6753849090736,6753850087163,996427
15555,6753850091292,6753851087071,995779
15556,6753851090275,6753852085405,995130
15557,6753852089516,6753853086739,997223
15558,6753853090850,6753854087295,996445
15559,6753854091406,6753855085611,994205
15560,6753855089129,6753856084871,995742
15561,6753856088926,6753857083760,994834
15562,6753857088538,6753858084854,996316
15563,6753858089150,6753859086225,997075
15564,6753859090040,6753860085355,995315
15565,6753860089892,6753861085041,995149
15566,6753861089245,6753862085653,996408
15567,6753862089560,6753863086191,996631
15568,6753863090154,6753864085229,995075
15569,6753864089340,6753865085563,996223
15570,6753865089396,6753866085563,996167
15571,6753866089823,6753867084453,994630
15572,6753867087897,6753868084417,996520
15573,6753868088861,6753869082547,993686
15574,6753869087899,6753870083270,995371
15575,6753870087788,6753871083530,995742
15576,6753871087715,6753872084864,997149
15577,6753872089586,6753873083717,994131
15578,6753873087624,6753874082365,994741
15579,6753874087347,6753875080422,993075
15580,6753875087514,6753876084830,997316
15581,6753876089015,6753877084497,995482
15582,6753877087331,6753878083794,996463
15583,6753878087405,6753879082536,995131
15584,6753879087425,6753880084999,997574
15585,6753880089370,6753881085093,995723
15586,6753881089315,6753882082205,992890
15587,6753882087279,6753883084853,997574
15588,6753883089131,6753884086169,997038
15589,6753884090113,6753885084707,994594
15590,6753885088188,6753886083633,995445
15591,6753886087689,6753887085190,997501
15592,6753887088727,6753888085950,997223
15593,6753888090246,6753889087599,997353
15594,6753889090950,6753890086136,995186
15595,6753890089988,6753891086174,996186
15596,6753891090285,6753892085230,994945
15597,6753892089564,6753893057472,967908
15598,6753893086138,6753894053361,967223
15599,6753894091250,6753895058603,967353
15600,6753895085973,6753896052474,966501
15601,6753896091141,6753897057956,966815
15602,6753897085864,6753898052753,966889
15603,6753898091031,6753899058384,967353
15604,6753899085754,6753900052125,966371
15605,6753900090884,6753901057663,966779
15606,6753901085663,6753902051497,965834
15607,6753902090812,6753903057109,966297
15608,6753903085516,6753904051628,966112
15609,6753904090684,6753905056425,965741
15610,6753905085425,6753906052018,966593
15611,6753906090592,6753907056519,965927
15612,6753907085297,6753908051279,965982
15613,6753908090446,6753909057150,966704
15614,6753909085206,6753910051799,966593
15615,6753910090318,6753911055244,964926
15616,6753911085040,6753912051356,966316
15617,6753912090208,6753913055634,965426
15618,6753913084968,6753914051672,966704
15619,6753914090117,6753915055414,965297
15620,6753915084840,6753916051081,966241
15621,6753916090007,6753917055637,965630
15622,6753917084693,6753918051175,966482
15623,6753918089842,6753919057491,967649
15624,6753919084546,6753920050788,966242
15625,6753920089769,6753921055511,965742
15626,6753921084511,6753922050160,965649
15627,6753922089623,6753923055160,965537
15628,6753923084401,6753924050661,966260
15629,6753924089531,6753925055162,965631
15630,6753925084273,6753926050903,966630
15631,6753926089348,6753927054978,965630
15632,6753927084145,6753928050182,966037
15633,6753928089238,6753929054850,965612
15634,6753929084017,6753930050110,966093
15635,6753930089110,6753931054407,965297
15636,6753931083925,6753932049945,966020
15637,6753932089093,6753933054705,965612
15638,6753933083816,6753934050242,966426
15639,6753934088909,6753935054039,965130
15640,6753935083669,6753936050040,966371
15641,6753936088799,6753937054282,965483
15642,6753937083559,6753938050171,966612
15643,6753938088671,6753939055561,966890
15644,6753939083431,6753940049469,966038
15645,6753940088599,6753941054136,965537
15646,6753941083340,6753942049767,966427
15647,6753942088470,6753943053823,965353
15648,6753943083212,6753944049379,966167
15649,6753944088342,6753945053621,965279
15650,6753945083102,6753946049899,966797
15651,6753946088233,6753947055567,967334
15652,6753947082993,6753948049327,966334
15653,6753948088141,6753949055753,967612
15654,6753949082901,6753950049161,966260
15655,6753950087995,6753951054570,966575
15656,6753951082755,6753952049348,966593
15657,6753952087867,6753953054627,966760
15658,6753953082627,6753954049479,966852
15659,6753954087775,6753955054498,966723
15660,6753955082535,6753956048073,965538
15661,6753956087684,6753957054611,966927
15662,6753957082407,6753958048667,966260
15663,6753958087538,6753959054853,967315
15664,6753959082261,6753960048483,966222
15665,6753960087428,6753961053688,966260
15666,6753961082188,6753962048874,966686
15667,6753962087337,6753963053652,966315
15668,6753963082115,6753964048246,966131
15669,6753964087209,6753965053802,966593
15670,6753965081950,6753966048229,966279
15671,6753966087080,6753967053489,966409
15672,6753967081822,6753968047749,965927
15673,6753968086989,6753969053712,966723
15674,6753969081749,6753970048546,966797
15675,6753970086898,6753971053362,966464
15676,6753971081640,6753972049344,967704
15677,6753972086751,6753973054548,967797
15678,6753973081511,6753974047808,966297
15679,6753974086623,6753975053124,966501
15680,6753975081383,6753976048421,967038
15681,6753976086384,6753977053292,966908
15682,6753977081292,6753978047922,966630
15683,6753978086422,6753979056127,969705
15684,6753979081164,6753980054054,972890
15685,6753980088091,6753981085628,997537
15686,6753981088332,6753982080685,992353
15687,6753982084314,6753983075759,991445
15688,6753983081389,6753984081205,999816
15689,6753984084816,6753985076316,991500
15690,6753985081279,6753986074613,993334
15691,6753986081243,6753987071096,989853
15692,6753987081188,6753988072411,991223
15693,6753988080874,6753989073764,992890
15694,6753989081042,6753990074153,993111
15695,6753990080987,6753991073228,992241
15696,6753991081136,6753992073599,992463
15697,6753992080859,6753993072619,991760
15698,6753993080767,6753994072564,991797
15699,6753994080749,6753995072231,991482
15700,6753995080694,6753996074380,993686
15701,6753996080436,6753997071214,990778
15702,6753997080566,6753998072956,992390
15703,6753998080530,6753999074604,994074
15704,6753999080549,6754000072957,992408
15705,6754000080124,6754001071180,991056
15706,6754001080384,6754002072533,992149
15707,6754002080273,6754003071867,991594
15708,6754003080200,6754004072849,992649
15709,6754004079923,6754005071683,991760
15710,6754005080146,6754006071850,991704
15711,6754006080072,6754007072573,992501
15712,6754007079999,6754008075833,995834
15713,6754008079870,6754009073278,993408
15714,6754009079815,6754010070798,990983
15715,6754010079649,6754011070076,990427
15716,6754011079798,6754012070855,991057
15717,6754012079706,6754013071300,991594
15718,6754013079763,6754014071578,991815
15719,6754014079671,6754015070764,991093
15720,6754015079598,6754016072913,993315
15721,6754016079506,6754017068784,989278
15722,6754017079469,6754018070618,991149
15723,6754018079470,6754019071026,991556
15724,6754019079378,6754020075768,996390
15725,6754020079175,6754021072250,993075
15726,6754021079213,6754022069899,990686
15727,6754022079158,6754023070326,991168
15728,6754023079066,6754024070826,991760
15729,6754024079141,6754025070586,991445
15730,6754025079012,6754026070772,991760
15731,6754026079217,6754027072403,993186
15732,6754027078569,6754028066237,987668
15733,6754028078774,6754029070645,991871
15734,6754029078811,6754030069460,990649
15735,6754030078442,6754031069054,990612
15736,6754031078628,6754032070740,992112
15737,6754032078554,6754033071333,992779
15738,6754033078574,6754034069759,991185
15739,6754034078667,6754035068186,989519
15740,6754035078149,6754036069520,991371
15741,6754036078446,6754037070854,992408
15742,6754037078299,6754038070355,992056
15743,6754038078262,6754039071245,992983
15744,6754039078208,6754040068819,990611
15745,6754040077949,6754041068931,990982
15746,6754041078172,6754042069488,991316
15747,6754042078006,6754043069914,991908
15748,6754043077877,6754044070730,992853
15749,6754044077915,6754045069193,991278
15750,6754045077582,6754046068416,990834
15751,6754046077824,6754047069695,991871
15752,6754047077750,6754048069418,991668
15753,6754048077714,6754049071530,993816
15754,6754049077567,6754050067679,990112
15755,6754050077345,6754051067994,990649
15756,6754051077513,6754052068254,990741
15757,6754052077402,6754053069644,992242
15758,6754053077570,6754054069070,991500
15759,6754054077330,6754055069404,992074
15760,6754055077053,6754056067572,990519
15761,6754056077257,6754057069276,992019
15762,6754057077221,6754058068240,991019
15763,6754058077092,6754059069574,992482
15764,6754059077074,6754060069630,992556
15765,6754060076964,6754061066853,989889
15766,6754061076909,6754062068687,991778
15767,6754062077021,6754063070225,993204
15768,6754063076799,6754064068800,992001
15769,6754064076818,6754065069838,993020
15770,6754065076597,6754066069098,992501
15771,6754066076561,6754067068321,991760
15772,6754067076561,6754068067321,990760
15773,6754068076562,6754069068174,991612
15774,6754069076581,6754070072878,996297
15775,6754070076582,6754071065490,988908
15776,6754071076379,6754072067232,990853
15777,6754072076324,6754073070473,994149
15778,6754073076177,6754074067196,991019
15779,6754074076270,6754075069512,993242
15780,6754075076049,6754076066512,990463
15781,6754076076142,6754077066606,990464
15782,6754077076013,6754078067903,991890
15783,6754078076069,6754079068311,992242
15784,6754079075885,6754080073311,997426
15785,6754080077145,6754081067257,990112
15786,6754081075757,6754082067091,991334
15787,6754082075739,6754083067351,991612
15788,6754083075665,6754084067203,991538
15789,6754084075611,6754085066426,990815
15790,6754085075445,6754086066334,990889
15791,6754086075297,6754087066409,991112
15792,6754087075428,6754088066873,991445
15793,6754088075373,6754089067133,991760
15794,6754089075337,6754090068763,993426
15795,6754090075226,6754091065671,990445
15796,6754091075134,6754092065302,990168
15797,6754092075172,6754093066988,991816
15798,6754093075321,6754094069173,993852
15799,6754094074970,6754095066915,991945
15800,6754095074915,6754096068656,993741
15801,6754096074693,6754097065805,991112
15802,6754097074842,6754098066917,992075
15803,6754098074880,6754099065547,990667
15804,6754099074436,6754100066641,992205
15805,6754100074770,6754101066197,991427
15806,6754101074605,6754102066920,992315
15807,6754102074587,6754103065384,990797
15808,6754103074587,6754104064366,989779
15809,6754104074236,6754105065237,991001
15810,6754105074441,6754106066053,991612
15811,6754106074256,6754107065887,991631
15812,6754107074313,6754108065739,991426
15813,6754108074276,6754109064684,990408
15814,6754109073907,6754110068741,994834
15815,6754110074055,6754111065371,991316
15816,6754111074130,6754112066224,992094
15817,6754112073964,6754113066002,992038
15818,6754113074039,6754114063429,989390
15819,6754114073910,6754115065967,992057
15820,6754115073967,6754116065708,991741
15821,6754116073893,6754117065875,991982
15822,6754117073746,6754118065061,991315
15823,6754118073654,6754119063395,989741
15824,6754119073599,6754120073841,1000242
15825,6754120077396,6754121069063,991667
15826,6754121073452,6754122064416,990964
15827,6754122073435,6754123065306,991871
15828,6754123073380,6754124064084,990704
15829,6754124073269,6754125064066,990797
15830,6754125073178,6754126064660,991482
15831,6754126073493,6754127064957,991464
15832,6754127073142,6754128064902,991760
15833,6754128073161,6754129065847,992686
15834,6754129072773,6754130067107,994334
15835,6754130072848,6754131063774,990926
15836,6754131072923,6754132065090,992167
15837,6754132072553,6754133041146,968593
15838,6754133077554,6754134044462,966908
15839,6754134072314,6754135039222,966908
15840,6754135077463,6754136044297,966834
15841,6754136072241,6754137039316,967075
15842,6754137077371,6754138044242,966871
15843,6754138072094,6754139039225,967131
15844,6754139077243,6754140045948,968705
15845,6754140071985,6754141039967,967982
15846,6754141077078,6754142044060,966982
15847,6754142071875,6754143038357,966482
15848,6754143076987,6754144044932,967945
15849,6754144071747,6754145039822,968075
15850,6754145076896,6754146043859,966963
15851,6754146071637,6754147039064,967427
15852,6754147076768,6754148044528,967760
15853,6754148071528,6754149038306,966778
15854,6754149076621,6754150044344,967723
15855,6754150071399,6754151037993,966594
15856,6754151076530,6754152044142,967612
15857,6754152071308,6754153039142,967834
15858,6754153076420,6754154042958,966538
15859,6754154071180,6754155038051,966871
15860,6754155076273,6754156044107,967834
15861,6754156071052,6754157038793,967741
15862,6754157076182,6754158042924,966742
15863,6754158070924,6754159037461,966537
15864,6754159076054,6754160044573,968519
15865,6754160070833,6754161037407,966574
15866,6754161075944,6754162042778,966834
15867,6754162070686,6754163037075,966389
15868,6754163075835,6754164043280,967445
15869,6754164070595,6754165037355,966760
15870,6754165075670,6754166042337,966667
15871,6754166070467,6754167037023,966556
15872,6754167075615,6754168041690,966075
15873,6754168070394,6754169037191,966797
15874,6754169075469,6754170042506,967037
15875,6754170070210,6754171036785,966575
15876,6754171075322,6754172041397,966075
15877,6754172070101,6754173036842,966741
15878,6754173075231,6754174041861,966630
15879,6754174069991,6754175037029,967038
15880,6754175075103,6754176042807,967704
15881,6754176069900,6754177037475,967575
15882,6754177074993,6754178041586,966593
15883,6754178069735,6754179036235,966500
15884,6754179074883,6754180043755,968872
15885,6754180069662,6754181037570,967908
15886,6754181074718,6754182041645,966927
15887,6754182069515,6754183035757,966242
15888,6754183074627,6754184042091,967464
15889,6754184069406,6754185036184,966778
15890,6754185074517,6754186040592,966075
15891,6754186069296,6754187035408,966112
15892,6754187074426,6754188041427,967001
15893,6754188069205,6754189037076,967871
15894,6754189074298,6754190042299,968001
15895,6754190069040,6754191035633,966593
15896,6754191074188,6754192042060,967872
15897,6754192069004,6754193036727,967723
15898,6754193074042,6754194040802,966760
15899,6754194068802,6754195035525,966723
15900,6754195073951,6754196041081,967130
15901,6754196068711,6754197035508,966797
15902,6754197073822,6754198040638,966816
15903,6754198068638,6754199034750,966112
15904,6754199073731,6754200041751,968020
15905,6754200068510,6754201036270,967760
15906,6754201073585,6754202040345,966760
15907,6754202068363,6754203034642,966279
15908,6754203073512,6754204040179,966667
15909,6754204068272,6754205035662,967390
15910,6754205073365,6754206039847,966482
15911,6754206068162,6754207034330,966168
15912,6754207073274,6754208040423,967149
15913,6754208068034,6754209034553,966519
15914,6754209073146,6754210040776,967630
15915,6754210067924,6754211034647,966723
15916,6754211073018,6754212040685,967667
15917,6754212067852,6754213035408,967556
15918,6754213072908,6754214039261,966353
15919,6754214067687,6754215034243,966556
15920,6754215072854,6754216039910,967056
15921,6754216067577,6754217035393,967816
15922,6754217072670,6754218039227,966557
15923,6754218067449,6754219033857,966408
15924,6754219072579,6754220040987,968408
15925,6754220067358,6754221034173,966815
15926,6754221072488,6754222039341,966853
15927,6754222067211,6754223033786,966575
15928,6754223072341,6754224039657,967316
15929,6754224067157,6754225034787,967630
15930,6754225072213,6754226038899,966686
15931,6754226067029,6754227033215,966186
15932,6754227072122,6754228044715,972593
15933,6754228067308,6754229066698,999390
15934,6754229068938,6754230067328,998390
15935,6754230070958,6754231071995,1001037
15936,6754231074218,6754232076200,1001982
15937,6754232079329,6754233075404,996075
15938,6754233079200,6754234073923,994723
15939,6754234077479,6754235071739,994260
15940,6754235076887,6754236072555,995668
15941,6754236076129,6754237044463,968334
15942,6754237066555,6754238033500,966945
15943,6754238071574,6754239038946,967372
15944,6754239066279,6754240034113,967834
15945,6754240071409,6754241038651,967242
15946,6754241066169,6754242032966,966797
15947,6754242071300,6754243038115,966815
15948,6754243066060,6754244032838,966778
15949,6754244071208,6754245037950,966742
15950,6754245065968,6754246032080,966112
15951,6754246071117,6754247036729,965612
15952,6754247065859,6754248033767,967908
15953,6754248071008,6754249039212,968204
15954,6754249065749,6754250032713,966964
15955,6754250070879,6754251037565,966686
15956,6754251065584,6754252033381,967797
15957,6754252070751,6754253037308,966557
15958,6754253065493,6754254032308,966815
15959,6754254070605,6754255037753,967148
15960,6754255065420,6754256031588,966168
15961,6754256070513,6754257037199,966686
15962,6754257065273,6754258031459,966186
15963,6754258070404,6754259037238,966834
15964,6754259065145,6754260032424,967279
15965,6754260070257,6754261037110,966853
15966,6754261065054,6754262031647,966593
15967,6754262070166,6754263036685,966519
15968,6754263064889,6754264032316,967427
15969,6754264070075,6754265038020,967945
15970,6754265064816,6754266031576,966760
15971,6754266069947,6754267038021,968074
15972,6754267064725,6754268032485,967760
15973,6754268069800,6754269037282,967482
15974,6754269064597,6754270033598,969001
15975,6754270069727,6754271036561,966834
15976,6754271064487,6754272030710,966223
15977,6754272069599,6754273036544,966945
15978,6754273064359,6754274031230,966871
15979,6754274069490,6754275036435,966945
15980,6754275064250,6754276031787,967537
15981,6754276069380,6754277037214,967834
15982,6754277064121,6754278031085,966964
15983,6754278069270,6754279036993,967723
15984,6754279063993,6754280031457,967464
15985,6754280069124,6754281035865,966741
15986,6754281063884,6754282030681,966797
15987,6754282068977,6754283035385,966408
15988,6754283063755,6754284031293,967538
15989,6754284068886,6754285036998,968112
15990,6754285063664,6754286030535,966871
15991,6754286068776,6754287035684,966908
15992,6754287063573,6754288030740,967167
15993,6754288068666,6754289035371,966705
15994,6754289063389,6754290030094,966705
15995,6754290068594,6754291035131,966537
15996,6754291063317,6754292029540,966223
15997,6754292068484,6754293035633,967149
15998,6754293063207,6754294029486,966279
15999,6754294068300,6754295035208,966908
16000,6754295063097,6754296029802,966705
16001,6754296068191,6754297036469,968278
16002,6754297062969,6754298030174,967205
16003,6754298068081,6754299034989,966908
16004,6754299062860,6754300031712,968852
16005,6754300068008,6754301017102,949094
16006,6754301067898,6754302034510,966612
16007,6754302062695,6754303029455,966760
16008,6754303067807,6754304035752,967945
16009,6754304062567,6754305030160,967593
16010,6754305067679,6754306034846,967167
16011,6754306062439,6754307029236,966797
16012,6754307067551,6754308035311,967760
16013,6754308062348,6754309029978,967630
16014,6754309067478,6754310035219,967741
16015,6754310062182,6754311029979,967797
16016,6754311067387,6754312035276,967889
16017,6754312062110,6754313030018,967908
16018,6754313067222,6754314034852,967630
16019,6754314062000,6754315028797,966797
16020,6754315067112,6754316033464,966352
16021,6754316061872,6754317028336,966464
16022,6754317067021,6754318034707,967686
16023,6754318061744,6754319028856,967112
16024,6754319066856,6754320035653,968797
16025,6754320061708,6754321029561,967853
16026,6754321066783,6754322033358,966575
16027,6754322061506,6754323028433,966927
16028,6754323066692,6754324033415,966723
16029,6754324061452,6754325028471,967019
16030,6754325066508,6754326033175,966667
16031,6754326061342,6754327028324,966982
16032,6754327066435,6754328032270,965835
16033,6754328061177,6754329027974,966797
16034,6754329066326,6754330033919,967593
16035,6754330061049,6754331027735,966686
16036,6754331066198,6754332032254,966056
16037,6754332060976,6754333027847,966871
16038,6754333066069,6754334032885,966816
16039,6754334060848,6754335027293,966445
16040,6754335065978,6754336033720,967742
16041,6754336060738,6754337028424,967686
16042,6754337065869,6754338033906,968037
16043,6754338060610,6754339026944,966334
16044,6754339065740,6754340033537,967797
16045,6754340060500,6754341028409,967909
16046,6754341065594,6754342033595,968001
16047,6754342060372,6754343027077,966705
16048,6754343065540,6754344031596,966056
16049,6754344060281,6754345027300,967019
16050,6754345065393,6754346032005,966612
16051,6754346060134,6754347026580,966446
16052,6754347065246,6754348032747,967501
16053,6754348060062,6754349027692,967630
16054,6754349065174,6754350031693,966519
16055,6754350059934,6754351027397,967463
16056,6754351065027,6754352032009,966982
16057,6754352060750,6754353058269,997519
16058,6754353061825,6754354054177,992352
16059,6754354060214,6754355051456,991242
16060,6754355060104,6754356053512,993408
16061,6754356060086,6754357052772,992686
16062,6754357059994,6754358051236,991242
16063,6754358059921,6754359052348,992427
16064,6754359060051,6754360056885,996834
16065,6754360059848,6754361052534,992686
16066,6754361059664,6754362051628,991964
16067,6754362059776,6754363049665,989889
16068,6754363059610,6754364052111,992501
16069,6754364059722,6754365052148,992426
16070,6754365059519,6754366051779,992260
16071,6754366059408,6754367051094,991686
16072,6754367059446,6754368052354,992908
16073,6754368059336,6754369051688,992352
16074,6754369059355,6754370051096,991741
16075,6754370059189,6754371050504,991315
16076,6754371059190,6754372049302,990112
16077,6754372059153,6754373050043,990890
16078,6754373059099,6754374049821,990722
16079,6754374058951,6754375050841,991890
16080,6754375058952,6754376050045,991093
16081,6754376058971,6754377050601,991630
16082,6754377058842,6754378049528,990686
16083,6754378058750,6754379050492,991742
16084,6754379058955,6754380049604,990649
16085,6754380058770,6754381050771,992001
16086,6754381058623,6754382049975,991352
16087,6754382058550,6754383047013,988463
16088,6754383058495,6754384049236,990741
16089,6754384058403,6754385049033,990630
16090,6754385058385,6754386048108,989723
16091,6754386058293,6754387051924,993631
16092,6754387058201,6754388049776,991575
16093,6754388058276,6754389049684,991408
16094,6754389058166,6754390049463,991297
16095,6754390058111,6754391049204,991093
16096,6754391058056,6754392048742,990686
16097,6754392058001,6754393049150,991149
16098,6754393057928,6754394049484,991556
16099,6754394057818,6754395048615,990797
16100,6754395057855,6754396048930,991075
16101,6754396057800,6754397048246,990446
16102,6754397057838,6754398049172,991334
16103,6754398057376,6754399047043,989667
16104,6754399057525,6754400048100,990575
16105,6754400057433,6754401049471,992038
16106,6754401057249,6754402048101,990852
16107,6754402057434,6754403048417,990983
16108,6754403057361,6754404048917,991556
16109,6754404057343,6754405050566,993223
16110,6754405057214,6754406050456,993242
16111,6754406056937,6754407047753,990816
16112,6754407057160,6754408049013,991853
16113,6754408057068,6754409048069,991001
16114,6754409057162,6754410047737,990575
16115,6754410056959,6754411048959,992000
16116,6754411057089,6754412047405,990316
16117,6754412056923,6754413048257,991334
16118,6754413056776,6754414050239,993463
16119,6754414056684,6754415048018,991334
16120,6754415056629,6754416050796,994167
16121,6754416056556,6754417049297,992741
16122,6754417056464,6754418048372,991908
16123,6754418056576,6754419049132,992556
16124,6754419056447,6754420047003,990556
16125,6754420056410,6754421050133,993723
16126,6754421056430,6754422048042,991612
16127,6754422056486,6754423047598,991112
16128,6754423056283,6754424046062,989779
16129,6754424056210,6754425048933,992723
16130,6754425056062,6754426049100,993038
16131,6754426055730,6754427045508,989778
16132,6754427056008,6754428048972,992964
16133,6754428055953,6754429047195,991242
16134,6754429055713,6754430045233,989520
16135,6754430055807,6754431049733,993926
16136,6754431055770,6754432047160,991390
16137,6754432055401,6754433046216,990815
16138,6754433055568,6754434046828,991260
16139,6754434055365,6754435046199,990834
16140,6754435055570,6754436046404,990834
16141,6754436055496,6754437046052,990556
16142,6754437055441,6754438046683,991242
16143,6754438055424,6754439044665,989241
16144,6754439055054,6754440046573,991519
16145,6754440055240,6754441048389,993149
16146,6754441055204,6754442047352,992148
16147,6754442055112,6754443046909,991797
16148,6754443055038,6754444045280,990242
16149,6754444054761,6754445045095,990334
16150,6754445054984,6754446046318,991334
16151,6754446054818,6754447048282,993464
16152,6754447054763,6754448045375,990612
16153,6754448054838,6754449047376,992538
16154,6754449054506,6754450045099,990593
16155,6754450054636,6754451050952,996316
16156,6754451054822,6754452045526,990704
16157,6754452054563,6754453044583,990020
16158,6754453054472,6754454044361,989889
16159,6754454054398,6754455046584,992186
16160,6754455054399,6754456044844,990445
16161,6754456054381,6754457045900,991519
16162,6754457054289,6754458044549,990260
16163,6754458054179,6754459045217,991038
16164,6754459054180,6754460045403,991223
16165,6754460054217,6754461049218,995001
16166,6754461054051,6754462044237,990186
16167,6754462053997,6754463045108,991111
16168,6754463053905,6754464043479,989574
16169,6754464053924,6754465044851,990927
16170,6754465054202,6754466044944,990742
16171,6754466053685,6754467043926,990241
16172,6754467053722,6754468044094,990372
16173,6754468053668,6754469045205,991537
16174,6754469053316,6754470043058,989742
16175,6754470053428,6754471046059,992631
16176,6754471053448,6754472042930,989482
16177,6754472053133,6754473041912,988779
16178,6754473053375,6754474046283,992908
16179,6754474053228,6754475044321,991093
16180,6754475053210,6754476045988,992778
16181,6754476052785,6754477021507,968722
16182,6754477057915,6754478024471,966556
16183,6754478052619,6754479019620,967001
16184,6754479057750,6754480024361,966611
16185,6754480052547,6754481020770,968223
16186,6754481057640,6754482024252,966612
16187,6754482052400,6754483019308,966908
16188,6754483057493,6754484023883,966390
16189,6754484052290,6754485018939,966649
16190,6754485057384,6754486024477,967093
16191,6754486052144,6754487018904,966760
16192,6754487057311,6754488024515,967204
16193,6754488052053,6754489019683,967630
16194,6754489057146,6754490024702,967556
16195,6754490051961,6754491018518,966557
16196,6754491057018,6754492024500,967482
16197,6754492051833,6754493018315,966482
16198,6754493056927,6754494023557,966630
16199,6754494051724,6754495018243,966519
16200,6754495056798,6754496022855,966057
16201,6754496051595,6754497017911,966316
16202,6754497056726,6754498023078,966352
16203,6754498051430,6754499017672,966242
16204,6754499056616,6754500024209,967593
16205,6754500051358,6754501019840,968482
16206,6754501056488,6754502024026,967538
16207,6754502051248,6754503017619,966371
16208,6754503056378,6754504023397,967019
16209,6754504051101,6754505017769,966668
16210,6754505056250,6754506022399,966149
16211,6754506051010,6754507017400,966390
16212,6754507056103,6754508022456,966353
16213,6754508050937,6754509017457,966520
16214,6754509056012,6754510021717,965705
16215,6754510050754,6754511018162,967408
16216,6754511055921,6754512023829,967908
16217,6754512050681,6754513018682,968001
16218,6754513055756,6754514023257,967501
16219,6754514050553,6754515017331,966778
16220,6754515055665,6754516022795,967130
16221,6754516050388,6754517016722,966334
16222,6754517055574,6754518022185,966611
16223,6754518050315,6754519016686,966371
16224,6754519055482,6754520022279,966797
16225,6754520050261,6754521017688,967427
16226,6754521055317,6754522021688,966371
16227,6754522050096,6754523016374,966278
16228,6754523055189,6754524023393,968204
16229,6754524049986,6754525017802,967816
16230,6754525055079,6754526022506,967427
16231,6754526049876,6754527016470,966594
16232,6754527054988,6754528022045,967057
16233,6754528049730,6754529016323,966593
16234,6754529054879,6754530021250,966371
16235,6754530049620,6754531017010,967390
16236,6754531054713,6754532020659,965946
16237,6754532049529,6754533016067,966538
16238,6754533054659,6754534021197,966538
16239,6754534049419,6754535016050,966631
16240,6754535054531,6754536021624,967093
16241,6754536049310,6754537017014,967704
16242,6754537054384,6754538021737,967353
16243,6754538049181,6754539015756,966575
16244,6754539054293,6754540022572,968279
16245,6754540049109,6754541017258,968149
16246,6754541054184,6754542020481,966297
16247,6754542048925,6754543015852,966927
16248,6754543054055,6754544020260,966205
16249,6754544048852,6754545015594,966742
16250,6754545053946,6754546020447,966501
16251,6754546048706,6754547014781,966075
16252,6754547053818,6754548021504,967686
16253,6754548048652,6754549016115,967463
16254,6754549053745,6754550021449,967704
16255,6754550048468,6754551016080,967612
16256,6754551053580,6754552020266,966686
16257,6754552048358,6754553014785,966427
16258,6754553053489,6754554019823,966334
16259,6754554048230,6754555014805,966575
16260,6754555053323,6754556019269,965946
16261,6754556048139,6754557014677,966538
16262,6754557053288,6754558019048,965760
16263,6754558047974,6754559013882,965908
16264,6754559053123,6754560020679,967556
16265,6754560047920,6754561015624,967704
16266,6754561052994,6754562020347,967353
16267,6754562047791,6754563014848,967057
16268,6754563052996,6754564020756,967760
16269,6754564047663,6754565014405,966742
16270,6754565052794,6754566019239,966445
16271,6754566047535,6754567013795,966260
16272,6754567052665,6754568018518,965853
16273,6754568047481,6754569014000,966519
16274,6754569052537,6754570018557,966020
16275,6754570047334,6754571014687,967353
16276,6754571052446,6754572019965,967519
16277,6754572047225,6754573014874,967649
16278,6754573052318,6754574019911,967593
16279,6754574047097,6754575013449,966352
16280,6754575052208,6754576019191,966983
16281,6754576046950,6754577013617,966667
16282,6754577052117,6754578018655,966538
16283,6754578046840,6754579013137,966297
16284,6754579051952,6754580017768,965816
16285,6754580046768,6754581013916,967148
16286,6754581051861,6754582018028,966167
16287,6754582046621,6754583012770,966149
16288,6754583051751,6754584019141,967390
16289,6754584046548,6754585014012,967464
16290,6754585051623,6754586018864,967241
16291,6754586046383,6754587012699,966316
16292,6754587051513,6754588017866,966353
16293,6754588046292,6754589012904,966612
16294,6754589051422,6754590017719,966297
16295,6754590046164,6754591013424,967260
16296,6754591051257,6754592017091,965834
16297,6754592046073,6754593012462,966389
16298,6754593051166,6754594017704,966538
16299,6754594045926,6754595012538,966612
16300,6754595051093,6754596018409,967316
16301,6754596045853,6754597013632,967779
16302,6754597050947,6754598018558,967611
16303,6754598045707,6754599011726,966019
16304,6754599050818,6754600021338,970520
16305,6754600047227,6754601022394,975167
16306,6754601045709,6754602012728,967019
16307,6754602050672,6754603017803,967131
16308,6754603045377,6754604015155,969778
16309,6754604050618,6754605029360,978742
16310,6754605045563,6754606038768,993205
16311,6754606045638,6754607037991,992353
16312,6754607045695,6754608042269,996574
16313,6754608045399,6754609015696,970297
16314,6754609050566,6754610018234,967668
16315,6754610045067,6754611014809,969742
16316,6754611050179,6754612018828,968649
16317,6754612044939,6754613013143,968204
16318,6754613050032,6754614017700,967668
16319,6754614044792,6754615011830,967038
16320,6754615049904,6754616017757,967853
16321,6754616044720,6754617013294,968574
16322,6754617049831,6754618016980,967149
16323,6754618044573,6754619011500,966927
16324,6754619049685,6754620017482,967797
16325,6754620044463,6754621011594,967131
16326,6754621049594,6754622016742,967148
16327,6754622044335,6754623010743,966408
16328,6754623049428,6754624017503,968075
16329,6754624044300,6754625011948,967648
16330,6754625049374,6754626017412,968038
16331,6754626044116,6754627011024,966908
16332,6754627049246,6754628015728,966482
16333,6754628044062,6754629011044,966982
16334,6754629049136,6754630015563,966427
16335,6754630043859,6754631011749,967890
16336,6754631049027,6754632016991,967964
16337,6754632043861,6754633010862,967001
16338,6754633048899,6754634015936,967037
16339,6754634043659,6754635010696,967037
16340,6754635048770,6754636016030,967260
16341,6754636043605,6754637010902,967297
16342,6754637048679,6754638015384,966705
16343,6754638043421,6754639009996,966575
16344,6754639048533,6754640016015,967482
16345,6754640043422,6754641011627,968205
16346,6754641048442,6754642015368,966926
16347,6754642043183,6754643009591,966408
16348,6754643048295,6754644017314,969019
16349,6754644043166,6754645011537,968371
16350,6754645048185,6754646015186,967001
16351,6754646042964,6754647010538,967574
16352,6754647048094,6754648017484,969390
16353,6754648042910,6754649010632,967722
16354,6754649047984,6754650016041,968057
16355,6754650042744,6754651010560,967816
16356,6754651047838,6754652017227,969389
16357,6754652042690,6754653011191,968501
16358,6754653047765,6754654014340,966575
16359,6754654042525,6754655008637,966112
16360,6754655047637,6754656018082,970445
16361,6754656042471,6754657009712,967241
16362,6754657047527,6754658014158,966631
16363,6754658042306,6754659009473,967167
16364,6754659047418,6754660020085,972667
16365,6754660042289,6754661010160,967871
16366,6754661047271,6754662015272,968001
16367,6754662042031,6754663008976,966945
16368,6754663047180,6754664014755,967575
16369,6754664041977,6754665008774,966797
16370,6754665047052,6754666013589,966537
16371,6754666041812,6754667008090,966278
16372,6754667046923,6754668016091,969168
16373,6754668041776,6754669008943,967167
16374,6754669046814,6754670013407,966593
16375,6754670041592,6754671008389,966797
16376,6754671046704,6754672014834,968130
16377,6754672041557,6754673008113,966556
16378,6754673046613,6754674012891,966278
16379,6754674041336,6754675008262,966926
16380,6754675046485,6754676014134,967649
16381,6754676041319,6754677007820,966501
16382,6754677046338,6754678013320,966982
16383,6754678041135,6754679007691,966556
16384,6754679046265,6754680015544,969279
16385,6754680041044,6754681009100,968056
16386,6754681046156,6754682012749,966593
16387,6754682040897,6754683008453,967556
16388,6754683046046,6754684015288,969242
16389,6754684040880,6754685008918,968038
16390,6754685045936,6754686013752,967816
16391,6754686040659,6754687007919,967260
16392,6754687045790,6754688014865,969075
16393,6754688040624,6754689008643,968019
16394,6754689045680,6754690012514,966834
16395,6754690040440,6754691007070,966630
16396,6754691045552,6754692014145,968593
16397,6754692040405,6754693007442,967037
16398,6754693045479,6754694012239,966760
16399,6754694040202,6754695006536,966334
16400,6754695045333,6754696014741,969408
16401,6754696040185,6754697008464,968279
16402,6754697045223,6754698013094,967871
16403,6754698039983,6754699007224,967241
16404,6754699045095,6754700013484,968389
16405,6754700039966,6754701006281,966315
16406,6754701045022,6754702013393,968371
16407,6754702039764,6754703006283,966519
16408,6754703044875,6754704013506,968631
16409,6754704039747,6754705006636,966889
16410,6754705044766,6754706011748,966982
16411,6754706039526,6754707005341,965815
16412,6754707044675,6754708012305,967630
16413,6754708039509,6754709006732,967223
16414,6754709044528,6754710010751,966223
16415,6754710039288,6754711006215,966927
16416,6754711044437,6754712015086,970649
16417,6754712039271,6754713007309,968038
16418,6754713044327,6754714011272,966945
16419,6754714039069,6754715006199,967130
16420,6754715044180,6754716013977,969797
16421,6754716039052,6754717007163,968111
16422,6754717044089,6754718010386,966297
16423,6754718038831,6754719006757,967926
16424,6754719043980,6754720017740,973760
16425,6754720040054,6754721035870,995816
16426,6754721039148,6754722031278,992130
16427,6754722039112,6754723032390,993278
16428,6754723039149,6754724032687,993538
16429,6754724038965,6754725030410,991445
16430,6754725038854,6754726033503,994649
16431,6754726038874,6754727033356,994482
16432,6754727038745,6754728032060,993315
16433,6754728038838,6754729032135,993297
16434,6754729038728,6754730032062,993334
16435,6754730038432,6754731029174,990742
16436,6754731038488,6754732031637,993149
16437,6754732038545,6754733033305,994760
16438,6754733038416,6754734032157,993741
16439,6754734038379,6754735031862,993483
16440,6754735038288,6754736031048,992760
16441,6754736038418,6754737030474,992056
16442,6754737038252,6754738031512,993260
16443,6754738038086,6754739029679,991593
16444,6754739038142,6754740028810,990668
16445,6754740038143,6754741032885,994742
16446,6754741037959,6754742035441,997482
16447,6754742039070,6754743030405,991335
16448,6754743037905,6754744030535,992630
16449,6754744037868,6754745030721,992853
16450,6754745037813,6754746032296,994483
16451,6754746037425,6754747028074,990649
16452,6754747037685,6754748029964,992279
16453,6754748037667,6754749029057,991390
16454,6754749037576,6754750029743,992167
16455,6754750037280,6754751028114,990834
16456,6754751037484,6754752032022,994538
16457,6754752037318,6754753029171,991853
16458,6754753037319,6754754029246,991927
16459,6754754037320,6754755028673,991353
16460,6754755037191,6754756031747,994556
16461,6754756036858,6754757028507,991649
16462,6754757037063,6754758029786,992723
16463,6754758037064,6754759029138,992074
16464,6754759036916,6754760029843,992927
16465,6754760036991,6754761028695,991704
16466,6754761036695,6754762030604,993909
16467,6754762036826,6754763028808,991982
16468,6754763036808,6754764029420,992612
16469,6754764036716,6754765028550,991834
16470,6754765036698,6754766029532,992834
16471,6754766036532,6754767028496,991964
16472,6754767036478,6754768028460,991982
16473,6754768036626,6754769030201,993575
16474,6754769036442,6754770029054,992612
16475,6754770036276,6754771028499,992223
16476,6754771036221,6754772028629,992408
16477,6754772036222,6754773028463,992241
16478,6754773036112,6754774027501,991389
16479,6754774036075,6754775027428,991353
16480,6754775036076,6754776029410,993334
16481,6754776035669,6754777004207,968538
16482,6754777040726,6754778007615,966889
16483,6754778035504,6754779002338,966834
16484,6754779040560,6754780014580,974020
16485,6754780035468,6754781002858,967390
16486,6754781040488,6754782008507,968019
16487,6754782035192,6754783001693,966501
16488,6754783040304,6754784011527,971223
16489,6754784035101,6754785001842,966741
16490,6754785040231,6754786006788,966557
16491,6754786034954,6754787001344,966390
16492,6754787040103,6754788010863,970760
16493,6754788034956,6754789001845,966889
16494,6754789039975,6754790006883,966908
16495,6754790034716,6754791001199,966483
16496,6754791039828,6754792015273,975445
16497,6754792034736,6754793001737,967001
16498,6754793039774,6754794006293,966519
16499,6754794034479,6754795001331,966852
16500,6754795039628,6754796010776,971148
16501,6754796034406,6754797001833,967427
16502,6754797039481,6754798006333,966852
16503,6754798034259,6754799000853,966594
16504,6754799039408,6754800011057,971649
16505,6754800034224,6754801000447,966223
16506,6754801039299,6754802006966,967667
16507,6754802034040,6754803000596,966556
16508,6754803039152,6754804010912,971760
16509,6754804033986,6754805000709,966723
16510,6754805039042,6754806005395,966353
16511,6754806033802,6754807000229,966427
16512,6754807038933,6754808009044,970111
16513,6754808033748,6754809000601,966853
16514,6754809038860,6754810005194,966334
16515,6754810033583,6754810999954,966371
16516,6754811038695,6754812010621,971926
16517,6754812033547,6754813000104,966557
16518,6754813038604,6754814005012,966408
16519,6754814033345,6754814999827,966482
16520,6754815038475,6754816009235,970760
16521,6754816033309,6754816999699,966390
16522,6754817038384,6754818005015,966631
16523,6754818033089,6754818999515,966426
16524,6754819038238,6754820008479,970241
16525,6754820033090,6754820999683,966593
16526,6754821038128,6754822005295,967167
16527,6754822032888,6754822999315,966427
16528,6754823037889,6754824008667,970778
16529,6754824032815,6754824999094,966279
16530,6754825037909,6754826004483,966574
16531,6754826032669,6754826999077,966408
16532,6754827037780,6754828008911,971131
16533,6754828032633,6754828999226,966593
16534,6754829037708,6754830004171,966463
16535,6754830032412,6754830998987,966575
16536,6754831037561,6754832008506,970945
16537,6754832032414,6754832999081,966667
16538,6754833037451,6754834004026,966575
16539,6754834032211,6754834998471,966260
16540,6754835037342,6754836006880,969538
16541,6754836032139,6754836998954,966815
16542,6754837037232,6754838003733,966501
16543,6754838031955,6754838998456,966501
16544,6754839037122,6754840006253,969131
16545,6754840031901,6754840998420,966519
16546,6754841037013,6754842004310,967297
16547,6754842031773,6754842998125,966352
16548,6754843036848,6754844005885,969037
16549,6754844031737,6754845028738,997001
16550,6754845032682,6754846025683,993001
16551,6754846032109,6754847025054,992945
16552,6754847032017,6754848021962,989945
16553,6754848031444,6754849024241,992797
16554,6754849031796,6754850023575,991779
16555,6754850031797,6754851023483,991686
16556,6754851031742,6754852026762,995020
16557,6754852031465,6754853023355,991890
16558,6754853031577,6754854024707,993130
16559,6754854031800,6754855027319,995519
16560,6754855031412,6754856023727,992315
16561,6754856031042,6754857031247,1000205
16562,6754857034987,6754858025840,990853
16563,6754858031229,6754859023359,992130
16564,6754859031063,6754860022897,991834
16565,6754860031212,6754861023824,992612
16566,6754861031176,6754862024806,993630
16567,6754862030917,6754863022047,991130
16568,6754863030973,6754864025270,994297
16569,6754864030696,6754865000641,969945
16570,6754865035715,6754866004179,968464
16571,6754866030401,6754866997939,967538
16572,6754867035513,6754868007199,971686
16573,6754868030310,6754868997904,967594
16574,6754869035422,6754870003552,968130
16575,6754870030182,6754870997553,967371
16576,6754871035294,6754872009054,973760
16577,6754872030128,6754872997573,967445
16578,6754873035203,6754874002481,967278
16579,6754874029944,6754874997019,967075
16580,6754875035038,6754876006149,971111
16581,6754876029890,6754876997224,967334
16582,6754877034983,6754878001651,966668
16583,6754878029688,6754878996596,966908
16584,6754879034837,6754880004800,969963
16585,6754880029615,6754880996597,966982
16586,6754881034727,6754882002913,968186
16587,6754882029524,6754882996284,966760
16588,6754883034599,6754884004377,969778
16589,6754884029433,6754884996693,967260
16590,6754885034489,6754886001268,966779
16591,6754886029249,6754886996083,966834
16592,6754887034380,6754888004084,969704
16593,6754888029195,6754888996307,967112
16594,6754889034251,6754890000585,966334
16595,6754890029030,6754890995808,966778
16596,6754891034197,6754892003328,969131
16597,6754892028939,6754892995958,967019
16598,6754893034014,6754893999440,965426
16599,6754894028774,6754894995737,966963
16600,6754895033885,6754895999034,965149
16601,6754896028627,6754896996239,967612
16602,6754897033794,6754897999295,965501
16603,6754898028573,6754898995629,967056
16604,6754899033666,6754899999389,965723
16605,6754900028500,6754900995260,966760
16606,6754901033593,6754902001613,968020
16607,6754902028335,6754902996317,967982
16608,6754903033447,6754904004207,970760
16609,6754904028281,6754904995689,967408
16610,6754905033374,6754905998930,965556
16611,6754906028097,6754906994857,966760
16612,6754907033265,6754907999673,966408
16613,6754908027987,6754908995136,967149
16614,6754909033118,6754909998785,965667
16615,6754910027878,6754910995064,967186
16616,6754911032990,6754911999120,966130
16617,6754912027805,6754912994732,966927
16618,6754913032861,6754913998547,965686
16619,6754914027621,6754914994770,967149
16620,6754915032752,6754915998049,965297
16621,6754916027530,6754916994605,967075
16622,6754917032605,6754917998254,965649
16623,6754918027402,6754918994662,967260
16624,6754919032532,6754919997700,965168
16625,6754920027292,6754920994034,966742
16626,6754921032404,6754921999090,966686
16627,6754922027164,6754922993702,966538
16628,6754923032276,6754923997592,965316
16629,6754924027055,6754924993963,966908
16630,6754925032185,6754925997519,965334
16631,6754926026926,6754926993612,966686
16632,6754927032057,6754927998743,966686
16633,6754928026817,6754928993762,966945
16634,6754929031929,6754929997837,965908
16635,6754930026689,6754930993819,967130
16636,6754931031819,6754931998412,966593
16637,6754932026635,6754932993524,966889
16638,6754933031728,6754933997043,965315
16639,6754934026451,6754934982877,956426
16640,6754935031266,6754935981174,949908
16641,6754936031267,6754936982249,950982
16642,6754937031175,6754937982028,950853
16643,6754938031102,6754938982010,950908
16644,6754939031029,6754939981992,950963
16645,6754940031048,6754940981752,950704
16646,6754941030937,6754941982605,951668
16647,6754942030883,6754942981587,950704
16648,6754943030809,6754943981569,950760
16649,6754944030884,6754944981607,950723
16650,6754945030718,6754945981311,950593
16651,6754946030645,6754946981479,950834
16652,6754947030627,6754947981387,950760
16653,6754948030591,6754948981462,950871
16654,6754949030480,6754949981240,950760
16655,6754950030407,6754950981000,950593
16656,6754951030334,6754951981242,950908
16657,6754952030334,6754952981168,950834
16658,6754953030261,6754953980984,950723
16659,6754954030188,6754954980929,950741
16660,6754955030114,6754955981004,950890
16661,6754956030115,6754956980912,950797
16662,6754957030042,6754957980839,950797
16663,6754958029931,6754958980506,950575
16664,6754959029876,6754959980803,950927
16665,6754960029896,6754960980582,950686
16666,6754961029804,6754961980545,950741
16667,6754962029712,6754962980657,950945
16668,6754963029694,6754963980824,951130
16669,6754964029676,6754964980270,950594
16670,6754965029547,6754965980493,950946
16671,6754966029493,6754966980197,950704
16672,6754967029438,6754967980253,950815
16673,6754968029827,6754968995884,966057
16674,6754969024495,6754969990699,966204
16675,6754970029607,6754970995755,966148
16676,6754971024404,6754971991312,966908
16677,6754972029497,6754972994553,965056
16678,6754973024275,6754973990147,965872
16679,6754974029406,6754974995518,966112
16680,6754975024166,6754975989852,965686
16681,6754976029444,6754976994519,965075
16682,6754977024019,6754977989686,965667
16683,6754978029224,6754978995409,966185
16684,6754979023984,6754979989503,965519
16685,6754980029151,6754980992744,963593
16686,6754981023855,6754981989615,965760
16687,6754982029171,6754982994301,965130
16688,6754983023672,6754983990117,966445
16689,6754984028876,6754984992951,964075
16690,6754985023525,6754985989618,966093
16691,6754986028766,6754986995489,966723
16692,6754987023600,6754987988879,965279
16693,6754988028416,6754988992398,963982
16694,6754989023343,6754989990140,966797
16695,6754990028510,6754990994640,966130
16696,6754991023677,6754991991234,967557
16697,6754992028808,6754992992975,964167
16698,6754993023086,6754993989735,966649
16699,6754994028291,6754994994606,966315
16700,6754995022977,6754995988200,965223
16701,6754996028126,6754996992700,964574
16702,6754997022904,6754997988405,965501
16703,6754998028034,6754998993424,965390
16704,6754999022813,6754999987665,964852
16705,6755000027832,6755000992574,964742
16706,6755001023240,6755001987778,964538
16707,6755002027815,6755002993908,966093
16708,6755003022575,6755003990039,967464
16709,6755004027668,6755004992873,965205
16710,6755005022243,6755005985540,963297
16711,6755006027522,6755006992559,965037
16712,6755007022337,6755007987653,965316
16713,6755008027468,6755008991079,963611
16714,6755009029005,6755009994339,965334
16715,6755010022191,6755010989914,967723
16716,6755011027785,6755011993693,965908
16717,6755012021970,6755012987508,965538
16718,6755013027212,6755013992398,965186
16719,6755014021935,6755014988028,966093
16720,6755015027121,6755015991770,964649
16721,6755016021714,6755016986196,964482
16722,6755017027030,6755017992364,965334
16723,6755018021771,6755018987401,965630
16724,6755019026772,6755019992847,966075
16725,6755020021550,6755020986847,965297
16726,6755021026736,6755021992422,965686
16727,6755022021552,6755022987886,966334
16728,6755023026608,6755023991127,964519
16729,6755024021275,6755024986628,965353
16730,6755025026480,6755025992462,965982
16731,6755026021221,6755026986500,965279
16732,6755027026463,6755027991371,964908
16733,6755028021056,6755028986020,964964
16734,6755029026261,6755029991317,965056
16735,6755030020965,6755030986225,965260
16736,6755031026188,6755031991541,965353
16737,6755032020837,6755032985949,965112
16738,6755033026097,6755033992357,966260
16739,6755034020820,6755034986487,965667
16740,6755035025709,6755036012210,986501
16741,6755036021136,6755037013544,992408
16742,6755037021063,6755038014156,993093
16743,6755038020952,6755039013564,992612
16744,6755039020990,6755040018009,997019
16745,6755040020880,6755041015232,994352
16746,6755041020862,6755042014326,993464
16747,6755042020789,6755043012919,992130
16748,6755043020808,6755044015809,995001
16749,6755044020734,6755045012494,991760
16750,6755045020606,6755046011569,990963
16751,6755046020569,6755047014570,994001
16752,6755047020514,6755048016330,995816
16753,6755048020404,6755049011312,990908
16754,6755049020349,6755050011572,991223
16755,6755050020035,6755051013740,993705
16756,6755051020240,6755052015648,995408
16757,6755052020222,6755053013685,993463
16758,6755053020130,6755054012057,991927
16759,6755054020094,6755055011409,991315
16760,6755055020039,6755056016910,996871
16761,6755056019984,6755057012151,992167
16762,6755057019966,6755058011411,991445
16763,6755058019893,6755059014005,994112
16764,6755059019745,6755060013876,994131
16765,6755060019728,6755061013284,993556
16766,6755061019617,6755062013729,994112
16767,6755062019618,6755063012248,992630
16768,6755063019674,6755064014712,995038
16769,6755064019619,6755065014509,994890
16770,6755065019490,6755066010158,990668
16771,6755066019454,6755067010899,991445
16772,6755067019381,6755068013622,994241
16773,6755068019363,6755069011382,992019
16774,6755069019179,6755070011013,991834
16775,6755070019253,6755071010347,991094
16776,6755071019180,6755072013051,993871
16777,6755072019144,6755073011237,992093
16778,6755073018996,6755074010497,991501
16779,6755074019034,6755075010387,991353
16780,6755075018924,6755076015036,996112
16781,6755076018943,6755077013184,994241
16782,6755077018833,6755078010055,991222
16783,6755078018796,6755079010723,991927
16784,6755079018667,6755080012001,993334
16785,6755080018668,6755081010761,992093
16786,6755081018650,6755082013336,994686
16787,6755082018466,6755083010170,991704
16788,6755083018411,6755084013856,995445
16789,6755084018356,6755085010820,992464
16790,6755085018320,6755086010524,992204
16791,6755086018506,6755087010414,991908
16792,6755087018192,6755088014266,996074
16793,6755088018248,6755089010193,991945
16794,6755089018101,6755090009268,991167
16795,6755090018027,6755091009583,991556
16796,6755091017935,6755092011825,993890
16797,6755092017714,6755093011326,993612
16798,6755093017826,6755094009882,992056
16799,6755094017863,6755095009716,991853
16800,6755095017883,6755096014902,997019
16801,6755096017735,6755097009329,991594
16802,6755097017606,6755098010292,992686
16803,6755098017552,6755099009904,992352
16804,6755099017460,6755100014349,996889
16805,6755100017479,6755101009572,992093
16806,6755101017387,6755102008128,990741
16807,6755102017406,6755103011870,994464
16808,6755103017259,6755104010630,993371
16809,6755104017260,6755105010390,993130
16810,6755105017149,6755106008687,991538
16811,6755106017076,6755107008595,991519
16812,6755107017040,6755108011059,994019
16813,6755108016985,6755109009708,992723
16814,6755109016893,6755110009264,992371
16815,6755110016875,6755111008820,991945
16816,6755111016765,6755112014506,997741
16817,6755112016784,6755113010414,993630
16818,6755113016729,6755114008674,991945
16819,6755114016730,6755115009027,992297
16820,6755115016416,6755116011546,995130
16821,6755116016583,6755117008788,992205
16822,6755117016547,6755118008714,992167
16823,6755118016344,6755119007993,991649
16824,6755119016382,6755120009993,993611
16825,6755120016142,6755121007161,991019
16826,6755121016290,6755122008347,992057
16827,6755122016291,6755123008236,991945
16828,6755123016181,6755124011515,995334
16829,6755124016163,6755125007756,991593
16830,6755125015775,6755126007276,991501
16831,6755126015942,6755127007665,991723
16832,6755127015869,6755128010740,994871
16833,6755128015925,6755129008000,992075
16834,6755129015833,6755130009853,994020
16835,6755130015667,6755131007761,992094
16836,6755131015724,6755132010521,994797
16837,6755132015558,6755133013873,998315
16838,6755133017262,6755134008615,991353
16839,6755134015541,6755135008004,992463
16840,6755135015523,6755136014116,998593
16841,6755136027338,6755137021321,993983
16842,6755137024043,6755138016562,992519
16843,6755138020451,6755139013359,992908
16844,6755139016470,6755140010026,993556
16845,6755140015156,6755141006879,991723
16846,6755141015120,6755142007546,992426
16847,6755142015213,6755143011695,996482
16848,6755143015232,6755144009918,994686
16849,6755144014770,6755144983345,968575
16850,6755145019697,6755145986438,966741
16851,6755146014420,6755146981643,967223
16852,6755147019532,6755147986106,966574
16853,6755148014347,6755148980533,966186
16854,6755149019422,6755149985904,966482
16855,6755150014200,6755150980664,966464
16856,6755151019294,6755151985702,966408
16857,6755152014128,6755152981980,967852
16858,6755153019221,6755153985907,966686
16859,6755154014000,6755154980389,966389
16860,6755155019074,6755155985371,966297
16861,6755156013871,6755156980354,966483
16862,6755157018983,6755157985706,966723
16863,6755158013743,6755158980429,966686
16864,6755159018855,6755159985060,966205
16865,6755160013689,6755160980394,966705
16866,6755161018745,6755161985598,966853
16867,6755162013524,6755162980988,967464
16868,6755163018654,6755163985470,966816
16869,6755164013396,6755164980693,967297
16870,6755165018489,6755165985268,966779
16871,6755166013268,6755166979787,966519
16872,6755167018416,6755167984862,966446
16873,6755168013158,6755168979511,966353
16874,6755169018251,6755169984919,966668
16875,6755170013048,6755170979586,966538
16876,6755171018160,6755171984198,966038
16877,6755172012957,6755172980199,967242
16878,6755173018069,6755173984755,966686
16879,6755174012810,6755174978848,966038
16880,6755175017959,6755175984312,966353
16881,6755176012775,6755176978850,966075
16882,6755177017831,6755177984054,966223
16883,6755178012591,6755178978796,966205
16884,6755179017722,6755179984000,966278
16885,6755180012537,6755180978760,966223
16886,6755181017556,6755181983927,966371
16887,6755182012353,6755182979336,966983
16888,6755183017484,6755183983873,966389
16889,6755184012262,6755184978318,966056
16890,6755185017356,6755185984060,966704
16891,6755186012097,6755186978468,966371
16892,6755187017264,6755187983635,966371
16893,6755188012043,6755188978247,966204
16894,6755189017099,6755189983359,966260
16895,6755190011878,6755190978415,966537
16896,6755191017045,6755191983731,966686
16897,6755192011787,6755192978028,966241
16898,6755193016880,6755193982918,966038
16899,6755194011640,6755194978048,966408
16900,6755195016770,6755195983104,966334
16901,6755196011567,6755196977679,966112
16902,6755197016698,6755197982939,966241
16903,6755198011421,6755198977884,966463
16904,6755199016569,6755199982737,966168
16905,6755200011329,6755200977682,966353
16906,6755201016460,6755201982886,966426
16907,6755202011183,6755202978350,967167
16908,6755203016313,6755203982999,966686
16909,6755204011129,6755204976944,965815
16910,6755205016240,6755205982723,966483
16911,6755206010945,6755206977334,966389
16912,6755207016075,6755207982446,966371
16913,6755208010854,6755208976873,966019
16914,6755209015984,6755209982688,966704
16915,6755210010726,6755210976985,966259
16916,6755211015856,6755211982357,966501
16917,6755212010597,6755212977968,967371
16918,6755213015728,6755213982210,966482
16919,6755214010488,6755214976785,966297
16920,6755215015637,6755215981952,966315
16921,6755216010471,6755217002582,992111
16922,6755217010805,6755218003546,992741
16923,6755218010713,6755219001769,991056
16924,6755219010714,6755220010233,999519
16925,6755220010659,6755221003289,992630
16926,6755221010456,6755222003827,993371
16927,6755222010512,6755223006531,996019
16928,6755223010550,6755224004921,994371
16929,6755224010217,6755225001644,991427
16930,6755225010348,6755226002126,991778
16931,6755226010311,6755227003275,992964
16932,6755227009979,6755228004776,994797
16933,6755228010035,6755229003147,993112
16934,6755229009999,6755230002147,992148
16935,6755230010129,6755231001759,991630
16936,6755231009963,6755232005019,995056
16937,6755232009742,6755233003094,993352
16938,6755233009798,6755234001076,991278
16939,6755234009854,6755235001447,991593
16940,6755235009762,6755236005800,996038
16941,6755236009578,6755237000060,990482
16942,6755237009616,6755238000413,990797
16943,6755238009561,6755239001210,991649
16944,6755239009524,6755240003155,993631
16945,6755240009358,6755241003174,993816
16946,6755241009322,6755242001452,992130
16947,6755242009267,6755243001657,992390
16948,6755243009287,6755244004287,995000
16949,6755244009213,6755245000973,991760
16950,6755245009158,6755246003715,994557
16951,6755246009048,6755247000901,991853
16952,6755247008993,6755247999809,990816
16953,6755248008809,6755249000106,991297
16954,6755249008939,6755250001088,992149
16955,6755250008903,6755251001015,992112
16956,6755251008885,6755252004312,995427
16957,6755252008478,6755253001812,993334
16958,6755253008683,6755254000943,992260
16959,6755254008609,6755255000129,991520
16960,6755255008592,6755256004092,995500
16961,6755256008444,6755257000297,991853
16962,6755257008537,6755257998760,990223
16963,6755258008390,6755259000076,991686
16964,6755259008372,6755260005577,997205
16965,6755260008188,6755260999874,991686
16966,6755261008226,6755262001041,992815
16967,6755262008208,6755263001320,993112
16968,6755263008097,6755264003265,995168
16969,6755264007968,6755264998914,990946
16970,6755265007877,6755265999748,991871
16971,6755266007970,6755267002397,994427
16972,6755267007804,6755267997712,989908
16973,6755268007620,6755268998417,990797
16974,6755269007824,6755270000565,992741
16975,6755270007714,6755271002214,994500
16976,6755271007585,6755271999456,991871
16977,6755272007604,6755272999975,992371
16978,6755273007568,6755273999679,992111
16979,6755274007735,6755274999699,991964
16980,6755275007476,6755276006718,999242
16981,6755276007329,6755277001404,994075
16982,6755277007348,6755278000849,993501
16983,6755278007275,6755278998331,991056
16984,6755279007220,6755279997999,990779
16985,6755280007017,6755280998444,991427
16986,6755281007092,6755281999259,992167
16987,6755282007407,6755283003464,996057
16988,6755283007630,6755284004520,996890
16989,6755284006816,6755284998150,991334
16990,6755285006854,6755285998873,992019
16991,6755286007059,6755286998467,991408
16992,6755287007096,6755288003819,996723
16993,6755288006523,6755288977801,971278
16994,6755289006283,6755289972450,966167
16995,6755290011395,6755290977081,965686
16996,6755291006099,6755291972470,966371
16997,6755292011248,6755292978860,967612
16998,6755293006008,6755293972287,966279
16999,6755294011083,6755294977417,966334
17000,6755295005824,6755295972140,966316
17001,6755296011084,6755296978122,967038
17002,6755297005752,6755297971845,966093
17003,6755298010845,6755298977179,966334
17004,6755299005624,6755299971495,965871
17005,6755300010735,6755300976755,966020
17006,6755301005495,6755301971903,966408
17007,6755302010644,6755302976923,966279
17008,6755303005404,6755303971460,966056
17009,6755304010516,6755304976313,965797
17010,6755305005295,6755305971480,966185
17011,6755306010425,6755306976648,966223
17012,6755307005166,6755307971075,965909
17013,6755308010278,6755308976316,966038
17014,6755309005075,6755309971243,966168
17015,6755310010150,6755310976336,966186
17016,6755311004966,6755311971096,966130
17017,6755312010152,6755312976856,966704
17018,6755313004837,6755313970912,966075
17019,6755314009949,6755314975931,965982
17020,6755315004709,6755315970858,966149
17021,6755316009858,6755316975822,965964
17022,6755317004600,6755317970934,966334
17023,6755318009711,6755318975916,966205
17024,6755319004471,6755319970657,966186
17025,6755320009620,6755320975751,966131
17026,6755321004380,6755321970085,965705
17027,6755322009474,6755322976863,967389
17028,6755323004308,6755323970123,965815
17029,6755324009382,6755324966902,957520
17030,6755325009309,6755325976495,967186
17031,6755326004032,6755326970107,966075
17032,6755327009218,6755327975478,966260
17033,6755328004219,6755328970553,966334
17034,6755329009053,6755329975442,966389
17035,6755330003868,6755330970406,966538
17036,6755331008943,6755331976240,967297
17037,6755332004240,6755332971000,966760
17038,6755333008889,6755333975445,966556
17039,6755334003612,6755334969483,965871
17040,6755335008761,6755335975169,966408
17041,6755336004243,6755336970373,966130
17042,6755337008633,6755337974985,966352
17043,6755338003393,6755338969653,966260
17044,6755339008504,6755339975209,966705
17045,6755340004190,6755340971617,967427
17046,6755341008413,6755341974766,966353
17047,6755342003025,6755342970433,967408
17048,6755343008304,6755343974508,966204
17049,6755344004193,6755344970379,966186
17050,6755345008157,6755345974380,966223
17051,6755346002954,6755346969140,966186
17052,6755347008084,6755347974511,966427
17053,6755348004215,6755348970752,966537
17054,6755349007901,6755349974809,966908
17055,6755350002716,6755350969069,966353
17056,6755351007847,6755351974255,966408
17057,6755352004069,6755352971181,967112
17058,6755353007755,6755353974201,966446
17059,6755354002478,6755354968942,966464
17060,6755355007572,6755355973776,966204
17061,6755356002369,6755356970555,968186
17062,6755357007462,6755357973352,965890
17063,6755358002278,6755358968463,966185
17064,6755359007389,6755359973112,965723
17065,6755360002335,6755360970057,967722
17066,6755361007261,6755361973743,966482
17067,6755362002058,6755362969448,967390
17068,6755363007170,6755363974152,966982
17069,6755364002375,6755364969134,966759
17070,6755365007005,6755365973524,966519
17071,6755366001802,6755366969043,967241
17072,6755367006895,6755367973377,966482
17073,6755368001711,6755368968600,966889
17074,6755369006823,6755369973471,966648
17075,6755370001564,6755370968028,966464
17076,6755371006694,6755371972880,966186
17077,6755372001454,6755372971177,969723
17078,6755373006603,6755373972808,966205
17079,6755374001326,6755374967623,966297
17080,6755375006475,6755375972661,966186
17081,6755376001217,6755376969514,968297
17082,6755377006421,6755377972329,965908
17083,6755378001125,6755378967459,966334
17084,6755379006219,6755379972497,966278
17085,6755380000997,6755380968276,967279
17086,6755381006146,6755381972610,966464
17087,6755382000869,6755382967611,966742
17088,6755383005999,6755383972241,966242
17089,6755384000778,6755384968945,968167
17090,6755385005927,6755385972261,966334
17091,6755386000668,6755386966762,966094
17092,6755387005799,6755387972355,966556
17093,6755388000522,6755388968985,968463
17094,6755389005726,6755389971893,966167
17095,6755390000449,6755390966172,965723
17096,6755391005561,6755391971358,965797
17097,6755392000321,6755392967951,967630
17098,6755393005451,6755393971785,966334
17099,6755394000174,6755394966564,966390
17100,6755395005323,6755395971527,966204
17101,6755396000083,6755396967991,967908
17102,6755397005213,6755397971399,966186
17103,6755397999973,6755398966567,966594
17104,6755399005122,6755399971549,966427
17105,6755399999827,6755400971698,971871
17106,6755400999772,6755401966106,966334
17107,6755402004939,6755402972107,967168
17108,6755402999644,6755403965626,965982
17109,6755404004811,6755404971052,966241
17110,6755404999590,6755405966164,966574
17111,6755406004683,6755406970609,965926
17112,6755406999443,6755407965758,966315
17113,6755408004647,6755408971092,966445
17114,6755408999333,6755409965612,966279
17115,6755410004482,6755410970946,966464
17116,6755410999242,6755411965002,965760
17117,6755412004261,6755412970743,966482
17118,6755412999151,6755413964689,965538
17119,6755414004244,6755414970226,965982
17120,6755414998967,6755415964949,965982
17121,6755416004209,6755416969987,965778
17122,6755416998895,6755417965136,966241
17123,6755418003988,6755418969914,965926
17124,6755418998766,6755419965267,966501
17125,6755420004230,6755420970046,965816
17126,6755420998657,6755421965046,966389
17127,6755422003769,6755422971140,967371
17128,6755422998547,6755423964400,965853
17129,6755424004214,6755424970437,966223
17130,6755424998400,6755425964549,966149
17131,6755426003512,6755426969754,966242
17132,6755426998291,6755427964347,966056
17133,6755428004236,6755428970274,966038
17134,6755428998237,6755429964663,966426
17135,6755430003293,6755430969775,966482
17136,6755430998071,6755431964442,966371
17137,6755432004220,6755432970943,966723
17138,6755432997980,6755433963944,965964
17139,6755434003074,6755434969278,966204
17140,6755434997852,6755435964297,966445
17141,6755436004205,6755436970428,966223
17142,6755436997742,6755437964521,966779
17143,6755438002891,6755438968929,966038
17144,6755438997633,6755439963430,965797
17145,6755440004152,6755440969930,965778
17146,6755440997486,6755441963783,966297
17147,6755442002635,6755442970173,967538
17148,6755442997395,6755443963859,966464
17149,6755444004081,6755444970582,966501
17150,6755444997230,6755445963619,966389
17151,6755446002416,6755446968546,966130
17152,6755446997157,6755447963547,966390
17153,6755448002917,6755448970788,967871
17154,6755448997066,6755449963381,966315
17155,6755450002196,6755450968160,965964
17156,6755450996901,6755451962994,966093
17157,6755452002420,6755452974495,972075
17158,6755452996865,6755453963384,966519
17159,6755454001940,6755454968107,966167
17160,6755454996681,6755455962923,966242
17161,6755456001849,6755456969609,967760
17162,6755456996572,6755457962776,966204
17163,6755458001739,6755458967944,966205
17164,6755458996481,6755459962611,966130
17165,6755460001574,6755460998278,996704
17166,6755461002038,6755461993853,991815
17167,6755461997631,6755462991743,994112
17168,6755462996650,6755463988929,992279
17169,6755463996762,6755464991300,994538
17170,6755464996578,6755465988893,992315
17171,6755465996541,6755466988023,991482
17172,6755466996431,6755467988561,992130
17173,6755467996506,6755468991025,994519
17174,6755468996358,6755469987415,991057
17175,6755469996303,6755470987841,991538
17176,6755470996341,6755471988138,991797
17177,6755471996231,6755472993343,997112
17178,6755472996657,6755473987529,990872
17179,6755473995917,6755474988400,992483
17180,6755474995992,6755475987734,991742
17181,6755475995919,6755476991679,995760
17182,6755476995975,6755477987957,991982
17183,6755477995976,6755478986773,990797
17184,6755478995551,6755479987607,992056
17185,6755479995829,6755480992608,996779
17186,6755480996645,6755481989627,992982
17187,6755481995590,6755482989220,993630
17188,6755482995572,6755483988702,993130
17189,6755483995517,6755484989574,994057
17190,6755484995444,6755485987685,992241
17191,6755485995463,6755486987279,991816
17192,6755486995427,6755487986187,990760
17193,6755487995372,6755488987799,992427
17194,6755488995243,6755489987485,992242
17195,6755489995244,6755490989263,994019
17196,6755490995337,6755491986782,991445
17197,6755491995134,6755492991191,996057
17198,6755492996098,6755493987969,991871
17199,6755493994691,6755494984155,989464
17200,6755494994803,6755495986952,992149
17201,6755495994933,6755496987230,992297
17202,6755496994564,6755497983324,988760
17203,6755497994657,6755498986010,991353
17204,6755498994658,6755499986955,992297
17205,6755499994677,6755500988270,993593
17206,6755500994604,6755501985604,991000
17207,6755501994253,6755502987068,992815
17208,6755502994401,6755503986773,992372
17209,6755503994421,6755504989088,994667
17210,6755504994310,6755505985589,991279
17211,6755505994181,6755506983719,989538
17212,6755506993960,6755507985387,991427
17213,6755507994146,6755508969554,975408
17214,6755508993721,6755509960499,966778
17215,6755509998740,6755510965611,966871
17216,6755510993518,6755511960204,966686
17217,6755511998612,6755512967057,968445
17218,6755512993353,6755513961521,968168
17219,6755513998558,6755514964151,965593
17220,6755514993281,6755515960115,966834
17221,6755515998429,6755516966356,967927
17222,6755516993171,6755517959523,966352
17223,6755517998283,6755518963876,965593
17224,6755518993043,6755519959432,966389
17225,6755519998210,6755520966729,968519
17226,6755520992952,6755521959767,966815
17227,6755521998063,6755522962749,964686
17228,6755522992842,6755523960380,967538
17229,6755523997972,6755524968862,970890
17230,6755524992732,6755525959289,966557
17231,6755525997826,6755526963419,965593
17232,6755526992604,6755527958883,966279
17233,6755527997734,6755528966031,968297
17234,6755528992476,6755529959458,966982
17235,6755529997643,6755530962514,964871
17236,6755530992366,6755531958719,966353
17237,6755531997478,6755532965275,967797
17238,6755532992257,6755533959887,967630
17239,6755533997406,6755534962999,965593
17240,6755534992147,6755535959129,966982
17241,6755535997240,6755536965704,968464
17242,6755536992056,6755537959038,966982
17243,6755537997168,6755538962613,965445
17244,6755538991872,6755539959669,967797
17245,6755539997002,6755540964577,967575
17246,6755540991799,6755541958689,966890
17247,6755541996930,6755542963727,966797
17248,6755542991671,6755543958561,966890
17249,6755543996802,6755544965358,968556
17250,6755544991543,6755545958470,966927
17251,6755545996711,6755546962674,965963
17252,6755546991452,6755547957564,966112
17253,6755547996582,6755548966750,970168
17254,6755548991324,6755549959139,967815
17255,6755549996473,6755550963140,966667
17256,6755550991233,6755551957993,966760
17257,6755551996363,6755552964679,968316
17258,6755552991067,6755553958901,967834
17259,6755553996235,6755554962791,966556
17260,6755554990976,6755555957366,966390
17261,6755555996107,6755556964441,968334
17262,6755556990904,6755557957738,966834
17263,6755557995997,6755558962776,966779
17264,6755558990738,6755559958387,967649
17265,6755559995906,6755560963147,967241
17266,6755560990647,6755561957555,966908
17267,6755561995759,6755562962241,966482
17268,6755562990538,6755563959057,968519
17269,6755563995650,6755564963613,967963
17270,6755564990447,6755565956836,966389
17271,6755565995521,6755566962207,966686
17272,6755566990281,6755567956726,966445
17273,6755567995430,6755568962949,967519
17274,6755568990227,6755569956672,966445
17275,6755569995321,6755570960988,965667
17276,6755570990062,6755571956396,966334
17277,6755571995229,6755572961989,966760
17278,6755572989989,6755573957323,967334
17279,6755573995120,6755574960658,965538
17280,6755574989824,6755575956658,966834
17281,6755575994992,6755576962863,967871
17282,6755576989770,6755577956123,966353
17283,6755577994808,6755578960346,965538
17284,6755578989642,6755579956069,966427
17285,6755579994735,6755580962569,967834
17286,6755580989495,6755581956348,966853
17287,6755581994644,6755582959960,965316
17288,6755582989386,6755583956386,967000
17289,6755583994516,6755584970702,976186
17290,6755584989572,6755585955740,966168
17291,6755585994462,6755586959981,965519
17292,6755586989185,6755587955426,966241
17293,6755587994297,6755588976260,981963
17294,6755588989353,6755589985946,996593
17295,6755589989946,6755590986836,996890
17296,6755590991206,6755591988725,997519
17297,6755591992688,6755592989578,996890
17298,6755592993134,6755593990357,997223
17299,6755593994171,6755594990191,996020
17300,6755594994117,6755595990284,996167
17301,6755595993525,6755596991970,998445
17302,6755596995525,6755597991804,996279
17303,6755597995600,6755598992638,997038
17304,6755598996582,6755599993676,997094
17305,6755599997676,6755600997251,999575
17306,6755601000232,6755601994788,994556
17307,6755601998325,6755602994196,995871
17308,6755602997882,6755603995605,997723
17309,6755603999123,6755604996031,996908
17310,6755604999327,6755605995384,996057
17311,6755605998643,6755606993662,995019
17312,6755606997162,6755607992959,995797
17313,6755607996700,6755608993997,997297
17314,6755608997256,6755609993498,996242
17315,6755609997202,6755610993036,995834
17316,6755610996350,6755611991333,994983
17317,6755611994999,6755612992685,997686
17318,6755612996907,6755613992408,995501
17319,6755613995556,6755614992057,996501
17320,6755614995761,6755615991039,995278
17321,6755615994558,6755616991558,997000
17322,6755616995503,6755617992189,996686
17323,6755617996133,6755618993578,997445
17324,6755618997338,6755619992375,995037
17325,6755619995746,6755620991987,996241
17326,6755620995413,6755621991655,996242
17327,6755621995210,6755622991785,996575
17328,6755622995637,6755623994489,998852
17329,6755623998508,6755624998231,999723
17330,6755625002212,6755625995176,992964
17331,6755625999250,6755626996362,997112
17332,6755627000362,6755627995807,995445
17333,6755627999363,6755628998271,998908
17334,6755629001956,6755629996105,994149
17335,6755629999586,6755630992717,993131
17336,6755630996124,6755631992199,996075
17337,6755631996051,6755632995774,999723
17338,6755633000107,6755633996867,996760
17339,6755633999960,6755634995460,995500
17340,6755634999146,6755635992332,993186
17341,6755635995776,6755636993980,998204
17342,6755636998184,6755637994796,996612
17343,6755637998907,6755638992574,993667
17344,6755638997186,6755639993557,996371
17345,6755639997131,6755640992168,995037
17346,6755640996502,6755641992095,995593
17347,6755641996021,6755642993096,997075
17348,6755642997096,6755643992800,995704
17349,6755643996097,6755644995171,999074
17350,6755644999245,6755645993005,993760
17351,6755645996191,6755646992691,996500
17352,6755646996691,6755647992840,996149
17353,6755647996766,6755648996934,1000168
17354,6755649000822,6755649996397,995575
17355,6755650000268,6755650993324,993056
17356,6755650997805,6755651993621,995816
17357,6755651997658,6755652995973,998315
17358,6755652999936,6755653995196,995260
17359,6755653998345,6755654993919,995574
17360,6755654997753,6755655993476,995723
17361,6755655997142,6755656997495,1000353
17362,6755657001680,6755657996366,994686
17363,6755658000144,6755658995811,995667
17364,6755659000793,6755659997145,996352
17365,6755660001793,6755660999905,998112
17366,6755661003035,6755661998665,995630
17367,6755662002054,6755662998184,996130
17368,6755663001796,6755663997611,995815
17369,6755664001333,6755664999723,998390
17370,6755665002816,6755665996057,993241
17371,6755665999298,6755666994910,995612
17372,6755666998761,6755667992892,994131
17373,6755667996429,6755668996244,999815
17374,6755669000263,6755669996412,996149
17375,6755670000412,6755670992283,991871
17376,6755670997690,6755671994006,996316
17377,6755671998006,6755672995840,997834
17378,6755672999062,6755673996230,997168
17379,6755673999267,6755674994638,995371
17380,6755674998341,6755675993046,994705
17381,6755675997120,6755676994806,997686
17382,6755676997861,6755677993806,995945
17383,6755677997658,6755678991066,993408
17384,6755678994696,6755679990363,995667
17385,6755679994160,6755680989142,994982
17386,6755680993290,6755681990235,996945
17387,6755681994235,6755682989588,995353
17388,6755682992995,6755683987940,994945
17389,6755683991311,6755684989052,997741
17390,6755684992460,6755685987572,995112
17391,6755685991090,6755686987350,996260
17392,6755686991239,6755687985592,994353
17393,6755687989129,6755688985407,996278
17394,6755688989481,6755689982723,993242
17395,6755689985352,6755690980612,995260
17396,6755690984575,6755691981261,996686
17397,6755691985428,6755692979762,994334
17398,6755692983669,6755693980411,996742
17399,6755693983892,6755694980245,996353
17400,6755694983578,6755695978653,995075
17401,6755695983431,6755696977765,994334
17402,6755696983376,6755697978728,995352
17403,6755697983358,6755698979359,996001
17404,6755698983211,6755699976897,993686
17405,6755699982934,6755700979231,996297
17406,6755700983119,6755701980009,996890
17407,6755701983898,6755702982195,998297
17408,6755702986010,6755703984251,998241
17409,6755703988159,6755704983085,994926
17410,6755704986419,6755705982401,995982
17411,6755705985808,6755706981846,996038
17412,6755706985494,6755707981162,995668
17413,6755707984939,6755708980477,995538
17414,6755708984755,6755709980959,996204
17415,6755709984811,6755710980238,995427
17416,6755710984201,6755711979905,995704
17417,6755711983202,6755712979813,996611
17418,6755712983739,6755713979684,995945
17419,6755713983277,6755714979537,996260
17420,6755714983444,6755715979742,996298
17421,6755715983760,6755716979076,995316
17422,6755716982057,6755717977243,995186
17423,6755717982132,6755718978873,996741
17424,6755718982873,6755719979652,996779
17425,6755719982893,6755720976134,993241
17426,6755720982004,6755721978320,996316
17427,6755721982024,6755722976543,994519
17428,6755722981821,6755723979747,997926
17429,6755723983136,6755724978248,995112
17430,6755724982378,6755725979638,997260
17431,6755725983601,6755726979787,996186
17432,6755726983657,6755727979880,996223
17433,6755727983806,6755728977547,993741
17434,6755728981436,6755729977881,996445
17435,6755729981696,6755730978715,997019
17436,6755730982475,6755731976698,994223
17437,6755731981253,6755732976532,995279
17438,6755732981180,6755733976995,995815
17439,6755733980977,6755734974959,993982
17440,6755734981052,6755735976997,995945
17441,6755735981089,6755736976183,995094
17442,6755736981090,6755737977072,995982
17443,6755737981258,6755738981166,999908
17444,6755738984258,6755739980370,996112
17445,6755739983703,6755740979167,995464
17446,6755740982315,6755741978372,996057
17447,6755741982260,6755742978094,995834
17448,6755742981909,6755743979632,997723
17449,6755743983614,6755744977318,993704
17450,6755744981114,6755745976763,995649
17451,6755745980634,6755746976005,995371
17452,6755746980449,6755747976394,995945
17453,6755747980357,6755748952951,972594
17454,6755748979951,6755749946859,966908
17455,6755749985044,6755750951637,966593
17456,6755750979748,6755751946379,966631
17457,6755751984860,6755752951435,966575
17458,6755752979657,6755753947677,968020
17459,6755753984751,6755754951418,966667
17460,6755754979511,6755755946030,966519
17461,6755755984622,6755756950605,965983
17462,6755756979401,6755757946050,966649
17463,6755757984513,6755758951013,966500
17464,6755758979291,6755759945514,966223
17465,6755759984422,6755760950274,965852
17466,6755760979182,6755761945886,966704
17467,6755761984293,6755762951628,967335
17468,6755762979090,6755763947202,968112
17469,6755763984221,6755764950370,966149
17470,6755764978944,6755765945722,966778
17471,6755765984037,6755766950445,966408
17472,6755766978816,6755767945427,966611
17473,6755767983927,6755768950447,966520
17474,6755768978706,6755769943855,965149
17475,6755769983836,6755770949967,966131
17476,6755770978559,6755771944764,966205
17477,6755771983727,6755772950320,966593
17478,6755772978487,6755773945728,967241
17479,6755773983617,6755774950173,966556
17480,6755774978340,6755775944174,965834
17481,6755775983470,6755776950527,967057
17482,6755776978286,6755777944509,966223
17483,6755777983342,6755778948584,965242
17484,6755778978139,6755779944621,966482
17485,6755779983270,6755780949474,966204
17486,6755780978030,6755781944327,966297
17487,6755781983141,6755782948920,965779
17488,6755782977920,6755783945809,967889
17489,6755783983013,6755784949181,966168
17490,6755784977773,6755785944107,966334
17491,6755785982922,6755786949163,966241
17492,6755786977663,6755787942812,965149
17493,6755787982812,6755788948813,966001
17494,6755788977572,6755789944240,966668
17495,6755789982666,6755790949000,966334
17496,6755790977426,6755791943797,966371
17497,6755791982556,6755792949094,966538
17498,6755792977335,6755793944780,967445
17499,6755793982465,6755794948595,966130
17500,6755794977206,6755795943892,966686
17501,6755795982337,6755796949449,967112
17502,6755796977115,6755797943394,966279
17503,6755797982246,6755798948728,966482
17504,6755798976969,6755799943377,966408
17505,6755799982099,6755800948248,966149
17506,6755800976896,6755801943619,966723
17507,6755801981989,6755802948490,966501
17508,6755802976768,6755803943102,966334
17509,6755803981880,6755804948306,966426
17510,6755804976658,6755805941085,964427
17511,6755805981770,6755806948141,966371
17512,6755806976511,6755807943179,966668
17513,6755807981623,6755808948013,966390
17514,6755808976439,6755809942588,966149
17515,6755809981532,6755810947774,966242
17516,6755810976292,6755811942941,966649
17517,6755811981422,6755812947460,966038
17518,6755812976182,6755813943461,967279
17519,6755813981331,6755814946295,964964
17520,6755814976054,6755815942370,966316
17521,6755815981203,6755816947148,965945
17522,6755816975963,6755817942519,966556
17523,6755817981093,6755818947279,966186
17524,6755818975853,6755819942373,966520
17525,6755819980984,6755820947170,966186
17526,6755820975744,6755821941763,966019
17527,6755821980837,6755822946671,965834
17528,6755822975634,6755823941801,966167
17529,6755823980709,6755824946821,966112
17530,6755824975524,6755825941896,966372
17531,6755825980636,6755826946989,966353
17532,6755826975396,6755827941119,965723
17533,6755827980490,6755828946435,965945
17534,6755828975268,6755829941621,966353
17535,6755829980380,6755830946844,966464
17536,6755830975158,6755831940752,965594
17537,6755831980270,6755832945790,965520
17538,6755832975049,6755833942105,967056
17539,6755833980198,6755834946532,966334
17540,6755834974939,6755835941162,966223
17541,6755835980014,6755836946329,966315
17542,6755836974811,6755837941238,966427
17543,6755837979904,6755838946164,966260
17544,6755838974738,6755839939943,965205
17545,6755839979813,6755840973758,993945
17546,6755840977851,6755841969833,991982
17547,6755841975000,6755842967241,992241
17548,6755842974945,6755843970298,995353
17549,6755843975001,6755844966595,991594
17550,6755844975095,6755845969392,994297
17551,6755845974873,6755846967763,992890
17552,6755846974763,6755847968245,993482
17553,6755847974726,6755848967875,993149
17554,6755848974709,6755849969580,994871
17555,6755849974543,6755850968043,993500
17556,6755850974506,6755851967989,993483
17557,6755851974433,6755852967267,992834
17558,6755852974452,6755853967286,992834
17559,6755853974416,6755854966620,992204
17560,6755854974268,6755855968325,994057
17561,6755855974177,6755856967492,993315
17562,6755856974214,6755857966752,992538
17563,6755857974160,6755858966253,992093
17564,6755858974068,6755859967920,993852
17565,6755859974031,6755860967773,993742
17566,6755860973902,6755861967255,993353
17567,6755861973959,6755862967404,993445
17568,6755862973885,6755863966034,992149
17569,6755863973775,6755864965609,991834
17570,6755864973757,6755865971202,997445
17571,6755865974665,6755866967481,992816
17572,6755866973555,6755867967352,993797
17573,6755867973593,6755868969242,995649
17574,6755868973482,6755869968465,994983
17575,6755869973446,6755870967299,993853
17576,6755870973150,6755871966651,993501
17577,6755871973299,6755872966022,992723
17578,6755872973300,6755873966116,992816
17579,6755873973227,6755874967227,994000
17580,6755874973172,6755875964858,991686
17581,6755875972950,6755876965340,992390
17582,6755876973044,6755877966970,993926
17583,6755877972989,6755878967693,994704
17584,6755878972971,6755879966268,993297
17585,6755879972842,6755880964750,991908
17586,6755880972676,6755881965862,993186
17587,6755881972770,6755882965974,993204
17588,6755882972733,6755883965901,993168
17589,6755883972623,6755884966031,993408
17590,6755884972679,6755885964328,991649
17591,6755885972476,6755886966810,994334
17592,6755886972347,6755887965589,993242
17593,6755887972441,6755888966423,993982
17594,6755888972645,6755889963961,991316
17595,6755889972257,6755890965313,993056
17596,6755890972276,6755891964999,992723
17597,6755891971906,6755892944074,972168
17598,6755892971852,6755893938908,967056
17599,6755893976834,6755894945816,968982
17600,6755894971575,6755895938854,967279
17601,6755895976650,6755896943003,966353
17602,6755896971447,6755897938244,966797
17603,6755897976578,6755898943263,966685
17604,6755898971338,6755899937949,966611
17605,6755899976431,6755900943913,967482
17606,6755900971283,6755901938210,966927
17607,6755901976340,6755902943174,966834
17608,6755902971100,6755903937045,965945
17609,6755903976212,6755904943823,967611
17610,6755904970990,6755905937657,966667
17611,6755905976065,6755906942769,966704
17612,6755906970843,6755907937585,966742
17613,6755907975955,6755908942326,966371
17614,6755908970734,6755909937568,966834
17615,6755909975864,6755910942568,966704
17616,6755910970605,6755911937458,966853
17617,6755911975736,6755912941959,966223
17618,6755912970533,6755913937478,966945
17619,6755913975608,6755914943127,967519
17620,6755914970386,6755915937072,966686
17621,6755915975535,6755916942314,966779
17622,6755916970277,6755917937018,966741
17623,6755917975388,6755918942074,966686
17624,6755918970167,6755919936927,966760
17625,6755919975334,6755920942002,966668
17626,6755920970076,6755921936650,966574
17627,6755921975169,6755922942059,966890
17628,6755922969929,6755923936708,966779
17629,6755923975041,6755924941671,966630
17630,6755924969875,6755925936672,966797
17631,6755925974931,6755926940950,966019
17632,6755926969691,6755927936062,966371
17633,6755927974803,6755928941322,966519
17634,6755928969600,6755929936397,966797
17635,6755929974675,6755930941398,966723
17636,6755930969472,6755931936621,967149
17637,6755931974584,6755932940899,966315
17638,6755932969381,6755933936233,966852
17639,6755933974511,6755934942141,967630
17640,6755934969253,6755935935938,966685
17641,6755935974346,6755936941217,966871
17642,6755936969161,6755937935644,966483
17643,6755937974236,6755938940867,966631
17644,6755938968996,6755939935960,966964
17645,6755939974127,6755940940757,966630
17646,6755940968905,6755941935647,966742
17647,6755941974110,6755942940832,966722
17648,6755942968758,6755943935129,966371
17649,6755943973926,6755944941871,967945
17650,6755944968704,6755945935575,966871
17651,6755945973816,6755946940187,966371
17652,6755946968539,6755947935614,967075
17653,6755947973688,6755948940170,966482
17654,6755948968466,6755949935319,966853
17655,6755949973560,6755950940153,966593
17656,6755950968338,6755951935043,966705
17657,6755951973432,6755952940395,966963
17658,6755952968229,6755953934803,966574
17659,6755953973322,6755954940860,967538
17660,6755954968100,6755955935027,966927
17661,6755955973231,6755956940028,966797
17662,6755956968009,6755957935047,967038
17663,6755957973140,6755958940566,967426
17664,6755958967844,6755959934660,966816
17665,6755959973011,6755960938846,965835
17666,6755960967771,6755961934365,966594
17667,6755961972883,6755962939995,967112
17668,6755962967680,6755963934922,967242
17669,6755963972774,6755964962682,989908
17670,6755964967997,6755965962849,994852
17671,6755965967886,6755966961554,993668
17672,6755966967980,6755967963277,995297
17673,6755967967851,6755968959555,991704
17674,6755968967796,6755969961611,993815
17675,6755969967482,6755970961316,993834
17676,6755970967723,6755971962113,994390
17677,6755971967631,6755972959502,991871
17678,6755972967502,6755973960781,993279
17679,6755973967522,6755974963226,995704
17680,6755974967189,6755975959449,992260
17681,6755975967393,6755976960616,993223
17682,6755976967320,6755977960043,992723
17683,6755977967191,6755978960507,993316
17684,6755978967285,6755979959582,992297
17685,6755979967100,6755980960860,993760
17686,6755980967360,6755981959916,992556
17687,6755981967009,6755982961010,994001
17688,6755982966973,6755983959862,992889
17689,6755983966936,6755984960789,993853
17690,6755984966863,6755985959530,992667
17691,6755985966734,6755986960420,993686
17692,6755986966753,6755987960643,993890
17693,6755987966902,6755988958403,991501
17694,6755988966588,6755989959478,992890
17695,6755989966515,6755990958034,991519
17696,6755990966460,6755991959646,993186
17697,6755991966424,6755992958758,992334
17698,6755992966406,6755993959388,992982
17699,6755993966314,6755994962759,996445
17700,6755994966130,6755995956723,990593
17701,6755995966186,6755996958705,992519
17702,6755996966168,6755997959243,993075
17703,6755997966039,6755998959373,993334
17704,6755998965966,6755999957892,991926
17705,6755999965744,6756000959189,993445
17706,6756000965893,6756001959283,993390
17707,6756001965931,6756002959413,993482
17708,6756002965858,6756003959840,993982
17709,6756003965673,6756004958803,993130
17710,6756004965433,6756005958156,992723
17711,6756005965675,6756006959083,993408
17712,6756006965638,6756007959306,993668
17713,6756007965269,6756008956695,991426
17714,6756008965492,6756009959029,993537
17715,6756009965418,6756010960493,995075
17716,6756010965308,6756011958864,993556
17717,6756011965364,6756012958031,992667
17718,6756012965291,6756013959180,993889
17719,6756013965291,6756014959718,994427
17720,6756014965126,6756015958219,993093
17721,6756015965071,6756016957368,992297
17722,6756016964997,6756017957535,992538
17723,6756017965035,6756018957906,992871
17724,6756018964906,6756019956666,991760
17725,6756019964796,6756020956185,991389
17726,6756020964778,6756021958094,993316
17727,6756021964649,6756022956668,992019
17728,6756022964668,6756023958280,993612
17729,6756023964651,6756024960411,995760
17730,6756024964707,6756025956837,992130
17731,6756025964522,6756026957042,992520
17732,6756026964394,6756027955579,991185
17733,6756027964394,6756028958617,994223
17734,6756028964247,6756029958322,994075
17735,6756029964266,6756030956193,991927
17736,6756030964156,6756031957175,993019
17737,6756031964212,6756032956083,991871
17738,6756032964120,6756033957084,992964
17739,6756033964102,6756034958881,994779
17740,6756034964010,6756035957937,993927
17741,6756035963678,6756036955938,992260
17742,6756036963845,6756037956976,993131
17743,6756037963790,6756038955143,991353
17744,6756038963699,6756039957199,993500
17745,6756039963699,6756040955793,992094
17746,6756040963719,6756041957071,993352
17747,6756041963571,6756042957831,994260
17748,6756042963646,6756043956350,992704
17749,6756043963498,6756044960536,997038
17750,6756044964444,6756045957981,993537
17751,6756045963370,6756046957427,994057
17752,6756046963297,6756047955298,992001
17753,6756047963242,6756048936169,972927
17754,6756048962798,6756049929318,966520
17755,6756049967818,6756050934578,966760
17756,6756050962559,6756051929023,966464
17757,6756051967671,6756052934098,966427
17758,6756052962468,6756053929265,966797
17759,6756053967561,6756054935284,967723
17760,6756054962340,6756055928526,966186
17761,6756055967489,6756056933563,966074
17762,6756056962212,6756057928694,966482
17763,6756057967361,6756058933620,966259
17764,6756058962102,6756059928714,966612
17765,6756059967214,6756060933381,966167
17766,6756060961974,6756061928363,966389
17767,6756061967086,6756062933031,965945
17768,6756062961864,6756063928476,966612
17769,6756063967032,6756064934680,967648
17770,6756064961792,6756065928200,966408
17771,6756065966922,6756066933404,966482
17772,6756066961645,6756067927942,966297
17773,6756067966757,6756068933165,966408
17774,6756068961554,6756069927999,966445
17775,6756069966647,6756070933018,966371
17776,6756070961407,6756071927556,966149
17777,6756071966556,6756072932501,965945
17778,6756072961297,6756073927502,966205
17779,6756073966465,6756074933965,967500
17780,6756074961206,6756075927596,966390
17781,6756075966318,6756076932504,966186
17782,6756076961115,6756077927301,966186
17783,6756077966227,6756078932728,966501
17784,6756078960950,6756079927376,966426
17785,6756079966099,6756080932414,966315
17786,6756080960896,6756081927619,966723
17787,6756081965989,6756082932768,966779
17788,6756082960731,6756083926898,966167
17789,6756083965824,6756084932399,966575
17790,6756084960621,6756085926955,966334
17791,6756085965751,6756086932382,966631
17792,6756086960474,6756087926308,965834
17793,6756087965605,6756088931846,966241
17794,6756088960402,6756089927013,966611
17795,6756089965513,6756090931996,966483
17796,6756090960255,6756091926793,966538
17797,6756091965385,6756092931182,965797
17798,6756092960182,6756093926720,966538
17799,6756093965294,6756094932832,967538
17800,6756094960073,6756095926499,966426
17801,6756095965166,6756096931148,965982
17802,6756096959944,6756097926649,966705
17803,6756097965093,6756098931427,966334
17804,6756098959816,6756099926317,966501
17805,6756099964928,6756100931058,966130
17806,6756100959744,6756101926078,966334
17807,6756101964837,6756102931301,966464
17808,6756102959578,6756103926079,966501
17809,6756103964727,6756104932024,967297
17810,6756104959487,6756105925932,966445
17811,6756105964618,6756106930915,966297
17812,6756106959378,6756107925323,965945
17813,6756107964489,6756108930842,966353
17814,6756108959268,6756109925769,966501
17815,6756109964398,6756110930936,966538
17816,6756110959103,6756111925178,966075
17817,6756111964252,6756112930826,966574
17818,6756112959049,6756113925864,966815
17819,6756113964160,6756114931365,967205
17820,6756114958865,6756115925495,966630
17821,6756115964014,6756116930329,966315
17822,6756116958792,6756117925089,966297
17823,6756117963941,6756118930460,966519
17824,6756118958683,6756119925220,966537
17825,6756119963794,6756120929906,966112
17826,6756120958554,6756121925037,966483
17827,6756121963666,6756122929760,966094
17828,6756122958426,6756123924983,966557
17829,6756123963557,6756124937594,974037
17830,6756124958354,6756125924743,966389
17831,6756125963503,6756126929133,965630
17832,6756126958188,6756127924819,966631
17833,6756127963337,6756128929449,966112
17834,6756128958116,6756129924246,966130
17835,6756129963228,6756130929562,966334
17836,6756130957988,6756131924451,966463
17837,6756131963081,6756132929285,966204
17838,6756132957878,6756133924323,966445
17839,6756133963008,6756134930324,967316
17840,6756134957768,6756135924954,967186
17841,6756135962862,6756136929196,966334
17842,6756136957640,6756137923826,966186
17843,6756137962789,6756138929290,966501
17844,6756138957493,6756139923827,966334
17845,6756139962624,6756140929254,966630
17846,6756140957439,6756141924107,966668
17847,6756141962570,6756142929052,966482
17848,6756142957293,6756143923534,966241
17849,6756143962405,6756144928646,966241
17850,6756144957183,6756145923869,966686
17851,6756145962313,6756146928666,966353
17852,6756146957092,6756147923426,966334
17853,6756147962185,6756148928297,966112
17854,6756148956964,6756149923001,966037
17855,6756149962076,6756150928576,966500
17856,6756150956817,6756151923540,966723
17857,6756151961947,6756152928874,966927
17858,6756152956744,6756153923319,966575
17859,6756153961838,6756154927838,966000
17860,6756154956616,6756155922895,966279
17861,6756155961728,6756156927340,965612
17862,6756156956525,6756157922970,966445
17863,6756157961637,6756158926952,965315
17864,6756158956378,6756159922694,966316
17865,6756159961453,6756160926639,965186
17866,6756160956287,6756161923103,966816
17867,6756161961381,6756162926566,965185
17868,6756162956122,6756163923363,967241
17869,6756163961271,6756164927846,966575
17870,6756164956049,6756165922865,966816
17871,6756165961143,6756166927384,966241
17872,6756166955903,6756167922052,966149
17873,6756167961033,6756168927404,966371
17874,6756168955793,6756169922257,966464
17875,6756169960942,6756170927332,966390
17876,6756170955683,6756171921962,966279
17877,6756171960795,6756172926222,965427
17878,6756172955574,6756173922056,966482
17879,6756173960704,6756174927131,966427
17880,6756174955483,6756175921668,966185
17881,6756175960557,6756176925928,965371
17882,6756176955336,6756177921263,965927
17883,6756177960466,6756178925597,965131
17884,6756178955226,6756179921190,965964
17885,6756179960338,6756180925654,965316
17886,6756180955135,6756181921617,966482
17887,6756181960247,6756182926174,965927
17888,6756182954988,6756183921359,966371
17889,6756183960137,6756184925879,965742
17890,6756184954897,6756185921472,966575
17891,6756185960009,6756186926454,966445
17892,6756186954769,6756187920992,966223
17893,6756187959881,6756188926233,966352
17894,6756188954678,6756189921308,966630
17895,6756189959827,6756190926050,966223
17896,6756190954531,6756191920939,966408
17897,6756191959662,6756192926236,966574
17898,6756192954440,6756193920996,966556
17899,6756193959533,6756194929164,969631
17900,6756194954312,6756195921331,967019
17901,6756195959479,6756196925980,966501
17902,6756196954202,6756197920999,966797
17903,6756197959314,6756198925944,966630
17904,6756198954074,6756199920667,966593
17905,6756199959204,6756200925798,966594
17906,6756200954001,6756201920539,966538
17907,6756201959058,6756202924447,965389
17908,6756202960410,6756203926800,966390
17909,6756203953781,6756204920227,966446
17910,6756204958930,6756205925153,966223
17911,6756205953727,6756206920024,966297
17912,6756206958802,6756207925062,966260
17913,6756207953544,6756208919804,966260
17914,6756208958674,6756209925230,966556
17915,6756209953471,6756210919990,966519
17916,6756210958583,6756211925139,966556
17917,6756211953343,6756212918844,965501
17918,6756212958529,6756213925122,966593
17919,6756213953215,6756214919678,966463
17920,6756214958345,6756215924790,966445
17921,6756215953124,6756216944846,991722
17922,6756216953532,6756217945810,992278
17923,6756217953829,6756218945015,991186
17924,6756218953255,6756219946071,992816
17925,6756219953330,6756220944886,991556
17926,6756220953275,6756221945313,992038
17927,6756221953295,6756222944555,991260
17928,6756222953258,6756223945740,992482
17929,6756223953166,6756224947852,994686
17930,6756224953130,6756225944834,991704
17931,6756225953001,6756226944280,991279
17932,6756226953039,6756227945188,992149
17933,6756227952891,6756228946966,994075
17934,6756228952837,6756229944560,991723
17935,6756229952819,6756230944597,991778
17936,6756230952764,6756231944765,992001
17937,6756231952783,6756232944691,991908
17938,6756232952691,6756233945748,993057
17939,6756233952581,6756234942397,989816
17940,6756234952545,6756235945175,992630
17941,6756235952490,6756236943528,991038
17942,6756236952454,6756237943695,991241
17943,6756237952343,6756238943677,991334
17944,6756238952381,6756239944067,991686
17945,6756239952104,6756240944308,992204
17946,6756240952142,6756241944124,991982
17947,6756241952161,6756242944069,991908
17948,6756242952125,6756243944051,991926
17949,6756243951977,6756244944163,992186
17950,6756244952071,6756245948164,996093
17951,6756245951923,6756246942850,990927
17952,6756246951868,6756247943591,991723
17953,6756247951925,6756248944722,992797
17954,6756248951666,6756249943759,992093
17955,6756249951759,6756250942927,991168
17956,6756250951353,6756251943187,991834
17957,6756251951631,6756252943187,991556
17958,6756252951613,6756253946096,994483
17959,6756253951373,6756254943170,991797
17960,6756254951467,6756255943986,992519
17961,6756255951097,6756256941616,990519
17962,6756256951283,6756257943228,991945
17963,6756257951487,6756258945766,994279
17964,6756258951081,6756259943304,992223
17965,6756259951100,6756260942156,991056
17966,6756260950860,6756261942620,991760
17967,6756261951027,6756262944158,993131
17968,6756262950861,6756263942732,991871
17969,6756263951010,6756264942085,991075
17970,6756264950789,6756265943456,992667
17971,6756265950715,6756266944827,994112
17972,6756266950642,6756267942124,991482
17973,6756267950680,6756268943736,993056
17974,6756268950532,6756269942311,991779
17975,6756269950496,6756270942904,992408
17976,6756270950793,6756271943109,992316
17977,6756271950423,6756272942035,991612
17978,6756272950406,6756273941980,991574
17979,6756273950277,6756274941926,991649
17980,6756274950166,6756275942130,991964
17981,6756275950334,6756276942168,991834
17982,6756276950075,6756277941298,991223
17983,6756277950132,6756278944429,994297
17984,6756278949929,6756279941781,991852
17985,6756279949911,6756280940060,990149
17986,6756280949930,6756281942171,992241
17987,6756281949931,6756282942913,992982
17988,6756282949728,6756283942247,992519
17989,6756283949710,6756284940711,991001
17990,6756284949637,6756285946786,997149
17991,6756285950637,6756286942731,992094
17992,6756286949490,6756287941231,991741
17993,6756287949583,6756288940751,991168
17994,6756288949510,6756289942640,993130
17995,6756289949288,6756290940622,991334
17996,6756290949271,6756291941457,992186
17997,6756291949234,6756292943013,993779
17998,6756292949217,6756293942828,993611
17999,6756293949088,6756294940885,991797
18000,6756294949125,6756295945700,996575
18001,6756295949515,6756296941942,992427
18002,6756296948979,6756297939961,990982
18003,6756297948979,6756298943313,994334
18004,6756298948795,6756299942740,993945
18005,6756299948777,6756300940167,991390
18006,6756300948796,6756301941038,992242
18007,6756301948686,6756302940483,991797
18008,6756302948705,6756303942706,994001
18009,6756303948484,6756304940447,991963
18010,6756304948485,6756305940578,992093
18011,6756305948504,6756306940542,992038
18012,6756306948430,6756307940246,991816
18013,6756307948413,6756308942210,993797
18014,6756308948043,6756309939081,991038
18015,6756309948266,6756310940507,992241
18016,6756310948174,6756311940434,992260
18017,6756311948416,6756312941490,993074
18018,6756312948064,6756313939602,991538
18019,6756313947732,6756314939603,991871
18020,6756314947955,6756315940493,992538
18021,6756315948030,6756316939975,991945
18022,6756316947919,6756317941753,993834
18023,6756317947735,6756318939309,991574
18024,6756318947513,6756319938792,991279
18025,6756319947699,6756320919385,971686
18026,6756320947255,6756321913460,966205
18027,6756321952238,6756322919053,966815
18028,6756322947016,6756323913628,966612
18029,6756323952165,6756324918925,966760
18030,6756324946869,6756325914944,968075
18031,6756325952037,6756326918889,966852
18032,6756326946797,6756327913742,966945
18033,6756327951872,6756328918261,966389
18034,6756328946650,6756329913299,966649
18035,6756329951780,6756330918318,966538
18036,6756330946522,6756331912615,966093
18037,6756331951652,6756332917783,966131
18038,6756332946449,6756333912394,965945
18039,6756333951580,6756334917969,966389
18040,6756334946284,6756335913822,967538
18041,6756335951451,6756336917804,966353
18042,6756336946211,6756337912916,966705
18043,6756337951342,6756338917843,966501
18044,6756338946083,6756339912714,966631
18045,6756339951214,6756340917714,966500
18046,6756340945992,6756341911863,965871
18047,6756341951104,6756342917308,966204
18048,6756342945864,6756343911846,965982
18049,6756343950994,6756344917051,966057
18050,6756344945754,6756345913070,967316
18051,6756345950885,6756346916626,965741
18052,6756346945626,6756347911553,965927
18053,6756347950738,6756348895794,945056
18054,6756348950739,6756349917276,966537
18055,6756349945443,6756350911759,966316
18056,6756350950574,6756351916889,966315
18057,6756351945315,6756352911612,966297
18058,6756352950445,6756353917113,966668
18059,6756353945224,6756354911095,965871
18060,6756354950317,6756355917429,967112
18061,6756355945151,6756356911245,966094
18062,6756356950245,6756357916782,966537
18063,6756357944986,6756358911487,966501
18064,6756358950153,6756359916191,966038
18065,6756359944858,6756360911081,966223
18066,6756360949988,6756361916396,966408
18067,6756361944785,6756362911027,966242
18068,6756362949860,6756363916601,966741
18069,6756363944620,6756364910917,966297
18070,6756364949787,6756365917547,967760
18071,6756365944566,6756366910715,966149
18072,6756366949659,6756367915567,965908
18073,6756367944419,6756368910512,966093
18074,6756368949550,6756369914772,965222
18075,6756369944310,6756370910532,966222
18076,6756370949440,6756371915644,966204
18077,6756371944181,6756372910552,966371
18078,6756372949330,6756373915553,966223
18079,6756373944072,6756374910406,966334
18080,6756374949202,6756375914925,965723
18081,6756375943981,6756376909963,965982
18082,6756376949092,6756377913926,964834
18083,6756377943834,6756378909946,966112
18084,6756378948964,6756379915317,966353
18085,6756379943743,6756380909855,966112
18086,6756380948855,6756381914059,965204
18087,6756381943633,6756382909986,966353
18088,6756382948726,6756383915227,966501
18089,6756383943523,6756384909469,965946
18090,6756384948654,6756385915025,966371
18091,6756385943414,6756386909618,966204
18092,6756386948544,6756387913156,964612
18093,6756387943286,6756388909120,965834
18094,6756388948434,6756389914991,966557
18095,6756389943157,6756390909399,966242
18096,6756390948269,6756391913751,965482
18097,6756391943029,6756392909456,966427
18098,6756392948160,6756393914605,966445
18099,6756393942938,6756394909198,966260
18100,6756394948068,6756395914643,966575
18101,6756395942810,6756396908774,965964
18102,6756396947940,6756397913219,965279
18103,6756397942682,6756398908960,966278
18104,6756398947812,6756399912998,965186
18105,6756399942609,6756400907999,965390
18106,6756400947721,6756401914111,966390
18107,6756401942462,6756402908537,966075
18108,6756402947593,6756403912575,964982
18109,6756403942371,6756404911372,969001
18110,6756404947928,6756405915484,967556
18111,6756405942262,6756406908707,966445
18112,6756406947392,6756407912763,965371
18113,6756407942152,6756408908616,966464
18114,6756408947319,6756409913857,966538
18115,6756409942079,6756410908321,966242
18116,6756410947136,6756411911951,964815
18117,6756411941933,6756412907804,965871
18118,6756412947063,6756413913601,966538
18119,6756413941804,6756414908453,966649
18120,6756414946935,6756415914102,967167
18121,6756415941713,6756416907973,966260
18122,6756416946807,6756417912289,965482
18123,6756417941548,6756418908049,966501
18124,6756418946697,6756419912198,965501
18125,6756419941438,6756420908069,966631
18126,6756420946569,6756421911958,965389
18127,6756421941347,6756422907422,966075
18128,6756422946441,6756423911997,965556
18129,6756423941219,6756424907887,966668
18130,6756424946350,6756425912980,966630
18131,6756425941110,6756426907536,966426
18132,6756426946258,6756427911592,965334
18133,6756427941018,6756428907445,966427
18134,6756428946130,6756429911205,965075
18135,6756429940909,6756430907206,966297
18136,6756430946021,6756431911058,965037
18137,6756431940762,6756432907966,967204
18138,6756432945892,6756433911763,965871
18139,6756433940652,6756434906598,965946
18140,6756434945820,6756435911895,966075
18141,6756435940580,6756436907655,967075
18142,6756436945655,6756437910248,964593
18143,6756437947340,6756438913934,966594
18144,6756438940360,6756439906694,966334
18145,6756439945490,6756440911787,966297
18146,6756440940250,6756441906751,966501
18147,6756441945380,6756442911770,966390
18148,6756442940122,6756443906678,966556
18149,6756443945289,6756444912438,967149
18150,6756444940346,6756445909050,968704
18151,6756445945198,6756446911069,965871
18152,6756446939921,6756447906163,966242
18153,6756447945070,6756448911460,966390
18154,6756448939811,6756449905942,966131
18155,6756449944942,6756450911683,966741
18156,6756450939665,6756451905943,966278
18157,6756451944814,6756452911222,966408
18158,6756452939555,6756453906148,966593
18159,6756453944685,6756454911038,966353
18160,6756454939464,6756455906928,967464
18161,6756455944613,6756456910928,966315
18162,6756456939336,6756457905818,966482
18163,6756457944466,6756458911078,966612
18164,6756458939263,6756459905375,966112
18165,6756459944375,6756460910542,966167
18166,6756460939116,6756461905988,966872
18167,6756461944228,6756462910840,966612
18168,6756462939007,6756463904952,965945
18169,6756463944137,6756464910230,966093
18170,6756464938879,6756465906083,967204
18171,6756465944027,6756466910510,966483
18172,6756466938750,6756467904899,966149
18173,6756467943881,6756468940326,996445
18174,6756468943252,6756469934808,991556
18175,6756469939123,6756470934735,995612
18176,6756470939013,6756471932087,993074
18177,6756471938958,6756472932533,993575
18178,6756472938884,6756473932959,994075
18179,6756473938811,6756474930367,991556
18180,6756474938756,6756475932924,994168
18181,6756475938738,6756476933980,995242
18182,6756476938665,6756477929684,991019
18183,6756477938610,6756478930481,991871
18184,6756478938574,6756479930612,992038
18185,6756479938538,6756480930187,991649
18186,6756480938427,6756481931002,992575
18187,6756481938447,6756482930281,991834
18188,6756482938355,6756483933429,995074
18189,6756483938689,6756484930930,992241
18190,6756484938245,6756485931449,993204
18191,6756485938227,6756486931432,993205
18192,6756486938135,6756487930192,992057
18193,6756487938062,6756488931359,993297
18194,6756488937989,6756489930212,992223
18195,6756489937934,6756490929749,991815
18196,6756490938064,6756491929287,991223
18197,6756491937880,6756492930325,992445
18198,6756492937806,6756493929492,991686
18199,6756493937677,6756494929012,991335
18200,6756494937678,6756495932827,995149
18201,6756495937568,6756496929698,992130
18202,6756496937476,6756497929995,992519
18203,6756497937551,6756498929496,991945
18204,6756498937440,6756499930034,992594
18205,6756499937386,6756500930960,993574
18206,6756500937331,6756501929109,991778
18207,6756501937257,6756502928869,991612
18208,6756502937221,6756503929000,991779
18209,6756503937407,6756504930371,992964
18210,6756504937056,6756505930001,992945
18211,6756505937131,6756506929150,992019
18212,6756506937057,6756507929910,992853
18213,6756507936873,6756508931003,994130
18214,6756508936799,6756509929152,992353
18215,6756509936893,6756510929023,992130
18216,6756510936782,6756511928654,991872
18217,6756511936709,6756512931358,994649
18218,6756512936710,6756513928766,992056
18219,6756513936636,6756514929452,992816
18220,6756514936582,6756515929193,992611
18221,6756515936527,6756516932342,995815
18222,6756516937324,6756517927176,989852
18223,6756517936325,6756518930362,994037
18224,6756518936214,6756519928252,992038
18225,6756519936122,6756520929234,993112
18226,6756520936290,6756521927179,990889
18227,6756521936161,6756522927569,991408
18228,6756522936087,6756523926570,990483
18229,6756523935959,6756524929941,993982
18230,6756524935941,6756525929238,993297
18231,6756525935941,6756526927757,991816
18232,6756526935776,6756527927424,991648
18233,6756527935758,6756528932833,997075
18234,6756528937814,6756529928278,990464
18235,6756529935593,6756530926704,991111
18236,6756530935741,6756531926668,990927
18237,6756531935538,6756532929298,993760
18238,6756532935484,6756533925355,989871
18239,6756533935355,6756534926152,990797
18240,6756534935448,6756535929930,994482
18241,6756535935319,6756536928801,993482
18242,6756536935153,6756537925913,990760
18243,6756537935154,6756538926803,991649
18244,6756538935155,6756539927192,992037
18245,6756539935174,6756540929434,994260
18246,6756540935026,6756541927249,992223
18247,6756541934972,6756542926454,991482
18248,6756542934880,6756543926418,991538
18249,6756543934899,6756544928455,993556
18250,6756544934789,6756545929197,994408
18251,6756545934715,6756546927568,992853
18252,6756546934697,6756547927457,992760
18253,6756547934624,6756548930088,995464
18254,6756548934606,6756549927626,993020
18255,6756549934551,6756550927200,992649
18256,6756550934460,6756551927571,993111
18257,6756551934460,6756552929517,995057
18258,6756552934368,6756553928073,993705
18259,6756553934536,6756554927777,993241
18260,6756554934074,6756555928667,994593
18261,6756555934148,6756556930260,996112
18262,6756556934334,6756557927428,993094
18263,6756557934039,6756558927354,993315
18264,6756558933891,6756559928244,994353
18265,6756559933948,6756560929263,995315
18266,6756560933800,6756561927060,993260
18267,6756561933745,6756562928431,994686
18268,6756562933691,6756563926858,993167
18269,6756563933636,6756564929729,996093
18270,6756564933674,6756565928767,995093
18271,6756565933322,6756566924749,991427
18272,6756566933601,6756567927991,994390
18273,6756567933453,6756568927510,994057
18274,6756568933362,6756569926344,992982
18275,6756569933325,6756570925270,991945
18276,6756570933270,6756571927197,993927
18277,6756571933234,6756572930531,997297
18278,6756572933013,6756573927106,994093
18279,6756573933217,6756574927088,993871
18280,6756574933236,6756575927144,993908
18281,6756575932719,6756576928127,995408
18282,6756576932979,6756577923331,990352
18283,6756577932868,6756578925499,992631
18284,6756578932869,6756579926184,993315
18285,6756579932796,6756580928444,995648
18286,6756580932685,6756581925741,993056
18287,6756581932630,6756582924779,992149
18288,6756582932650,6756583923021,990371
18289,6756583932539,6756584927836,995297
18290,6756584932521,6756585926318,993797
18291,6756585932411,6756586923690,991279
18292,6756586932338,6756587925246,992908
18293,6756587932375,6756588929876,997501
18294,6756588933024,6756589926914,993890
18295,6756589932210,6756590924415,992205
18296,6756590932137,6756591925619,993482
18297,6756591932064,6756592927472,995408
18298,6756592932212,6756593924954,992742
18299,6756593931806,6756594924881,993075
18300,6756594931918,6756595924826,992908
18301,6756595931826,6756596927752,995926
18302,6756596931734,6756597924198,992464
18303,6756597931790,6756598925661,993871
18304,6756598931717,6756599925699,993982
18305,6756599931958,6756600927200,995242
18306,6756600931589,6756601925497,993908
18307,6756601931552,6756602924794,993242
18308,6756602931534,6756603924591,993057
18309,6756603931369,6756604926795,995426
18310,6756604931369,6756605927296,995927
18311,6756605931203,6756606924926,993723
18312,6756606931167,6756607924020,992853
18313,6756607931260,6756608926705,995445
18314,6756608931113,6756609923521,992408
18315,6756609931077,6756610923540,992463
18316,6756610931040,6756611925374,994334
18317,6756611930985,6756612925782,994797
18318,6756612930931,6756613924487,993556
18319,6756613930857,6756614924006,993149
18320,6756614930802,6756615923340,992538
18321,6756615930692,6756616926674,995982
18322,6756616930656,6756617924527,993871
18323,6756617930619,6756618924324,993705
18324,6756618930546,6756619924362,993816
18325,6756619930528,6756620924973,994445
18326,6756620930418,6756621923233,992815
18327,6756621930474,6756622923642,993168
18328,6756622930327,6756623923624,993297
18329,6756623930216,6756624925273,995057
18330,6756624930310,6756625923236,992926
18331,6756625930218,6756626923182,992964
18332,6756626929867,6756627923034,993167
18333,6756627930053,6756628924998,994945
18334,6756628929998,6756629922165,992167
18335,6756629929906,6756630922833,992927
18336,6756630929907,6756631922537,992630
18337,6756631929611,6756632922816,993205
18338,6756632929686,6756633922909,993223
18339,6756633929650,6756634922150,992500
18340,6756634929724,6756635923873,994149
18341,6756635929633,6756636926467,996834
18342,6756636930541,6756637923282,992741
18343,6756637929541,6756638922542,993001
18344,6756638929505,6756639921543,992038
18345,6756639929339,6756640924562,995223
18346,6756640929284,6756641922378,993094
18347,6756641929229,6756642921341,992112
18348,6756642928971,6756643920916,991945
18349,6756643929157,6756644924084,994927
18350,6756644929065,6756645922714,993649
18351,6756645928992,6756646924011,995019
18352,6756646928900,6756647921586,992686
18353,6756647928956,6756648926809,997853
18354,6756648931049,6756649923346,992297
18355,6756649928717,6756650921551,992834
18356,6756650928773,6756651921607,992834
18357,6756651928589,6756652927775,999186
18358,6756652931219,6756653923831,992612
18359,6756653928609,6756654923517,994908
18360,6756654928572,6756655920740,992168
18361,6756655928425,6756656928166,999741
18362,6756656932537,6756657924426,991889
18363,6756657928260,6756658921575,993315
18364,6756658928260,6756659921002,992742
18365,6756659928150,6756660923151,995001
18366,6756660928151,6756661920577,992426
18367,6756661928040,6756662918708,990668
18368,6756662928023,6756663921283,993260
18369,6756663927986,6756664923617,995631
18370,6756664927913,6756665922210,994297
18371,6756665927877,6756666922081,994204
18372,6756666927803,6756667921452,993649
18373,6756667927730,6756668924416,996686
18374,6756668927786,6756669920657,992871
18375,6756669927620,6756670920769,993149
18376,6756670927528,6756671919862,992334
18377,6756671927474,6756672921141,993667
18378,6756672927437,6756673920642,993205
18379,6756673927438,6756674920031,992593
18380,6756674927383,6756675921513,994130
18381,6756675927310,6756676922125,994815
18382,6756676927255,6756677917959,990704
18383,6756677927219,6756678920053,992834
18384,6756678927145,6756679920239,993094
18385,6756679927072,6756680918813,991741
18386,6756680926999,6756681920240,993241
18387,6756681926925,6756682920056,993131
18388,6756682926852,6756683921649,994797
18389,6756683926797,6756684903001,976204
18390,6756684926464,6756685893039,966575
18391,6756685931465,6756686900021,968556
18392,6756686926207,6756687893133,966926
18393,6756687931356,6756688897893,966537
18394,6756688926097,6756689892394,966297
18395,6756689931227,6756690897413,966186
18396,6756690925969,6756691892710,966741
18397,6756691931099,6756692897507,966408
18398,6756692925878,6756693892119,966241
18399,6756693931027,6756694896842,965815
18400,6756694925731,6756695892398,966667
18401,6756695930880,6756696898066,967186
18402,6756696925621,6756697895178,969557
18403,6756697931085,6756698895752,964667
18404,6756698925456,6756699891957,966501
18405,6756699930624,6756700901661,971037
18406,6756700925513,6756701892310,966797
18407,6756701930532,6756702895755,965223
18408,6756702925292,6756703891867,966575
18409,6756703930441,6756704897016,966575
18410,6756704925201,6756705891276,966075
18411,6756705930276,6756706896925,966649
18412,6756706925055,6756707891777,966722
18413,6756707930222,6756708895334,965112
18414,6756708924926,6756709891501,966575
18415,6756709930057,6756710895780,965723
18416,6756710924854,6756711891503,966649
18417,6756711929984,6756712895355,965371
18418,6756712924726,6756713891263,966537
18419,6756713929856,6756714895301,965445
18420,6756714924597,6756715891024,966427
18421,6756715929709,6756716896006,966297
18422,6756716924506,6756717891229,966723
18423,6756717929581,6756718894730,965149
18424,6756718924360,6756719890990,966630
18425,6756719929508,6756720895194,965686
18426,6756720924287,6756721891047,966760
18427,6756721929380,6756722894825,965445
18428,6756722924140,6756723890956,966816
18429,6756723929271,6756724895031,965760
18430,6756724924031,6756725890883,966852
18431,6756725929161,6756726895495,966334
18432,6756726923902,6756727890533,966631
18433,6756727929014,6756728894404,965390
18434,6756728923756,6756729890719,966963
18435,6756729928886,6756730894313,965427
18436,6756730923646,6756731890202,966556
18437,6756731928758,6756732893962,965204
18438,6756732923536,6756733890222,966686
18439,6756733928667,6756734894371,965704
18440,6756734923408,6756735889909,966501
18441,6756735928539,6756736893539,965000
18442,6756736923317,6756737889651,966334
18443,6756737928429,6756738893800,965371
18444,6756738923207,6756739889282,966075
18445,6756739928301,6756740894024,965723
18446,6756740923135,6756741889413,966278
18447,6756741928191,6756742893618,965427
18448,6756742922970,6756743889304,966334
18449,6756743928081,6756744894638,966557
18450,6756744922860,6756745889490,966630
18451,6756745927972,6756746893954,965982
18452,6756746922769,6756747888955,966186
18453,6756747927862,6756748892807,964945
18454,6756748922641,6756749889308,966667
18455,6756749927715,6756750893938,966223
18456,6756750922475,6756751888809,966334
18457,6756751927624,6756752893310,965686
18458,6756752922403,6756753888533,966130
18459,6756753927496,6756754892238,964742
18460,6756754922293,6756755888757,966464
18461,6756755927405,6756756894350,966945
18462,6756756922183,6756757888906,966723
18463,6756757927277,6756758892740,965463
18464,6756758922018,6756759888241,966223
18465,6756759927149,6756760893446,966297
18466,6756760921927,6756761888446,966519
18467,6756761927057,6756762892521,965464
18468,6756762921799,6756763888892,967093
18469,6756763926948,6756764892689,965741
18470,6756764921726,6756765887820,966094
18471,6756765926838,6756766893876,967038
18472,6756766921598,6756767888210,966612
18473,6756767926710,6756768892896,966186
18474,6756768921470,6756769887656,966186
18475,6756769926600,6756770892694,966094
18476,6756770921360,6756771887768,966408
18477,6756771926472,6756772891917,965445
18478,6756772921251,6756773887585,966334
18479,6756773926381,6756774891641,965260
18480,6756774921141,6756775887790,966649
18481,6756775926234,6756776892624,966390
18482,6756776921087,6756777886865,965778
18483,6756777926125,6756778891811,965686
18484,6756778920903,6756779887052,966149
18485,6756779926052,6756780891701,965649
18486,6756780920794,6756781887294,966500
18487,6756781925924,6756782892462,966538
18488,6756782920665,6756783887092,966427
18489,6756783925777,6756784891870,966093
18490,6756784920556,6756785887260,966704
18491,6756785925705,6756786893372,967667
18492,6756786920409,6756787887021,966612
18493,6756787925539,6756788891484,965945
18494,6756788920373,6756789886837,966464
18495,6756789925467,6756790890930,965463
18496,6756790920227,6756791886542,966315
18497,6756791925320,6756792890210,964890
18498,6756792920136,6756793886266,966130
18499,6756793925266,6756794890378,965112
18500,6756794919970,6756795886564,966594
18501,6756795925138,6756796894175,969037
18502,6756796919916,6756797887454,967538
18503,6756797925010,6756798892677,967667
18504,6756798919751,6756799886641,966890
18505,6756799924918,6756800892234,967316
18506,6756800919678,6756801886642,966964
18507,6756801924790,6756802890698,965908
18508,6756802919513,6756803885792,966279
18509,6756803924681,6756804891274,966593
18510,6756804919441,6756805886238,966797
18511,6756805924552,6756806891072,966520
18512,6756806919312,6756807885683,966371
18513,6756807924461,6756808890592,966131
18514,6756808919203,6756809885611,966408
18515,6756809924333,6756810890908,966575
18516,6756810919075,6756811885057,965982
18517,6756811924205,6756812890076,965871
18518,6756812918983,6756813885966,966983
18519,6756813924114,6756814890670,966556
18520,6756814918855,6756815884689,965834
18521,6756815923986,6756816891042,967056
18522,6756816918746,6756817885080,966334
18523,6756817923839,6756818890043,966204
18524,6756818918617,6756819885192,966575
18525,6756819923766,6756820889600,965834
18526,6756820918508,6756821885120,966612
18527,6756821923638,6756822889991,966353
18528,6756822918417,6756823884436,966019
18529,6756823923547,6756824889677,966130
18530,6756824918288,6756825884974,966686
18531,6756825923400,6756826890882,967482
18532,6756826918179,6756827884531,966352
18533,6756827923254,6756828889273,966019
18534,6756828918106,6756829884348,966242
18535,6756829923199,6756830888737,965538
18536,6756830917904,6756831884238,966334
18537,6756831923053,6756832890035,966982
18538,6756832917868,6756833884276,966408
18539,6756833922925,6756834888907,965982
18540,6756834917685,6756835884278,966593
18541,6756835922815,6756836889575,966760
18542,6756836917575,6756837883613,966038
18543,6756837922742,6756838888150,965408
18544,6756838917484,6756839883410,965926
18545,6756839922614,6756840897356,974742
18546,6756840917670,6756841884838,967168
18547,6756841922523,6756842888135,965612
18548,6756842917283,6756843903580,986297
18549,6756843917673,6756844909099,991426
18550,6756844917655,6756845909804,992149
18551,6756845917470,6756846910638,993168
18552,6756846917490,6756847909583,992093
18553,6756847917509,6756848910824,993315
18554,6756848917436,6756849910010,992574
18555,6756849917270,6756850908696,991426
18556,6756850917233,6756851909308,992075
18557,6756851917215,6756852907846,990631
18558,6756852917161,6756853909272,992111
18559,6756853917106,6756854909940,992834
18560,6756854917051,6756855908459,991408
18561,6756855916941,6756856908071,991130
18562,6756856916941,6756857909146,992205
18563,6756857916868,6756858909758,992890
18564,6756858916850,6756859908444,991594
18565,6756859916832,6756860908889,992057
18566,6756860916741,6756861909223,992482
18567,6756861916649,6756862908575,991926
18568,6756862916575,6756863908243,991668
18569,6756863916558,6756864906262,989704
18570,6756864916466,6756865908966,992500
18571,6756865916226,6756866908597,992371
18572,6756866916319,6756867908079,991760
18573,6756867916264,6756868908209,991945
18574,6756868916209,6756869909654,993445
18575,6756869916136,6756870907618,991482
18576,6756870916044,6756871908137,992093
18577,6756871916119,6756872906786,990667
18578,6756872916120,6756873907806,991686
18579,6756873915972,6756874908288,992316
18580,6756874916084,6756875907807,991723
18581,6756875915788,6756876906974,991186
18582,6756876915919,6756877907808,991889
18583,6756877915679,6756878906791,991112
18584,6756878915698,6756879905514,989816
18585,6756879915606,6756880906922,991316
18586,6756880915551,6756881906867,991316
18587,6756881915626,6756882907534,991908
18588,6756882915645,6756883908683,993038
18589,6756883915331,6756884906054,990723
18590,6756884915277,6756885906592,991315
18591,6756885915259,6756886909019,993760
18592,6756886915222,6756887906482,991260
18593,6756887915149,6756888905446,990297
18594,6756888915057,6756889905762,990705
18595,6756889915002,6756890908207,993205
18596,6756890914985,6756891906633,991648
18597,6756891914930,6756892905319,990389
18598,6756892914819,6756893906339,991520
18599,6756893914839,6756894906895,992056
18600,6756894914765,6756895905470,990705
18601,6756895914692,6756896906656,991964
18602,6756896914785,6756897906823,992038
18603,6756897914638,6756898906157,991519
18604,6756898914527,6756899904695,990168
18605,6756899914399,6756900905862,991463
18606,6756900914344,6756901906993,992649
18607,6756901914400,6756902906086,991686
18608,6756902914345,6756903905716,991371
18609,6756903914216,6756904907087,992871
18610,6756904914124,6756905905570,991446
18611,6756905914107,6756906908848,994741
18612,6756906913774,6756907905015,991241
18613,6756907914071,6756908889627,975556
18614,6756908913775,6756909880980,967205
18615,6756909918702,6756910885777,967075
18616,6756910913425,6756911880000,966575
18617,6756911918500,6756912884834,966334
18618,6756912913315,6756913880372,967057
18619,6756913918409,6756914884983,966574
18620,6756914913150,6756915879799,966649
18621,6756915918299,6756916886170,967871
18622,6756916913096,6756917880097,967001
18623,6756917918171,6756918884857,966686
18624,6756918912931,6756919879598,966667
18625,6756919918043,6756920883988,965945
18626,6756920912840,6756921879637,966797
18627,6756921917896,6756922884619,966723
18628,6756922912730,6756923879360,966630
18629,6756923917823,6756924884232,966409
18630,6756924912565,6756925879473,966908
18631,6756925917714,6756926884622,966908
18632,6756926912492,6756927878937,966445
18633,6756927917604,6756928884383,966779
18634,6756928912364,6756929878846,966482
18635,6756929917476,6756930884162,966686
18636,6756930912236,6756931879144,966908
18637,6756931917385,6756932883737,966352
18638,6756932912145,6756933878960,966815
18639,6756933917220,6756934883942,966722
18640,6756934911998,6756935878499,966501
18641,6756935917128,6756936883444,966316
18642,6756936911888,6756937879259,967371
18643,6756937917000,6756938883205,966205
18644,6756938911816,6756939878446,966630
18645,6756939916909,6756940883002,966093
18646,6756940911688,6756941878207,966519
18647,6756941916781,6756942883115,966334
18648,6756942911559,6756943878282,966723
18649,6756943916690,6756944883320,966630
18650,6756944911450,6756945878006,966556
18651,6756945916543,6756946883359,966816
18652,6756946911303,6756947877896,966593
18653,6756947916433,6756948882416,965983
18654,6756948911230,6756949877861,966631
18655,6756949916324,6756950882473,966149
18656,6756950911084,6756951877770,966686
18657,6756951916196,6756952882344,966148
18658,6756952911011,6756953877938,966927
18659,6756953916104,6756954882938,966834
18660,6756954910846,6756955877050,966204
18661,6756955915976,6756956882384,966408
18662,6756956910755,6756957876830,966075
18663,6756957915867,6756958882349,966482
18664,6756958910627,6756959877238,966611
18665,6756959915757,6756960882072,966315
18666,6756960910554,6756961876907,966353
18667,6756961915647,6756962882574,966927
18668,6756962910426,6756963877741,967315
18669,6756963915519,6756964882872,967353
18670,6756964910316,6756965876854,966538
18671,6756965915409,6756966881929,966520
18672,6756966910132,6756967878078,967946
18673,6756967915300,6756968881838,966538
18674,6756968910060,6756969876931,966871
18675,6756969915153,6756970881598,966445
18676,6756970909932,6756971876747,966815
18677,6756971915025,6756972881303,966278
18678,6756972909840,6756973876563,966723
18679,6756973914934,6756974881583,966649
18680,6756974909694,6756975876417,966723
18681,6756975914806,6756976881288,966482
18682,6756976909621,6756977877270,967649
18683,6756977914715,6756978881604,966889
18684,6756978909437,6756979876142,966705
18685,6756979914605,6756980881087,966482
18686,6756980909383,6756981876199,966816
18687,6756981914458,6756982881274,966816
18688,6756982909255,6756983875200,965945
18689,6756983914348,6756984880701,966353
18690,6756984909146,6756985875702,966556
18691,6756985914257,6756986880684,966427
18692,6756986909017,6756987876148,967131
18693,6756987914203,6756988880000,965797
18694,6756988908926,6756989875482,966556
18695,6756989914020,6756990880446,966426
18696,6756990908798,6756991875558,966760
18697,6756991913910,6756992880725,966815
18698,6756992908670,6756993875430,966760
18699,6756993913819,6756994880282,966463
18700,6756994908560,6756995874728,966168
18701,6756995913598,6756996879858,966260
18702,6756996908488,6756997875248,966760
18703,6756997913599,6756998880433,966834
18704,6756998908341,6756999874953,966612
18705,6756999913434,6757000879824,966390
18706,6757000908250,6757001874843,966593
18707,6757001913325,6757002879881,966556
18708,6757002908066,6757003874511,966445
18709,6757003913233,6757004879771,966538
18710,6757004908049,6757005874716,966667
18711,6757005913068,6757006878921,965853
18712,6757006907865,6757007875607,967742
18713,6757007913014,6757008879256,966242
18714,6757008907719,6757009874349,966630
18715,6757009912904,6757010879350,966446
18716,6757010907627,6757011874110,966483
18717,6757011912739,6757012878740,966001
18718,6757012907555,6757013874296,966741
18719,6757013912667,6757014879445,966778
18720,6757014907408,6757015874038,966630
18721,6757015912557,6757016879280,966723
18722,6757016907298,6757017874947,967649
18723,6757017912373,6757018879244,966871
18724,6757018907170,6757019873671,966501
18725,6757019912301,6757020878838,966537
18726,6757020907042,6757021873728,966686
18727,6757021912209,6757022879043,966834
18728,6757022906951,6757023873544,966593
18729,6757023912081,6757024878267,966186
18730,6757024906860,6757025873638,966778
18731,6757025911935,6757026878695,966760
18732,6757026906732,6757027874084,967352
18733,6757027911862,6757028878233,966371
18734,6757028906622,6757029873104,966482
18735,6757029911771,6757030878383,966612
18736,6757030906475,6757031872976,966501
18737,6757031911606,6757032877495,965889
18738,6757032906403,6757033873144,966741
18739,6757033911496,6757034878256,966760
18740,6757034906256,6757035872886,966630
18741,6757035911331,6757036877757,966426
18742,6757036906165,6757037874165,968000
18743,6757037911277,6757038877574,966297
18744,6757038905981,6757039872389,966408
18745,6757039911167,6757040877186,966019
18746,6757040905927,6757041872798,966871
18747,6757041911057,6757042877484,966427
18748,6757042905780,6757043872744,966964
18749,6757043910929,6757044877337,966408
18750,6757044905726,6757045872338,966612
18751,6757045910819,6757046877654,966835
18752,6757046905561,6757047872784,967223
18753,6757047910710,6757048876859,966149
18754,6757048905488,6757049871878,966390
18755,6757049910563,6757050876897,966334
18756,6757050905342,6757051871528,966186
18757,6757051910453,6757052876750,966297
18758,6757052905213,6757053871881,966668
18759,6757053910381,6757054877530,967149
18760,6757054905122,6757055871660,966538
18761,6757055910234,6757056876661,966427
18762,6757056905031,6757057871939,966908
18763,6757057910106,6757058876607,966501
18764,6757058904866,6757059871367,966501
18765,6757059910033,6757060876330,966297
18766,6757060904793,6757061871461,966668
18767,6757061909868,6757062876424,966556
18768,6757062904665,6757063870499,965834
18769,6757063909814,6757064875537,965723
18770,6757064904556,6757065871038,966482
18771,6757065909649,6757066875835,966186
18772,6757066904427,6757067872113,967686
18773,6757067909558,6757068875447,965889
18774,6757068904355,6757069870948,966593
18775,6757069909467,6757070876245,966778
18776,6757070904190,6757071870431,966241
18777,6757071909357,6757072875561,966204
18778,6757072904117,6757073870544,966427
18779,6757073909192,6757074875822,966630
18780,6757074903989,6757075870508,966519
18781,6757075909101,6757076875268,966167
18782,6757076903861,6757077871121,967260
18783,6757077908991,6757078875343,966352
18784,6757078903732,6757079870566,966834
18785,6757079908881,6757080875178,966297
18786,6757080903660,6757081869957,966297
18787,6757081908735,6757082875309,966574
18788,6757082903495,6757083869995,966500
18789,6757083908643,6757084874959,966316
18790,6757084903422,6757085869793,966371
18791,6757085908552,6757086874868,966316
18792,6757086903294,6757087870535,967241
18793,6757087908406,6757088874980,966574
18794,6757088903147,6757089869444,966297
18795,6757089908296,6757090874852,966556
18796,6757090903056,6757091869464,966408
18797,6757091908186,6757092892557,984371
18798,6757092903465,6757093895928,992463
18799,6757093903299,6757094895114,991815
18800,6757094903318,6757095895337,992019
18801,6757095903319,6757096894005,990686
18802,6757096903208,6757097894876,991668
18803,6757097903098,6757098894247,991149
18804,6757098903062,6757099893970,990908
18805,6757099903044,6757100893341,990297
18806,6757100902971,6757101895212,992241
18807,6757101903119,6757102891694,988575
18808,6757102902861,6757103894917,992056
18809,6757103902788,6757104894251,991463
18810,6757104902733,6757105895030,992297
18811,6757105902733,6757106894142,991409
18812,6757106902586,6757107894865,992279
18813,6757107902513,6757108877328,974815
18814,6757108902162,6757109869292,967130
18815,6757109907181,6757110873719,966538
18816,6757110901941,6757111868775,966834
18817,6757111907071,6757112873720,966649
18818,6757112901850,6757113868887,967037
18819,6757113906943,6757114873536,966593
18820,6757114901722,6757115868333,966611
18821,6757115906870,6757116873353,966483
18822,6757116901630,6757117869964,968334
18823,6757117906742,6757118873687,966945
18824,6757118901465,6757119868484,967019
18825,6757119906558,6757120873041,966483
18826,6757120901337,6757121868430,967093
18827,6757121906486,6757122873598,967112
18828,6757122901227,6757123868321,967094
18829,6757123906339,6757124872710,966371
18830,6757124901118,6757125867933,966815
18831,6757125906230,6757126872508,966278
18832,6757126901008,6757127867842,966834
18833,6757127906101,6757128872806,966705
18834,6757128900880,6757129868084,967204
18835,6757129906029,6757130872733,966704
18836,6757130900752,6757131867475,966723
18837,6757131905901,6757132872420,966519
18838,6757132900642,6757133867569,966927
18839,6757133905791,6757134872477,966686
18840,6757134900532,6757135866940,966408
18841,6757135905626,6757136871793,966167
18842,6757136900441,6757137868016,967575
18843,6757137905572,6757138871702,966130
18844,6757138900295,6757139866758,966463
18845,6757139905425,6757140871870,966445
18846,6757140900222,6757141867074,966852
18847,6757141905297,6757142871964,966667
18848,6757142900075,6757143866946,966871
18849,6757143905206,6757144871577,966371
18850,6757144899984,6757145866818,966834
18851,6757145905096,6757146871948,966852
18852,6757146899819,6757147867857,968038
18853,6757147904968,6757148871228,966260
18854,6757148899765,6757149866025,966260
18855,6757149904914,6757150871433,966519
18856,6757150899618,6757151866156,966538
18857,6757151904730,6757152871916,967186
18858,6757152899564,6757153866287,966723
18859,6757153904620,6757154870917,966297
18860,6757154899399,6757155866177,966778
18861,6757155904511,6757156871308,966797
18862,6757156899271,6757157866679,967408
18863,6757157904401,6757158870790,966389
18864,6757158899142,6757159865291,966149
18865,6757159904291,6757160870348,966057
18866,6757160899051,6757161865663,966612
18867,6757161904200,6757162870867,966667
18868,6757162899053,6757163866109,967056
18869,6757163904072,6757164870350,966278
18870,6757164898813,6757165865647,966834
18871,6757165903944,6757166870370,966426
18872,6757166898722,6757167866704,967982
18873,6757167903797,6757168870224,966427
18874,6757168898613,6757169865373,966760
18875,6757169903706,6757170870466,966760
18876,6757170898447,6757171864874,966427
18877,6757171903596,6757172869875,966279
18878,6757172898356,6757173865116,966760
18879,6757173903487,6757174870024,966537
18880,6757174898228,6757175864840,966612
18881,6757175903358,6757176869563,966205
18882,6757176898118,6757177865415,967297
18883,6757177903267,6757178870138,966871
18884,6757178898027,6757179864621,966594
18885,6757179903121,6757180869214,966093
18886,6757180897918,6757181864622,966704
18887,6757181903011,6757182869289,966278
18888,6757182897808,6757183863827,966019
18889,6757183902920,6757184869032,966112
18890,6757184897661,6757185864384,966723
18891,6757185902829,6757186869496,966667
18892,6757186897570,6757187864330,966760
18893,6757187902663,6757188869386,966723
18894,6757188897479,6757189864183,966704
18895,6757189902554,6757190869295,966741
18896,6757190897314,6757191864074,966760
18897,6757191902463,6757192868593,966130
18898,6757192897223,6757193863853,966630
18899,6757193902334,6757194868631,966297
18900,6757194897076,6757195863651,966575
18901,6757195902225,6757196868707,966482
18902,6757196896985,6757197864893,967908
18903,6757197902097,6757198868671,966574
18904,6757198896857,6757199863561,966704
18905,6757199902006,6757200867784,965778
18906,6757200896784,6757201863562,966778
18907,6757201901933,6757202868471,966538
18908,6757202896656,6757203863249,966593
18909,6757203901749,6757204868046,966297
18910,6757204896528,6757205862954,966426
18911,6757205901640,6757206868233,966593
18912,6757206896399,6757207864252,967853
18913,6757207901530,6757208867975,966445
18914,6757208896290,6757209863142,966852
18915,6757209901439,6757210867884,966445
18916,6757210896162,6757211862755,966593
18917,6757211901218,6757212867867,966649
18918,6757212896089,6757213862997,966908
18919,6757213901201,6757214867887,966686
18920,6757214895961,6757215862776,966815
18921,6757215901073,6757216867110,966037
18922,6757216895870,6757217863407,967537
18923,6757217900963,6757218867853,966890
18924,6757218895705,6757219862372,966667
18925,6757219900835,6757220875484,974649
18926,6757220895891,6757221863059,967168
18927,6757221900818,6757222867485,966667
18928,6757222895541,6757223862523,966982
18929,6757223900671,6757224875524,974853
18930,6757224895672,6757225888487,992815
18931,6757225895784,6757226888747,992963
18932,6757226895729,6757227889674,993945
18933,6757227895804,6757228887453,991649
18934,6757228895638,6757229886768,991130
18935,6757229895287,6757230886991,991704
18936,6757230895510,6757231887362,991852
18937,6757231895473,6757232886752,991279
18938,6757232895418,6757233888512,993094
18939,6757233895252,6757234885698,990446
18940,6757234895031,6757235887069,992038
18941,6757235895198,6757236885884,990686
18942,6757236895181,6757237886848,991667
18943,6757237895163,6757238887441,992278
18944,6757238894941,6757239886368,991427
18945,6757239894794,6757240884887,990093
18946,6757240894961,6757241886573,991612
18947,6757241894851,6757242888759,993908
18948,6757242894796,6757243886704,991908
18949,6757243894871,6757244885946,991075
18950,6757244894483,6757245885928,991445
18951,6757245894632,6757246886762,992130
18952,6757246894577,6757247889744,995167
18953,6757247894559,6757248886041,991482
18954,6757248894652,6757249887060,992408
18955,6757249894209,6757250885283,991074
18956,6757250894413,6757251886117,991704
18957,6757251894358,6757252885174,990816
18958,6757252894340,6757253870230,975890
18959,6757253893748,6757254858416,964668
18960,6757254898916,6757255863972,965056
18961,6757255893620,6757256859491,965871
18962,6757256898788,6757257864825,966037
18963,6757257893529,6757258859456,965927
18964,6757258898622,6757259863716,965094
18965,6757259893401,6757260857698,964297
18966,6757260898402,6757261862384,963982
18967,6757261900125,6757262864014,963889
18968,6757262893218,6757263859719,966501
18969,6757263898459,6757264862127,963668
18970,6757264893090,6757265858628,965538
18971,6757265898183,6757266861962,963779
18972,6757266899573,6757267864962,965389
18973,6757267893129,6757268859259,966130
18974,6757268898241,6757269862964,964723
18975,6757269892816,6757270858094,965278
18976,6757270897965,6757271863484,965519
18977,6757271892613,6757272857429,964816
18978,6757272897892,6757273862985,965093
18979,6757273892615,6757274858004,965389
18980,6757274897782,6757275862431,964649
18981,6757275892468,6757276857024,964556
18982,6757276897617,6757277861451,963834
18983,6757277899081,6757278864230,965149
18984,6757278892304,6757279858304,966000
18985,6757279897397,6757280861250,963853
18986,6757280899009,6757281862935,963926
18987,6757281892084,6757282856640,964556
18988,6757282897288,6757283862881,965593
18989,6757283891844,6757284856586,964742
18990,6757284897123,6757285861383,964260
18991,6757285891883,6757286856365,964482
18992,6757286897032,6757287861792,964760
18993,6757287891607,6757288857774,966167
18994,6757288896922,6757289862460,965538
18995,6757289891682,6757290856386,964704
18996,6757290896831,6757291861054,964223
18997,6757291891535,6757292857277,965742
18998,6757292896740,6757293861278,964538
18999,6757293891463,6757294858038,966575
19000,6757294896556,6757295862186,965630
19001,6757295891464,6757296857187,965723
19002,6757296896576,6757297862169,965593
19003,6757297891280,6757298857689,966409
19004,6757298896337,6757299860282,963945
19005,6757299897819,6757300863264,965445
19006,6757300891209,6757301855506,964297
19007,6757301896154,6757302860914,964760
19008,6757302891006,6757303856266,965260
19009,6757303896155,6757304860286,964131
19010,6757304890804,6757305855212,964408
19011,6757305895971,6757306859935,963964
19012,6757306890657,6757307855917,965260
19013,6757307896121,6757308860659,964538
19014,6757308890585,6757309855845,965260
19015,6757309895863,6757310859716,963853
19016,6757310890438,6757311855531,965093
19017,6757311895568,6757312858699,963131
19018,6757312896717,6757313861903,965186
19019,6757313890274,6757314855367,965093
19020,6757314895515,6757315859923,964408
19021,6757315890182,6757316854368,964186
19022,6757316895331,6757317858462,963131
19023,6757317896388,6757318860833,964445
19024,6757318890074,6757319854574,964500
19025,6757319895204,6757320858408,963204
19026,6757320896075,6757321860613,964538
19027,6757321889816,6757322853817,964001
19028,6757322895039,6757323857855,962816
19029,6757323895688,6757324859189,963501
19030,6757324889745,6757325854690,964945
19031,6757325894819,6757326859413,964594
19032,6757326889579,6757327854932,965353
19033,6757327894673,6757328859025,964352
19034,6757328889451,6757329854174,964723
19035,6757329894563,6757330859286,964723
19036,6757330889471,6757331855101,965630
19037,6757331894564,6757332850491,955927
19038,6757332894232,6757333845640,951408
19039,6757333894066,6757334844863,950797
19040,6757334893974,6757335845049,951075
19041,6757335893901,6757336844716,950815
19042,6757336893883,6757337844939,951056
19043,6757337893810,6757338846810,953000
19044,6757338893792,6757339845052,951260
19045,6757339893700,6757340844478,950778
19046,6757340893682,6757341844831,951149
19047,6757341893590,6757342844887,951297
19048,6757342893554,6757343844573,951019
19049,6757343893444,6757344843907,950463
19050,6757344893426,6757345844426,951000
19051,6757345893334,6757346844205,950871
19052,6757346893298,6757347844224,950926
19053,6757347893243,6757348844429,951186
19054,6757348893206,6757349844300,951094
19055,6757349893133,6757350844078,950945
19056,6757350893078,6757351843912,950834
19057,6757351893023,6757352843432,950409
19058,6757352892969,6757353844284,951315
19059,6757353892877,6757354855766,962889
19060,6757354893155,6757355860045,966890
19061,6757355887897,6757356854194,966297
19062,6757356893064,6757357860083,967019
19063,6757357887806,6757358855880,968074
19064,6757358892936,6757359859788,966852
19065,6757359887659,6757360853697,966038
19066,6757360892808,6757361859623,966815
19067,6757361887586,6757362854272,966686
19068,6757362892717,6757363860495,967778
19069,6757363887458,6757364853700,966242
19070,6757364892625,6757365859311,966686
19071,6757365887330,6757366854145,966815
19072,6757366892460,6757367858850,966390
19073,6757367887220,6757368854517,967297
19074,6757368892369,6757369859370,967001
19075,6757369887129,6757370853759,966630
19076,6757370892259,6757371859019,966760
19077,6757371886964,6757372844557,957593
19078,6757372892168,6757373859169,967001
19079,6757373886891,6757374853651,966760
19080,6757374892003,6757375859911,967908
19081,6757375886782,6757376852801,966019
19082,6757376891912,6757377858524,966612
19083,6757377886616,6757378854173,967557
19084,6757378891784,6757379858284,966500
19085,6757379886507,6757380852896,966389
19086,6757380891656,6757381858564,966908
19087,6757381886379,6757382852916,966537
19088,6757382891546,6757383857602,966056
19089,6757383886287,6757384854436,968149
19090,6757384891436,6757385858344,966908
19091,6757385886178,6757386852753,966575
19092,6757386891308,6757387858216,966908
19093,6757387886031,6757388852587,966556
19094,6757388891217,6757389857829,966612
19095,6757389885940,6757390852237,966297
19096,6757390891070,6757391857793,966723
19097,6757391885812,6757392852479,966667
19098,6757392890961,6757393857721,966760
19099,6757393885739,6757394852110,966371
19100,6757394890851,6757395857370,966519
19101,6757395885574,6757396851852,966278
19102,6757396890778,6757397857705,966927
19103,6757397885520,6757398853150,967630
19104,6757398890613,6757399857281,966668
19105,6757399885392,6757400851763,966371
19106,6757400890522,6757401857226,966704
19107,6757401885263,6757402851820,966557
19108,6757402890375,6757403856561,966186
19109,6757403885135,6757404851395,966260
19110,6757404890284,6757405857026,966742
19111,6757405885026,6757406851397,966371
19112,6757406890119,6757407856805,966686
19113,6757407884897,6757408853065,968168
19114,6757408890102,6757409856491,966389
19115,6757409884788,6757410851770,966982
19116,6757410889918,6757411856845,966927
19117,6757411884697,6757412851216,966519
19118,6757412889827,6757413856643,966816
19119,6757413884606,6757414851143,966537
19120,6757414889680,6757415856366,966686
19121,6757415884440,6757416849478,965038
19122,6757416889608,6757417856164,966556
19123,6757417884331,6757418851702,967371
19124,6757418889480,6757419856147,966667
19125,6757419884221,6757420850537,966316
19126,6757420889370,6757421855797,966427
19127,6757421884130,6757422850575,966445
19128,6757422889205,6757423855687,966482
19129,6757423884002,6757424850132,966130
19130,6757424889151,6757425855892,966741
19131,6757425883874,6757426850245,966371
19132,6757426889004,6757427855782,966778
19133,6757427883764,6757428851413,967649
19134,6757428888894,6757429855876,966982
19135,6757429883654,6757430850266,966612
19136,6757430888803,6757431855378,966575
19137,6757431883507,6757432850119,966612
19138,6757432888712,6757433855268,966556
19139,6757433883416,6757434849917,966501
19140,6757434888528,6757435854677,966149
19141,6757435883288,6757436849215,965927
19142,6757436888437,6757437854882,966445
19143,6757437883197,6757438850420,967223
19144,6757438888327,6757439854847,966520
19145,6757439883050,6757440849181,966131
19146,6757440888273,6757441854626,966353
19147,6757441882959,6757442849645,966686
19148,6757442888071,6757443854516,966445
19149,6757443882850,6757444848943,966093
19150,6757444887998,6757445854721,966723
19151,6757445882740,6757446848722,965982
19152,6757446887833,6757447854371,966538
19153,6757447882612,6757448848983,966371
19154,6757448887779,6757449854243,966464
19155,6757449882484,6757450849058,966574
19156,6757450887614,6757451854096,966482
19157,6757451882392,6757452848134,965742
19158,6757452887523,6757453854375,966852
19159,6757453882283,6757454848598,966315
19160,6757454887376,6757455854173,966797
19161,6757455882136,6757456848581,966445
19162,6757456887340,6757457853489,966149
19163,6757457882045,6757458849694,967649
19164,6757458887212,6757459853732,966520
19165,6757459881917,6757460848010,966093
19166,6757460887066,6757461853770,966704
19167,6757461881807,6757462848419,966612
19168,6757462886956,6757463853216,966260
19169,6757463881697,6757464847772,966075
19170,6757464886846,6757465853551,966705
19171,6757465881569,6757466848070,966501
19172,6757466886700,6757467853237,966537
19173,6757467881441,6757468848534,967093
19174,6757468886608,6757469853202,966594
19175,6757469881350,6757470847628,966278
19176,6757470886499,6757471853000,966501
19177,6757471881259,6757472867945,986686
19178,6757472881556,6757473872760,991204
19179,6757473881594,6757474877094,995500
19180,6757474881539,6757475874669,993130
19181,6757475881447,6757476871262,989815
19182,6757476881262,6757477873022,991760
19183,6757477881393,6757478877597,996204
19184,6757478881505,6757479873320,991815
19185,6757479881228,6757480872876,991648
19186,6757480881247,6757481873062,991815
19187,6757481881192,6757482872693,991501
19188,6757482881063,6757483872712,991649
19189,6757483880990,6757484871694,990704
19190,6757484880990,6757485872269,991279
19191,6757485880936,6757486874103,993167
19192,6757486880788,6757487873067,992279
19193,6757487880863,6757488872401,991538
19194,6757488880790,6757489873290,992500
19195,6757489880735,6757490873199,992464
19196,6757490880624,6757491874070,993446
19197,6757491880533,6757492871607,991074
19198,6757492880626,6757493873201,992575
19199,6757493880608,6757494872368,991760
19200,6757494880424,6757495872443,992019
19201,6757495880350,6757496873462,993112
19202,6757496880129,6757497869111,988982
19203,6757497880222,6757498873630,993408
19204,6757498880075,6757499872168,992093
19205,6757499880038,6757500870521,990483
19206,6757500880076,6757501871558,991482
19207,6757501879762,6757502871004,991242
19208,6757502880096,6757503871912,991816
19209,6757503879893,6757504870153,990260
19210,6757504879875,6757505871728,991853
19211,6757505880080,6757506871081,991001
19212,6757506879747,6757507870044,990297
19213,6757507879600,6757508871971,992371
19214,6757508879563,6757509873138,993575
19215,6757509879546,6757510871917,992371
19216,6757510879435,6757511871288,991853
19217,6757511879492,6757512873881,994389
19218,6757512879307,6757513871400,992093
19219,6757513879345,6757514872605,993260
19220,6757514879327,6757515871365,992038
19221,6757515879198,6757516870254,991056
19222,6757516879199,6757517869181,989982
19223,6757517879051,6757518871126,992075
19224,6757518879052,6757519870220,991168
19225,6757519878979,6757520870220,991241
19226,6757520878943,6757521871832,992889
19227,6757521878888,6757522871592,992704
19228,6757522878574,6757523870037,991463
19229,6757523878778,6757524870094,991316
19230,6757524878705,6757525870928,992223
19231,6757525878798,6757526871317,992519
19232,6757526878817,6757527870929,992112
19233,6757527878577,6757528870541,991964
19234,6757528878504,6757529870634,992130
19235,6757529878449,6757530870394,991945
19236,6757530878413,6757531871376,992963
19237,6757531878302,6757532869636,991334
19238,6757532878229,6757533872285,994056
19239,6757533878100,6757534869860,991760
19240,6757534878101,6757535872342,994241
19241,6757535878028,6757536870047,992019
19242,6757536878028,6757537870344,992316
19243,6757537877955,6757538870919,992964
19244,6757538877900,6757539870030,992130
19245,6757539877882,6757540869105,991223
19246,6757540877883,6757541870254,992371
19247,6757541877736,6757542868607,990871
19248,6757542877681,6757543870496,992815
19249,6757543877441,6757544868016,990575
19250,6757544877534,6757545870331,992797
19251,6757545877405,6757546868869,991464
19252,6757546877480,6757547869684,992204
19253,6757547877407,6757548868407,991000
19254,6757548877352,6757549870223,992871
19255,6757549877241,6757550869520,992279
19256,6757550877168,6757551869539,992371
19257,6757551877243,6757552869244,992001
19258,6757552877188,6757553869244,992056
19259,6757553877096,6757554869115,992019
19260,6757554877115,6757555870820,993705
19261,6757555876857,6757556868080,991223
19262,6757556876876,6757557868358,991482
19263,6757557876784,6757558870137,993353
19264,6757558876507,6757559867786,991279
19265,6757559876675,6757560850953,974278
19266,6757560876305,6757561843269,966964
19267,6757561881343,6757562847992,966649
19268,6757562876066,6757563843733,967667
19269,6757563881233,6757564847734,966501
19270,6757564875938,6757565842679,966741
19271,6757565881049,6757566847254,966205
19272,6757566875828,6757567842236,966408
19273,6757567880977,6757568848014,967037
19274,6757568875718,6757569841923,966205
19275,6757569880830,6757570847609,966779
19276,6757570875609,6757571842369,966760
19277,6757571880739,6757572847054,966315
19278,6757572875554,6757573842500,966946
19279,6757573880611,6757574847241,966630
19280,6757574875352,6757575842168,966816
19281,6757575880501,6757576847428,966927
19282,6757576875261,6757577842021,966760
19283,6757577880373,6757578846725,966352
19284,6757578875133,6757579841985,966852
19285,6757579880245,6757580846579,966334
19286,6757580875060,6757581841931,966871
19287,6757581880154,6757582846451,966297
19288,6757582874914,6757583841692,966778
19289,6757583880062,6757584846267,966205
19290,6757584874804,6757585841342,966538
19291,6757585879916,6757586846750,966834
19292,6757586874713,6757587841584,966871
19293,6757587879843,6757588846325,966482
19294,6757588874566,6757589841159,966593
19295,6757589879733,6757590846216,966483
19296,6757590874456,6757591841420,966964
19297,6757591879587,6757592845939,966352
19298,6757592874384,6757593840847,966463
19299,6757593879459,6757594845848,966389
19300,6757594874200,6757595840738,966538
19301,6757595879349,6757596845664,966315
19302,6757596874127,6757597840739,966612
19303,6757597879276,6757598846018,966742
19304,6757598873981,6757599841037,967056
19305,6757599879130,6757600845612,966482
19306,6757600873890,6757601840538,966648
19307,6757601879020,6757602845298,966278
19308,6757602873743,6757603840410,966667
19309,6757603878892,6757604845170,966278
19310,6757604873689,6757605839986,966297
19311,6757605878764,6757606845431,966667
19312,6757606873542,6757607839932,966390
19313,6757607878654,6757608843858,965204
19314,6757608880155,6757609846433,966278
19315,6757609873378,6757610839878,966500
19316,6757610878527,6757611844435,965908
19317,6757611873249,6757612839417,966168
19318,6757612878380,6757613844992,966612
19319,6757613873121,6757614839566,966445
19320,6757614878270,6757615844438,966168
19321,6757615873049,6757616839049,966000
19322,6757616878142,6757617844717,966575
19323,6757617872939,6757618839477,966538
19324,6757618878088,6757619845848,967760
19325,6757619872792,6757620838886,966094
19326,6757620877904,6757621844331,966427
19327,6757621872646,6757622838646,966000
19328,6757622877757,6757623844351,966594
19329,6757623872536,6757624838777,966241
19330,6757624877648,6757625844000,966352
19331,6757625872408,6757626838686,966278
19332,6757626877557,6757627844113,966556
19333,6757627872335,6757628838317,965982
19334,6757628877447,6757629844800,967353
19335,6757629872207,6757630838300,966093
19336,6757630877337,6757631843653,966316
19337,6757631872060,6757632838061,966001
19338,6757632877209,6757633843895,966686
19339,6757633871969,6757634838266,966297
19340,6757634877100,6757635843415,966315
19341,6757635871841,6757636838286,966445
19342,6757636877008,6757637843083,966075
19343,6757637871750,6757638837917,966167
19344,6757638876862,6757639844177,967315
19345,6757639871622,6757640837530,965908
19346,6757640876752,6757641843012,966260
19347,6757641871512,6757642837642,966130
19348,6757642876661,6757643842884,966223
19349,6757643871384,6757644837385,966001
19350,6757644876551,6757645842959,966408
19351,6757645871311,6757646837719,966408
19352,6757646876423,6757647842868,966445
19353,6757647871146,6757648837369,966223
19354,6757648876276,6757649843166,966890
19355,6757649871055,6757650837389,966334
19356,6757650876222,6757651842686,966464
19357,6757651870927,6757652837020,966093
19358,6757652876076,6757653841836,965760
19359,6757653870817,6757654837262,966445
19360,6757654875947,6757655842355,966408
19361,6757655870707,6757656836856,966149
19362,6757656875838,6757657842227,966389
19363,6757657870561,6757658836987,966426
19364,6757658875728,6757659843136,967408
19365,6757659870507,6757660836989,966482
19366,6757660875618,6757661842064,966446
19367,6757661870378,6757662836861,966483
19368,6757662875490,6757663842102,966612
19369,6757663870250,6757664836029,965779
19370,6757664875399,6757665841770,966371
19371,6757665870141,6757666836734,966593
19372,6757666875271,6757667841568,966297
19373,6757667869994,6757668835958,965964
19374,6757668875198,6757669842866,967668
19375,6757669869921,6757670836440,966519
19376,6757670875033,6757671841571,966538
19377,6757671869775,6757672835775,966000
19378,6757672874998,6757673841202,966204
19379,6757673869702,6757674835999,966297
19380,6757674874795,6757675840611,965816
19381,6757675869555,6757676835463,965908
19382,6757676874741,6757677841334,966593
19383,6757677869427,6757678835761,966334
19384,6757678874576,6757679841873,967297
19385,6757679869336,6757680835096,965760
19386,6757680874503,6757681840745,966242
19387,6757681869226,6757682835079,965853
19388,6757682874338,6757683840728,966390
19389,6757683869117,6757684835191,966074
19390,6757684874247,6757685840877,966630
19391,6757685868988,6757686835341,966353
19392,6757686874119,6757687840694,966575
19393,6757687868860,6757688834842,965982
19394,6757688874009,6757689841639,967630
19395,6757689868751,6757690835159,966408
19396,6757690873881,6757691840252,966371
19397,6757691868622,6757692834549,965927
19398,6757692873771,6757693840105,966334
19399,6757693868605,6757694834680,966075
19400,6757694873643,6757695840033,966390
19401,6757695868403,6757696834793,966390
19402,6757696873533,6757697840256,966723
19403,6757697868293,6757698834572,966279
19404,6757698873424,6757699840943,967519
19405,6757699868221,6757700833925,965704
19406,6757700873351,6757701839426,966075
19407,6757701868056,6757702834501,966445
19408,6757702873205,6757703839909,966704
19409,6757703867964,6757704834002,966038
19410,6757704873095,6757705839762,966667
19411,6757705867836,6757706834152,966316
19412,6757706872967,6757707839356,966389
19413,6757707867727,6757708834079,966352
19414,6757708872857,6757709839617,966760
19415,6757709867617,6757710833988,966371
19416,6757710872766,6757711839211,966445
19417,6757711867489,6757712833693,966204
19418,6757712872693,6757713838787,966094
19419,6757713867398,6757714834009,966611
19420,6757714872528,6757715838973,966445
19421,6757715867270,6757716833196,965926
19422,6757716872400,6757717838975,966575
19423,6757717867178,6757718833438,966260
19424,6757718872272,6757719839809,967537
19425,6757719867087,6757720832773,965686
19426,6757720872199,6757721838718,966519
19427,6757721866922,6757722833163,966241
19428,6757722872052,6757723838738,966686
19429,6757723866831,6757724857869,991038
19430,6757724867406,6757725861592,994186
19431,6757725866962,6757726859500,992538
19432,6757726867092,6757727860686,993594
19433,6757727867075,6757728858964,991889
19434,6757728867038,6757729860780,993742
19435,6757729866965,6757730857706,990741
19436,6757730866984,6757731860040,993056
19437,6757731866911,6757732858837,991926
19438,6757732866819,6757733860838,994019
19439,6757733866690,6757734860783,994093
19440,6757734866691,6757735858006,991315
19441,6757735866562,6757736859063,992501
19442,6757736866544,6757737859415,992871
19443,6757737866452,6757738859638,993186
19444,6757738866379,6757739859731,993352
19445,6757739866361,6757740857640,991279
19446,6757740866288,6757741862751,996463
19447,6757741866529,6757742860567,994038
19448,6757742866289,6757743860457,994168
19449,6757743866179,6757744858568,992389
19450,6757744866420,6757745858847,992427
19451,6757745866032,6757746859144,993112
19452,6757746865940,6757747859034,993094
19453,6757747865885,6757748857016,991131
19454,6757748865886,6757749861313,995427
19455,6757749865757,6757750856036,990279
19456,6757750865906,6757751858888,992982
19457,6757751865722,6757752857722,992000
19458,6757752865593,6757753857797,992204
19459,6757753865538,6757754858724,993186
19460,6757754865502,6757755859132,993630
19461,6757755865225,6757756841170,975945
19462,6757756865059,6757757833578,968519
19463,6757757870078,6757758837060,966982
19464,6757758864819,6757759833153,968334
19465,6757759869968,6757760836987,967019
19466,6757760864728,6757761831581,966853
19467,6757761869821,6757762837118,967297
19468,6757762864581,6757763832953,968372
19469,6757763869675,6757764836342,966667
19470,6757764864472,6757765831361,966889
19471,6757765869602,6757766836140,966538
19472,6757766864362,6757767831585,967223
19473,6757767869493,6757768836049,966556
19474,6757768864252,6757769832364,968112
19475,6757769869401,6757770836735,967334
19476,6757770864143,6757771830181,966038
19477,6757771869236,6757772837070,967834
19478,6757772864033,6757773831182,967149
19479,6757773869145,6757774835646,966501
19480,6757774863886,6757775831202,967316
19481,6757775869017,6757776835425,966408
19482,6757776863814,6757777830963,967149
19483,6757777868907,6757778835593,966686
19484,6757778863667,6757779831205,967538
19485,6757779868779,6757780835446,966667
19486,6757780863520,6757781830373,966853
19487,6757781868669,6757782834985,966316
19488,6757782863429,6757783829837,966408
19489,6757783868541,6757784834357,965816
19490,6757784863320,6757785830413,967093
19491,6757785868432,6757786834729,966297
19492,6757786863340,6757787830044,966704
19493,6757787868285,6757788835304,967019
19494,6757788863119,6757789830379,967260
19495,6757789868212,6757790835268,967056
19496,6757790862972,6757791830177,967205
19497,6757791868121,6757792834585,966464
19498,6757792862863,6757793829567,966704
19499,6757793867974,6757794834420,966446
19500,6757794862697,6757795829550,966853
19501,6757795867846,6757796834384,966538
19502,6757796862625,6757797828959,966334
19503,6757797867755,6757798834422,966667
19504,6757798862478,6757799830534,968056
19505,6757799867664,6757800834479,966815
19506,6757800862405,6757801829517,967112
19507,6757801867536,6757802834259,966723
19508,6757802862277,6757803829093,966816
19509,6757803867408,6757804832964,965556
19510,6757804862186,6757805829039,966853
19511,6757805867298,6757806834058,966760
19512,6757806862058,6757807828651,966593
19513,6757807867170,6757808833448,966278
19514,6757808861948,6757809829690,967742
19515,6757809867042,6757810833542,966500
19516,6757810861802,6757811828506,966704
19517,6757811866932,6757812832988,966056
19518,6757812861729,6757813828378,966649
19519,6757813866822,6757814833304,966482
19520,6757814861601,6757815827842,966241
19521,6757815866731,6757816833713,966982
19522,6757816861473,6757817827621,966148
19523,6757817866603,6757818833159,966556
19524,6757818861363,6757819828697,967334
19525,6757819866493,6757820832994,966501
19526,6757820861235,6757821828124,966889
19527,6757821866384,6757822832995,966611
19528,6757822861107,6757823828015,966908
19529,6757823866255,6757824832182,965927
19530,6757824861015,6757825827424,966409
19531,6757825866146,6757826832424,966278
19532,6757826860924,6757827827814,966890
19533,6757827866018,6757828831981,965963
19534,6757828860796,6757829827963,967167
19535,6757829865908,6757830832594,966686
19536,6757830860649,6757831827409,966760
19537,6757831865780,6757832832336,966556
19538,6757832860558,6757833826633,966075
19539,6757833865707,6757834831912,966205
19540,6757834860430,6757835827227,966797
19541,6757835865579,6757836831672,966093
19542,6757836860320,6757837827266,966946
19543,6757837865469,6757838831655,966186
19544,6757838860211,6757839827693,967482
19545,6757839865323,6757840831583,966260
19546,6757840860120,6757841826750,966630
19547,6757841865231,6757842831566,966335
19548,6757842859973,6757843826437,966464
19549,6757843865140,6757844831048,965908
19550,6757844859882,6757845826549,966667
19551,6757845864994,6757846831587,966593
19552,6757846859772,6757847826236,966464
19553,6757847864884,6757848855125,990241
19554,6757848859885,6757849853422,993537
19555,6757849860052,6757850852312,992260
19556,6757850860090,6757851853165,993075
19557,6757851859887,6757852853443,993556
19558,6757852859925,6757853852648,992723
19559,6757853859574,6757854852796,993222
19560,6757854859852,6757855852927,993075
19561,6757855859816,6757856852539,992723
19562,6757856859687,6757857853113,993426
19563,6757857859669,6757858852059,992390
19564,6757858859485,6757859853411,993926
19565,6757859859596,6757860851097,991501
19566,6757860859393,6757861852209,992816
19567,6757861859468,6757862855487,996019
19568,6757862859302,6757863851747,992445
19569,6757863859044,6757864849489,990445
19570,6757864859156,6757865854193,995037
19571,6757865859119,6757866851490,992371
19572,6757866859102,6757867851380,992278
19573,6757867859102,6757868851233,992131
19574,6757868859084,6757869853326,994242
19575,6757869858918,6757870851327,992409
19576,6757870858845,6757871852642,993797
19577,6757871858809,6757872853458,994649
19578,6757872858717,6757873851884,993167
19579,6757873858699,6757874851181,992482
19580,6757874858626,6757875849830,991204
19581,6757875858515,6757876851275,992760
19582,6757876858572,6757877851184,992612
19583,6757877858461,6757878850869,992408
19584,6757878858518,6757879851796,993278
19585,6757879858370,6757880847852,989482
19586,6757880858278,6757881851409,993131
19587,6757881858242,6757882851595,993353
19588,6757882858206,6757883850318,992112
19589,6757883858151,6757884849596,991445
19590,6757884858096,6757885851801,993705
19591,6757885857782,6757886849468,991686
19592,6757886857912,6757887850987,993075
19593,6757887857820,6757888849747,991927
19594,6757888857673,6757889853007,995334
19595,6757889857563,6757890849656,992093
19596,6757890857730,6757891850194,992464
19597,6757891857749,6757892849917,992168
19598,6757892857917,6757893848454,990537
19599,6757893857603,6757894851955,994352
19600,6757894857548,6757895851067,993519
19601,6757895857474,6757896848549,991075
19602,6757896857346,6757897849606,992260
19603,6757897857698,6757898849180,991482
19604,6757898857291,6757899853959,996668
19605,6757899857033,6757900848997,991964
19606,6757900857182,6757901850183,993001
19607,6757901857016,6757902849387,992371
19608,6757902857091,6757903847480,990389
19609,6757903856962,6757904848944,991982
19610,6757904856907,6757905850278,993371
19611,6757905856778,6757906849408,992630
19612,6757906856816,6757907849946,993130
19613,6757907856779,6757908848539,991760
19614,6757908856725,6757909851170,994445
19615,6757909856374,6757910847319,990945
19616,6757910856504,6757911849542,993038
19617,6757911856560,6757912848598,992038
19618,6757912856524,6757913846932,990408
19619,6757913856450,6757914849285,992835
19620,6757914856377,6757915849989,993612
19621,6757915856304,6757916847527,991223
19622,6757916856249,6757917849324,993075
19623,6757917856194,6757918847787,991593
19624,6757918856121,6757919851307,995186
19625,6757919856103,6757920847604,991501
19626,6757920855993,6757921849141,993148
19627,6757921855901,6757922848920,993019
19628,6757922855846,6757923847495,991649
19629,6757923855773,6757924830958,975185
19630,6757924855533,6757925823348,967815
19631,6757925860552,6757926827867,967315
19632,6757926855312,6757927822627,967315
19633,6757927860387,6757928827628,967241
19634,6757928855165,6757929823610,968445
19635,6757929860314,6757930827352,967038
19636,6757930855074,6757931822352,967278
19637,6757931860149,6757932827168,967019
19638,6757932854946,6757933821261,966315
19639,6757933860058,6757934827281,967223
19640,6757934854836,6757935821948,967112
19641,6757935859929,6757936827060,967131
19642,6757936854689,6757937821931,967242
19643,6757937859838,6757938826654,966816
19644,6757938854598,6757939821895,967297
19645,6757939859692,6757940826359,966667
19646,6757940854489,6757941821693,967204
19647,6757941859600,6757942825972,966372
19648,6757942854323,6757943821232,966909
19649,6757943859454,6757944825973,966519
19650,6757944854251,6757945821270,967019
19651,6757945859326,6757946826104,966778
19652,6757946854141,6757947820883,966742
19653,6757947859253,6757948825791,966538
19654,6757948854031,6757949821032,967001
19655,6757949859143,6757950826255,967112
19656,6757950853903,6757951820978,967075
19657,6757951858960,6757952825571,966611
19658,6757952853812,6757953820517,966705
19659,6757953858924,6757954825610,966686
19660,6757954853628,6757955820240,966612
19661,6757955858777,6757956825241,966464
19662,6757956853537,6757957820575,967038
19663,6757957858631,6757958825446,966815
19664,6757958853446,6757959820354,966908
19665,6757959858558,6757960825262,966704
19666,6757960853355,6757961820134,966779
19667,6757961858467,6757962825486,967019
19668,6757962853227,6757963820598,967371
19669,6757963858339,6757964824951,966612
19670,6757964853117,6757965819451,966334
19671,6757965858211,6757966825137,966926
19672,6757966852952,6757967820064,967112
19673,6757967858101,6757968824565,966464
19674,6757968852861,6757969819510,966649
19675,6757969857991,6757970824307,966316
19676,6757970852751,6757971819474,966723
19677,6757971857863,6757972824382,966519
19678,6757972852604,6757973819272,966668
19679,6757973857735,6757974824513,966778
19680,6757974852513,6757975819607,967094
19681,6757975857607,6757976823663,966056
19682,6757976852441,6757977818960,966519
19683,6757977857516,6757978824072,966556
19684,6757978852257,6757979819091,966834
19685,6757979857406,6757980824907,967501
19686,6757980852166,6757981819315,967149
19687,6757981857222,6757982824001,966779
19688,6757982852056,6757983818372,966316
19689,6757983857150,6757984823669,966519
19690,6757984851872,6757985818040,966168
19691,6757985857058,6757986823633,966575
19692,6757986851818,6757987818708,966890
19693,6757987856930,6757988823801,966871
19694,6757988851727,6757989818543,966816
19695,6757989856839,6757990824414,967575
19696,6757990851562,6757991818692,967130
19697,6757991856674,6757992823286,966612
19698,6757992851471,6757993818564,967093
19699,6757993856564,6757994823195,966631
19700,6757994851343,6757995818140,966797
19701,6757995856492,6757996823566,967074
19702,6757996851215,6757997818086,966871
19703,6757997856363,6757998822716,966353
19704,6757998851105,6757999817883,966778
19705,6757999856254,6758000823310,967056
19706,6758000851032,6758001817607,966575
19707,6758001856107,6758002822441,966334
19708,6758002850886,6758003817664,966778
19709,6758003855997,6758004822535,966538
19710,6758004850813,6758005817740,966927
19711,6758005855851,6758006822907,967056
19712,6758006850648,6758007817593,966945
19713,6758007855760,6758008822353,966593
19714,6758008850501,6758009816965,966464
19715,6758009855687,6758010822373,966686
19716,6758010850428,6758011816837,966409
19717,6758011855577,6758012823893,968316
19718,6758012850337,6758013818282,967945
19719,6758013855431,6758014822191,966760
19720,6758014850191,6758015818099,967908
19721,6758015855339,6758016822451,967112
19722,6758016850081,6758017816730,966649
19723,6758017855174,6758018822064,966890
19724,6758018849990,6758019816602,966612
19725,6758019855065,6758020821343,966278
19726,6758020849880,6758021817103,967223
19727,6758021854992,6758022821363,966371
19728,6758022849770,6758023816549,966779
19729,6758023854882,6758024821568,966686
19730,6758024849661,6758025816069,966408
19731,6758025854754,6758026821736,966982
19732,6758026849533,6758027816478,966945
19733,6758027854644,6758028821571,966927
19734,6758028849386,6758029816090,966704
19735,6758029854498,6758030822332,967834
19736,6758030849276,6758031816110,966834
19737,6758031854351,6758032820611,966260
19738,6758032849204,6758033815815,966611
19739,6758033854297,6758034821094,966797
19740,6758034849038,6758035815687,966649
19741,6758035854187,6758036821021,966834
19742,6758036848966,6758037815892,966926
19743,6758037854059,6758038820930,966871
19744,6758038848819,6758039815487,966668
19745,6758039853949,6758040821672,967723
19746,6758040848672,6758041815118,966446
19747,6758041853840,6758042820081,966241
19748,6758042848618,6758043815304,966686
19749,6758043853675,6758044819916,966241
19750,6758044848490,6758045815398,966908
19751,6758045853621,6758046820306,966685
19752,6758046848362,6758047815122,966760
19753,6758047853492,6758048819845,966353
19754,6758048848271,6758049815401,967130
19755,6758049853364,6758050820791,967427
19756,6758050848143,6758051814995,966852
19757,6758051853255,6758052819996,966741
19758,6758052848014,6758053814737,966723
19759,6758053853163,6758054820016,966853
19760,6758054847905,6758055814720,966815
19761,6758055853054,6758056820184,967130
19762,6758056847795,6758057815222,967427
19763,6758057852926,6758058819871,966945
19764,6758058847667,6758059814186,966519
19765,6758059852797,6758060820743,967946
19766,6758060847576,6758061814188,966612
19767,6758061852706,6758062819707,967001
19768,6758062847448,6758063814097,966649
19769,6758063852597,6758064819190,966593
19770,6758064847282,6758065814302,967020
19771,6758065852505,6758066818932,966427
19772,6758066847247,6758067814099,966852
19773,6758067852322,6758068818711,966389
19774,6758068847119,6758069813842,966723
19775,6758069852268,6758070819546,967278
19776,6758070846972,6758071813917,966945
19777,6758071852121,6758072818936,966815
19778,6758072846899,6758073813937,967038
19779,6758073851993,6758074818493,966500
19780,6758074846753,6758075813216,966463
19781,6758075851772,6758076818050,966278
19782,6758076846643,6758077813459,966816
19783,6758077851810,6758078818070,966260
19784,6758078846533,6758079813386,966853
19785,6758079851590,6758080818368,966778
19786,6758080846424,6758081813350,966926
19787,6758081851499,6758082817907,966408
19788,6758082846259,6758083813056,966797
19789,6758083851444,6758084818223,966779
19790,6758084846223,6758085813261,967038
19791,6758085851335,6758086817965,966630
19792,6758086846039,6758087812558,966519
19793,6758087851207,6758088817874,966667
19794,6758088845930,6758089813078,967148
19795,6758089851097,6758090819116,968019
19796,6758090845838,6758091812691,966853
19797,6758091850969,6758092817673,966704
19798,6758092845747,6758093812396,966649
19799,6758093850859,6758094817823,966964
19800,6758094845619,6758095812064,966445
19801,6758095850749,6758096817454,966705
19802,6758096845528,6758097812325,966797
19803,6758097850566,6758098817511,966945
19804,6758098845363,6758099812160,966797
19805,6758099850530,6758100819364,968834
19806,6758100845290,6758101836643,991353
19807,6758101845809,6758102837680,991871
19808,6758102845606,6758103845829,1000223
19809,6758103849496,6758104841849,992353
19810,6758104845886,6758105839423,993537
19811,6758105845331,6758106838424,993093
19812,6758106845369,6758107837758,992389
19813,6758107845277,6758108839314,994037
19814,6758108845222,6758109839445,994223
19815,6758109845111,6758110839557,994446
19816,6758110845149,6758111838928,993779
19817,6758111845113,6758112833836,988723
19818,6758112845095,6758113839596,994501
19819,6758113844985,6758114839430,994445
19820,6758114844911,6758115838745,993834
19821,6758115844838,6758116840154,995316
19822,6758116844839,6758117836358,991519
19823,6758117844747,6758118839562,994815
19824,6758118844637,6758119840785,996148
19825,6758119844582,6758120838212,993630
19826,6758120844601,6758121841787,997186
19827,6758121845676,6758122839917,994241
19828,6758122844436,6758123837418,992982
19829,6758123844418,6758124837604,993186
19830,6758124844400,6758125838401,994001
19831,6758125844456,6758126837365,992909
19832,6758126844253,6758127837810,993557
19833,6758127844199,6758128835959,991760
19834,6758128844088,6758129838367,994279
19835,6758129844070,6758130839479,995409
19836,6758130844016,6758131837350,993334
19837,6758131843924,6758132838350,994426
19838,6758132843832,6758133837499,993667
19839,6758133843833,6758134839463,995630
19840,6758134843796,6758135838130,994334
19841,6758135843519,6758136818242,974723
19842,6758136843409,6758137810150,966741
19843,6758137848373,6758138815244,966871
19844,6758138843077,6758139809818,966741
19845,6758139848244,6758140816486,968242
19846,6758140843023,6758141809801,966778
19847,6758141848135,6758142815284,967149
19848,6758142842821,6758143808970,966149
19849,6758143847988,6758144814396,966408
19850,6758144842748,6758145809360,966612
19851,6758145847860,6758146814490,966630
19852,6758146842657,6758147808861,966204
19853,6758147847750,6758148814214,966464
19854,6758148842547,6758149809085,966538
19855,6758149847659,6758150814697,967038
19856,6758150842401,6758151808994,966593
19857,6758151847549,6758152812958,965409
19858,6758152842309,6758153808995,966686
19859,6758153847421,6758154813033,965612
19860,6758154842181,6758155808571,966390
19861,6758155847312,6758156812997,965685
19862,6758156842072,6758157809220,967148
19863,6758157847165,6758158812999,965834
19864,6758158841925,6758159808537,966612
19865,6758159847037,6758160814278,967241
19866,6758160841871,6758161808927,967056
19867,6758161846927,6758162813039,966112
19868,6758162841706,6758163809151,967445
19869,6758163846836,6758164813300,966464
19870,6758164841614,6758165808486,966872
19871,6758165846745,6758166813394,966649
19872,6758166841338,6758167807968,966630
19873,6758167846617,6758168812821,966204
19874,6758168841395,6758169808137,966742
19875,6758169846507,6758170813878,967371
19876,6758170841248,6758171807971,966723
19877,6758171846397,6758172820528,974131
19878,6758172841213,6758173809751,968538
19879,6758173846269,6758174813492,967223
19880,6758174841011,6758175808363,967352
19881,6758175846122,6758176814216,968094
19882,6758176840919,6758177807550,966631
19883,6758177846068,6758178813162,967094
19884,6758178840791,6758179807977,967186
19885,6758179845885,6758180813311,967426
19886,6758180840719,6758181807701,966982
19887,6758181845812,6758182812461,966649
19888,6758182840553,6758183807387,966834
19889,6758183845702,6758184812351,966649
19890,6758184840481,6758185808130,967649
19891,6758185845556,6758186812612,967056
19892,6758186840353,6758187807390,967037
19893,6758187845464,6758188811891,966427
19894,6758188840224,6758189807225,967001
19895,6758189845299,6758190813281,967982
19896,6758190840115,6758191807264,967149
19897,6758191845208,6758192811727,966519
19898,6758192839968,6758193807117,967149
19899,6758193845117,6758194812025,966908
19900,6758194839877,6758195807007,967130
19901,6758195844989,6758196812378,967389
19902,6758196839767,6758197806305,966538
19903,6758197844879,6758198811880,967001
19904,6758198839658,6758199806399,966741
19905,6758199844770,6758200811992,967222
19906,6758200839548,6758201806586,967038
19907,6758201844641,6758202811457,966816
19908,6758202839420,6758203805754,966334
19909,6758203844550,6758204810792,966242
19910,6758204839310,6758205806052,966742
19911,6758205844422,6758206811404,966982
19912,6758206839201,6758207805923,966722
19913,6758207844312,6758208810943,966631
19914,6758208839091,6758209806351,967260
19915,6758209844203,6758210811203,967000
19916,6758210839000,6758211805463,966463
19917,6758211844112,6758212810890,966778
19918,6758212838853,6758213805780,966927
19919,6758213844002,6758214810947,966945
19920,6758214838725,6758215805818,967093
19921,6758215843837,6758216810115,966278
19922,6758216838634,6758217805449,966815
19923,6758217843764,6758218810394,966630
19924,6758218838524,6758219805506,966982
19925,6758219843673,6758220811692,968019
19926,6758220838470,6758221805397,966927
19927,6758221843526,6758222810564,967038
19928,6758222838268,6758223805287,967019
19929,6758223843398,6758224810028,966630
19930,6758224838195,6758225804881,966686
19931,6758225843307,6758226810141,966834
19932,6758226838030,6758227804975,966945
19933,6758227843160,6758228833439,990279
19934,6758228838217,6758229831847,993630
19935,6758229838365,6758230834051,995686
19936,6758230838088,6758231827700,989612
19937,6758231838200,6758232830238,992038
19938,6758232838164,6758233830498,992334
19939,6758233838146,6758234830276,992130
19940,6758234838054,6758235832462,994408
19941,6758235837999,6758236831963,993964
19942,6758236837889,6758237830964,993075
19943,6758237837871,6758238832465,994594
19944,6758238837724,6758239830762,993038
19945,6758239837780,6758240832670,994890
19946,6758240837447,6758241830356,992909
19947,6758241837652,6758242830264,992612
19948,6758242837579,6758243833376,995797
19949,6758243837505,6758244831247,993742
19950,6758244837802,6758245831970,994168
19951,6758245837451,6758246830359,992908
19952,6758246837267,6758247830378,993111
19953,6758247837323,6758248830768,993445
19954,6758248837213,6758249830917,993704
19955,6758249837232,6758250832251,995019
19956,6758250837140,6758251830511,993371
19957,6758251837048,6758252829049,992001
19958,6758252836993,6758253830624,993631
19959,6758253836938,6758254830828,993890
19960,6758254836958,6758255830662,993704
19961,6758255836903,6758256829237,992334
19962,6758256836904,6758257830756,993852
19963,6758257836719,6758258831516,994797
19964,6758258836609,6758259829146,992537
19965,6758259836591,6758260832499,995908
19966,6758260836536,6758261829963,993427
19967,6758261836407,6758262831186,994779
19968,6758262836463,6758263829279,992816
19969,6758263836149,6758264827224,991075
19970,6758264836372,6758265830003,993631
19971,6758265836317,6758266831189,994872
19972,6758266836226,6758267830671,994445
19973,6758267836412,6758268828931,992519
19974,6758268836172,6758269828561,992389
19975,6758269836172,6758270830451,994279
19976,6758270836062,6758271829081,993019
19977,6758271836007,6758272828860,992853
19978,6758272835878,6758273828897,993019
19979,6758273835805,6758274828620,992815
19980,6758274835509,6758275827306,991797
19981,6758275835695,6758276827696,992001
19982,6758276835714,6758277830567,994853
19983,6758277835585,6758278829123,993538
19984,6758278835568,6758279829087,993519
19985,6758279835420,6758280827754,992334
19986,6758280835495,6758281829514,994019
19987,6758281835274,6758282829978,994704
19988,6758282835311,6758283827423,992112
19989,6758283835164,6758284827757,992593
19990,6758284835016,6758285828832,993816
19991,6758285835165,6758286828888,993723
19992,6758286835092,6758287829148,994056
19993,6758287835074,6758288811186,976112
19994,6758288834668,6758289801298,966630
19995,6758289839687,6758290806521,966834
19996,6758290834410,6758291802466,968056
19997,6758291839522,6758292805800,966278
19998,6758292834319,6758293800745,966426
19999,6758293839430,6758294804857,965427
20000,6758294840913,6758295807469,966556
20001,6758295834191,6758296802155,967964
20002,6758296839247,6758297805970,966723
20003,6758297834007,6758298800545,966538
20004,6758298839119,6758299805490,966371
20005,6758299833879,6758300803880,970001
20006,6758300839102,6758301809121,970019
20007,6758301833844,6758302801530,967686
20008,6758302838956,6758303805845,966889
20009,6758303833641,6758304800124,966483
20010,6758304838790,6758305805180,966390
20011,6758305833532,6758306800440,966908
20012,6758306838681,6758307804422,965741
20013,6758307833459,6758308800201,966742
20014,6758308838589,6758309803905,965316
20015,6758309833331,6758310799684,966353
20016,6758310838480,6758311804684,966204
20017,6758311833203,6758312800592,967389
20018,6758312838315,6758313803649,965334
20019,6758313833056,6758314799464,966408
20020,6758314838186,6758315803465,965279
20021,6758315832946,6758316800725,967779
20022,6758316838132,6758317804485,966353
20023,6758317832837,6758318799430,966593
20024,6758318837967,6758319803412,965445
20025,6758319832727,6758320799894,967167
20026,6758320837857,6758321804210,966353
20027,6758321832599,6758322799063,966464
20028,6758322837711,6758323803100,965389
20029,6758323832489,6758324799175,966686
20030,6758324837620,6758325802843,965223
20031,6758325832361,6758326798788,966427
20032,6758326837529,6758327802992,965463
20033,6758327832251,6758328798900,966649
20034,6758328837400,6758329802679,965279
20035,6758329832123,6758330798735,966612
20036,6758330837272,6758331802699,965427
20037,6758331832014,6758332798533,966519
20038,6758332837144,6758333803663,966519
20039,6758333831885,6758334798127,966242
20040,6758334837108,6758335802035,964927
20041,6758335831831,6758336798610,966779
20042,6758336836943,6758337802092,965149
20043,6758337831666,6758338797871,966205
20044,6758338836834,6758339801927,965093
20045,6758339831538,6758340799131,967593
20046,6758340836705,6758341803465,966760
20047,6758341831502,6758342798244,966742
20048,6758342836614,6758343801448,964834
20049,6758343831337,6758344798838,967501
20050,6758344836505,6758345803079,966574
20051,6758345831227,6758346797673,966446
20052,6758346836358,6758347801766,965408
20053,6758347831136,6758348798563,967427
20054,6758348836267,6758349803082,966815
20055,6758349831008,6758350797509,966501
20056,6758350836139,6758351802658,966519
20057,6758351830917,6758352798140,967223
20058,6758352836010,6758353801567,965557
20059,6758353830807,6758354797604,966797
20060,6758354835864,6758355801087,965223
20061,6758355830661,6758356798347,967686
20062,6758356835828,6758357801273,965445
20063,6758357830570,6758358797163,966593
20064,6758358835681,6758359802256,966575
20065,6758359830404,6758360797127,966723
20066,6758360835572,6758361802887,967315
20067,6758361830295,6758362796314,966019
20068,6758362835425,6758363803518,968093
20069,6758363830185,6758364797908,967723
20070,6758364835371,6758365802038,966667
20071,6758365830057,6758366796687,966630
20072,6758366835261,6758367802021,966760
20073,6758367829818,6758368798022,968204
20074,6758368835115,6758369801560,966445
20075,6758369829875,6758370796468,966593
20076,6758370834912,6758371802524,967612
20077,6758371829746,6758372797914,968168
20078,6758372834840,6758373801581,966741
20079,6758373829618,6758374796045,966427
20080,6758374834730,6758375800916,966186
20081,6758375829472,6758376797787,968315
20082,6758376834639,6758377801084,966445
20083,6758377829399,6758378795566,966167
20084,6758378834492,6758379801234,966742
20085,6758379829252,6758380797216,967964
20086,6758380834420,6758381801457,967037
20087,6758381829180,6758382795791,966611
20088,6758382834273,6758383800977,966704
20089,6758383829033,6758384796960,967927
20090,6758384834163,6758385800905,966742
20091,6758385828905,6758386795276,966371
20092,6758386834035,6758387800591,966556
20093,6758387828814,6758388796314,967500
20094,6758388833944,6758389800463,966519
20095,6758389828741,6758390795001,966260
20096,6758390833816,6758391800594,966778
20097,6758391828613,6758392796558,967945
20098,6758392833743,6758393800281,966538
20099,6758393828448,6758394794874,966426
20100,6758394833633,6758395800449,966816
20101,6758395828393,6758396775079,946686
20102,6758396833505,6758397801450,967945
20103,6758397828247,6758398794988,966741
20104,6758398833377,6758399800045,966668
20105,6758399828119,6758400797212,969093
20106,6758400833267,6758401801083,967816
20107,6758401828046,6758402794806,966760
20108,6758402833139,6758403799696,966557
20109,6758403827918,6758404796659,968741
20110,6758404833048,6758405799660,966612
20111,6758405827790,6758406794161,966371
20112,6758406832883,6758407799476,966593
20113,6758407827680,6758408795347,967667
20114,6758408832792,6758409799718,966926
20115,6758409827589,6758410793978,966389
20116,6758410832664,6758411800479,967815
20117,6758411827479,6758412799591,972112
20118,6758412827424,6758413794258,966834
20119,6758413832481,6758414798963,966482
20120,6758414827278,6758415793982,966704
20121,6758415832389,6758416799020,966631
20122,6758416827168,6758417793650,966482
20123,6758417832280,6758418798540,966260
20124,6758418827003,6758419793318,966315
20125,6758419832207,6758420799078,966871
20126,6758420826930,6758421794060,967130
20127,6758421832079,6758422798543,966464
20128,6758422826839,6758423793340,966501
20129,6758423831951,6758424798711,966760
20130,6758424826748,6758425793193,966445
20131,6758425831804,6758426798323,966519
20132,6758426826564,6758427793380,966816
20133,6758427831713,6758428798158,966445
20134,6758428826473,6758429792714,966241
20135,6758429831603,6758430798141,966538
20136,6758430826326,6758431793901,967575
20137,6758431831475,6758432798217,966742
20138,6758432826254,6758433792717,966463
20139,6758433831366,6758434798051,966685
20140,6758434826126,6758435792534,966408
20141,6758435831256,6758436798738,967482
20142,6758436826053,6758437792739,966686
20143,6758437831146,6758438797388,966242
20144,6758438825888,6758439792629,966741
20145,6758439831018,6758440798778,967760
20146,6758440825778,6758441792964,967186
20147,6758441830927,6758442797391,966464
20148,6758442825650,6758443792225,966575
20149,6758443830836,6758444798688,967852
20150,6758444825559,6758445792059,966500
20151,6758445830708,6758446797319,966611
20152,6758446825431,6758447791802,966371
20153,6758447830561,6758448797913,967352
20154,6758448825358,6758449792210,966852
20155,6758449830433,6758450796989,966556
20156,6758450825211,6758451791860,966649
20157,6758451830397,6758452797509,967112
20158,6758452825120,6758453791750,966630
20159,6758453830232,6758454796659,966427
20160,6758454825010,6758455791104,966094
20161,6758455830104,6758456797271,967167
20162,6758456824864,6758457791309,966445
20163,6758457830013,6758458796532,966519
20164,6758458824754,6758459791310,966556
20165,6758459829903,6758460799052,969149
20166,6758460824663,6758461793997,969334
20167,6758461829756,6758462796294,966538
20168,6758462824498,6758463791054,966556
20169,6758463829647,6758464797721,968074
20170,6758464824407,6758465791018,966611
20171,6758465829537,6758466795927,966390
20172,6758466824315,6758467790761,966446
20173,6758467829390,6758468798984,969594
20174,6758468824187,6758469790632,966445
20175,6758469829299,6758470795633,966334
20176,6758470824078,6758471791560,967482
20177,6758471829245,6758472797283,968038
20178,6758472823968,6758473789895,965927
20179,6758473829135,6758474795673,966538
20180,6758474823858,6758475790285,966427
20181,6758475828970,6758476830249,1001279
20182,6758476833897,6758477830935,997038
20183,6758477834564,6758478832639,998075
20184,6758478836343,6758479832195,995852
20185,6758479835769,6758480830937,995168
20186,6758480835733,6758481832919,997186
20187,6758481836215,6758482832197,995982
20188,6758482836142,6758483831180,995038
20189,6758483834643,6758484831292,996649
20190,6758484835162,6758485832033,996871
20191,6758485835700,6758486832330,996630
20192,6758486835349,6758487833720,998371
20193,6758487837312,6758488831794,994482
20194,6758488835887,6758489832110,996223
20195,6758489835499,6758490833777,998278
20196,6758490837222,6758491834648,997426
20197,6758491838074,6758492839668,1001594
20198,6758492840816,6758493838187,997371
20199,6758493840891,6758494836484,995593
20200,6758494840058,6758495839577,999519
20201,6758495840985,6758496835634,994649
20202,6758496839522,6758497836912,997390
20203,6758497840449,6758498837950,997501
20204,6758498840709,6758499836358,995649
20205,6758499840395,6758500834711,994316
20206,6758500838581,6758501836526,997945
20207,6758501840285,6758502837971,997686
20208,6758502840323,6758503834657,994334
20209,6758503838305,6758504838991,1000686
20210,6758504840102,6758505836233,996131
20211,6758505840066,6758506839104,999038
20212,6758506840270,6758507835512,995242
20213,6758507839086,6758508835457,996371
20214,6758508838957,6758509835865,996908
20215,6758509839458,6758510836236,996778
20216,6758510839922,6758511836570,996648
20217,6758511839959,6758512835923,995964
20218,6758512839738,6758513835424,995686
20219,6758513838998,6758514835832,996834
20220,6758514839258,6758515837351,998093
20221,6758515839592,6758516834222,994630
20222,6758516838000,6758517834908,996908
20223,6758517838593,6758518834446,995853
20224,6758518838372,6758519833650,995278
20225,6758519836910,6758520833244,996334
20226,6758520837336,6758521834448,997112
20227,6758521838170,6758522835134,996964
20228,6758522839190,6758523835542,996352
20229,6758523839301,6758524832580,993279
20230,6758524836302,6758525832932,996630
20231,6758525836488,6758526832507,996019
20232,6758526836396,6758527831823,995427
20233,6758527834212,6758528829120,994908
20234,6758528833379,6758529828176,994797
20235,6758529831732,6758530827973,996241
20236,6758530831695,6758531828918,997223
20237,6758531832881,6758532827104,994223
20238,6758532830715,6758533824420,993705
20239,6758533828049,6758534824124,996075
20240,6758534828013,6758535823347,995334
20241,6758535826810,6758536828348,1001538
20242,6758536831940,6758537828071,996131
20243,6758537831460,6758538824960,993500
20244,6758538828738,6758539824220,995482
20245,6758539828035,6758540826629,998594
20246,6758540830314,6758541827926,997612
20247,6758541831426,6758542828093,996667
20248,6758542831574,6758543834946,1003372
20249,6758543837816,6758544834280,996464
20250,6758544837613,6758545879003,1041390
20251,6758545820317,6758546862763,1042446
20252,6758546825096,6758547851448,1026352
20253,6758547826430,6758548848949,1022519
20254,6758548829190,6758549834968,1005778
20255,6758549837542,6758550834228,996686
20256,6758550837562,6758551838377,1000815
20257,6758551837248,6758552830785,993537
20258,6758552835193,6758553834175,998982
20259,6758553837471,6758554833342,995871
20260,6758554836935,6758555835176,998241
20261,6758555837269,6758556835344,998075
20262,6758556837418,6758557833196,995778
20263,6758557836696,6758558833660,996964
20264,6758558837401,6758559833994,996593
20265,6758559837216,6758560832847,995631
20266,6758560836939,6758561834959,998020
20267,6758561836922,6758562832941,996019
20268,6758562835348,6758563835275,999927
20269,6758563837016,6758564843664,1006648
20270,6758564826609,6758565830554,1003945
20271,6758565834499,6758566832407,997908
20272,6758566836462,6758567833593,997131
20273,6758567836556,6758568836390,999834
20274,6758568836723,6758569836187,999464
20275,6758569836668,6758570834484,997816
20276,6758570836706,6758571836429,999723
20277,6758571836744,6758572834744,998000
20278,6758572836670,6758573844338,1007668
20279,6758573824134,6758574858987,1034853
20280,6758574834061,6758575848210,1014149
20281,6758575829635,6758576842729,1013094
20282,6758576824266,6758577830100,1005834
20283,6758577833452,6758578829971,996519
20284,6758578833323,6758579844638,1011315
20285,6758579826009,6758580832602,1006593
20286,6758580835917,6758581836455,1000538
20287,6758581835918,6758582830548,994630
20288,6758582833529,6758583836938,1003409
20289,6758583835938,6758584833401,997463
20290,6758584835772,6758585849532,1013760
20291,6758585831180,6758586841088,1009908
20292,6758586823773,6758587826126,1002353
20293,6758587829478,6758588828997,999519
20294,6758588832737,6758589831294,998557
20295,6758589835405,6758590834276,998871
20296,6758590835146,6758591835092,999946
20297,6758591835036,6758592810129,975093
20298,6758592817370,6758593784611,967241
20299,6758593822241,6758594789168,966927
20300,6758594817131,6758595784243,967112
20301,6758595822113,6758596792151,970038
20302,6758596816854,6758597783503,966649
20303,6758597822022,6758598788671,966649
20304,6758598816763,6758599783153,966390
20305,6758599821875,6758600790505,968630
20306,6758600816635,6758601786395,969760
20307,6758601821765,6758602787674,965909
20308,6758602816544,6758603783137,966593
20309,6758603821656,6758604790953,969297
20310,6758604816434,6758605781787,965353
20311,6758605821491,6758606788306,966815
20312,6758606816288,6758607783418,967130
20313,6758607821418,6758608789789,968371
20314,6758608816196,6758609783031,966835
20315,6758609821290,6758610788309,967019
20316,6758610816068,6758611783069,967001
20317,6758611821162,6758612789885,968723
20318,6758612815940,6758613782404,966464
20319,6758613821089,6758614788016,966927
20320,6758614815849,6758615782461,966612
20321,6758615820961,6758616790276,969315
20322,6758616815758,6758617782944,967186
20323,6758617820851,6758618787815,966964
20324,6758618815630,6758619782167,966537
20325,6758619820723,6758620788631,967908
20326,6758620815520,6758621785002,969482
20327,6758621820632,6758622788207,967575
20328,6758622815392,6758623782022,966630
20329,6758623820522,6758624787504,966982
20330,6758624815301,6758625782135,966834
20331,6758625820394,6758626787172,966778
20332,6758626815135,6758627781692,966557
20333,6758627820247,6758628787711,967464
20334,6758628815174,6758629782323,967149
20335,6758629820193,6758630788046,967853
20336,6758630815046,6758631781732,966686
20337,6758631820102,6758632800399,980297
20338,6758632814936,6758633782474,967538
20339,6758633819937,6758634786752,966815
20340,6758634814660,6758635781698,967038
20341,6758635819772,6758636786569,966797
20342,6758636814569,6758637781347,966778
20343,6758637819699,6758638786403,966704
20344,6758638814422,6758639781200,966778
20345,6758639819589,6758640786386,966797
20346,6758640814349,6758641780961,966612
20347,6758641819443,6758642787666,968223
20348,6758642814240,6758643781148,966908
20349,6758643819315,6758644786056,966741
20350,6758644814130,6758645780909,966779
20351,6758645819242,6758646785983,966741
20352,6758646813983,6758647780595,966612
20353,6758647819132,6758648785929,966797
20354,6758648813892,6758649780615,966723
20355,6758649819004,6758650785801,966797
20356,6758650813727,6758651780617,966890
20357,6758651818876,6758652785914,967038
20358,6758652813673,6758653780025,966352
20359,6758653818748,6758654785674,966926
20360,6758654813508,6758655780286,966778
20361,6758655818657,6758656784991,966334
20362,6758656813417,6758657780084,966667
20363,6758657818528,6758658785362,966834
20364,6758658813288,6758659779826,966538
20365,6758659818382,6758660785808,967426
20366,6758660813197,6758661780346,967149
20367,6758661818309,6758662786421,968112
20368,6758662813069,6758663780162,967093
20369,6758663818199,6758664786126,967927
20370,6758664812996,6758665779923,966927
20371,6758665818071,6758666784831,966760
20372,6758666812831,6758667779517,966686
20373,6758667817943,6758668784499,966556
20374,6758668812740,6758669779815,967075
20375,6758669818019,6758670784445,966426
20376,6758670812630,6758671779594,966964
20377,6758671817724,6758672786373,968649
20378,6758672812687,6758673780114,967427
20379,6758673817633,6758674784911,967278
20380,6758674812393,6758675790727,978334
20381,6758675812430,6758676779542,967112
20382,6758676817524,6758677784543,967019
20383,6758677812247,6758678779321,967074
20384,6758678817377,6758679784230,966853
20385,6758679812137,6758680778897,966760
20386,6758680817286,6758681784324,967038
20387,6758681812009,6758682779954,967945
20388,6758682817139,6758683784084,966945
20389,6758683811918,6758684779474,967556
20390,6758684816974,6758685783641,966667
20391,6758685811752,6758686778494,966742
20392,6758686816901,6758687783680,966779
20393,6758687811643,6758688778014,966371
20394,6758688816792,6758689783496,966704
20395,6758689811533,6758690778386,966853
20396,6758690816682,6758691783609,966927
20397,6758691811405,6758692778258,966853
20398,6758692816609,6758693783851,967242
20399,6758693811277,6758694778111,966834
20400,6758694816370,6758695783315,966945
20401,6758695811204,6758696777983,966779
20402,6758696816316,6758697783409,967093
20403,6758697811039,6758698777688,966649
20404,6758698816188,6758699782726,966538
20405,6758699810929,6758700778171,967242
20406,6758700816078,6758701782616,966538
20407,6758701810838,6758702779228,968390
20408,6758702815950,6758703782710,966760
20409,6758703810728,6758704777414,966686
20410,6758704815840,6758705782619,966779
20411,6758705810563,6758706777305,966742
20412,6758706815731,6758707782454,966723
20413,6758707810528,6758708777084,966556
20414,6758708815658,6758709782288,966630
20415,6758709810344,6758710777104,966760
20416,6758710815530,6758711782142,966612
20417,6758711810253,6758712777402,967149
20418,6758712815420,6758713782162,966742
20419,6758713810162,6758714777162,967000
20420,6758714815274,6758715782126,966852
20421,6758715810034,6758716776516,966482
20422,6758716815145,6758717782072,966927
20423,6758717809942,6758718776795,966853
20424,6758718815017,6758719781796,966779
20425,6758719809833,6758720777352,967519
20426,6758720815019,6758721781649,966630
20427,6758721809686,6758722778483,968797
20428,6758722814872,6758723781317,966445
20429,6758723809558,6758724779040,969482
20430,6758724815059,6758725782504,967445
20431,6758725809485,6758726781560,972075
20432,6758726816486,6758727783450,966964
20433,6758727809801,6758728779376,969575
20434,6758728815561,6758729786951,971390
20435,6758729809970,6758730819841,1009871
20436,6758730822970,6758731820304,997334
20437,6758731824323,6758732834805,1010482
20438,6758732816101,6758733839158,1023057
20439,6758733820769,6758734829751,1008982
20440,6758734828288,6758735841493,1013205
20441,6758735816752,6758737081123,1264371
