seq,irq_ts_ns,recv_ts_ns,latency_ns
0,190085807777,190285126449,199318672
1,190085807777,190285134783,199327006
2,190085807777,190285136894,199329117
3,190085807777,190285138949,199331172
4,190085807777,190285141838,199334061
5,190085807777,190285144931,199337154
6,190085807777,190285146857,199339080
7,190085807777,190285149986,199342209
8,190085807777,190285151875,199344098
9,190085807777,190285153875,199346098
10,190085807777,190285156968,199349191
11,190085807777,190285158912,199351135
12,190085807777,190285162023,199354246
13,190085807777,190285163894,199356117
14,190085807777,190285166505,199358728
15,190085807777,190285169598,199361821
16,190085807777,190285171523,199363746
17,190085807777,190285174746,199366969
18,190085807777,190285176635,199368858
19,190085807777,190285178486,199370709
20,190085807777,190285180375,199372598
21,190085807777,190285192542,199384765
22,190085807777,190285195875,199388098
23,190085807777,190285197727,199389950
24,190085807777,190285199635,199391858
25,190085807777,190285201616,199393839
26,190085807777,190285204690,199396913
27,190085807777,190285206542,199398765
28,190085807777,190285208561,199400784
29,190085807777,190285211709,199403932
30,190085807777,190285213635,199405858
31,190085807777,190285216727,199408950
32,190085807777,190285218579,199410802
33,190085807777,190285221172,199413395
34,190085807777,190285224487,199416710
35,190085807777,190285226339,199418562
36,190085807777,190285229431,199421654
37,190085807777,190285231283,199423506
38,190085807777,190285234431,199426654
39,190085807777,190285236283,199428506
40,190085807777,190285238302,199430525
41,190085807777,190285241376,199433599
42,190085807777,190285243246,199435469
43,190085807777,190285246320,199438543
44,190085807777,190285248172,199440395
45,190085807777,190285254709,199446932
46,190085807777,190285258154,199450377
47,190085807777,190285260079,199452302
48,190085807777,190285263172,199455395
49,190085807777,190285265005,199457228
50,190085807777,190285268191,199460414
51,190085807777,190285270209,199462432
52,190085807777,190285273376,199465599
53,190085807777,190285275339,199467562
54,190085807777,190285277931,199470154
55,190085807777,190285281061,199473284
56,190085807777,190285282913,199475136
57,190085807777,190285284987,199477210
58,190085807777,190285288135,199480358
59,190085807777,190285290024,199482247
60,190085807777,190285292024,199484247
61,190085807777,190285295154,199487377
62,190085807777,190285297043,199489266
63,190085807777,190285301561,199493784
64,190085807777,190285303543,199495766
65,190085807777,190285306746,199498969
66,190085807777,190285308635,199500858
67,190085807777,190285311098,199503321
68,190085807777,190285314172,199506395
69,190085807777,190285316024,199508247
70,190085807777,190285318117,199510340
71,190085807777,190285321265,199513488
72,190085807777,190285323135,199515358
73,190085807777,190285325117,199517340
74,190085807777,190285328376,199520599
75,190085807777,190285330321,199522544
76,190085807777,190285333024,199525247
77,190085807777,190285336302,199528525
78,190085807777,190285338191,199530414
79,190085807777,190285340710,199532933
80,190085807777,190285344006,199536229
81,190085807777,190285345969,199538192
82,190085807777,190285349302,199541525
83,190085807777,190285351228,199543451
84,190085807777,190285366932,199559155
85,190085807777,190285370154,199562377
86,190085807777,190285372043,199564266
87,190085807777,190285373895,199566118
88,190085807777,190285375987,199568210
89,190085807777,190285379043,199571266
90,190085807777,190285380932,199573155
91,190085807777,190285383432,199575655
92,190085807777,190285386506,199578729
93,190085807777,190285388432,199580655
94,190085807777,190285391488,199583711
95,190085807777,190285393339,199585562
96,190085807777,190285396451,199588674
97,190085807777,190285398302,199590525
98,190085807777,190285400414,199592637
99,190085807777,190285403488,199595711
100,190085807777,190285405358,199597581
101,190085807777,190285408432,199600655
102,190085807777,190285410358,199602581
103,190085807777,190285413580,199605803
104,190085807777,190285415432,199607655
105,190085807777,190285420136,199612359
106,190085807777,190285422080,199614303
107,190085807777,190285423969,199616192
108,190085807777,190285436395,199628618
109,190085807777,190285438284,199630507
110,190085807777,190285440192,199632415
111,190085807777,190285442025,199634248
112,190085807777,190285444506,199636729
113,190085807777,190285447580,199639803
114,190085807777,190285449488,199641711
115,190085807777,190285452562,199644785
116,190085807777,190285454414,199646637
117,190085807777,190285456895,199649118
118,190085807777,190285459988,199652211
119,190085807777,190285461840,199654063
120,190085807777,190285464895,199657118
121,190085807777,190285466766,199658989
122,190085807777,190285469895,199662118
123,190085807777,190285471766,199663989
124,190085807777,190285473858,199666081
125,190085807777,190285476951,199669174
126,190085807777,190285478821,199671044
127,190085807777,190285481895,199674118
276,190085807777,190285483747,199675970
277,190085807777,190485694092,399886315
278,190085807777,190485697851,399890074
279,190085807777,190485699721,399891944
280,190085807777,190485701592,399893815
281,190085807777,190485703443,399895666
282,190085807777,190485706129,399898352
283,190085807777,190485709166,399901389
284,190085807777,190485710999,399903222
285,190085807777,190485713110,399905333
286,190085807777,190485716332,399908555
287,190085807777,190485718184,399910407
288,190085807777,190485721388,399913611
289,190085807777,190485723240,399915463
290,190085807777,190485726592,399918815
291,190085807777,190485728462,399920685
292,190085807777,190485731129,399923352
293,190085807777,190485734425,399926648
294,190085807777,190485736407,399928630
295,190085807777,190485739629,399931852
296,190085807777,190485741481,399933704
297,190085807777,190485744814,399937037
298,190085807777,190485746740,399938963
299,190085807777,190485748592,399940815
300,190085807777,190485750425,399942648
301,190085807777,190485752277,399944500
302,190085807777,190485763481,399955704
303,190085807777,190485765333,399957556
304,190085807777,190485767185,399959408
305,190085807777,190485769036,399961259
306,190085807777,190485770925,399963148
307,190085807777,190485774092,399966315
308,190085807777,190485776703,399968926
309,190085807777,190485779888,399972111
310,190085807777,190485781814,399974037
311,190085807777,190485783796,399976019
312,190085807777,190485786944,399979167
313,190085807777,190485788796,399981019
314,190085807777,190485790814,399983037
315,190085807777,190485793925,399986148
316,190085807777,190485795777,399988000
317,190085807777,190485798259,399990482
318,190085807777,190485801463,399993686
319,190085807777,190485803314,399995537
320,190085807777,190485805314,399997537
321,190085807777,190485808425,400000648
322,190085807777,190485810314,400002537
323,190085807777,190485812333,400004556
324,190085807777,190485815500,400007723
325,190085807777,190485817333,400009556
326,190085807777,190485819259,400011482
327,190085807777,190485828277,400020500
328,190085807777,190485830129,400022352
329,190085807777,190485833203,400025426
330,190085807777,190485835092,400027315
331,190085807777,190485837074,400029297
332,190085807777,190485840166,400032389
333,190085807777,190485842018,400034241
334,190085807777,190485845185,400037408
335,190085807777,190485847037,400039260
336,190085807777,190485850203,400042426
337,190085807777,190485852055,400044278
338,190085807777,190485854592,400046815
339,190085807777,190485857833,400050056
340,190085807777,190485859685,400051908
341,190085807777,190485862944,400055167
342,190085807777,190485864852,400057075
343,190085807777,190485868037,400060260
344,190085807777,190485869907,400062130
345,190085807777,190485873111,400065334
346,190085807777,190485875000,400067223
347,190085807777,190485878889,400071112
348,190085807777,190485880759,400072982
349,190085807777,190485883963,400076186
350,190085807777,190485885889,400078112
351,190085807777,190485887852,400080075
352,190085807777,190485890944,400083167
353,190085807777,190485892796,400085019
354,190085807777,190485895944,400088167
355,190085807777,190485945945,400138168
356,190085807777,190485948074,400140297
357,190085807777,190485951241,400143464
358,190085807777,190485953111,400145334
359,190085807777,190485955593,400147816
360,190085807777,190485958667,400150890
361,190085807777,190485960537,400152760
362,190085807777,190485963649,400155872
363,190085807777,190485965500,400157723
364,190085807777,190485968556,400160779
365,190085807777,190485970426,400162649
366,190085807777,190485972889,400165112
367,190085807777,190485976074,400168297
368,190085807777,190485977926,400170149
369,190085807777,190485981167,400173390
370,190085807777,190485983056,400175279
371,190085807777,190485986334,400178557
372,190085807777,190485988186,400180409
373,190085807777,190485990278,400182501
374,190085807777,190485992204,400184427
375,190085807777,190486003038,400195261
376,190085807777,190486006501,400198724
377,190085807777,190486008334,400200557
378,190085807777,190486010223,400202446
379,190085807777,190486012056,400204279
380,190085807777,190486014667,400206890
381,190085807777,190486017741,400209964
382,190085807777,190486019630,400211853
383,190085807777,190486021612,400213835
384,190085807777,190486024704,400216927
385,190085807777,190486026556,400218779
386,190085807777,190486029667,400221890
387,190085807777,190486031538,400223761
388,190085807777,190486034612,400226835
389,190085807777,190486036445,400228668
390,190085807777,190486039001,400231224
391,190085807777,190486042093,400234316
392,190085807777,190486043945,400236168
393,190085807777,190486047019,400239242
394,190085807777,190486048908,400241131
395,190085807777,190486051982,400244205
396,190085807777,190486053816,400246039
397,190085807777,190486056445,400248668
398,190085807777,190486058427,400250650
399,190085807777,190486060242,400252465
400,190085807777,190486067760,400259983
401,190085807777,190486071186,400263409
402,190085807777,190486073094,400265317
403,190085807777,190486076186,400268409
404,190085807777,190486078056,400270279
554,190085807777,190486081131,400273354
555,190085807777,190686213845,600406068
556,190085807777,190686217752,600409975
557,190085807777,190686219604,600411827
558,190085807777,190686221456,600413679
559,190085807777,190686223493,600415716
560,190085807777,190686226530,600418753
561,190085807777,190686228586,600420809
562,190085807777,190686231678,600423901
563,190085807777,190686233660,600425883
564,190085807777,190686236808,600429031
565,190085807777,190686238678,600430901
566,190085807777,190686241789,600434012
567,190085807777,190686243678,600435901
568,190085807777,190686245678,600437901
569,190085807777,190686248771,600440994
570,190085807777,190686250623,600442846
571,190085807777,190686253734,600445957
572,190085807777,190686255567,600447790
573,190085807777,190686258641,600450864
574,190085807777,190686260512,600452735
575,190085807777,190686263123,600455346
576,190085807777,190686266197,600458420
577,190085807777,190686268049,600460272
578,190085807777,190686269882,600462105
579,190085807777,190686280549,600472772
580,190085807777,190686283938,600476161
581,190085807777,190686285790,600478013
582,190085807777,190686287623,600479846
583,190085807777,190686289567,600481790
584,190085807777,190686293290,600485513
585,190085807777,190686295142,600487365
586,190085807777,190686298271,600490494
587,190085807777,190686300290,600492513
588,190085807777,190686303401,600495624
589,190085807777,190686305234,600497457
590,190085807777,190686307271,600499494
591,190085807777,190686310401,600502624
592,190085807777,190686312253,600504476
593,190085807777,190686314234,600506457
594,190085807777,190686317345,600509568
595,190085807777,190686319216,600511439
596,190085807777,190686323475,600515698
597,190085807777,190686325512,600517735
598,190085807777,190686328623,600520846
599,190085807777,190686330494,600522717
600,190085807777,190686333012,600525235
601,190085807777,190686335901,600528124
602,190085807777,190686337771,600529994
603,190085807777,190686345512,600537735
604,190085807777,190686348901,600541124
605,190085807777,190686350771,600542994
606,190085807777,190686353920,600546143
607,190085807777,190686355938,600548161
608,190085807777,190686359031,600551254
609,190085807777,190686360883,600553106
610,190085807777,190686363957,600556180
611,190085807777,190686365846,600558069
612,190085807777,190686368975,600561198
613,190085807777,190686370809,600563032
614,190085807777,190686373420,600565643
615,190085807777,190686376531,600568754
616,190085807777,190686378401,600570624
617,190085807777,190686381512,600573735
618,190085807777,190686383364,600575587
619,190085807777,190686386438,600578661
620,190085807777,190686388272,600580495
621,190085807777,190686390864,600583087
622,190085807777,190686393938,600586161
623,190085807777,190686395920,600588143
624,190085807777,190686399068,600591291
625,190085807777,190686400920,600593143
626,190085807777,190686404161,600596384
627,190085807777,190686406031,600598254
628,190085807777,190686409235,600601458
629,190085807777,190686411105,600603328
630,190085807777,190686415457,600607680
631,190085807777,190686417346,600609569
632,190085807777,190686420438,600612661
633,190085807777,190686422290,600614513
634,190085807777,190686424272,600616495
635,190085807777,190686427383,600619606
636,190085807777,190686429235,600621458
637,190085807777,190686432309,600624532
638,190085807777,190686434161,600626384
639,190085807777,190686437309,600629532
640,190085807777,190686439161,600631384
641,190085807777,190686452902,600645125
642,190085807777,190686456272,600648495
643,190085807777,190686458198,600650421
644,190085807777,190686460031,600652254
645,190085807777,190686461883,600654106
646,190085807777,190686463865,600656088
647,190085807777,190686466976,600659199
648,190085807777,190686468828,600661051
649,190085807777,190686470883,600663106
650,190085807777,190686473939,600666162
651,190085807777,190686475846,600668069
652,190085807777,190686478920,600671143
653,190085807777,190686480772,600672995
654,190085807777,190686483383,600675606
655,190085807777,190686486494,600678717
656,190085807777,190686488328,600680551
657,190085807777,190686491402,600683625
658,190085807777,190686493291,600685514
659,190085807777,190686496402,600688625
660,190085807777,190686498254,600690477
661,190085807777,190686502457,600694680
662,190085807777,190686504328,600696551
663,190085807777,190686506920,600699143
664,190085807777,190686509365,600701588
665,190085807777,190686511217,600703440
666,190085807777,190686521420,600713643
667,190085807777,190686524661,600716884
668,190085807777,190686526513,600718736
669,190085807777,190686528365,600720588
670,190085807777,190686530217,600722440
671,190085807777,190686533384,600725607
672,190085807777,190686535254,600727477
673,190085807777,190686538309,600730532
674,190085807777,190686540143,600732366
675,190085807777,190686542661,600734884
676,190085807777,190686545735,600737958
677,190085807777,190686547606,600739829
678,190085807777,190686550680,600742903
679,190085807777,190686552587,600744810
680,190085807777,190686555624,600747847
681,190085807777,190686557476,600749699
682,190085807777,190686559958,600752181
831,190085807777,190686563069,600755292
832,190085807777,190886768061,800960284
833,190085807777,190886771746,800963969
834,190085807777,190886773728,800965951
835,190085807777,190886776969,800969192
836,190085807777,190886779006,800971229
837,190085807777,190886782098,800974321
838,190085807777,190886783969,800976192
839,190085807777,190886787098,800979321
840,190085807777,190886801691,800993914
841,190085807777,190886803580,800995803
842,190085807777,190886805432,800997655
843,190085807777,190886807339,800999562
844,190085807777,190886809210,801001433
845,190085807777,190886812358,801004581
846,190085807777,190886814339,801006562
847,190085807777,190886817469,801009692
848,190085807777,190886819321,801011544
849,190085807777,190886822432,801014655
850,190085807777,190886824284,801016507
851,190085807777,190886827395,801019618
852,190085807777,190886829247,801021470
853,190085807777,190886831913,801024136
854,190085807777,190886835025,801027248
855,190085807777,190886836913,801029136
856,190085807777,190886840006,801032229
857,190085807777,190886872136,801064359
858,190085807777,190886874099,801066322
859,190085807777,190886876006,801068229
860,190085807777,190886878636,801070859
861,190085807777,190886881766,801073989
862,190085807777,190886883729,801075952
863,190085807777,190886886914,801079137
864,190085807777,190886888766,801080989
865,190085807777,190886891488,801083711
866,190085807777,190886894599,801086822
867,190085807777,190886896506,801088729
868,190085807777,190886900321,801092544
869,190085807777,190886903840,801096063
870,190085807777,190886907025,801099248
871,190085807777,190886908932,801101155
872,190085807777,190886912155,801104378
873,190085807777,190886914025,801106248
874,190085807777,190886917210,801109433
875,190085807777,190886919099,801111322
876,190085807777,190886921081,801113304
877,190085807777,190886922914,801115137
878,190085807777,190886924766,801116989
879,190085807777,190886932562,801124785
880,190085807777,190886935988,801128211
881,190085807777,190886937858,801130081
882,190085807777,190886940951,801133174
883,190085807777,190886942840,801135063
884,190085807777,190886944821,801137044
885,190085807777,190886947877,801140100
886,190085807777,190886949729,801141952
887,190085807777,190886952840,801145063
888,190085807777,190886954710,801146933
889,190085807777,190886957784,801150007
890,190085807777,190886959636,801151859
891,190085807777,190886962247,801154470
892,190085807777,190886965322,801157545
893,190085807777,190886967192,801159415
894,190085807777,190886970285,801162508
895,190085807777,190886972192,801164415
896,190085807777,190886975285,801167508
897,190085807777,190886977155,801169378
898,190085807777,190886979192,801171415
899,190085807777,190886982414,801174637
900,190085807777,190886984303,801176526
901,190085807777,190886987507,801179730
902,190085807777,190886989377,801181600
903,190085807777,190886992618,801184841
904,190085807777,190886994470,801186693
905,190085807777,190886997748,801189971
906,190085807777,190886999599,801191822
907,190085807777,190887001655,801193878
908,190085807777,190887004877,801197100
909,190085807777,190887006748,801198971
910,190085807777,190887009970,801202193
911,190085807777,190887011877,801204100
912,190085807777,190887015100,801207323
913,190085807777,190887016951,801209174
914,190085807777,190887020229,801212452
915,190085807777,190887022118,801214341
916,190085807777,190887024637,801216860
917,190085807777,190887027877,801220100
918,190085807777,190887041026,801233249
919,190085807777,190887044433,801236656
920,190085807777,190887046266,801238489
921,190085807777,190887048137,801240360
922,190085807777,190887049989,801242212
923,190085807777,190887053155,801245378
924,190085807777,190887055174,801247397
925,190085807777,190887058248,801250471
926,190085807777,190887060118,801252341
927,190085807777,190887063211,801255434
928,190085807777,190887065063,801257286
929,190085807777,190887068137,801260360
930,190085807777,190887070007,801262230
931,190085807777,190887072618,801264841
932,190085807777,190887075692,801267915
933,190085807777,190887077581,801269804
934,190085807777,190887080674,801272897
935,190085807777,190887082581,801274804
936,190085807777,190887085655,801277878
937,190085807777,190887087526,801279749
938,190085807777,190887091822,801284045
939,190085807777,190887093711,801285934
940,190085807777,190887095563,801287786
941,190085807777,190887097433,801289656
942,190085807777,190887111526,801303749
943,190085807777,190887115156,801307379
944,190085807777,190887117026,801309249
945,190085807777,190887118878,801311101
946,190085807777,190887120730,801312953
947,190085807777,190887123248,801315471
948,190085807777,190887126341,801318564
949,190085807777,190887128193,801320416
950,190085807777,190887131285,801323508
951,190085807777,190887133174,801325397
952,190085807777,190887136248,801328471
953,190085807777,190887138119,801330342
954,190085807777,190887140156,801332379
955,190085807777,190887143378,801335601
956,190085807777,190887145248,801337471
957,190085807777,190887148489,801340712
958,190085807777,190887150359,801342582
959,190085807777,190887153637,801345860
1109,190085807777,190887155489,801347712
1110,190085807777,191087362259,1001554482
1111,190085807777,191087366333,1001558556
1112,190085807777,191087368482,1001560705
1113,190085807777,191087371889,1001564112
1114,190085807777,191087373908,1001566131
1115,190085807777,191087377000,1001569223
1116,190085807777,191087379000,1001571223
1117,190085807777,191087382093,1001574316
1118,190085807777,191087383963,1001576186
1119,190085807777,191087387056,1001579279
1120,190085807777,191087388963,1001581186
1121,190085807777,191087403463,1001595686
1122,190085807777,191087406834,1001599057
1123,190085807777,191087408704,1001600927
1124,190085807777,191087410574,1001602797
1125,190085807777,191087412426,1001604649
1126,190085807777,191087414408,1001606631
1127,190085807777,191087417482,1001609705
1128,190085807777,191087419371,1001611594
1129,190085807777,191087422519,1001614742
1130,190085807777,191087424371,1001616594
1131,190085807777,191087427482,1001619705
1132,190085807777,191087429371,1001621594
1133,190085807777,191087432500,1001624723
1134,190085807777,191087434352,1001626575
1135,190085807777,191087437482,1001629705
1136,190085807777,191087439371,1001631594
1137,190085807777,191087442501,1001634724
1138,190085807777,191087444352,1001636575
1139,190085807777,191087447482,1001639705
1140,190085807777,191087449352,1001641575
1141,190085807777,191087452482,1001644705
1142,190085807777,191087454334,1001646557
1143,190085807777,191087457445,1001649668
1144,190085807777,191087459334,1001651557
1145,190085807777,191087461186,1001653409
1146,190085807777,191087470723,1001662946
1147,190085807777,191087474075,1001666298
1148,190085807777,191087475964,1001668187
1149,190085807777,191087477815,1001670038
1150,190085807777,191087479667,1001671890
1151,190085807777,191087481667,1001673890
1152,190085807777,191087485001,1001677224
1153,190085807777,191087486871,1001679094
1154,190085807777,191087490001,1001682224
1155,190085807777,191087492538,1001684761
1156,190085807777,191087495667,1001687890
1157,190085807777,191087497538,1001689761
1158,190085807777,191087500649,1001692872
1159,190085807777,191087505353,1001697576
1160,190085807777,191087507501,1001699724
1161,190085807777,191087510668,1001702891
1162,190085807777,191087512519,1001704742
1163,190085807777,191087515612,1001707835
1164,190085807777,191087517668,1001709891
1165,190085807777,191087520760,1001712983
1166,190085807777,191087522631,1001714854
1167,190085807777,191087525760,1001717983
1168,190085807777,191087527705,1001719928
1169,190085807777,191087529556,1001721779
1170,190085807777,191087536816,1001729039
1171,190085807777,191087540186,1001732409
1172,190085807777,191087542094,1001734317
1173,190085807777,191087545168,1001737391
1174,190085807777,191087547223,1001739446
1175,190085807777,191087550408,1001742631
1176,190085807777,191087552316,1001744539
1177,190085807777,191087555446,1001747669
1178,190085807777,191087557316,1001749539
1179,190085807777,191087560464,1001752687
1180,190085807777,191087562353,1001754576
1181,190085807777,191087565483,1001757706
1182,190085807777,191087567353,1001759576
1183,190085807777,191087570483,1001762706
1184,190085807777,191087572372,1001764595
1185,190085807777,191087575501,1001767724
1186,190085807777,191087577353,1001769576
1187,190085807777,191087580409,1001772632
1188,190085807777,191087582409,1001774632
1189,190085807777,191087585520,1001777743
1190,190085807777,191087587390,1001779613
1191,190085807777,191087590520,1001782743
1192,190085807777,191087592409,1001784632
1193,190085807777,191087595631,1001787854
1194,190085807777,191087597483,1001789706
1195,190085807777,191087600761,1001792984
1196,190085807777,191087602668,1001794891
1197,190085807777,191087605946,1001798169
1198,190085807777,191087607816,1001800039
1199,190085807777,191087611094,1001803317
1200,190085807777,191087612964,1001805187
1201,190085807777,191087616261,1001808484
1202,190085807777,191087618113,1001810336
1203,190085807777,191087621390,1001813613
1204,190085807777,191087623279,1001815502
1205,190085807777,191087626538,1001818761
1206,190085807777,191087651076,1001843299
1207,190085807777,191087653002,1001845225
1208,190085807777,191087654890,1001847113
1209,190085807777,191087658002,1001850225
1210,190085807777,191087659890,1001852113
1211,190085807777,191087662983,1001855206
1212,190085807777,191087664891,1001857114
1213,190085807777,191087668002,1001860225
1214,190085807777,191087669872,1001862095
1215,190085807777,191087672983,1001865206
1216,190085807777,191087674872,1001867095
1217,190085807777,191087677983,1001870206
1218,190085807777,191087679854,1001872077
1219,190085807777,191087682983,1001875206
1220,190085807777,191087684872,1001877095
1221,190085807777,191087687946,1001880169
1222,190085807777,191087689798,1001882021
1223,190085807777,191087692909,1001885132
1224,190085807777,191087694798,1001887021
1225,190085807777,191087697909,1001890132
1226,190085807777,191087699780,1001892003
1227,190085807777,191087701631,1001893854
1228,190085807777,191087703520,1001895743
1229,190085807777,191087713891,1001906114
1230,190085807777,191087717113,1001909336
1231,190085807777,191087718965,1001911188
1232,190085807777,191087720854,1001913077
1233,190085807777,191087722706,1001914929
1234,190085807777,191087725835,1001918058
1235,190085807777,191087727706,1001919929
1236,190085807777,191087730891,1001923114
1237,190085807777,191087732761,1001924984
1387,190085807777,191287790783,1201983006
1388,190085807777,191287794542,1201986765
1389,190085807777,191287796487,1201988710
1390,190085807777,191287798394,1201990617
1391,190085807777,191287800264,1201992487
1392,190085807777,191287803394,1201995617
1393,190085807777,191287805450,1201997673
1394,190085807777,191287808579,1202000802
1395,190085807777,191287811024,1202003247
1396,190085807777,191287814246,1202006469
1397,190085807777,191287816653,1202008876
1398,190085807777,191287819857,1202012080
1399,190085807777,191287821839,1202014062
1400,190085807777,191287825042,1202017265
1401,190085807777,191287827061,1202019284
1402,190085807777,191287830283,1202022506
1403,190085807777,191287832264,1202024487
1404,190085807777,191287835450,1202027673
1405,190085807777,191287837431,1202029654
1406,190085807777,191287840616,1202032839
1407,190085807777,191287842616,1202034839
1408,190085807777,191287845709,1202037932
1409,190085807777,191287847616,1202039839
1410,190085807777,191287857376,1202049599
1411,190085807777,191287860616,1202052839
1412,190085807777,191287862468,1202054691
1413,190085807777,191287864357,1202056580
1414,190085807777,191287866228,1202058451
1415,190085807777,191287869320,1202061543
1416,190085807777,191287871783,1202064006
1417,190085807777,191287874931,1202067154
1418,190085807777,191287876931,1202069154
1419,190085807777,191287880080,1202072303
1420,190085807777,191287882061,1202074284
1421,190085807777,191287885228,1202077451
1422,190085807777,191287887191,1202079414
1423,190085807777,191287890320,1202082543
1424,190085807777,191287892302,1202084525
1425,190085807777,191287895469,1202087692
1426,190085807777,191287897450,1202089673
1427,190085807777,191287900598,1202092821
1428,190085807777,191287902580,1202094803
1429,190085807777,191287905783,1202098006
1430,190085807777,191287907783,1202100006
1431,190085807777,191287910950,1202103173
1432,190085807777,191287912820,1202105043
1433,190085807777,191287914709,1202106932
1434,190085807777,191287921839,1202114062
1435,190085807777,191287925376,1202117599
1436,190085807777,191287927358,1202119581
1437,190085807777,191287930543,1202122766
1438,190085807777,191287932543,1202124766
1439,190085807777,191287935728,1202127951
1440,190085807777,191287937709,1202129932
1441,190085807777,191287940950,1202133173
1442,190085807777,191287942932,1202135155
1443,190085807777,191287946080,1202138303
1444,190085807777,191287948080,1202140303
1445,190085807777,191287951339,1202143562
1446,190085807777,191287953321,1202145544
1447,190085807777,191287956524,1202148747
1448,190085807777,191287958506,1202150729
1449,190085807777,191287961691,1202153914
1450,190085807777,191287963673,1202155896
1451,190085807777,191287966858,1202159081
1452,190085807777,191287968839,1202161062
1453,190085807777,191287972099,1202164322
1454,190085807777,191287974080,1202166303
1455,190085807777,191287977284,1202169507
1456,190085807777,191287979265,1202171488
1457,190085807777,191287982487,1202174710
1458,190085807777,191287984487,1202176710
1459,190085807777,191287987654,1202179877
1460,190085807777,191287989654,1202181877
1461,190085807777,191287992895,1202185118
1462,190085807777,191287994876,1202187099
1463,190085807777,191287998062,1202190285
1464,190085807777,191288000043,1202192266
1465,190085807777,191288008802,1202201025
1466,190085807777,191288010654,1202202877
1467,190085807777,191288013747,1202205970
1468,190085807777,191288015617,1202207840
1469,190085807777,191288018728,1202210951
1470,190085807777,191288033395,1202225618
1471,190085807777,191288035265,1202227488
1472,190085807777,191288037136,1202229359
1473,190085807777,191288039025,1202231248
1474,190085807777,191288040895,1202233118
1475,190085807777,191288044025,1202236248
1476,190085807777,191288046617,1202238840
1477,190085807777,191288049654,1202241877
1478,190085807777,191288051506,1202243729
1479,190085807777,191288054636,1202246859
1480,190085807777,191288056488,1202248711
1481,190085807777,191288059636,1202251859
1482,190085807777,191288061506,1202253729
1483,190085807777,191288064599,1202256822
1484,190085807777,191288066469,1202258692
1485,190085807777,191288069580,1202261803
1486,190085807777,191288071432,1202263655
1487,190085807777,191288074525,1202266748
1488,190085807777,191288076395,1202268618
1489,190085807777,191288079543,1202271766
1490,190085807777,191288081414,1202273637
1491,190085807777,191288084525,1202276748
1492,190085807777,191288086395,1202278618
1493,190085807777,191288088321,1202280544
1494,190085807777,191288098432,1202290655
1495,190085807777,191288101803,1202294026
1496,190085807777,191288103655,1202295878
1497,190085807777,191288105581,1202297804
1498,190085807777,191288107525,1202299748
1499,190085807777,191288110599,1202302822
1500,190085807777,191288112451,1202304674
1501,190085807777,191288115525,1202307748
1502,190085807777,191288117377,1202309600
1503,190085807777,191288120488,1202312711
1504,190085807777,191288122340,1202314563
1505,190085807777,191288125433,1202317656
1506,190085807777,191288127303,1202319526
1507,190085807777,191288130433,1202322656
1508,190085807777,191288132284,1202324507
1509,190085807777,191288135451,1202327674
1510,190085807777,191288137303,1202329526
1511,190085807777,191288140433,1202332656
1512,190085807777,191288142285,1202334508
1513,190085807777,191288145414,1202337637
1514,190085807777,191288147266,1202339489
1664,190085807777,191488356920,1402549143
1665,190085807777,191488363568,1402555791
1666,190085807777,191488365568,1402557791
1667,190085807777,191488367401,1402559624
1668,190085807777,191488369401,1402561624
1669,190085807777,191488372512,1402564735
1670,190085807777,191488374494,1402566717
1671,190085807777,191488377568,1402569791
1672,190085807777,191488379438,1402571661
1673,190085807777,191488381420,1402573643
1674,190085807777,191488384605,1402576828
1675,190085807777,191488386457,1402578680
1676,190085807777,191488404364,1402596587
1677,190085807777,191488406420,1402598643
1678,190085807777,191488408346,1402600569
1679,190085807777,191488410198,1402602421
1680,190085807777,191488412068,1402604291
1681,190085807777,191488415142,1402607365
1682,190085807777,191488417031,1402609254
1683,190085807777,191488420124,1402612347
1684,190085807777,191488421976,1402614199
1685,190085807777,191488425087,1402617310
1686,190085807777,191488426976,1402619199
1687,190085807777,191488430124,1402622347
1688,190085807777,191488431976,1402624199
1689,190085807777,191488435087,1402627310
1690,190085807777,191488436976,1402629199
1691,190085807777,191488440087,1402632310
1692,190085807777,191488441957,1402634180
1693,190085807777,191488445050,1402637273
1694,190085807777,191488446939,1402639162
1695,190085807777,191488450050,1402642273
1696,190085807777,191488451902,1402644125
1697,190085807777,191488455031,1402647254
1698,190085807777,191488456939,1402649162
1699,190085807777,191488490254,1402682477
1700,190085807777,191488492420,1402684643
1701,190085807777,191488495643,1402687866
1702,190085807777,191488497661,1402689884
1703,190085807777,191488500772,1402692995
1704,190085807777,191488502643,1402694866
1705,190085807777,191488505772,1402697995
1706,190085807777,191488507772,1402699995
1707,190085807777,191488510976,1402703199
1708,190085807777,191488512847,1402705070
1709,190085807777,191488516217,1402708440
1710,190085807777,191488518235,1402710458
1711,190085807777,191488521513,1402713736
1712,190085807777,191488523365,1402715588
1713,190085807777,191488525365,1402717588
1714,190085807777,191488527273,1402719496
1715,190085807777,191488536180,1402728403
1716,190085807777,191488539828,1402732051
1717,190085807777,191488541754,1402733977
1718,190085807777,191488544847,1402737070
1719,190085807777,191488546754,1402738977
1720,190085807777,191488549865,1402742088
1721,190085807777,191488551847,1402744070
1722,190085807777,191488555013,1402747236
1723,190085807777,191488556884,1402749107
1724,190085807777,191488559976,1402752199
1725,190085807777,191488561847,1402754070
1726,190085807777,191488564995,1402757218
1727,190085807777,191488566884,1402759107
1728,190085807777,191488570013,1402762236
1729,190085807777,191488571902,1402764125
1730,190085807777,191488575051,1402767274
1731,190085807777,191488576939,1402769162
1732,190085807777,191488580069,1402772292
1733,190085807777,191488581958,1402774181
1734,190085807777,191488585217,1402777440
1735,190085807777,191488587106,1402779329
1736,190085807777,191488590402,1402782625
1737,190085807777,191488592291,1402784514
1738,190085807777,191488595569,1402787792
1739,190085807777,191488597440,1402789663
1740,190085807777,191488600717,1402792940
1741,190085807777,191488602588,1402794811
1742,190085807777,191488605865,1402798088
1743,190085807777,191488607754,1402799977
1744,190085807777,191488611032,1402803255
1745,190085807777,191488612940,1402805163
1746,190085807777,191488616217,1402808440
1747,190085807777,191488618088,1402810311
1748,190085807777,191488621384,1402813607
1749,190085807777,191488623254,1402815477
1750,190085807777,191488626551,1402818774
1751,190085807777,191488628440,1402820663
1752,190085807777,191488631717,1402823940
1753,190085807777,191488644958,1402837181
1754,190085807777,191488648236,1402840459
1755,190085807777,191488650181,1402842404
1756,190085807777,191488652051,1402844274
1757,190085807777,191488653903,1402846126
1758,190085807777,191488657014,1402849237
1759,190085807777,191488658884,1402851107
1760,190085807777,191488661995,1402854218
1761,190085807777,191488663847,1402856070
1762,190085807777,191488666995,1402859218
1763,190085807777,191488668847,1402861070
1764,190085807777,191488671958,1402864181
1765,190085807777,191488673829,1402866052
1766,190085807777,191488676940,1402869163
1767,190085807777,191488678792,1402871015
1768,190085807777,191488681884,1402874107
1769,190085807777,191488683755,1402875978
1770,190085807777,191488687033,1402879256
1771,190085807777,191488688903,1402881126
1772,190085807777,191488692181,1402884404
1773,190085807777,191488694033,1402886256
1774,190085807777,191488697310,1402889533
1775,190085807777,191488699162,1402891385
1776,190085807777,191488701014,1402893237
1777,190085807777,191488702884,1402895107
1778,190085807777,191488714959,1402907182
1779,190085807777,191488716885,1402909108
1780,190085807777,191488718755,1402910978
1781,190085807777,191488720625,1402912848
1782,190085807777,191488722681,1402914904
1783,190085807777,191488725829,1402918052
1784,190085807777,191488727718,1402919941
1785,190085807777,191488730866,1402923089
1786,190085807777,191488732774,1402924997
1787,190085807777,191488735903,1402928126
1788,190085807777,191488737774,1402929997
1789,190085807777,191488740903,1402933126
1790,190085807777,191488742811,1402935034
1791,190085807777,191488746070,1402938293
1941,190085807777,191488747940,1402940163
1942,190085807777,191688785945,1602978168
1943,190085807777,191688790056,1602982279
1944,190085807777,191688791945,1602984168
1945,190085807777,191688793797,1602986020
1946,190085807777,191688795964,1602988187
1947,190085807777,191688799167,1602991390
1948,190085807777,191688801167,1602993390
1949,190085807777,191688804334,1602996557
1950,190085807777,191688806204,1602998427
1951,190085807777,191688809390,1603001613
1952,190085807777,191688811260,1603003483
1953,190085807777,191688814390,1603006613
1954,190085807777,191688816241,1603008464
1955,190085807777,191688819501,1603011724
1956,190085807777,191688821371,1603013594
1957,190085807777,191688824630,1603016853
1958,190085807777,191688826501,1603018724
1959,190085807777,191688830038,1603022261
1960,190085807777,191688831908,1603024131
1961,190085807777,191688835167,1603027390
1962,190085807777,191688837038,1603029261
1963,190085807777,191688840316,1603032539
1964,190085807777,191688842186,1603034409
1965,190085807777,191688852205,1603044428
1966,190085807777,191688855556,1603047779
1967,190085807777,191688857631,1603049854
1968,190085807777,191688859482,1603051705
1969,190085807777,191688861334,1603053557
1970,190085807777,191688863797,1603056020
1971,190085807777,191688867075,1603059298
1972,190085807777,191688868982,1603061205
1973,190085807777,191688872112,1603064335
1974,190085807777,191688874112,1603066335
1975,190085807777,191688877371,1603069594
1976,190085807777,191688879260,1603071483
1977,190085807777,191688882538,1603074761
1978,190085807777,191688884408,1603076631
1979,190085807777,191688887649,1603079872
1980,190085807777,191688889668,1603081891
1981,190085807777,191688892909,1603085132
1982,190085807777,191688894779,1603087002
1983,190085807777,191688898094,1603090317
1984,190085807777,191688900094,1603092317
1985,190085807777,191688903205,1603095428
1986,190085807777,191688905075,1603097298
1987,190085807777,191688907538,1603099761
1988,190085807777,191688909390,1603101613
1989,190085807777,191688916872,1603109095
1990,190085807777,191688920409,1603112632
1991,190085807777,191688922353,1603114576
1992,190085807777,191688925427,1603117650
1993,190085807777,191688927316,1603119539
1994,190085807777,191688930409,1603122632
1995,190085807777,191688932316,1603124539
1996,190085807777,191688935464,1603127687
1997,190085807777,191688937335,1603129558
1998,190085807777,191688940409,1603132632
1999,190085807777,191688942353,1603134576
2000,190085807777,191688945464,1603137687
2001,190085807777,191688947335,1603139558
2002,190085807777,191688950446,1603142669
2003,190085807777,191688952353,1603144576
2004,190085807777,191688955464,1603147687
2005,190085807777,191688957353,1603149576
2006,190085807777,191688960446,1603152669
2007,190085807777,191688962353,1603154576
2008,190085807777,191688965464,1603157687
2009,190085807777,191688967335,1603159558
2010,190085807777,191688970613,1603162836
2011,190085807777,191688972501,1603164724
2012,190085807777,191688975779,1603168002
2013,190085807777,191688977650,1603169873
2014,190085807777,191688980946,1603173169
2015,190085807777,191688982853,1603175076
2016,190085807777,191688986150,1603178373
2017,190085807777,191688988020,1603180243
2018,190085807777,191688991242,1603183465
2019,190085807777,191688993131,1603185354
2020,190085807777,191688996391,1603188614
2021,190085807777,191688998261,1603190484
2022,190085807777,191689001520,1603193743
2023,190085807777,191689003446,1603195669
2024,190085807777,191689006724,1603198947
2025,190085807777,191689008613,1603200836
2026,190085807777,191689011891,1603204114
2027,190085807777,191689024761,1603216984
2028,190085807777,191689028298,1603220521
2029,190085807777,191689030205,1603222428
2030,190085807777,191689032076,1603224299
2031,190085807777,191689033946,1603226169
2032,190085807777,191689035946,1603228169
2033,190085807777,191689039057,1603231280
2034,190085807777,191689040965,1603233188
2035,190085807777,191689044113,1603236336
2036,190085807777,191689045983,1603238206
2037,190085807777,191689049076,1603241299
2038,190085807777,191689050946,1603243169
2039,190085807777,191689054094,1603246317
2040,190085807777,191689055965,1603248188
2041,190085807777,191689059057,1603251280
2042,190085807777,191689060928,1603253151
2043,190085807777,191689064132,1603256355
2044,190085807777,191689076928,1603269151
2045,190085807777,191689079058,1603271281
2046,190085807777,191689081039,1603273262
2047,190085807777,191689082891,1603275114
2048,190085807777,191689093706,1603285929
2049,190085807777,191689097039,1603289262
2050,190085807777,191689098984,1603291207
2051,190085807777,191689100872,1603293095
2052,190085807777,191689102798,1603295021
2053,190085807777,191689105928,1603298151
2054,190085807777,191689107835,1603300058
2055,190085807777,191689110965,1603303188
2056,190085807777,191689112836,1603305059
2057,190085807777,191689115947,1603308170
2058,190085807777,191689117817,1603310040
2059,190085807777,191689121058,1603313281
2060,190085807777,191689122928,1603315151
2061,190085807777,191689126243,1603318466
2062,190085807777,191689128113,1603320336
2063,190085807777,191689131410,1603323633
2064,190085807777,191689133262,1603325485
2065,190085807777,191689136539,1603328762
2066,190085807777,191689138410,1603330633
2067,190085807777,191689141725,1603333948
2068,190085807777,191689143613,1603335836
2069,190085807777,191689146873,1603339096
2218,190085807777,191689148743,1603340966
2219,190085807777,191889201192,1803393415
2220,190085807777,191889204822,1803397045
2221,190085807777,191889206766,1803398989
2222,190085807777,191889208674,1803400897
2223,190085807777,191889210618,1803402841
2224,190085807777,191889213859,1803406082
2225,190085807777,191889216489,1803408712
2226,190085807777,191889219674,1803411897
2227,190085807777,191889221711,1803413934
2228,190085807777,191889224822,1803417045
2229,190085807777,191889226730,1803418953
2230,190085807777,191889229896,1803422119
2231,190085807777,191889231804,1803424027
2232,190085807777,191889234952,1803427175
2233,190085807777,191889236822,1803429045
2234,190085807777,191889239952,1803432175
2235,190085807777,191889241859,1803434082
2236,190085807777,191889244989,1803437212
2237,190085807777,191889246859,1803439082
2238,190085807777,191889249989,1803442212
2239,190085807777,191889251952,1803444175
2240,190085807777,191889255082,1803447305
2241,190085807777,191889256970,1803449193
2242,190085807777,191889258822,1803451045
2243,190085807777,191889270008,1803462231
2244,190085807777,191889272008,1803464231
2245,190085807777,191889273878,1803466101
2246,190085807777,191889275748,1803467971
2247,190085807777,191889277656,1803469879
2248,190085807777,191889280804,1803473027
2249,190085807777,191889282841,1803475064
2250,190085807777,191889285934,1803478157
2251,190085807777,191889287841,1803480064
2252,190085807777,191889291026,1803483249
2253,190085807777,191889293082,1803485305
2254,190085807777,191889296211,1803488434
2255,190085807777,191889298119,1803490342
2256,190085807777,191889301285,1803493508
2257,190085807777,191889303323,1803495546
2258,190085807777,191889306434,1803498657
2259,190085807777,191889308341,1803500564
2260,190085807777,191889311434,1803503657
2261,190085807777,191889313545,1803505768
2262,190085807777,191889316693,1803508916
2263,190085807777,191889318656,1803510879
2264,190085807777,191889321860,1803514083
2265,190085807777,191889323749,1803515972
2266,190085807777,191889325619,1803517842
2267,190085807777,191889332897,1803525120
2268,190085807777,191889336323,1803528546
2269,190085807777,191889338249,1803530472
2270,190085807777,191889341323,1803533546
2271,190085807777,191889343286,1803535509
2272,190085807777,191889346360,1803538583
2273,190085807777,191889348230,1803540453
2274,190085807777,191889351360,1803543583
2275,190085807777,191889353267,1803545490
2276,190085807777,191889356360,1803548583
2277,190085807777,191889358249,1803550472
2278,190085807777,191889361360,1803553583
2279,190085807777,191889363267,1803555490
2280,190085807777,191889366452,1803558675
2281,190085807777,191889368323,1803560546
2282,190085807777,191889371601,1803563824
2283,190085807777,191889373545,1803565768
2284,190085807777,191889376841,1803569064
2285,190085807777,191889378712,1803570935
2286,190085807777,191889382045,1803574268
2287,190085807777,191889383953,1803576176
2288,190085807777,191889387249,1803579472
2289,190085807777,191889389119,1803581342
2290,190085807777,191889392397,1803584620
2291,190085807777,191889394304,1803586527
2292,190085807777,191889397564,1803589787
2293,190085807777,191889399453,1803591676
2294,190085807777,191889402749,1803594972
2295,190085807777,191889404656,1803596879
2296,190085807777,191889407934,1803600157
2297,190085807777,191889409805,1803602028
2298,190085807777,191889413101,1803605324
2299,190085807777,191889414990,1803607213
2300,190085807777,191889418286,1803610509
2301,190085807777,191889420156,1803612379
2302,190085807777,191889423416,1803615639
2303,190085807777,191889425305,1803617528
2304,190085807777,191889428582,1803620805
2305,190085807777,191889441360,1803633583
2306,190085807777,191889444638,1803636861
2307,190085807777,191889446601,1803638824
2308,190085807777,191889448471,1803640694
2309,190085807777,191889450342,1803642565
2310,190085807777,191889453008,1803645231
2311,190085807777,191889456120,1803648343
2312,190085807777,191889458046,1803650269
2313,190085807777,191889461138,1803653361
2314,190085807777,191889463027,1803655250
2315,190085807777,191889466175,1803658398
2316,190085807777,191889468064,1803660287
2317,190085807777,191889471194,1803663417
2318,190085807777,191889473064,1803665287
2319,190085807777,191889476194,1803668417
2320,190085807777,191889478064,1803670287
2321,190085807777,191889481175,1803673398
2322,190085807777,191889483046,1803675269
2323,190085807777,191889486249,1803678472
2324,190085807777,191889488120,1803680343
2325,190085807777,191889491212,1803683435
2326,190085807777,191889493083,1803685306
2327,190085807777,191889496157,1803688380
2328,190085807777,191889498027,1803690250
2329,190085807777,191889507990,1803700213
2330,190085807777,191889511527,1803703750
2331,190085807777,191889513472,1803705695
2332,190085807777,191889515324,1803707547
2333,190085807777,191889517194,1803709417
2334,190085807777,191889520324,1803712547
2335,190085807777,191889522268,1803714491
2336,190085807777,191889525342,1803717565
2337,190085807777,191889527213,1803719436
2338,190085807777,191889530361,1803722584
2339,190085807777,191889532250,1803724473
2340,190085807777,191889535398,1803727621
2341,190085807777,191889537268,1803729491
2342,190085807777,191889540379,1803732602
2343,190085807777,191889542268,1803734491
2344,190085807777,191889545416,1803737639
2345,190085807777,191889547287,1803739510
2346,190085807777,191889550509,1803742732
2495,190085807777,191889552398,1803744621
2496,190085807777,192089758737,2003950960
2497,190085807777,192089762533,2003954756
2498,190085807777,192089764478,2003956701
2499,190085807777,192089767663,2003959886
2500,190085807777,192089771903,2003964126
2501,190085807777,192089773811,2003966034
2502,190085807777,192089776941,2003969164
2503,190085807777,192089778959,2003971182
2504,190085807777,192089782107,2003974330
2505,190085807777,192089783959,2003976182
2506,190085807777,192089787070,2003979293
2507,190085807777,192089788959,2003981182
2508,190085807777,192089792126,2003984349
2509,190085807777,192089806811,2003999034
2510,190085807777,192089808700,2004000923
2511,190085807777,192089810589,2004002812
2512,190085807777,192089812459,2004004682
2513,190085807777,192089814311,2004006534
2514,190085807777,192089817404,2004009627
2515,190085807777,192089819441,2004011664
2516,190085807777,192089822626,2004014849
2517,190085807777,192089824496,2004016719
2518,190085807777,192089827626,2004019849
2519,190085807777,192089829589,2004021812
2520,190085807777,192089832737,2004024960
2521,190085807777,192089834608,2004026831
2522,190085807777,192089837756,2004029979
2523,190085807777,192089839645,2004031868
2524,190085807777,192089842811,2004035034
2525,190085807777,192089844682,2004036905
2526,190085807777,192089847848,2004040071
2527,190085807777,192089849737,2004041960
2528,190085807777,192089852867,2004045090
2529,190085807777,192089854737,2004046960
2530,190085807777,192089857867,2004050090
2531,190085807777,192089859774,2004051997
2532,190085807777,192089861626,2004053849
2533,190085807777,192089871145,2004063368
2534,190085807777,192089874534,2004066757
2535,190085807777,192089889849,2004082072
2536,190085807777,192089892311,2004084534
2537,190085807777,192089895497,2004087720
2538,190085807777,192089897404,2004089627
2539,190085807777,192089900552,2004092775
2540,190085807777,192089902571,2004094794
2541,190085807777,192089905700,2004097923
2542,190085807777,192089907608,2004099831
2543,190085807777,192089910793,2004103016
2544,190085807777,192089912904,2004105127
2545,190085807777,192089916034,2004108257
2546,190085807777,192089917941,2004110164
2547,190085807777,192089921089,2004113312
2548,190085807777,192089923182,2004115405
2549,190085807777,192089926293,2004118516
2550,190085807777,192089928201,2004120424
2551,190085807777,192089930089,2004122312
2552,190085807777,192089939830,2004132053
2553,190085807777,192089941997,2004134220
2554,190085807777,192089945052,2004137275
2555,190085807777,192089946997,2004139220
2556,190085807777,192089950127,2004142350
2557,190085807777,192089951997,2004144220
2558,190085807777,192089955127,2004147350
2559,190085807777,192089957034,2004149257
2560,190085807777,192089960164,2004152387
2561,190085807777,192089962034,2004154257
2562,190085807777,192089965182,2004157405
2563,190085807777,192089967090,2004159313
2564,190085807777,192089970219,2004162442
2565,190085807777,192089972127,2004164350
2566,190085807777,192089975256,2004167479
2567,190085807777,192089977201,2004169424
2568,190085807777,192089980330,2004172553
2569,190085807777,192089982201,2004174424
2570,190085807777,192089985312,2004177535
2571,190085807777,192089987275,2004179498
2572,190085807777,192089990386,2004182609
2573,190085807777,192089992275,2004184498
2574,190085807777,192089995423,2004187646
2575,190085807777,192089997331,2004189554
2576,190085807777,192090000460,2004192683
2577,190085807777,192090002331,2004194554
2578,190085807777,192090005442,2004197665
2579,190085807777,192090007349,2004199572
2580,190085807777,192090010497,2004202720
2581,190085807777,192090012368,2004204591
2582,190085807777,192090015516,2004207739
2583,190085807777,192090017479,2004209702
2584,190085807777,192090020775,2004212998
2585,190085807777,192090022664,2004214887
2586,190085807777,192090025923,2004218146
2587,190085807777,192090027868,2004220091
2588,190085807777,192090031183,2004223406
2589,190085807777,192090033071,2004225294
2590,190085807777,192090047775,2004239998
2591,190085807777,192090049775,2004241998
2592,190085807777,192090051646,2004243869
2593,190085807777,192090053535,2004245758
2594,190085807777,192090055386,2004247609
2595,190085807777,192090058497,2004250720
2596,190085807777,192090060386,2004252609
2597,190085807777,192090063535,2004255758
2598,190085807777,192090065405,2004257628
2599,190085807777,192090068572,2004260795
2600,190085807777,192090070442,2004262665
2601,190085807777,192090073553,2004265776
2602,190085807777,192090075461,2004267684
2603,190085807777,192090078627,2004270850
2604,190085807777,192090080516,2004272739
2605,190085807777,192090083646,2004275869
2606,190085807777,192090085535,2004277758
2607,190085807777,192090088683,2004280906
2608,190085807777,192090090572,2004282795
2609,190085807777,192090093720,2004285943
2610,190085807777,192090095590,2004287813
2611,190085807777,192090098775,2004290998
2612,190085807777,192090100664,2004292887
2613,190085807777,192090102516,2004294739
2614,190085807777,192090112701,2004304924
2615,190085807777,192090116257,2004308480
2616,190085807777,192090118164,2004310387
2617,190085807777,192090120016,2004312239
2618,190085807777,192090121868,2004314091
2619,190085807777,192090124442,2004316665
2620,190085807777,192090127609,2004319832
2621,190085807777,192090129516,2004321739
2622,190085807777,192090132665,2004324888
2623,190085807777,192090134572,2004326795
2773,190085807777,192090137683,2004329906
2774,190085807777,192290263829,2204456052
2775,190085807777,192290267811,2204460034
2776,190085807777,192290269885,2204462108
2777,190085807777,192290271792,2204464015
2778,190085807777,192290273885,2204466108
2779,190085807777,192290277033,2204469256
2780,190085807777,192290279144,2204471367
2781,190085807777,192290282329,2204474552
2782,190085807777,192290284218,2204476441
2783,190085807777,192290287292,2204479515
2784,190085807777,192290289218,2204481441
2785,190085807777,192290292329,2204484552
2786,190085807777,192290294200,2204486423
2787,190085807777,192290297329,2204489552
2788,190085807777,192290299218,2204491441
2789,190085807777,192290302348,2204494571
2790,190085807777,192290304218,2204496441
2791,190085807777,192290307329,2204499552
2792,190085807777,192290309237,2204501460
2793,190085807777,192290312385,2204504608
2794,190085807777,192290314237,2204506460
2795,190085807777,192290317330,2204509553
2796,190085807777,192290319237,2204511460
2797,190085807777,192290321089,2204513312
2798,190085807777,192290331163,2204523386
2799,190085807777,192290334515,2204526738
2800,190085807777,192290336459,2204528682
2801,190085807777,192290338330,2204530553
2802,190085807777,192290340200,2204532423
2803,190085807777,192290342237,2204534460
2804,190085807777,192290345459,2204537682
2805,190085807777,192290347515,2204539738
2806,190085807777,192290350626,2204542849
2807,190085807777,192290352496,2204544719
2808,190085807777,192290355607,2204547830
2809,190085807777,192290357663,2204549886
2810,190085807777,192290360774,2204552997
2811,190085807777,192290362645,2204554868
2812,190085807777,192290365848,2204558071
2813,190085807777,192290367867,2204560090
2814,190085807777,192290370996,2204563219
2815,190085807777,192290372885,2204565108
2816,190085807777,192290375996,2204568219
2817,190085807777,192290378071,2204570294
2818,190085807777,192290381163,2204573386
2819,190085807777,192290383052,2204575275
2820,190085807777,192290386126,2204578349
2821,190085807777,192290388015,2204580238
2822,190085807777,192290389885,2204582108
2823,190085807777,192290397348,2204589571
2824,190085807777,192290400756,2204592979
2825,190085807777,192290402700,2204594923
2826,190085807777,192290405867,2204598090
2827,190085807777,192290407793,2204600016
2828,190085807777,192290410941,2204603164
2829,190085807777,192290412811,2204605034
2830,190085807777,192290415941,2204608164
2831,190085807777,192290417811,2204610034
2832,190085807777,192290420923,2204613146
2833,190085807777,192290422793,2204615016
2834,190085807777,192290425904,2204618127
2835,190085807777,192290427774,2204619997
2836,190085807777,192290430941,2204623164
2837,190085807777,192290432793,2204625016
2838,190085807777,192290435941,2204628164
2839,190085807777,192290437793,2204630016
2840,190085807777,192290440941,2204633164
2841,190085807777,192290442812,2204635035
2842,190085807777,192290445941,2204638164
2843,190085807777,192290447812,2204640035
2844,190085807777,192290450941,2204643164
2845,190085807777,192290452793,2204645016
2846,190085807777,192290455904,2204648127
2847,190085807777,192290457775,2204649998
2848,190085807777,192290460923,2204653146
2849,190085807777,192290462775,2204654998
2850,190085807777,192290465904,2204658127
2851,190085807777,192290467775,2204659998
2852,190085807777,192290470867,2204663090
2853,190085807777,192290472738,2204664961
2854,190085807777,192290475849,2204668072
2855,190085807777,192290477719,2204669942
2856,190085807777,192290480867,2204673090
2857,190085807777,192290482719,2204674942
2858,190085807777,192290485941,2204678164
2859,190085807777,192290487812,2204680035
2860,190085807777,192290491090,2204683313
2861,190085807777,192290492941,2204685164
2862,190085807777,192290507256,2204699479
2863,190085807777,192290509238,2204701461
2864,190085807777,192290511127,2204703350
2865,190085807777,192290512997,2204705220
2866,190085807777,192290514868,2204707091
2867,190085807777,192290517497,2204709720
2868,190085807777,192290520645,2204712868
2869,190085807777,192290522534,2204714757
2870,190085807777,192290525608,2204717831
2871,190085807777,192290527479,2204719702
2872,190085807777,192290530590,2204722813
2873,190085807777,192290532460,2204724683
2874,190085807777,192290535571,2204727794
2875,190085807777,192290537423,2204729646
2876,190085807777,192290540590,2204732813
2877,190085807777,192290542442,2204734665
2878,190085807777,192290545571,2204737794
2879,190085807777,192290557757,2204749980
2880,190085807777,192290559868,2204752091
2881,190085807777,192290561831,2204754054
2882,190085807777,192290563683,2204755906
2883,190085807777,192290574460,2204766683
2884,190085807777,192290577738,2204769961
2885,190085807777,192290579646,2204771869
2886,190085807777,192290581516,2204773739
2887,190085807777,192290584016,2204776239
2888,190085807777,192290587164,2204779387
2889,190085807777,192290589053,2204781276
2890,190085807777,192290592164,2204784387
2891,190085807777,192290594035,2204786258
2892,190085807777,192290597164,2204789387
2893,190085807777,192290599035,2204791258
2894,190085807777,192290602146,2204794369
2895,190085807777,192290604016,2204796239
2896,190085807777,192290607183,2204799406
2897,190085807777,192290609053,2204801276
2898,190085807777,192290612127,2204804350
2899,190085807777,192290613998,2204806221
2900,190085807777,192290617146,2204809369
2901,190085807777,192290619016,2204811239
3050,190085807777,192290622127,2204814350
3051,190085807777,192490658313,2404850536
3052,190085807777,192490661887,2404854110
3053,190085807777,192490663794,2404856017
3054,190085807777,192490665646,2404857869
3055,190085807777,192490667516,2404859739
3056,190085807777,192490670239,2404862462
3057,190085807777,192490673350,2404865573
3058,190085807777,192490675257,2404867480
3059,190085807777,192490678368,2404870591
3060,190085807777,192490680368,2404872591
3061,190085807777,192490683516,2404875739
3062,190085807777,192490685424,2404877647
3063,190085807777,192490688535,2404880758
3064,190085807777,192490690535,2404882758
3065,190085807777,192490693665,2404885888
3066,190085807777,192490695535,2404887758
3067,190085807777,192490698665,2404890888
3068,190085807777,192490700554,2404892777
3069,190085807777,192490703702,2404895925
3070,190085807777,192490705572,2404897795
3071,190085807777,192490708702,2404900925
3072,190085807777,192490710609,2404902832
3073,190085807777,192490713035,2404905258
3074,190085807777,192490714887,2404907110
3075,190085807777,192490724220,2404916443
3076,190085807777,192490727628,2404919851
3077,190085807777,192490729517,2404921740
3078,190085807777,192490731387,2404923610
3079,190085807777,192490733239,2404925462
3080,190085807777,192490735239,2404927462
3081,190085807777,192490738517,2404930740
3082,190085807777,192490740424,2404932647
3083,190085807777,192490743517,2404935740
3084,190085807777,192490746017,2404938240
3085,190085807777,192490749276,2404941499
3086,190085807777,192490751128,2404943351
3087,190085807777,192490754239,2404946462
3088,190085807777,192490756258,2404948481
3089,190085807777,192490759480,2404951703
3090,190085807777,192490761369,2404953592
3091,190085807777,192490764646,2404956869
3092,190085807777,192490766646,2404958869
3093,190085807777,192490769924,2404962147
3094,190085807777,192490771795,2404964018
3095,190085807777,192490775054,2404967277
3096,190085807777,192490776961,2404969184
3097,190085807777,192490790998,2404983221
3098,190085807777,192490793128,2404985351
3099,190085807777,192490796221,2404988444
3100,190085807777,192490798165,2404990388
3101,190085807777,192490801295,2404993518
3102,190085807777,192490803165,2404995388
3103,190085807777,192490806258,2404998481
3104,190085807777,192490808258,2405000481
3105,190085807777,192490811387,2405003610
3106,190085807777,192490813258,2405005481
3107,190085807777,192490816387,2405008610
3108,190085807777,192490818387,2405010610
3109,190085807777,192490821499,2405013722
3110,190085807777,192490823388,2405015611
3111,190085807777,192490826425,2405018648
3112,190085807777,192490828313,2405020536
3113,190085807777,192490831425,2405023648
3114,190085807777,192490833295,2405025518
3115,190085807777,192490836443,2405028666
3116,190085807777,192490838351,2405030574
3117,190085807777,192490841443,2405033666
3118,190085807777,192490843332,2405035555
3119,190085807777,192490846443,2405038666
3120,190085807777,192490848351,2405040574
3121,190085807777,192490851480,2405043703
3122,190085807777,192490853351,2405045574
3123,190085807777,192490856462,2405048685
3124,190085807777,192490858369,2405050592
3125,190085807777,192490861443,2405053666
3126,190085807777,192490863332,2405055555
3127,190085807777,192490866443,2405058666
3128,190085807777,192490868332,2405060555
3129,190085807777,192490871462,2405063685
3130,190085807777,192490873332,2405065555
3131,190085807777,192490876462,2405068685
3132,190085807777,192490878369,2405070592
3133,190085807777,192490881499,2405073722
3134,190085807777,192490883369,2405075592
3135,190085807777,192490897332,2405089555
3136,190085807777,192490900684,2405092907
3137,190085807777,192490902592,2405094815
3138,190085807777,192490904462,2405096685
3139,190085807777,192490906332,2405098555
3140,190085807777,192490908332,2405100555
3141,190085807777,192490911443,2405103666
3142,190085807777,192490913369,2405105592
3143,190085807777,192490916444,2405108667
3144,190085807777,192490919314,2405111537
3145,190085807777,192490922462,2405114685
3146,190085807777,192490924332,2405116555
3147,190085807777,192490927425,2405119648
3148,190085807777,192490929314,2405121537
3149,190085807777,192490932444,2405124667
3150,190085807777,192490934314,2405126537
3151,190085807777,192490937499,2405129722
3152,190085807777,192490939388,2405131611
3153,190085807777,192490942703,2405134926
3154,190085807777,192490944573,2405136796
3155,190085807777,192490947851,2405140074
3156,190085807777,192490949740,2405141963
3157,190085807777,192490952962,2405145185
3158,190085807777,192490954833,2405147056
3159,190085807777,192490956703,2405148926
3160,190085807777,192490968610,2405160833
3161,190085807777,192490970555,2405162778
3162,190085807777,192490972425,2405164648
3163,190085807777,192490974296,2405166519
3164,190085807777,192490976870,2405169093
3165,190085807777,192490980055,2405172278
3166,190085807777,192490981944,2405174167
3167,190085807777,192490985092,2405177315
3168,190085807777,192490986962,2405179185
3169,190085807777,192490990092,2405182315
3170,190085807777,192490991944,2405184167
3171,190085807777,192490995074,2405187297
3172,190085807777,192490996962,2405189185
3173,190085807777,192491000129,2405192352
3174,190085807777,192491001981,2405194204
3175,190085807777,192491005111,2405197334
3176,190085807777,192491007000,2405199223
3177,190085807777,192491010148,2405202371
3178,190085807777,192491012000,2405204223
3327,190085807777,192491015148,2405207371
3328,190085807777,192691103407,2605295630
3329,190085807777,192691106981,2605299204
3330,190085807777,192691108852,2605301075
3331,190085807777,192691110722,2605302945
3332,190085807777,192691112667,2605304890
3333,190085807777,192691115889,2605308112
3334,190085807777,192691118370,2605310593
3335,190085807777,192691121463,2605313686
3336,190085807777,192691123648,2605315871
3337,190085807777,192691126796,2605319019
3338,190085807777,192691128667,2605320890
3339,190085807777,192691131759,2605323982
3340,190085807777,192691133759,2605325982
3341,190085807777,192691136889,2605329112
3342,190085807777,192691138741,2605330964
3343,190085807777,192691141963,2605334186
3344,190085807777,192691143852,2605336075
3345,190085807777,192691147167,2605339390
3346,190085807777,192691149037,2605341260
3347,190085807777,192691152315,2605344538
3348,190085807777,192691154204,2605346427
3349,190085807777,192691157408,2605349631
3350,190085807777,192691159278,2605351501
3351,190085807777,192691161111,2605353334
3352,190085807777,192691172426,2605364649
3353,190085807777,192691174352,2605366575
3354,190085807777,192691176204,2605368427
3355,190085807777,192691178056,2605370279
3356,190085807777,192691180056,2605372279
3357,190085807777,192691183223,2605375446
3358,190085807777,192691185241,2605377464
3359,190085807777,192691188352,2605380575
3360,190085807777,192691190241,2605382464
3361,190085807777,192691193352,2605385575
3362,190085807777,192691195352,2605387575
3363,190085807777,192691198463,2605390686
3364,190085807777,192691200371,2605392594
3365,190085807777,192691203500,2605395723
3366,190085807777,192691205538,2605397761
3367,190085807777,192691208630,2605400853
3368,190085807777,192691210538,2605402761
3369,190085807777,192691213667,2605405890
3370,190085807777,192691228575,2605420798
3371,190085807777,192691238260,2605430483
3372,190085807777,192691240204,2605432427
3373,190085807777,192691243278,2605435501
3374,190085807777,192691245186,2605437409
3375,190085807777,192691248223,2605440446
3376,190085807777,192691250130,2605442353
3377,190085807777,192691253241,2605445464
3378,190085807777,192691255112,2605447335
3379,190085807777,192691258223,2605450446
3380,190085807777,192691260112,2605452335
3381,190085807777,192691263204,2605455427
3382,190085807777,192691265056,2605457279
3383,190085807777,192691268149,2605460372
3384,190085807777,192691270038,2605462261
3385,190085807777,192691273130,2605465353
3386,190085807777,192691274982,2605467205
3387,190085807777,192691278038,2605470261
3388,190085807777,192691279982,2605472205
3389,190085807777,192691283130,2605475353
3390,190085807777,192691285001,2605477224
3391,190085807777,192691288130,2605480353
3392,190085807777,192691290019,2605482242
3393,190085807777,192691293131,2605485354
3394,190085807777,192691295001,2605487224
3395,190085807777,192691298094,2605490317
3396,190085807777,192691300001,2605492224
3397,190085807777,192691303131,2605495354
3398,190085807777,192691304982,2605497205
3399,190085807777,192691308260,2605500483
3400,190085807777,192691310149,2605502372
3401,190085807777,192691313445,2605505668
3402,190085807777,192691315316,2605507539
3403,190085807777,192691318575,2605510798
3404,190085807777,192691320464,2605512687
3405,190085807777,192691323742,2605515965
3406,190085807777,192691325594,2605517817
3407,190085807777,192691328890,2605521113
3408,190085807777,192691330779,2605523002
3409,190085807777,192691345279,2605537502
3410,190085807777,192691347260,2605539483
3411,190085807777,192691349149,2605541372
3412,190085807777,192691351038,2605543261
3413,190085807777,192691352890,2605545113
3414,190085807777,192691355464,2605547687
3415,190085807777,192691358557,2605550780
3416,190085807777,192691360483,2605552706
3417,190085807777,192691363594,2605555817
3418,190085807777,192691365464,2605557687
3419,190085807777,192691368557,2605560780
3420,190085807777,192691370501,2605562724
3421,190085807777,192691373631,2605565854
3422,190085807777,192691375501,2605567724
3423,190085807777,192691378612,2605570835
3424,190085807777,192691380501,2605572724
3425,190085807777,192691383631,2605575854
3426,190085807777,192691385501,2605577724
3427,190085807777,192691388631,2605580854
3428,190085807777,192691390520,2605582743
3429,190085807777,192691393650,2605585873
3430,190085807777,192691395501,2605587724
3431,190085807777,192691398575,2605590798
3432,190085807777,192691400464,2605592687
3433,190085807777,192691402316,2605594539
3434,190085807777,192691413983,2605606206
3435,190085807777,192691416001,2605608224
3436,190085807777,192691417890,2605610113
3437,190085807777,192691419761,2605611984
3438,190085807777,192691422298,2605614521
3439,190085807777,192691425539,2605617762
3440,190085807777,192691427446,2605619669
3441,190085807777,192691430557,2605622780
3442,190085807777,192691432409,2605624632
3443,190085807777,192691435520,2605627743
3444,190085807777,192691437428,2605629651
3445,190085807777,192691440539,2605632762
3446,190085807777,192691442390,2605634613
3447,190085807777,192691445520,2605637743
3448,190085807777,192691447409,2605639632
3449,190085807777,192691450539,2605642762
3450,190085807777,192691452391,2605644614
3451,190085807777,192691455465,2605647688
3452,190085807777,192691457372,2605649595
3453,190085807777,192691460502,2605652725
3454,190085807777,192691462372,2605654595
3455,190085807777,192691465483,2605657706
3604,190085807777,192691467372,2605659595
3605,190085807777,192891508706,2805700929
3606,190085807777,192891512298,2805704521
3607,190085807777,192891514243,2805706466
3608,190085807777,192891516187,2805708410
3609,190085807777,192891518076,2805710299
3610,190085807777,192891521261,2805713484
3611,190085807777,192891526206,2805718429
3612,190085807777,192891528150,2805720373
3613,190085807777,192891531261,2805723484
3614,190085807777,192891533132,2805725355
3615,190085807777,192891536298,2805728521
3616,190085807777,192891538206,2805730429
3617,190085807777,192891541335,2805733558
3618,190085807777,192891543243,2805735466
3619,190085807777,192891546372,2805738595
3620,190085807777,192891548261,2805740484
3621,190085807777,192891551391,2805743614
3622,190085807777,192891553261,2805745484
3623,190085807777,192891556391,2805748614
3624,190085807777,192891558298,2805750521
3625,190085807777,192891561428,2805753651
3626,190085807777,192891563298,2805755521
3627,190085807777,192891565187,2805757410
3628,190085807777,192891574780,2805767003
3629,190085807777,192891578187,2805770410
3630,190085807777,192891580076,2805772299
3631,190085807777,192891581947,2805774170
3632,190085807777,192891583836,2805776059
3633,190085807777,192891585836,2805778059
3634,190085807777,192891589002,2805781225
3635,190085807777,192891590910,2805783133
3636,190085807777,192891594058,2805786281
3637,190085807777,192891596058,2805788281
3638,190085807777,192891599188,2805791411
3639,190085807777,192891601058,2805793281
3640,190085807777,192891604225,2805796448
3641,190085807777,192891606206,2805798429
3642,190085807777,192891609336,2805801559
3643,190085807777,192891611188,2805803411
3644,190085807777,192891614336,2805806559
3645,190085807777,192891616354,2805808577
3646,190085807777,192891619447,2805811670
3647,190085807777,192891621317,2805813540
3648,190085807777,192891624428,2805816651
3649,190085807777,192891626410,2805818633
3650,190085807777,192891629521,2805821744
3651,190085807777,192891631391,2805823614
3652,190085807777,192891633391,2805825614
3653,190085807777,192891640836,2805833059
3654,190085807777,192891644373,2805836596
3655,190085807777,192891646280,2805838503
3656,190085807777,192891649466,2805841689
3657,190085807777,192891651373,2805843596
3658,190085807777,192891654466,2805846689
3659,190085807777,192891656336,2805848559
3660,190085807777,192891659503,2805851726
3661,190085807777,192891661373,2805853596
3662,190085807777,192891664466,2805856689
3663,190085807777,192891666336,2805858559
3664,190085807777,192891669540,2805861763
3665,190085807777,192891671429,2805863652
3666,190085807777,192891674558,2805866781
3667,190085807777,192891676429,2805868652
3668,190085807777,192891679614,2805871837
3669,190085807777,192891681484,2805873707
3670,190085807777,192891684577,2805876800
3671,190085807777,192891686429,2805878652
3672,190085807777,192891690207,2805882430
3673,190085807777,192891692095,2805884318
3674,190085807777,192891695225,2805887448
3675,190085807777,192891697095,2805889318
3676,190085807777,192891700244,2805892467
3677,190085807777,192891702095,2805894318
3678,190085807777,192891705225,2805897448
3679,190085807777,192891707077,2805899300
3680,190085807777,192891710244,2805902467
3681,190085807777,192891712114,2805904337
3682,190085807777,192891715207,2805907430
3683,190085807777,192891717077,2805909300
3684,190085807777,192891720225,2805912448
3685,190085807777,192891722096,2805914319
3686,190085807777,192891725225,2805917448
3687,190085807777,192891727096,2805919319
3688,190085807777,192891730262,2805922485
3689,190085807777,192891732114,2805924337
3690,190085807777,192891735244,2805927467
3691,190085807777,192891737114,2805929337
3692,190085807777,192891751429,2805943652
3693,190085807777,192891753318,2805945541
3694,190085807777,192891755170,2805947393
3695,190085807777,192891757040,2805949263
3696,190085807777,192891758929,2805951152
3697,190085807777,192891762077,2805954300
3698,190085807777,192891764096,2805956319
3699,190085807777,192891767262,2805959485
3700,190085807777,192891769170,2805961393
3701,190085807777,192891772300,2805964523
3702,190085807777,192891774151,2805966374
3703,190085807777,192891777300,2805969523
3704,190085807777,192891779207,2805971430
3705,190085807777,192891782337,2805974560
3706,190085807777,192891784207,2805976430
3707,190085807777,192891787355,2805979578
3708,190085807777,192891789263,2805981486
3709,190085807777,192891792374,2805984597
3710,190085807777,192891794244,2805986467
3711,190085807777,192891797374,2805989597
3712,190085807777,192891799263,2805991486
3713,190085807777,192891802448,2805994671
3714,190085807777,192891822985,2806015208
3715,190085807777,192891824966,2806017189
3716,190085807777,192891827503,2806019726
3717,190085807777,192891830837,2806023060
3718,190085807777,192891832744,2806024967
3719,190085807777,192891835874,2806028097
3720,190085807777,192891837781,2806030004
3721,190085807777,192891840911,2806033134
3722,190085807777,192891842781,2806035004
3723,190085807777,192891845892,2806038115
3724,190085807777,192891847800,2806040023
3725,190085807777,192891850948,2806043171
3726,190085807777,192891852800,2806045023
3727,190085807777,192891855948,2806048171
3728,190085807777,192891857855,2806050078
3729,190085807777,192891860985,2806053208
3730,190085807777,192891862855,2806055078
3731,190085807777,192891866004,2806058227
3732,190085807777,192891867893,2806060116
3882,190085807777,193092074634,3006266857
3883,190085807777,193092078338,3006270561
3884,190085807777,193092080301,3006272524
3885,190085807777,193092082412,3006274635
3886,190085807777,193092085579,3006277802
3887,190085807777,193092087486,3006279709
3888,190085807777,193092090616,3006282839
3889,190085807777,193092092616,3006284839
3890,190085807777,193092106931,3006299154
3891,190085807777,193092108931,3006301154
3892,190085807777,193092110820,3006303043
3893,190085807777,193092112801,3006305024
3894,190085807777,193092114672,3006306895
3895,190085807777,193092117783,3006310006
3896,190085807777,193092120227,3006312450
3897,190085807777,193092123431,3006315654
3898,190085807777,193092125320,3006317543
3899,190085807777,193092128468,3006320691
3900,190085807777,193092130375,3006322598
3901,190085807777,193092133542,3006325765
3902,190085807777,193092135394,3006327617
3903,190085807777,193092138524,3006330747
3904,190085807777,193092140394,3006332617
3905,190085807777,193092143561,3006335784
3906,190085807777,193092145431,3006337654
3907,190085807777,193092148579,3006340802
3908,190085807777,193092150449,3006342672
3909,190085807777,193092153598,3006345821
3910,190085807777,193092155450,3006347673
3911,190085807777,193092158579,3006350802
3912,190085807777,193092160450,3006352673
3913,190085807777,193092162338,3006354561
3914,190085807777,193092171913,3006364136
3915,190085807777,193092175301,3006367524
3916,190085807777,193092177190,3006369413
3917,190085807777,193092179098,3006371321
3918,190085807777,193092180950,3006373173
3919,190085807777,193092182950,3006375173
3920,190085807777,193092186135,3006378358
3921,190085807777,193092188061,3006380284
3922,190085807777,193092191190,3006383413
3923,190085807777,193092193172,3006385395
3924,190085807777,193092196283,3006388506
3925,190085807777,193092198172,3006390395
3926,190085807777,193092201283,3006393506
3927,190085807777,193092203283,3006395506
3928,190085807777,193092206376,3006398599
3929,190085807777,193092208302,3006400525
3930,190085807777,193092211524,3006403747
3931,190085807777,193092213413,3006405636
3932,190085807777,193092216672,3006408895
3933,190085807777,193092218691,3006410914
3934,190085807777,193092221968,3006414191
3935,190085807777,193092223839,3006416062
3936,190085807777,193092227209,3006419432
3937,190085807777,193092229154,3006421377
3938,190085807777,193092231005,3006423228
3939,190085807777,193092238746,3006430969
3940,190085807777,193092242172,3006434395
3941,190085807777,193092244117,3006436340
3942,190085807777,193092247265,3006439488
3943,190085807777,193092249913,3006442136
3944,190085807777,193092253061,3006445284
3945,190085807777,193092254969,3006447192
3946,190085807777,193092258098,3006450321
3947,190085807777,193092259969,3006452192
3948,190085807777,193092263117,3006455340
3949,190085807777,193092265006,3006457229
3950,190085807777,193092268135,3006460358
3951,190085807777,193092270024,3006462247
3952,190085807777,193092273135,3006465358
3953,190085807777,193092275061,3006467284
3954,190085807777,193092278209,3006470432
3955,190085807777,193092280098,3006472321
3956,190085807777,193092283246,3006475469
3957,190085807777,193092285154,3006477377
3958,190085807777,193092288302,3006480525
3959,190085807777,193092290172,3006482395
3960,190085807777,193092293284,3006485507
3961,190085807777,193092295191,3006487414
3962,190085807777,193092298339,3006490562
3963,190085807777,193092300191,3006492414
3964,190085807777,193092303321,3006495544
3965,190085807777,193092305209,3006497432
3966,190085807777,193092308339,3006500562
3967,190085807777,193092310210,3006502433
3968,190085807777,193092313413,3006505636
3969,190085807777,193092315284,3006507507
3970,190085807777,193092318561,3006510784
3971,190085807777,193092320413,3006512636
3972,190085807777,193092323691,3006515914
3973,190085807777,193092325580,3006517803
3974,190085807777,193092328858,3006521081
3975,190085807777,193092330710,3006522933
3976,190085807777,193092333987,3006526210
3977,190085807777,193092346858,3006539081
3978,190085807777,193092350136,3006542359
3979,190085807777,193092352025,3006544248
3980,190085807777,193092353895,3006546118
3981,190085807777,193092355784,3006548007
3982,190085807777,193092358950,3006551173
3983,190085807777,193092360858,3006553081
3984,190085807777,193092363951,3006556174
3985,190085807777,193092365839,3006558062
3986,190085807777,193092368951,3006561174
3987,190085807777,193092370802,3006563025
3988,190085807777,193092373951,3006566174
3989,190085807777,193092375839,3006568062
3990,190085807777,193092378969,3006571192
3991,190085807777,193092380821,3006573044
3992,190085807777,193092383932,3006576155
3993,190085807777,193092385821,3006578044
3994,190085807777,193092388969,3006581192
3995,190085807777,193092390821,3006583044
3996,190085807777,193092393951,3006586174
3997,190085807777,193092395840,3006588063
3998,190085807777,193092399006,3006591229
3999,190085807777,193092400858,3006593081
4000,190085807777,193092402710,3006594933
4001,190085807777,193092404617,3006596840
4002,190085807777,193092416321,3006608544
4003,190085807777,193092418321,3006610544
4004,190085807777,193092420192,3006612415
4005,190085807777,193092422080,3006614303
4006,190085807777,193092424580,3006616803
4007,190085807777,193092427747,3006619970
4008,190085807777,193092429617,3006621840
4009,190085807777,193092432766,3006624989
4159,190085807777,193092434636,3006626859
4160,190085807777,193292568629,3206760852
4161,190085807777,193292572315,3206764538
4162,190085807777,193292574259,3206766482
4163,190085807777,193292576167,3206768390
4164,190085807777,193292578055,3206770278
4165,190085807777,193292581148,3206773371
4166,190085807777,193292583333,3206775556
4167,190085807777,193292586407,3206778630
4168,190085807777,193292588278,3206780501
4169,190085807777,193292591500,3206783723
4170,190085807777,193292593500,3206785723
4171,190085807777,193292596815,3206789038
4172,190085807777,193292598685,3206790908
4173,190085807777,193292601963,3206794186
4174,190085807777,193292603963,3206796186
4175,190085807777,193292607259,3206799482
4176,190085807777,193292609130,3206801353
4177,190085807777,193292612426,3206804649
4178,190085807777,193292614315,3206806538
4179,190085807777,193292617630,3206809853
4180,190085807777,193292619482,3206811705
4181,190085807777,193292622704,3206814927
4182,190085807777,193292624593,3206816816
4183,190085807777,193292626463,3206818686
4184,190085807777,193292637796,3206830019
4185,190085807777,193292639704,3206831927
4186,190085807777,193292641685,3206833908
4187,190085807777,193292643556,3206835779
4188,190085807777,193292645630,3206837853
4189,190085807777,193292648759,3206840982
4190,190085807777,193292650871,3206843094
4191,190085807777,193292654019,3206846242
4192,190085807777,193292655871,3206848094
4193,190085807777,193292658982,3206851205
4194,190085807777,193292661000,3206853223
4195,190085807777,193292664111,3206856334
4196,190085807777,193292665982,3206858205
4197,190085807777,193292669130,3206861353
4198,190085807777,193292671130,3206863353
4199,190085807777,193292674241,3206866464
4200,190085807777,193292676148,3206868371
4201,190085807777,193292679241,3206871464
4202,190085807777,193292681297,3206873520
4203,190085807777,193292684426,3206876649
4204,190085807777,193292686297,3206878520
4205,190085807777,193292689537,3206881760
4206,190085807777,193292691445,3206883668
4207,190085807777,193292712130,3206904353
4208,190085807777,193292714241,3206906464
4209,190085807777,193292717371,3206909594
4210,190085807777,193292719352,3206911575
4211,190085807777,193292722482,3206914705
4212,190085807777,193292724352,3206916575
4213,190085807777,193292727427,3206919650
4214,190085807777,193292729334,3206921557
4215,190085807777,193292732445,3206924668
4216,190085807777,193292734334,3206926557
4217,190085807777,193292737464,3206929687
4218,190085807777,193292739371,3206931594
4219,190085807777,193292742482,3206934705
4220,190085807777,193292744353,3206936576
4221,190085807777,193292747464,3206939687
4222,190085807777,193292749371,3206941594
4223,190085807777,193292752501,3206944724
4224,190085807777,193292754371,3206946594
4225,190085807777,193292757519,3206949742
4226,190085807777,193292759408,3206951631
4227,190085807777,193292762686,3206954909
4228,190085807777,193292764556,3206956779
4229,190085807777,193292767816,3206960039
4230,190085807777,193292769704,3206961927
4231,190085807777,193292772945,3206965168
4232,190085807777,193292774816,3206967039
4233,190085807777,193292778112,3206970335
4234,190085807777,193292780019,3206972242
4235,190085807777,193292783334,3206975557
4236,190085807777,193292785205,3206977428
4237,190085807777,193292788538,3206980761
4238,190085807777,193292790464,3206982687
4239,190085807777,193292793742,3206985965
4240,190085807777,193292795612,3206987835
4241,190085807777,193292810427,3207002650
4242,190085807777,193292813705,3207005928
4243,190085807777,193292815612,3207007835
4244,190085807777,193292817464,3207009687
4245,190085807777,193292819334,3207011557
4246,190085807777,193292822464,3207014687
4247,190085807777,193292824483,3207016706
4248,190085807777,193292827631,3207019854
4249,190085807777,193292829501,3207021724
4250,190085807777,193292832668,3207024891
4251,190085807777,193292834538,3207026761
4252,190085807777,193292837631,3207029854
4253,190085807777,193292839483,3207031706
4254,190085807777,193292842594,3207034817
4255,190085807777,193292844483,3207036706
4256,190085807777,193292847575,3207039798
4257,190085807777,193292849446,3207041669
4258,190085807777,193292852594,3207044817
4259,190085807777,193292854464,3207046687
4260,190085807777,193292857612,3207049835
4261,190085807777,193292859483,3207051706
4262,190085807777,193292862779,3207055002
4263,190085807777,193292864631,3207056854
4264,190085807777,193292866501,3207058724
4265,190085807777,193292876853,3207069076
4266,190085807777,193292880501,3207072724
4267,190085807777,193292882409,3207074632
4268,190085807777,193292884261,3207076484
4269,190085807777,193292886112,3207078335
4270,190085807777,193292889372,3207081595
4271,190085807777,193292891298,3207083521
4272,190085807777,193292894446,3207086669
4273,190085807777,193292896298,3207088521
4274,190085807777,193292899446,3207091669
4275,190085807777,193292901316,3207093539
4276,190085807777,193292904446,3207096669
4277,190085807777,193292906298,3207098521
4278,190085807777,193292909483,3207101706
4279,190085807777,193292911372,3207103595
4280,190085807777,193292914501,3207106724
4281,190085807777,193292916353,3207108576
4282,190085807777,193292919501,3207111724
4283,190085807777,193292921353,3207113576
4284,190085807777,193292924483,3207116706
4285,190085807777,193292926353,3207118576
4286,190085807777,193292929502,3207121725
4287,190085807777,193292931353,3207123576
4437,190085807777,193492979072,3407171295
4438,190085807777,193492982757,3407174980
4439,190085807777,193492984683,3407176906
4440,190085807777,193492986554,3407178777
4441,190085807777,193492988405,3407180628
4442,190085807777,193492990887,3407183110
4443,190085807777,193492993998,3407186221
4444,190085807777,193492995868,3407188091
4445,190085807777,193492999054,3407191277
4446,190085807777,193493001109,3407193332
4447,190085807777,193493004461,3407196684
4448,190085807777,193493006331,3407198554
4449,190085807777,193493009609,3407201832
4450,190085807777,193493011498,3407203721
4451,190085807777,193493014831,3407207054
4452,190085807777,193493016720,3407208943
4453,190085807777,193493020017,3407212240
4454,190085807777,193493021887,3407214110
4455,190085807777,193493025257,3407217480
4456,190085807777,193493027128,3407219351
4457,190085807777,193493030443,3407222666
4458,190085807777,193493032313,3407224536
4459,190085807777,193493034313,3407226536
4460,190085807777,193493036165,3407228388
4461,190085807777,193493045813,3407238036
4462,190085807777,193493049072,3407241295
4463,190085807777,193493051128,3407243351
4464,190085807777,193493052980,3407245203
4465,190085807777,193493054850,3407247073
4466,190085807777,193493057980,3407250203
4467,190085807777,193493059924,3407252147
4468,190085807777,193493063072,3407255295
4469,190085807777,193493065072,3407257295
4470,190085807777,193493068202,3407260425
4471,190085807777,193493070072,3407262295
4472,190085807777,193493073332,3407265555
4473,190085807777,193493075350,3407267573
4474,190085807777,193493078647,3407270870
4475,190085807777,193493080535,3407272758
4476,190085807777,193493083850,3407276073
4477,190085807777,193493085739,3407277962
4478,190085807777,193493088980,3407281203
4479,190085807777,193493091017,3407283240
4480,190085807777,193493094313,3407286536
4481,190085807777,193493096184,3407288407
4482,190085807777,193493099313,3407291536
4483,190085807777,193493101239,3407293462
4484,190085807777,193493103091,3407295314
4485,190085807777,193493110461,3407302684
4486,190085807777,193493113906,3407306129
4487,190085807777,193493115943,3407308166
4488,190085807777,193493119036,3407311259
4489,190085807777,193493120925,3407313148
4490,190085807777,193493123980,3407316203
4491,190085807777,193493125887,3407318110
4492,190085807777,193493129036,3407321259
4493,190085807777,193493130888,3407323111
4494,190085807777,193493133999,3407326222
4495,190085807777,193493135906,3407328129
4496,190085807777,193493139036,3407331259
4497,190085807777,193493140906,3407333129
4498,190085807777,193493143999,3407336222
4499,190085807777,193493145925,3407338148
4500,190085807777,193493149036,3407341259
4501,190085807777,193493150906,3407343129
4502,190085807777,193493153980,3407346203
4503,190085807777,193493155888,3407348111
4504,190085807777,193493158999,3407351222
4505,190085807777,193493160851,3407353074
4506,190085807777,193493163980,3407356203
4507,190085807777,193493165869,3407358092
4508,190085807777,193493169017,3407361240
4509,190085807777,193493170869,3407363092
4510,190085807777,193493173980,3407366203
4511,190085807777,193493175888,3407368111
4512,190085807777,193493178980,3407371203
4513,190085807777,193493180851,3407373074
4514,190085807777,193493183962,3407376185
4515,190085807777,193493185851,3407378074
4516,190085807777,193493188962,3407381185
4517,190085807777,193493190832,3407383055
4518,190085807777,193493193962,3407386185
4519,190085807777,193493195851,3407388074
4520,190085807777,193493198925,3407391148
4521,190085807777,193493200777,3407393000
4522,190085807777,193493203906,3407396129
4523,190085807777,193493205795,3407398018
4524,190085807777,193493219962,3407412185
4525,190085807777,193493223203,3407415426
4526,190085807777,193493225092,3407417315
4527,190085807777,193493226981,3407419204
4528,190085807777,193493228832,3407421055
4529,190085807777,193493231907,3407424130
4530,190085807777,193493234369,3407426592
4531,190085807777,193493237592,3407429815
4532,190085807777,193493239462,3407431685
4533,190085807777,193493242573,3407434796
4534,190085807777,193493244425,3407436648
4535,190085807777,193493247518,3407439741
4536,190085807777,193493249370,3407441593
4537,190085807777,193493252462,3407444685
4538,190085807777,193493254314,3407446537
4539,190085807777,193493257481,3407449704
4540,190085807777,193493259333,3407451556
4541,190085807777,193493262444,3407454667
4542,190085807777,193493264296,3407456519
4543,190085807777,193493267573,3407459796
4544,190085807777,193493269425,3407461648
4545,190085807777,193493272684,3407464907
4546,190085807777,193493274518,3407466741
4547,190085807777,193493276407,3407468630
4548,190085807777,193493286518,3407478741
4549,190085807777,193493289999,3407482222
4550,190085807777,193493291888,3407484111
4551,190085807777,193493303907,3407496130
4552,190085807777,193493306407,3407498630
4553,190085807777,193493309722,3407501945
4554,190085807777,193493311592,3407503815
4555,190085807777,193493314759,3407506982
4556,190085807777,193493316629,3407508852
4557,190085807777,193493319777,3407512000
4558,190085807777,193493321648,3407513871
4559,190085807777,193493324759,3407516982
4560,190085807777,193493326629,3407518852
4561,190085807777,193493329777,3407522000
4562,190085807777,193493331648,3407523871
4563,190085807777,193493334796,3407527019
4564,190085807777,193493336666,3407528889
4714,190085807777,193493339777,3407532000
4715,190085807777,193693454107,3607646330
4716,190085807777,193693457830,3607650053
4717,190085807777,193693459737,3607651960
4718,190085807777,193693461607,3607653830
4719,190085807777,193693463459,3607655682
4720,190085807777,193693466774,3607658997
4721,190085807777,193693469200,3607661423
4722,190085807777,193693472293,3607664516
4723,190085807777,193693474163,3607666386
4724,190085807777,193693477293,3607669516
4725,190085807777,193693479145,3607671368
4726,190085807777,193693482256,3607674479
4727,190085807777,193693484126,3607676349
4728,190085807777,193693487311,3607679534
4729,190085807777,193693489163,3607681386
4730,190085807777,193693492330,3607684553
4731,190085807777,193693494182,3607686405
4732,190085807777,193693497404,3607689627
4733,190085807777,193693499256,3607691479
4734,190085807777,193693502385,3607694608
4735,190085807777,193693504256,3607696479
4736,190085807777,193693507571,3607699794
4737,190085807777,193693509422,3607701645
4738,190085807777,193693511293,3607703516
4739,190085807777,193693521108,3607713331
4740,190085807777,193693524571,3607716794
4741,190085807777,193693526460,3607718683
4742,190085807777,193693528311,3607720534
4743,190085807777,193693530163,3607722386
4744,190085807777,193693532663,3607724886
4745,190085807777,193693535811,3607728034
4746,190085807777,193693538571,3607730794
4747,190085807777,193693541774,3607733997
4748,190085807777,193693543774,3607735997
4749,190085807777,193693546978,3607739201
4750,190085807777,193693548978,3607741201
4751,190085807777,193693552089,3607744312
4752,190085807777,193693553978,3607746201
4753,190085807777,193693557089,3607749312
4754,190085807777,193693559108,3607751331
4755,190085807777,193693562201,3607754424
4756,190085807777,193693564108,3607756331
4757,190085807777,193693567349,3607759572
4758,190085807777,193693569386,3607761609
4759,190085807777,193693572478,3607764701
4760,190085807777,193693574423,3607766646
4761,190085807777,193693576404,3607768627
4762,190085807777,193693578238,3607770461
4763,190085807777,193693585775,3607777998
4764,190085807777,193693589330,3607781553
4765,190085807777,193693591238,3607783461
4766,190085807777,193693594330,3607786553
4767,190085807777,193693596238,3607788461
4768,190085807777,193693599349,3607791572
4769,190085807777,193693601219,3607793442
4770,190085807777,193693604441,3607796664
4771,190085807777,193693606293,3607798516
4772,190085807777,193693609608,3607801831
4773,190085807777,193693611460,3607803683
4774,190085807777,193693614701,3607806924
4775,190085807777,193693616571,3607808794
4776,190085807777,193693619830,3607812053
4777,190085807777,193693621719,3607813942
4778,190085807777,193693624979,3607817202
4779,190085807777,193693626849,3607819072
4780,190085807777,193693630145,3607822368
4781,190085807777,193693632016,3607824239
4782,190085807777,193693635238,3607827461
4783,190085807777,193693637108,3607829331
4784,190085807777,193693640386,3607832609
4785,190085807777,193693642256,3607834479
4786,190085807777,193693645534,3607837757
4787,190085807777,193693647405,3607839628
4788,190085807777,193693650738,3607842961
4789,190085807777,193693652608,3607844831
4790,190085807777,193693655886,3607848109
4791,190085807777,193693657757,3607849980
4792,190085807777,193693661090,3607853313
4793,190085807777,193693662960,3607855183
4794,190085807777,193693666238,3607858461
4795,190085807777,193693668090,3607860313
4796,190085807777,193693671405,3607863628
4797,190085807777,193693673275,3607865498
4798,190085807777,193693676553,3607868776
4799,190085807777,193693678405,3607870628
4800,190085807777,193693681720,3607873943
4801,190085807777,193693694386,3607886609
4802,190085807777,193693697849,3607890072
4803,190085807777,193693699738,3607891961
4804,190085807777,193693701646,3607893869
4805,190085807777,193693703497,3607895720
4806,190085807777,193693706109,3607898332
4807,190085807777,193693709201,3607901424
4808,190085807777,193693711146,3607903369
4809,190085807777,193693714257,3607906480
4810,190085807777,193693716127,3607908350
4811,190085807777,193693719257,3607911480
4812,190085807777,193693721164,3607913387
4813,190085807777,193693724312,3607916535
4814,190085807777,193693726183,3607918406
4815,190085807777,193693729312,3607921535
4816,190085807777,193693731201,3607923424
4817,190085807777,193693734294,3607926517
4818,190085807777,193693736164,3607928387
4819,190085807777,193693739294,3607931517
4820,190085807777,193693741201,3607933424
4821,190085807777,193693744331,3607936554
4822,190085807777,193693746183,3607938406
4823,190085807777,193693749238,3607941461
4824,190085807777,193693751109,3607943332
4825,190085807777,193693752979,3607945202
4826,190085807777,193693764757,3607956980
4827,190085807777,193693766683,3607958906
4828,190085807777,193693768572,3607960795
4829,190085807777,193693770442,3607962665
4830,190085807777,193693772442,3607964665
4831,190085807777,193693775627,3607967850
4832,190085807777,193693777553,3607969776
4833,190085807777,193693780665,3607972888
4834,190085807777,193693782553,3607974776
4835,190085807777,193693785702,3607977925
4836,190085807777,193693787590,3607979813
4837,190085807777,193693790720,3607982943
4838,190085807777,193693792590,3607984813
4839,190085807777,193693795739,3607987962
4840,190085807777,193693797646,3607989869
4841,190085807777,193693800776,3607992999
4842,190085807777,193693802646,3607994869
4991,190085807777,193693805794,3607998017
4992,190085807777,193893872791,3808065014
4993,190085807777,193893876402,3808068625
4994,190085807777,193893878346,3808070569
4995,190085807777,193893880254,3808072477
4996,190085807777,193893882161,3808074384
4997,190085807777,193893885402,3808077625
4998,190085807777,193893887457,3808079680
4999,190085807777,193893890550,3808082773
5000,190085807777,193893892439,3808084662
5001,190085807777,193893895532,3808087755
5002,190085807777,193893897402,3808089625
5003,190085807777,193893900624,3808092847
5004,190085807777,193893902532,3808094755
5005,190085807777,193893905791,3808098014
5006,190085807777,193893907661,3808099884
5007,190085807777,193893910958,3808103181
5008,190085807777,193893912865,3808105088
5009,190085807777,193893916161,3808108384
5010,190085807777,193893918050,3808110273
5011,190085807777,193893921347,3808113570
5012,190085807777,193893923235,3808115458
5013,190085807777,193893926495,3808118718
5014,190085807777,193893928384,3808120607
5015,190085807777,193893930235,3808122458
5016,190085807777,193893940106,3808132329
5017,190085807777,193893943476,3808135699
5018,190085807777,193893945365,3808137588
5019,190085807777,193893947217,3808139440
5020,190085807777,193893949124,3808141347
5021,190085807777,193893951217,3808143440
5022,190085807777,193893954439,3808146662
5023,190085807777,193893956495,3808148718
5024,190085807777,193893959643,3808151866
5025,190085807777,193893961513,3808153736
5026,190085807777,193893964624,3808156847
5027,190085807777,193893966717,3808158940
5028,190085807777,193893969865,3808162088
5029,190085807777,193893971754,3808163977
5030,190085807777,193893974902,3808167125
5031,190085807777,193893977013,3808169236
5032,190085807777,193893980217,3808172440
5033,190085807777,193893982106,3808174329
5034,190085807777,193893985217,3808177440
5035,190085807777,193893987217,3808179440
5036,190085807777,193893990365,3808182588
5037,190085807777,193893992236,3808184459
5038,190085807777,193893995347,3808187570
5039,190085807777,193893997217,3808189440
5040,190085807777,193893999125,3808191348
5041,190085807777,193894006569,3808198792
5042,190085807777,193894010014,3808202237
5043,190085807777,193894024384,3808216607
5044,190085807777,193894027199,3808219422
5045,190085807777,193894030384,3808222607
5046,190085807777,193894032273,3808224496
5047,190085807777,193894035421,3808227644
5048,190085807777,193894037310,3808229533
5049,190085807777,193894040458,3808232681
5050,190085807777,193894042347,3808234570
5051,190085807777,193894045421,3808237644
5052,190085807777,193894047329,3808239552
5053,190085807777,193894050458,3808242681
5054,190085807777,193894052347,3808244570
5055,190085807777,193894055440,3808247663
5056,190085807777,193894057366,3808249589
5057,190085807777,193894060495,3808252718
5058,190085807777,193894062366,3808254589
5059,190085807777,193894065477,3808257700
5060,190085807777,193894067421,3808259644
5061,190085807777,193894070569,3808262792
5062,190085807777,193894072440,3808264663
5063,190085807777,193894075569,3808267792
5064,190085807777,193894077458,3808269681
5065,190085807777,193894080569,3808272792
5066,190085807777,193894082440,3808274663
5067,190085807777,193894085551,3808277774
5068,190085807777,193894087458,3808279681
5069,190085807777,193894090607,3808282830
5070,190085807777,193894092477,3808284700
5071,190085807777,193894095588,3808287811
5072,190085807777,193894097495,3808289718
5073,190085807777,193894100644,3808292867
5074,190085807777,193894102496,3808294719
5075,190085807777,193894117421,3808309644
5076,190085807777,193894119496,3808311719
5077,190085807777,193894121366,3808313589
5078,190085807777,193894123218,3808315441
5079,190085807777,193894125088,3808317311
5080,190085807777,193894128218,3808320441
5081,190085807777,193894130273,3808322496
5082,190085807777,193894133477,3808325700
5083,190085807777,193894135329,3808327552
5084,190085807777,193894138514,3808330737
5085,190085807777,193894140385,3808332608
5086,190085807777,193894143533,3808335756
5087,190085807777,193894145385,3808337608
5088,190085807777,193894148514,3808340737
5089,190085807777,193894150403,3808342626
5090,190085807777,193894153551,3808345774
5091,190085807777,193894155440,3808347663
5092,190085807777,193894158551,3808350774
5093,190085807777,193894160403,3808352626
5094,190085807777,193894163570,3808355793
5095,190085807777,193894165422,3808357645
5096,190085807777,193894168607,3808360830
5097,190085807777,193894170477,3808362700
5098,190085807777,193894172366,3808364589
5099,190085807777,193894174218,3808366441
5100,190085807777,193894186051,3808378274
5101,190085807777,193894187996,3808380219
5102,190085807777,193894189848,3808382071
5103,190085807777,193894191718,3808383941
5104,190085807777,193894193718,3808385941
5105,190085807777,193894196903,3808389126
5106,190085807777,193894198811,3808391034
5107,190085807777,193894201940,3808394163
5108,190085807777,193894203829,3808396052
5109,190085807777,193894206977,3808399200
5110,190085807777,193894208848,3808401071
5111,190085807777,193894211977,3808404200
5112,190085807777,193894213885,3808406108
5113,190085807777,193894216996,3808409219
5114,190085807777,193894218848,3808411071
5115,190085807777,193894222015,3808414238
5116,190085807777,193894223903,3808416126
5117,190085807777,193894227052,3808419275
5118,190085807777,193894228904,3808421127
5119,190085807777,193894232033,3808424256
5268,190085807777,193894233941,3808426164
5269,190085807777,194094281085,4008473308
5270,190085807777,194094284715,4008476938
5271,190085807777,194094286659,4008478882
5272,190085807777,194094288641,4008480864
5273,190085807777,194094290530,4008482753
5274,190085807777,194094293752,4008485975
5275,190085807777,194094295807,4008488030
5276,190085807777,194094298956,4008491179
5277,190085807777,194094300844,4008493067
5278,190085807777,194094303956,4008496179
5279,190085807777,194094305826,4008498049
5280,190085807777,194094308993,4008501216
5281,190085807777,194094310863,4008503086
5282,190085807777,194094313993,4008506216
5283,190085807777,194094315845,4008508068
5284,190085807777,194094319030,4008511253
5285,190085807777,194094320900,4008513123
5286,190085807777,194094324030,4008516253
5287,190085807777,194094325900,4008518123
5288,190085807777,194094329104,4008521327
5289,190085807777,194094330974,4008523197
5290,190085807777,194094334104,4008526327
5291,190085807777,194094335974,4008528197
5292,190085807777,194094337956,4008530179
5293,190085807777,194094347511,4008539734
5294,190085807777,194094350956,4008543179
5295,190085807777,194094352845,4008545068
5296,190085807777,194094354845,4008547068
5297,190085807777,194094356715,4008548938
5298,190085807777,194094359956,4008552179
5299,190085807777,194094363085,4008555308
5300,190085807777,194094365104,4008557327
5301,190085807777,194094368345,4008560568
5302,190085807777,194094370215,4008562438
5303,190085807777,194094373345,4008565568
5304,190085807777,194094375382,4008567605
5305,190085807777,194094378493,4008570716
5306,190085807777,194094380345,4008572568
5307,190085807777,194094383456,4008575679
5308,190085807777,194094386049,4008578272
5309,190085807777,194094389215,4008581438
5310,190085807777,194094391086,4008583309
5311,190085807777,194094394215,4008586438
5312,190085807777,194094396271,4008588494
5313,190085807777,194094399400,4008591623
5314,190085807777,194094401252,4008593475
5315,190085807777,194094403252,4008595475
5316,190085807777,194094405123,4008597346
5317,190085807777,194094412530,4008604753
5318,190085807777,194094415993,4008608216
5319,190085807777,194094417901,4008610124
5320,190085807777,194094421012,4008613235
5321,190085807777,194094422938,4008615161
5322,190085807777,194094426012,4008618235
5323,190085807777,194094427882,4008620105
5324,190085807777,194094431012,4008623235
5325,190085807777,194094432882,4008625105
5326,190085807777,194094436012,4008628235
5327,190085807777,194094437882,4008630105
5328,190085807777,194094441030,4008633253
5329,190085807777,194094442901,4008635124
5330,190085807777,194094446030,4008638253
5331,190085807777,194094447901,4008640124
5332,190085807777,194094450993,4008643216
5333,190085807777,194094452882,4008645105
5334,190085807777,194094456104,4008648327
5335,190085807777,194094457956,4008650179
5336,190085807777,194094461234,4008653457
5337,190085807777,194094463104,4008655327
5338,190085807777,194094466382,4008658605
5339,190085807777,194094468253,4008660476
5340,190085807777,194094471549,4008663772
5341,190085807777,194094473419,4008665642
5342,190085807777,194094476679,4008668902
5343,190085807777,194094478549,4008670772
5344,190085807777,194094481882,4008674105
5345,190085807777,194094483753,4008675976
5346,190085807777,194094487031,4008679254
5347,190085807777,194094488901,4008681124
5348,190085807777,194094492197,4008684420
5349,190085807777,194094494068,4008686291
5350,190085807777,194094497364,4008689587
5351,190085807777,194094499234,4008691457
5352,190085807777,194094502531,4008694754
5353,190085807777,194094504401,4008696624
5354,190085807777,194094507660,4008699883
5355,190085807777,194094520512,4008712735
5356,190085807777,194094523920,4008716143
5357,190085807777,194094525827,4008718050
5358,190085807777,194094527697,4008719920
5359,190085807777,194094529568,4008721791
5360,190085807777,194094531568,4008723791
5361,190085807777,194094534660,4008726883
5362,190085807777,194094536549,4008728772
5363,190085807777,194094539697,4008731920
5364,190085807777,194094541568,4008733791
5365,190085807777,194094544716,4008736939
5366,190085807777,194094546568,4008738791
5367,190085807777,194094549679,4008741902
5368,190085807777,194094551586,4008743809
5369,190085807777,194094554716,4008746939
5370,190085807777,194094556568,4008748791
5371,190085807777,194094559679,4008751902
5372,190085807777,194094561568,4008753791
5373,190085807777,194094564698,4008756921
5374,190085807777,194094566568,4008758791
5375,190085807777,194094569642,4008761865
5376,190085807777,194094571549,4008763772
5377,190085807777,194094574679,4008766902
5378,190085807777,194094576531,4008768754
5379,190085807777,194094578383,4008770606
5380,190085807777,194094589772,4008781995
5381,190085807777,194094593216,4008785439
5382,190085807777,194094595105,4008787328
5383,190085807777,194094596994,4008789217
5384,190085807777,194094598883,4008791106
5385,190085807777,194094602031,4008794254
5386,190085807777,194094603938,4008796161
5387,190085807777,194094614994,4008807217
5388,190085807777,194094617161,4008809384
5389,190085807777,194094620364,4008812587
5390,190085807777,194094622272,4008814495
5391,190085807777,194094625346,4008817569
5392,190085807777,194094627827,4008820050
5393,190085807777,194094630994,4008823217
5394,190085807777,194094632846,4008825069
5395,190085807777,194094635976,4008828199
5396,190085807777,194094637883,4008830106
5546,190085807777,194294779336,4208971559
5547,190085807777,194294783373,4208975596
5548,190085807777,194294785336,4208977559
5549,190085807777,194294787280,4208979503
5550,190085807777,194294789373,4208981596
5551,190085807777,194294792502,4208984725
5552,190085807777,194294794502,4208986725
5553,190085807777,194294797854,4208990077
5554,190085807777,194294799891,4208992114
5555,190085807777,194294803206,4208995429
5556,190085807777,194294805188,4208997411
5557,190085807777,194294808484,4209000707
5558,190085807777,194294810484,4209002707
5559,190085807777,194294813688,4209005911
5560,190085807777,194294815688,4209007911
5561,190085807777,194294818965,4209011188
5562,190085807777,194294820947,4209013170
5563,190085807777,194294824169,4209016392
5564,190085807777,194294826169,4209018392
5565,190085807777,194294829428,4209021651
5566,190085807777,194294831428,4209023651
5567,190085807777,194294834521,4209026744
5568,190085807777,194294836373,4209028596
5569,190085807777,194294846280,4209038503
5570,190085807777,194294849577,4209041800
5571,190085807777,194294851503,4209043726
5572,190085807777,194294853392,4209045615
5573,190085807777,194294855280,4209047503
5574,190085807777,194294858503,4209050726
5575,190085807777,194294860540,4209052763
5576,190085807777,194294863725,4209055948
5577,190085807777,194294865743,4209057966
5578,190085807777,194294868929,4209061152
5579,190085807777,194294870929,4209063152
5580,190085807777,194294874114,4209066337
5581,190085807777,194294876095,4209068318
5582,190085807777,194294879299,4209071522
5583,190085807777,194294881299,4209073522
5584,190085807777,194294884466,4209076689
5585,190085807777,194294886447,4209078670
5586,190085807777,194294889632,4209081855
5587,190085807777,194294891632,4209083855
5588,190085807777,194294894799,4209087022
5589,190085807777,194294896799,4209089022
5590,190085807777,194294899984,4209092207
5591,190085807777,194294901855,4209094078
5592,190085807777,194294903725,4209095948
5593,190085807777,194294911058,4209103281
5594,190085807777,194294914614,4209106837
5595,190085807777,194294916633,4209108856
5596,190085807777,194294919799,4209112022
5597,190085807777,194294921818,4209114041
5598,190085807777,194294925021,4209117244
5599,190085807777,194294927003,4209119226
5600,190085807777,194294930188,4209122411
5601,190085807777,194294932188,4209124411
5602,190085807777,194294935392,4209127615
5603,190085807777,194294937392,4209129615
5604,190085807777,194294940596,4209132819
5605,190085807777,194294942577,4209134800
5606,190085807777,194294945818,4209138041
5607,190085807777,194294947799,4209140022
5608,190085807777,194294951022,4209143245
5609,190085807777,194294953003,4209145226
5610,190085807777,194294956207,4209148430
5611,190085807777,194294958207,4209150430
5612,190085807777,194294961392,4209153615
5613,190085807777,194294963373,4209155596
5614,190085807777,194294966577,4209158800
5615,190085807777,194294968596,4209160819
5616,190085807777,194294971836,4209164059
5617,190085807777,194294973837,4209166060
5618,190085807777,194294977059,4209169282
5619,190085807777,194294979040,4209171263
5620,190085807777,194294982244,4209174467
5621,190085807777,194294984225,4209176448
5622,190085807777,194294987448,4209179671
5623,190085807777,194294989466,4209181689
5624,190085807777,194294992707,4209184930
5625,190085807777,194294994688,4209186911
5626,190085807777,194294997874,4209190097
5627,190085807777,194294999874,4209192097
5628,190085807777,194295003077,4209195300
5629,190085807777,194295005059,4209197282
5630,190085807777,194295019577,4209211800
5631,190085807777,194295022985,4209215208
5632,190085807777,194295024892,4209217115
5633,190085807777,194295026781,4209219004
5634,190085807777,194295028652,4209220875
5635,190085807777,194295031281,4209223504
5636,190085807777,194295034448,4209226671
5637,190085807777,194295036540,4209228763
5638,190085807777,194295039763,4209231986
5639,190085807777,194295041763,4209233986
5640,190085807777,194295044985,4209237208
5641,190085807777,194295046985,4209239208
5642,190085807777,194295050244,4209242467
5643,190085807777,194295052226,4209244449
5644,190085807777,194295055467,4209247690
5645,190085807777,194295057504,4209249727
5646,190085807777,194295060707,4209252930
5647,190085807777,194295062689,4209254912
5648,190085807777,194295065911,4209258134
5649,190085807777,194295067892,4209260115
5650,190085807777,194295071244,4209263467
5651,190085807777,194295073244,4209265467
5652,190085807777,194295088522,4209280745
5653,190085807777,194295091930,4209284153
5654,190085807777,194295093837,4209286060
5655,190085807777,194295095707,4209287930
5656,190085807777,194295098893,4209291116
5657,190085807777,194295100856,4209293079
5658,190085807777,194295104059,4209296282
5659,190085807777,194295106041,4209298264
5660,190085807777,194295109282,4209301505
5661,190085807777,194295111282,4209303505
5662,190085807777,194295114522,4209306745
5663,190085807777,194295116522,4209308745
5664,190085807777,194295119689,4209311912
5665,190085807777,194295121689,4209313912
5666,190085807777,194295124911,4209317134
5667,190085807777,194295126911,4209319134
5668,190085807777,194295130134,4209322357
5669,190085807777,194295132134,4209324357
5670,190085807777,194295135374,4209327597
5671,190085807777,194295137374,4209329597
5672,190085807777,194295140597,4209332820
5673,190085807777,194295142485,4209334708
5823,190085807777,194295144374,4209336597
5824,190085807777,194495219534,4409411757
5825,190085807777,194495223182,4409415405
5826,190085807777,194495225145,4409417368
5827,190085807777,194495227016,4409419239
5828,190085807777,194495228868,4409421091
5829,190085807777,194495231497,4409423720
5830,190085807777,194495234683,4409426906
5831,190085807777,194495236571,4409428794
5832,190085807777,194495239738,4409431961
5833,190085807777,194495241627,4409433850
5834,190085807777,194495244849,4409437072
5835,190085807777,194495246720,4409438943
5836,190085807777,194495249849,4409442072
5837,190085807777,194495251720,4409443943
5838,190085807777,194495255034,4409447257
5839,190085807777,194495256923,4409449146
5840,190085807777,194495260201,4409452424
5841,190085807777,194495262072,4409454295
5842,190085807777,194495265442,4409457665
5843,190085807777,194495267294,4409459517
5844,190085807777,194495270590,4409462813
5845,190085807777,194495272461,4409464684
5846,190085807777,194495298387,4409490610
5847,190085807777,194495303053,4409495276
5848,190085807777,194495304998,4409497221
5849,190085807777,194495306905,4409499128
5850,190085807777,194495308868,4409501091
5851,190085807777,194495310720,4409502943
5852,190085807777,194495312572,4409504795
5853,190085807777,194495314442,4409506665
5854,190085807777,194495316442,4409508665
5855,190085807777,194495318331,4409510554
5856,190085807777,194495320201,4409512424
5857,190085807777,194495322072,4409514295
5858,190085807777,194495324053,4409516276
5859,190085807777,194495325924,4409518147
5860,190085807777,194495327794,4409520017
5861,190085807777,194495329720,4409521943
5862,190085807777,194495331702,4409523925
5863,190085807777,194495333553,4409525776
5864,190085807777,194495335424,4409527647
5865,190085807777,194495337276,4409529499
5866,190085807777,194495339276,4409531499
5867,190085807777,194495347831,4409540054
5868,190085807777,194495349720,4409541943
5869,190085807777,194495351572,4409543795
5870,190085807777,194495353591,4409545814
5871,190085807777,194495355461,4409547684
5872,190085807777,194495357331,4409549554
5873,190085807777,194495359183,4409551406
5874,190085807777,194495361183,4409553406
5875,190085807777,194495363054,4409555277
5876,190085807777,194495364924,4409557147
5877,190085807777,194495366776,4409558999
5878,190085807777,194495369054,4409561277
5879,190085807777,194495370924,4409563147
5880,190085807777,194495396868,4409589091
5881,190085807777,194495398776,4409590999
5882,190085807777,194495400757,4409592980
5883,190085807777,194495402609,4409594832
5884,190085807777,194495404517,4409596740
5885,190085807777,194495406369,4409598592
5886,190085807777,194495408369,4409600592
5887,190085807777,194495410239,4409602462
5888,190085807777,194495412091,4409604314
5889,190085807777,194495413961,4409606184
5890,190085807777,194495415943,4409608166
5891,190085807777,194495417813,4409610036
5892,190085807777,194495419683,4409611906
5893,190085807777,194495421535,4409613758
5894,190085807777,194495423535,4409615758
5895,190085807777,194495425406,4409617629
5896,190085807777,194495427239,4409619462
5897,190085807777,194495429091,4409621314
5898,190085807777,194495431091,4409623314
5899,190085807777,194495432943,4409625166
5900,190085807777,194495434795,4409627018
5901,190085807777,194495436646,4409628869
5902,190085807777,194495438646,4409630869
5903,190085807777,194495440498,4409632721
5904,190085807777,194495442350,4409634573
5905,190085807777,194495444202,4409636425
5906,190085807777,194495446184,4409638407
5907,190085807777,194495448035,4409640258
5908,190085807777,194495449906,4409642129
5909,190085807777,194495451776,4409643999
5910,190085807777,194495453813,4409646036
5911,190085807777,194495455665,4409647888
5912,190085807777,194495457535,4409649758
5913,190085807777,194495459387,4409651610
5914,190085807777,194495469776,4409661999
5915,190085807777,194495471647,4409663870
5916,190085807777,194495473535,4409665758
5917,190085807777,194495475387,4409667610
5918,190085807777,194495477387,4409669610
5919,190085807777,194495479239,4409671462
5920,190085807777,194495481110,4409673333
5921,190085807777,194495482961,4409675184
5922,190085807777,194495484943,4409677166
5923,190085807777,194495486795,4409679018
5924,190085807777,194495488665,4409680888
5925,190085807777,194495490517,4409682740
5926,190085807777,194495492499,4409684722
5927,190085807777,194495494369,4409686592
5928,190085807777,194495496221,4409688444
5929,190085807777,194495498073,4409690296
5930,190085807777,194495500054,4409692277
5931,190085807777,194495501906,4409694129
5932,190085807777,194495503758,4409695981
5933,190085807777,194495505610,4409697833
5934,190085807777,194495507610,4409699833
5935,190085807777,194495509462,4409701685
5936,190085807777,194495511313,4409703536
5937,190085807777,194495513165,4409705388
5938,190085807777,194495521702,4409713925
5939,190085807777,194495523647,4409715870
5940,190085807777,194495525517,4409717740
5941,190085807777,194495535406,4409727629
5942,190085807777,194495537462,4409729685
5943,190085807777,194495539295,4409731518
5944,190085807777,194495541147,4409733370
5945,190085807777,194495543017,4409735240
5946,190085807777,194495544999,4409737222
5947,190085807777,194495546832,4409739055
5948,190085807777,194495548721,4409740944
5949,190085807777,194495550554,4409742777
5950,190085807777,194495552536,4409744759
5951,190085807777,194495554369,4409746592
6100,190085807777,194495556240,4409748463
6101,190085807777,194695762289,4609954512
6102,190085807777,194695766252,4609958475
6103,190085807777,194695768215,4609960438
6104,190085807777,194695770085,4609962308
6105,190085807777,194695771937,4609964160
6106,190085807777,194695773937,4609966160
6107,190085807777,194695775789,4609968012
6108,190085807777,194695777660,4609969883
6109,190085807777,194695779511,4609971734
6110,190085807777,194695781493,4609973716
6111,190085807777,194695783363,4609975586
6112,190085807777,194695785215,4609977438
6113,190085807777,194695787085,4609979308
6114,190085807777,194695797160,4609989383
6115,190085807777,194695800511,4609992734
6116,190085807777,194695802419,4609994642
6117,190085807777,194695805660,4609997883
6118,190085807777,194695807660,4609999883
6119,190085807777,194695809678,4610001901
6120,190085807777,194695812789,4610005012
6121,190085807777,194695814660,4610006883
6122,190085807777,194695817789,4610010012
6123,190085807777,194695819641,4610011864
6124,190085807777,194695822197,4610014420
6125,190085807777,194695825271,4610017494
6126,190085807777,194695827160,4610019383
6127,190085807777,194695830363,4610022586
6128,190085807777,194695832252,4610024475
6129,190085807777,194695835475,4610027698
6130,190085807777,194695837382,4610029605
6131,190085807777,194695840771,4610032994
6132,190085807777,194695842660,4610034883
6133,190085807777,194695853882,4610046105
6134,190085807777,194695855808,4610048031
6135,190085807777,194695865753,4610057976
6136,190085807777,194695869030,4610061253
6137,190085807777,194695870882,4610063105
6138,190085807777,194695874049,4610066272
6139,190085807777,194695875919,4610068142
6140,190085807777,194695879123,4610071346
6141,190085807777,194695881012,4610073235
6142,190085807777,194695883086,4610075309
6143,190085807777,194695886216,4610078439
6144,190085807777,194695888104,4610080327
6145,190085807777,194695891234,4610083457
6146,190085807777,194695893142,4610085365
6147,190085807777,194695896364,4610088587
6148,190085807777,194695898216,4610090439
6149,190085807777,194695901475,4610093698
6150,190085807777,194695903364,4610095587
6151,190085807777,194695906030,4610098253
6152,190085807777,194695909327,4610101550
6153,190085807777,194695917568,4610109791
6154,190085807777,194695921642,4610113865
6155,190085807777,194695923679,4610115902
6156,190085807777,194695925549,4610117772
6157,190085807777,194695928716,4610120939
6158,190085807777,194695930753,4610122976
6159,190085807777,194695933901,4610126124
6160,190085807777,194695935808,4610128031
6161,190085807777,194695938901,4610131124
6162,190085807777,194695940864,4610133087
6163,190085807777,194695943957,4610136180
6164,190085807777,194695945845,4610138068
6165,190085807777,194695948327,4610140550
6166,190085807777,194695951494,4610143717
6167,190085807777,194695953383,4610145606
6168,190085807777,194695956494,4610148717
6169,190085807777,194695958383,4610150606
6170,190085807777,194695961531,4610153754
6171,190085807777,194695963401,4610155624
6172,190085807777,194695966512,4610158735
6173,190085807777,194695968401,4610160624
6174,190085807777,194695970994,4610163217
6175,190085807777,194695974105,4610166328
6176,190085807777,194695975975,4610168198
6177,190085807777,194695979105,4610171328
6178,190085807777,194695981012,4610173235
6179,190085807777,194695984216,4610176439
6180,190085807777,194695986105,4610178328
6181,190085807777,194695989364,4610181587
6182,190085807777,194695991309,4610183532
6183,190085807777,194695994531,4610186754
6184,190085807777,194695996401,4610188624
6185,190085807777,194695999698,4610191921
6186,190085807777,194696009364,4610201587
6187,190085807777,194696011438,4610203661
6188,190085807777,194696014550,4610206773
6189,190085807777,194696017198,4610209421
6190,190085807777,194696020512,4610212735
6191,190085807777,194696022401,4610214624
6192,190085807777,194696024253,4610216476
6193,190085807777,194696026124,4610218347
6194,190085807777,194696028105,4610220328
6195,190085807777,194696029976,4610222199
6196,190085807777,194696039994,4610232217
6197,190085807777,194696043272,4610235495
6198,190085807777,194696045272,4610237495
6199,190085807777,194696048402,4610240625
6200,190085807777,194696050290,4610242513
6201,190085807777,194696053383,4610245606
6202,190085807777,194696055290,4610247513
6203,190085807777,194696057753,4610249976
6204,190085807777,194696061087,4610253310
6205,190085807777,194696062957,4610255180
6206,190085807777,194696066253,4610258476
6207,190085807777,194696068124,4610260347
6208,190085807777,194696071383,4610263606
6209,190085807777,194696073253,4610265476
6210,190085807777,194696076531,4610268754
6211,190085807777,194696078383,4610270606
6212,190085807777,194696081068,4610273291
6213,190085807777,194696084365,4610276588
6214,190085807777,194696095198,4610287421
6215,190085807777,194696097087,4610289310
6216,190085807777,194696106957,4610299180
6217,190085807777,194696108846,4610301069
6218,190085807777,194696110828,4610303051
6219,190085807777,194696112680,4610304903
6220,190085807777,194696114550,4610306773
6221,190085807777,194696116402,4610308625
6222,190085807777,194696118328,4610310551
6223,190085807777,194696129106,4610321329
6224,190085807777,194696130976,4610323199
6225,190085807777,194696132828,4610325051
6226,190085807777,194696134809,4610327032
6227,190085807777,194696136661,4610328884
6228,190085807777,194696138532,4610330755
6377,190085807777,194696140402,4610332625
6378,190085807777,194896347248,4810539471
6379,190085807777,194896352174,4810544397
6380,190085807777,194896354137,4810546360
6381,190085807777,194896356007,4810548230
6382,190085807777,194896357933,4810550156
6383,190085807777,194896359785,4810552008
6384,190085807777,194896361655,4810553878
6385,190085807777,194896363544,4810555767
6386,190085807777,194896365470,4810557693
6387,190085807777,194896367322,4810559545
6388,190085807777,194896369174,4810561397
6389,190085807777,194896371044,4810563267
6390,190085807777,194896372952,4810565175
6391,190085807777,194896374803,4810567026
6392,190085807777,194896376655,4810568878
6393,190085807777,194896378526,4810570749
6394,190085807777,194896380526,4810572749
6395,190085807777,194896382396,4810574619
6396,190085807777,194896384248,4810576471
6397,190085807777,194896386118,4810578341
6398,190085807777,194896388118,4810580341
6399,190085807777,194896389970,4810582193
6400,190085807777,194896391822,4810584045
6401,190085807777,194896393692,4810585915
6402,190085807777,194896395674,4810587897
6403,190085807777,194896405711,4810597934
6404,190085807777,194896409081,4810601304
6405,190085807777,194896410952,4810603175
6406,190085807777,194896414081,4810606304
6407,190085807777,194896415952,4810608175
6408,190085807777,194896418489,4810610712
6409,190085807777,194896421693,4810613916
6410,190085807777,194896423600,4810615823
6411,190085807777,194896426841,4810619064
6412,190085807777,194896428711,4810620934
6413,190085807777,194896431970,4810624193
6414,190085807777,194896433896,4810626119
6415,190085807777,194896436581,4810628804
6416,190085807777,194896439878,4810632101
6417,190085807777,194896441748,4810633971
6418,190085807777,194896445007,4810637230
6419,190085807777,194896446878,4810639101
6420,190085807777,194896457211,4810649434
6421,190085807777,194896461767,4810653990
6422,190085807777,194896463711,4810655934
6423,190085807777,194896475285,4810667508
6424,190085807777,194896477193,4810669416
6425,190085807777,194896480322,4810672545
6426,190085807777,194896482211,4810674434
6427,190085807777,194896485378,4810677601
6428,190085807777,194896487230,4810679453
6429,190085807777,194896491693,4810683916
6430,190085807777,194896493637,4810685860
6431,190085807777,194896496156,4810688379
6432,190085807777,194896499285,4810691508
6433,190085807777,194896501174,4810693397
6434,190085807777,194896504304,4810696527
6435,190085807777,194896506174,4810698397
6436,190085807777,194896509286,4810701509
6437,190085807777,194896511156,4810703379
6438,190085807777,194896513730,4810705953
6439,190085807777,194896516860,4810709083
6440,190085807777,194896525100,4810717323
6441,190085807777,194896529026,4810721249
6442,190085807777,194896530971,4810723194
6443,190085807777,194896532841,4810725064
6444,190085807777,194896535341,4810727564
6445,190085807777,194896538452,4810730675
6446,190085807777,194896540360,4810732583
6447,190085807777,194896543489,4810735712
6448,190085807777,194896545360,4810737583
6449,190085807777,194896548471,4810740694
6450,190085807777,194896550378,4810742601
6451,190085807777,194896553508,4810745731
6452,190085807777,194896555582,4810747805
6453,190085807777,194896558749,4810750972
6454,190085807777,194896561193,4810753416
6455,190085807777,194896564489,4810756712
6456,190085807777,194896566897,4810759120
6457,190085807777,194896570360,4810762583
6458,190085807777,194896572749,4810764972
6459,190085807777,194896576175,4810768398
6460,190085807777,194896578175,4810770398
6461,190085807777,194896581471,4810773694
6462,190085807777,194896583953,4810776176
6463,190085807777,194896587230,4810779453
6464,190085807777,194896589712,4810781935
6465,190085807777,194896593082,4810785305
6466,190085807777,194896595619,4810787842
6467,190085807777,194896598897,4810791120
6468,190085807777,194896601675,4810793898
6469,190085807777,194896605064,4810797287
6470,190085807777,194896607027,4810799250
6471,190085807777,194896610286,4810802509
6472,190085807777,194896612230,4810804453
6473,190085807777,194896615490,4810807713
6474,190085807777,194896617916,4810810139
6475,190085807777,194896621212,4810813435
6476,190085807777,194896623323,4810815546
6477,190085807777,194896626601,4810818824
6478,190085807777,194896629027,4810821250
6479,190085807777,194896652416,4810844639
6480,190085807777,194896654675,4810846898
6481,190085807777,194896657786,4810850009
6482,190085807777,194896659712,4810851935
6483,190085807777,194896662805,4810855028
6484,190085807777,194896664675,4810856898
6485,190085807777,194896667231,4810859454
6486,190085807777,194896670379,4810862602
6487,190085807777,194896672268,4810864491
6488,190085807777,194896675379,4810867602
6489,190085807777,194896677231,4810869454
6490,190085807777,194896680379,4810872602
6491,190085807777,194896682268,4810874491
6492,190085807777,194896684916,4810877139
6493,190085807777,194896688027,4810880250
6494,190085807777,194896689934,4810882157
6495,190085807777,194896699435,4810891658
6496,190085807777,194896703360,4810895583
6497,190085807777,194896705268,4810897491
6498,190085807777,194896715509,4810907732
6499,190085807777,194896717398,4810909621
6500,190085807777,194896719268,4810911491
6501,190085807777,194896721138,4810913361
6502,190085807777,194896723138,4810915361
6503,190085807777,194896725009,4810917232
6504,190085807777,194896726879,4810919102
6505,190085807777,194896728749,4810920972
6654,190085807777,194896730749,4810922972
6655,190085807777,195096936910,5011129133
6656,190085807777,195096940855,5011133078
6657,190085807777,195096949373,5011141596
6658,190085807777,195096951410,5011143633
6659,190085807777,195096953281,5011145504
6660,190085807777,195096955169,5011147392
6661,190085807777,195096957021,5011149244
6662,190085807777,195096960299,5011152522
6663,190085807777,195096962188,5011154411
6664,190085807777,195096965318,5011157541
6665,190085807777,195096967188,5011159411
6666,190085807777,195096970373,5011162596
6667,190085807777,195096972225,5011164448
6668,190085807777,195096975355,5011167578
6669,190085807777,195096977336,5011169559
6670,190085807777,195096980521,5011172744
6671,190085807777,195096982484,5011174707
6672,190085807777,195096985614,5011177837
6673,190085807777,195096990410,5011182633
6674,190085807777,195096992484,5011184707
6675,190085807777,195096995614,5011187837
6676,190085807777,195096997522,5011189745
6677,190085807777,195097000633,5011192856
6678,190085807777,195097002818,5011195041
6679,190085807777,195097005929,5011198152
6680,190085807777,195097008373,5011200596
6681,190085807777,195097011466,5011203689
6682,190085807777,195097013892,5011206115
6683,190085807777,195097017040,5011209263
6684,190085807777,195097019485,5011211708
6685,190085807777,195097022577,5011214800
6686,190085807777,195097024540,5011216763
6687,190085807777,195097027633,5011219856
6688,190085807777,195097029614,5011221837
6689,190085807777,195097032725,5011224948
6690,190085807777,195097035336,5011227559
6691,190085807777,195097038577,5011230800
6692,190085807777,195097040966,5011233189
6693,190085807777,195097044299,5011236522
6694,190085807777,195097046262,5011238485
6695,190085807777,195097049503,5011241726
6696,190085807777,195097051614,5011243837
6697,190085807777,195097053614,5011245837
6698,190085807777,195097055466,5011247689
6699,190085807777,195097057318,5011249541
6700,190085807777,195097059151,5011251374
6701,190085807777,195097069151,5011261374
6702,190085807777,195097072448,5011264671
6703,190085807777,195097074355,5011266578
6704,190085807777,195097077485,5011269708
6705,190085807777,195097079355,5011271578
6706,190085807777,195097081966,5011274189
6707,190085807777,195097085059,5011277282
6708,190085807777,195097086948,5011279171
6709,190085807777,195097090059,5011282282
6710,190085807777,195097092077,5011284300
6711,190085807777,195097095170,5011287393
6712,190085807777,195097097059,5011289282
6713,190085807777,195097100855,5011293078
6714,190085807777,195097146004,5011338227
6715,190085807777,195097148004,5011340227
6716,190085807777,195097149874,5011342097
6717,190085807777,195097151744,5011343967
6718,190085807777,195097153670,5011345893
6719,190085807777,195097155541,5011347764
6720,190085807777,195097157411,5011349634
6721,190085807777,195097159263,5011351486
6722,190085807777,195097161189,5011353412
6723,190085807777,195097163041,5011355264
6724,190085807777,195097164911,5011357134
6725,190085807777,195097166763,5011358986
6726,190085807777,195097168670,5011360893
6727,190085807777,195097170522,5011362745
6728,190085807777,195097172393,5011364616
6729,190085807777,195097174245,5011366468
6730,190085807777,195097176226,5011368449
6731,190085807777,195097178078,5011370301
6732,190085807777,195097179948,5011372171
6733,190085807777,195097181800,5011374023
6734,190085807777,195097191411,5011383634
6735,190085807777,195097193337,5011385560
6736,190085807777,195097195226,5011387449
6737,190085807777,195097197319,5011389542
6738,190085807777,195097200597,5011392820
6739,190085807777,195097202504,5011394727
6740,190085807777,195097206282,5011398505
6741,190085807777,195097208319,5011400542
6742,190085807777,195097211504,5011403727
6743,190085807777,195097213948,5011406171
6744,190085807777,195097217078,5011409301
6745,190085807777,195097218967,5011411190
6746,190085807777,195097220985,5011413208
6747,190085807777,195097224078,5011416301
6748,190085807777,195097226078,5011418301
6749,190085807777,195097229171,5011421394
6750,190085807777,195097231560,5011423783
6751,190085807777,195097234689,5011426912
6752,190085807777,195097237152,5011429375
6753,190085807777,195097240319,5011432542
6754,190085807777,195097242652,5011434875
6755,190085807777,195097245726,5011437949
6756,190085807777,195097248171,5011440394
6757,190085807777,195097251319,5011443542
6758,190085807777,195097253800,5011446023
6759,190085807777,195097256875,5011449098
6760,190085807777,195097258838,5011451061
6761,190085807777,195097261949,5011454172
6762,190085807777,195097263912,5011456135
6763,190085807777,195097267004,5011459227
6764,190085807777,195097269134,5011461357
6765,190085807777,195097272208,5011464431
6766,190085807777,195097274819,5011467042
6767,190085807777,195097277930,5011470153
6768,190085807777,195097280356,5011472579
6769,190085807777,195097283430,5011475653
6770,190085807777,195097285393,5011477616
6771,190085807777,195097288504,5011480727
6772,190085807777,195097290615,5011482838
6773,190085807777,195097293708,5011485931
6774,190085807777,195097295615,5011487838
6775,190085807777,195097297467,5011489690
6776,190085807777,195097299319,5011491542
6777,190085807777,195097301190,5011493413
6778,190085807777,195097303208,5011495431
6779,190085807777,195097313134,5011505357
6780,190085807777,195097316393,5011508616
6781,190085807777,195097318301,5011510524
6782,190085807777,195097321430,5011513653
6932,190085807777,195297527862,5211720085
6933,190085807777,195297538473,5211730696
6934,190085807777,195297541899,5211734122
6935,190085807777,195297543880,5211736103
6936,190085807777,195297545899,5211738122
6937,190085807777,195297549047,5211741270
6938,190085807777,195297550936,5211743159
6939,190085807777,195297554065,5211746288
6940,190085807777,195297555936,5211748159
6941,190085807777,195297559028,5211751251
6942,190085807777,195297560917,5211753140
6943,190085807777,195297564102,5211756325
6944,190085807777,195297565991,5211758214
6945,190085807777,195297569121,5211761344
6946,190085807777,195297571010,5211763233
6947,190085807777,195297574158,5211766381
6948,190085807777,195297576028,5211768251
6949,190085807777,195297579121,5211771344
6950,190085807777,195297580991,5211773214
6951,190085807777,195297584177,5211776400
6952,190085807777,195297586047,5211778270
6953,190085807777,195297589140,5211781363
6954,190085807777,195297591640,5211783863
6955,190085807777,195297594806,5211787029
6956,190085807777,195297597232,5211789455
6957,190085807777,195297600362,5211792585
6958,190085807777,195297602510,5211794733
6959,190085807777,195297605658,5211797881
6960,190085807777,195297607640,5211799863
6961,190085807777,195297610732,5211802955
6962,190085807777,195297613195,5211805418
6963,190085807777,195297616417,5211808640
6964,190085807777,195297618751,5211810974
6965,190085807777,195297621917,5211814140
6966,190085807777,195297624399,5211816622
6967,190085807777,195297627510,5211819733
6968,190085807777,195297630121,5211822344
6969,190085807777,195297633214,5211825437
6970,190085807777,195297635195,5211827418
6971,190085807777,195297638343,5211830566
6972,190085807777,195297640769,5211832992
6973,190085807777,195297643862,5211836085
6974,190085807777,195297645732,5211837955
6975,190085807777,195297647640,5211839863
6976,190085807777,195297649529,5211841752
6977,190085807777,195297651399,5211843622
6978,190085807777,195297653269,5211845492
6979,190085807777,195297664807,5211857030
6980,190085807777,195297666714,5211858937
6981,190085807777,195297669844,5211862067
6982,190085807777,195297671751,5211863974
6983,190085807777,195297674955,5211867178
6984,190085807777,195297676825,5211869048
6985,190085807777,195297681714,5211873937
6986,190085807777,195297683603,5211875826
6987,190085807777,195297685659,5211877882
6988,190085807777,195297688751,5211880974
6989,190085807777,195297690621,5211882844
6990,190085807777,195297693733,5211885956
6991,190085807777,195297695622,5211887845
6992,190085807777,195297698751,5211890974
6993,190085807777,195297700622,5211892845
6994,190085807777,195297705436,5211897659
6995,190085807777,195297707436,5211899659
6996,190085807777,195297717177,5211909400
6997,190085807777,195297719103,5211911326
6998,190085807777,195297720973,5211913196
6999,190085807777,195297730955,5211923178
7000,190085807777,195297734251,5211926474
7001,190085807777,195297736103,5211928326
7002,190085807777,195297739251,5211931474
7003,190085807777,195297741270,5211933493
7004,190085807777,195297744344,5211936567
7005,190085807777,195297746214,5211938437
7006,190085807777,195297749288,5211941511
7007,190085807777,195297751233,5211943456
7008,190085807777,195297754325,5211946548
7009,190085807777,195297756177,5211948400
7010,190085807777,195297758733,5211950956
7011,190085807777,195297761992,5211954215
7012,190085807777,195297763863,5211956086
7013,190085807777,195297767103,5211959326
7014,190085807777,195297768974,5211961197
7015,190085807777,195297772233,5211964456
7016,190085807777,195297774085,5211966308
7017,190085807777,195297783677,5211975900
7018,190085807777,195297786918,5211979141
7019,190085807777,195297788844,5211981067
7020,190085807777,195297790844,5211983067
7021,190085807777,195297793937,5211986160
7022,190085807777,195297795789,5211988012
7023,190085807777,195297798863,5211991086
7024,190085807777,195297800752,5211992975
7025,190085807777,195297803844,5211996067
7026,190085807777,195297806307,5211998530
7027,190085807777,195297809381,5212001604
7028,190085807777,195297811770,5212003993
7029,190085807777,195297814900,5212007123
7030,190085807777,195297816863,5212009086
7031,190085807777,195297819937,5212012160
7032,190085807777,195297822418,5212014641
7033,190085807777,195297825511,5212017734
7034,190085807777,195297827974,5212020197
7035,190085807777,195297831085,5212023308
7036,190085807777,195297833030,5212025253
7037,190085807777,195297836122,5212028345
7038,190085807777,195297838104,5212030327
7039,190085807777,195297841215,5212033438
7040,190085807777,195297846122,5212038345
7041,190085807777,195297847993,5212040216
7042,190085807777,195297851067,5212043290
7043,190085807777,195297853048,5212045271
7044,190085807777,195297856122,5212048345
7045,190085807777,195297857993,5212050216
7046,190085807777,195297861067,5212053290
7047,190085807777,195297863233,5212055456
7048,190085807777,195297866326,5212058549
7049,190085807777,195297868289,5212060512
7050,190085807777,195297871363,5212063586
7051,190085807777,195297873826,5212066049
7052,190085807777,195297876919,5212069142
7053,190085807777,195297878956,5212071179
7054,190085807777,195297882048,5212074271
7055,190085807777,195297884511,5212076734
7056,190085807777,195297887585,5212079808
7057,190085807777,195297889456,5212081679
7058,190085807777,195297891308,5212083531
7059,190085807777,195297915474,5212107697
7209,190085807777,195498128077,5412320300
7210,190085807777,195498131892,5412324115
7211,190085807777,195498134429,5412326652
7212,190085807777,195498137521,5412329744
7213,190085807777,195498139392,5412331615
7214,190085807777,195498142466,5412334689
7215,190085807777,195498144336,5412336559
7216,190085807777,195498147503,5412339726
7217,190085807777,195498149373,5412341596
7218,190085807777,195498152447,5412344670
7219,190085807777,195498154299,5412346522
7220,190085807777,195498157466,5412349689
7221,190085807777,195498159318,5412351541
7222,190085807777,195498162429,5412354652
7223,190085807777,195498164262,5412356485
7224,190085807777,195498167429,5412359652
7225,190085807777,195498169762,5412361985
7226,190085807777,195498172873,5412365096
7227,190085807777,195498174855,5412367078
7228,190085807777,195498178003,5412370226
7229,190085807777,195498180448,5412372671
7230,190085807777,195498183522,5412375745
7231,190085807777,195498185929,5412378152
7232,190085807777,195498189151,5412381374
7233,190085807777,195498191633,5412383856
7234,190085807777,195498194670,5412386893
7235,190085807777,195498196744,5412388967
7236,190085807777,195498199911,5412392134
7237,190085807777,195498202429,5412394652
7238,190085807777,195498205485,5412397708
7239,190085807777,195498207614,5412399837
7240,190085807777,195498210762,5412402985
7241,190085807777,195498212725,5412404948
7242,190085807777,195498215818,5412408041
7243,190085807777,195498217781,5412410004
7244,190085807777,195498220911,5412413134
7245,190085807777,195498222874,5412415097
7246,190085807777,195498225966,5412418189
7247,190085807777,195498228559,5412420782
7248,190085807777,195498231689,5412423912
7249,190085807777,195498233559,5412425782
7250,190085807777,195498235411,5412427634
7251,190085807777,195498237281,5412429504
7252,190085807777,195498239207,5412431430
7253,190085807777,195498249207,5412441430
7254,190085807777,195498252485,5412444708
7255,190085807777,195498254337,5412446560
7256,190085807777,195498257503,5412449726
7257,190085807777,195498259374,5412451597
7258,190085807777,195498262540,5412454763
7259,190085807777,195498264392,5412456615
7260,190085807777,195498266466,5412458689
7261,190085807777,195498269541,5412461764
7262,190085807777,195498271392,5412463615
7263,190085807777,195498274504,5412466727
7264,190085807777,195498276392,5412468615
7265,190085807777,195498279448,5412471671
7266,190085807777,195498281300,5412473523
7267,190085807777,195498283281,5412475504
7268,190085807777,195498286337,5412478560
7269,190085807777,195498288189,5412480412
7270,190085807777,195498291281,5412483504
7271,190085807777,195498293133,5412485356
7272,190085807777,195498302855,5412495078
7273,190085807777,195498304800,5412497023
7274,190085807777,195498306652,5412498875
7275,190085807777,195498316522,5412508745
7276,190085807777,195498319819,5412512042
7277,190085807777,195498321726,5412513949
7278,190085807777,195498324856,5412517079
7279,190085807777,195498326874,5412519097
7280,190085807777,195498329967,5412522190
7281,190085807777,195498331837,5412524060
7282,190085807777,195498334948,5412527171
7283,190085807777,195498336800,5412529023
7284,190085807777,195498339911,5412532134
7285,190085807777,195498341782,5412534005
7286,190085807777,195498344411,5412536634
7287,190085807777,195498347522,5412539745
7288,190085807777,195498349393,5412541616
7289,190085807777,195498352596,5412544819
7290,190085807777,195498354448,5412546671
7291,190085807777,195498357671,5412549894
7292,190085807777,195498359541,5412551764
7293,190085807777,195498369152,5412561375
7294,190085807777,195498372411,5412564634
7295,190085807777,195498374282,5412566505
7296,190085807777,195498379189,5412571412
7297,190085807777,195498381078,5412573301
7298,190085807777,195498384171,5412576394
7299,190085807777,195498386041,5412578264
7300,190085807777,195498389134,5412581357
7301,190085807777,195498390986,5412583209
7302,190085807777,195498394078,5412586301
7303,190085807777,195498395930,5412588153
7304,190085807777,195498399023,5412591246
7305,190085807777,195498401467,5412593690
7306,190085807777,195498404597,5412596820
7307,190085807777,195498406578,5412598801
7308,190085807777,195498409671,5412601894
7309,190085807777,195498412115,5412604338
7310,190085807777,195498415189,5412607412
7311,190085807777,195498417912,5412610135
7312,190085807777,195498421023,5412613246
7313,190085807777,195498423486,5412615709
7314,190085807777,195498426578,5412618801
7315,190085807777,195498428523,5412620746
7316,190085807777,195498431615,5412623838
7317,190085807777,195498434097,5412626320
7318,190085807777,195498437152,5412629375
7319,190085807777,195498439097,5412631320
7320,190085807777,195498442245,5412634468
7321,190085807777,195498444393,5412636616
7322,190085807777,195498447449,5412639672
7323,190085807777,195498452338,5412644561
7324,190085807777,195498454227,5412646450
7325,190085807777,195498457319,5412649542
7326,190085807777,195498459190,5412651413
7327,190085807777,195498462264,5412654487
7328,190085807777,195498464153,5412656376
7329,190085807777,195498467245,5412659468
7330,190085807777,195498469097,5412661320
7331,190085807777,195498472153,5412664376
7332,190085807777,195498474171,5412666394
7333,190085807777,195498476134,5412668357
7334,190085807777,195498477986,5412670209
7335,190085807777,195498479819,5412672042
7336,190085807777,195498481708,5412673931
7486,190085807777,195698695811,5612888034
7487,190085807777,195698699422,5612891645
7488,190085807777,195698701348,5612893571
7489,190085807777,195698704570,5612896793
7490,190085807777,195698706496,5612898719
7491,190085807777,195698708940,5612901163
7492,190085807777,195698712033,5612904256
7493,190085807777,195698713959,5612906182
7494,190085807777,195698717052,5612909275
7495,190085807777,195698718922,5612911145
7496,190085807777,195698722015,5612914238
7497,190085807777,195698723903,5612916126
7498,190085807777,195698725885,5612918108
7499,190085807777,195698728959,5612921182
7500,190085807777,195698730848,5612923071
7501,190085807777,195698733978,5612926201
7502,190085807777,195698735848,5612928071
7503,190085807777,195698738904,5612931127
7504,190085807777,195698740792,5612933015
7505,190085807777,195698751181,5612943404
7506,190085807777,195698753218,5612945441
7507,190085807777,195698755070,5612947293
7508,190085807777,195698765052,5612957275
7509,190085807777,195698768293,5612960516
7510,190085807777,195698770200,5612962423
7511,190085807777,195698773274,5612965497
7512,190085807777,195698775144,5612967367
7513,190085807777,195698777774,5612969997
7514,190085807777,195698780959,5612973182
7515,190085807777,195698782793,5612975016
7516,190085807777,195698786033,5612978256
7517,190085807777,195698787941,5612980164
7518,190085807777,195698791145,5612983368
7519,190085807777,195698792996,5612985219
7520,190085807777,195698796219,5612988442
7521,190085807777,195698798107,5612990330
7522,190085807777,195698802996,5612995219
7523,190085807777,195698804867,5612997090
7524,190085807777,195698807367,5612999590
7525,190085807777,195698816793,5613009016
7526,190085807777,195698819996,5613012219
7527,190085807777,195698821867,5613014090
7528,190085807777,195698823885,5613016108
7529,190085807777,195698827034,5613019257
7530,190085807777,195698828885,5613021108
7531,190085807777,195698831960,5613024183
7532,190085807777,195698833830,5613026053
7533,190085807777,195698836960,5613029183
7534,190085807777,195698839015,5613031238
7535,190085807777,195698842126,5613034349
7536,190085807777,195698844589,5613036812
7537,190085807777,195698847682,5613039905
7538,190085807777,195698849645,5613041868
7539,190085807777,195698852719,5613044942
7540,190085807777,195698855460,5613047683
7541,190085807777,195698858552,5613050775
7542,190085807777,195698860886,5613053109
7543,190085807777,195698863997,5613056220
7544,190085807777,195698865978,5613058201
7545,190085807777,195698869034,5613061257
7546,190085807777,195698871497,5613063720
7547,190085807777,195698874534,5613066757
7548,190085807777,195698876997,5613069220
7549,190085807777,195698880089,5613072312
7550,190085807777,195698882682,5613074905
7551,190085807777,195698885756,5613077979
7552,190085807777,195698901367,5613093590
7553,190085807777,195698903404,5613095627
7554,190085807777,195698906515,5613098738
7555,190085807777,195698908978,5613101201
7556,190085807777,195698912052,5613104275
7557,190085807777,195698913997,5613106220
7558,190085807777,195698917071,5613109294
7559,190085807777,195698919071,5613111294
7560,190085807777,195698922164,5613114387
7561,190085807777,195698924071,5613116294
7562,190085807777,195698925923,5613118146
7563,190085807777,195698927793,5613120016
7564,190085807777,195698929645,5613121868
7565,190085807777,195698931571,5613123794
7566,190085807777,195698941534,5613133757
7567,190085807777,195698944812,5613137035
7568,190085807777,195698946682,5613138905
7569,190085807777,195698949793,5613142016
7570,190085807777,195698951645,5613143868
7571,190085807777,195698954738,5613146961
7572,190085807777,195698956571,5613148794
7573,190085807777,195698958590,5613150813
7574,190085807777,195698961775,5613153998
7575,190085807777,195698963627,5613155850
7576,190085807777,195698966868,5613159091
7577,190085807777,195698968756,5613160979
7578,190085807777,195698971997,5613164220
7579,190085807777,195698973849,5613166072
7580,190085807777,195698977090,5613169313
7581,190085807777,195698978979,5613171202
7582,190085807777,195698982219,5613174442
7583,190085807777,195698984071,5613176294
7584,190085807777,195698993034,5613185257
7585,190085807777,195698996368,5613188591
7586,190085807777,195698998201,5613190424
7587,190085807777,195699000053,5613192276
7588,190085807777,195699011405,5613203628
7589,190085807777,195699013405,5613205628
7590,190085807777,195699016534,5613208757
7591,190085807777,195699018405,5613210628
7592,190085807777,195699021497,5613213720
7593,190085807777,195699023386,5613215609
7594,190085807777,195699026516,5613218739
7595,190085807777,195699028386,5613220609
7596,190085807777,195699030423,5613222646
7597,190085807777,195699033534,5613225757
7598,190085807777,195699035405,5613227628
7599,190085807777,195699038479,5613230702
7600,190085807777,195699040312,5613232535
7601,190085807777,195699043442,5613235665
7602,190085807777,195699045312,5613237535
7603,190085807777,195699047794,5613240017
7604,190085807777,195699050849,5613243072
7605,190085807777,195699052757,5613244980
7606,190085807777,195699062183,5613254406
7607,190085807777,195699065312,5613257535
7608,190085807777,195699067183,5613259406
7609,190085807777,195699069183,5613261406
7610,190085807777,195699072220,5613264443
7611,190085807777,195699074164,5613266387
7612,190085807777,195699077257,5613269480
7613,190085807777,195699079757,5613271980
7763,190085807777,195899286804,5813479027
7764,190085807777,195899290748,5813482971
7765,190085807777,195899292693,5813484916
7766,190085807777,195899295878,5813488101
7767,190085807777,195899297785,5813490008
7768,190085807777,195899300915,5813493138
7769,190085807777,195899302804,5813495027
7770,190085807777,195899305952,5813498175
7771,190085807777,195899307823,5813500046
7772,190085807777,195899310915,5813503138
7773,190085807777,195899313693,5813505916
7774,190085807777,195899316841,5813509064
7775,190085807777,195899319249,5813511472
7776,190085807777,195899322360,5813514583
7777,190085807777,195899324786,5813517009
7778,190085807777,195899328026,5813520249
7779,190085807777,195899330045,5813522268
7780,190085807777,195899333119,5813525342
7781,190085807777,195899338063,5813530286
7782,190085807777,195899339971,5813532194
7783,190085807777,195899341989,5813534212
7784,190085807777,195899343841,5813536064
7785,190085807777,195899345675,5813537898
7786,190085807777,195899347600,5813539823
7787,190085807777,195899349434,5813541657
7788,190085807777,195899359360,5813551583
7789,190085807777,195899362545,5813554768
7790,190085807777,195899364452,5813556675
7791,190085807777,195899367508,5813559731
7792,190085807777,195899369397,5813561620
7793,190085807777,195899372471,5813564694
7794,190085807777,195899374360,5813566583
7795,190085807777,195899377471,5813569694
7796,190085807777,195899379341,5813571564
7797,190085807777,195899381378,5813573601
7798,190085807777,195899384490,5813576713
7799,190085807777,195899386360,5813578583
7800,190085807777,195899389434,5813581657
7801,190085807777,195899391304,5813583527
7802,190085807777,195899394416,5813586639
7803,190085807777,195899396286,5813588509
7804,190085807777,195899399360,5813591583
7805,190085807777,195899401230,5813593453
7806,190085807777,195899411379,5813603602
7807,190085807777,195899414601,5813606824
7808,190085807777,195899416490,5813608713
7809,190085807777,195899426379,5813618602
7810,190085807777,195899429693,5813621916
7811,190085807777,195899431582,5813623805
7812,190085807777,195899434656,5813626879
7813,190085807777,195899436527,5813628750
7814,190085807777,195899439601,5813631824
7815,190085807777,195899441453,5813633676
7816,190085807777,195899444527,5813636750
7817,190085807777,195899446379,5813638602
7818,190085807777,195899449638,5813641861
7819,190085807777,195899451527,5813643750
7820,190085807777,195899454712,5813646935
7821,190085807777,195899456582,5813648805
7822,190085807777,195899459879,5813652102
7823,190085807777,195899461731,5813653954
7824,190085807777,195899464342,5813656565
7825,190085807777,195899467545,5813659768
7826,190085807777,195899469508,5813661731
7827,190085807777,195899479101,5813671324
7828,190085807777,195899482323,5813674546
7829,190085807777,195899484231,5813676454
7830,190085807777,195899486231,5813678454
7831,190085807777,195899489305,5813681528
7832,190085807777,195899491212,5813683435
7833,190085807777,195899494323,5813686546
7834,190085807777,195899496416,5813688639
7835,190085807777,195899499620,5813691843
7836,190085807777,195899501620,5813693843
7837,190085807777,195899504823,5813697046
7838,190085807777,195899506935,5813699158
7839,190085807777,195899510157,5813702380
7840,190085807777,195899512583,5813704806
7841,190085807777,195899515861,5813708084
7842,190085807777,195899518286,5813710509
7843,190085807777,195899521638,5813713861
7844,190085807777,195899523620,5813715843
7845,190085807777,195899526861,5813719084
7846,190085807777,195899529212,5813721435
7847,190085807777,195899532527,5813724750
7848,190085807777,195899534527,5813726750
7849,190085807777,195899537768,5813729991
7850,190085807777,195899540175,5813732398
7851,190085807777,195899543398,5813735621
7852,190085807777,195899545509,5813737732
7853,190085807777,195899548750,5813740973
7854,190085807777,195899551472,5813743695
7855,190085807777,195899554731,5813746954
7856,190085807777,195899557176,5813749399
7857,190085807777,195899560435,5813752658
7858,190085807777,195899562379,5813754602
7859,190085807777,195899565601,5813757824
7860,190085807777,195899568213,5813760436
7861,190085807777,195899571416,5813763639
7862,190085807777,195899573379,5813765602
7863,190085807777,195899576602,5813768825
7864,190085807777,195899581546,5813773769
7865,190085807777,195899583453,5813775676
7866,190085807777,195899585342,5813777565
7867,190085807777,195899587213,5813779436
7868,190085807777,195899589083,5813781306
7869,190085807777,195899590935,5813783158
7870,190085807777,195899601176,5813793399
7871,190085807777,195899604583,5813796806
7872,190085807777,195899606472,5813798695
7873,190085807777,195899609565,5813801788
7874,190085807777,195899611472,5813803695
7875,190085807777,195899614583,5813806806
7876,190085807777,195899616435,5813808658
7877,190085807777,195899619546,5813811769
7878,190085807777,195899621435,5813813658
7879,190085807777,195899624491,5813816714
7880,190085807777,195899626361,5813818584
7881,190085807777,195899628935,5813821158
7882,190085807777,195899632102,5813824325
7883,190085807777,195899633972,5813826195
7884,190085807777,195899637139,5813829362
7885,190085807777,195899639009,5813831232
7886,190085807777,195899642231,5813834454
7887,190085807777,195899644102,5813836325
7888,190085807777,195899653713,5813845936
7889,190085807777,195899657009,5813849232
7890,190085807777,195899658898,5813851121
8040,190085807777,195899668787,5813861010
8041,190085807777,196099875834,6014068057
8042,190085807777,196099879464,6014071687
8043,190085807777,196099881464,6014073687
8044,190085807777,196099884556,6014076779
8045,190085807777,196099896390,6014088613
8046,190085807777,196099898427,6014090650
8047,190085807777,196099901556,6014093779
8048,190085807777,196099903556,6014095779
8049,190085807777,196099906649,6014098872
8050,190085807777,196099909168,6014101391
8051,190085807777,196099912260,6014104483
8052,190085807777,196099914742,6014106965
8053,190085807777,196099917834,6014110057
8054,190085807777,196099920520,6014112743
8055,190085807777,196099923668,6014115891
8056,190085807777,196099925612,6014117835
8057,190085807777,196099928686,6014120909
8058,190085807777,196099931112,6014123335
8059,190085807777,196099934223,6014126446
8060,190085807777,196099936186,6014128409
8061,190085807777,196099939279,6014131502
8062,190085807777,196099942038,6014134261
8063,190085807777,196099945205,6014137428
8064,190085807777,196099947168,6014139391
8065,190085807777,196099950223,6014142446
8066,190085807777,196099952334,6014144557
8067,190085807777,196099955464,6014147687
8068,190085807777,196099957334,6014149557
8069,190085807777,196099959205,6014151428
8070,190085807777,196099961075,6014153298
8071,190085807777,196099962964,6014155187
8072,190085807777,196099964835,6014157058
8073,190085807777,196099974779,6014167002
8074,190085807777,196099978057,6014170280
8075,190085807777,196099979946,6014172169
8076,190085807777,196099983020,6014175243
8077,190085807777,196099984890,6014177113
8078,190085807777,196099987501,6014179724
8079,190085807777,196099990742,6014182965
8080,190085807777,196099992594,6014184817
8081,190085807777,196099995872,6014188095
8082,190085807777,196099997724,6014189947
8083,190085807777,196100006390,6014198613
8084,190085807777,196100010038,6014202261
8085,190085807777,196100011927,6014204150
8086,190085807777,196100015057,6014207280
8087,190085807777,196100016964,6014209187
8088,190085807777,196100026539,6014218762
8089,190085807777,196100029705,6014221928
8090,190085807777,196100031650,6014223873
8091,190085807777,196100033557,6014225780
8092,190085807777,196100044909,6014237132
8093,190085807777,196100046816,6014239039
8094,190085807777,196100049909,6014242132
8095,190085807777,196100051816,6014244039
8096,190085807777,196100054909,6014247132
8097,190085807777,196100056779,6014249002
8098,190085807777,196100058798,6014251021
8099,190085807777,196100061909,6014254132
8100,190085807777,196100063816,6014256039
8101,190085807777,196100066891,6014259114
8102,190085807777,196100068761,6014260984
8103,190085807777,196100071983,6014264206
8104,190085807777,196100073854,6014266077
8105,190085807777,196100075891,6014268114
8106,190085807777,196100079020,6014271243
8107,190085807777,196100080909,6014273132
8108,190085807777,196100084039,6014276262
8109,190085807777,196100085909,6014278132
8110,190085807777,196100095335,6014287558
8111,190085807777,196100098502,6014290725
8112,190085807777,196100100409,6014292632
8113,190085807777,196100102409,6014294632
8114,190085807777,196100105502,6014297725
8115,190085807777,196100107594,6014299817
8116,190085807777,196100110687,6014302910
8117,190085807777,196100112687,6014304910
8118,190085807777,196100115780,6014308003
8119,190085807777,196100118243,6014310466
8120,190085807777,196100121335,6014313558
8121,190085807777,196100123335,6014315558
8122,190085807777,196100126409,6014318632
8123,190085807777,196100129113,6014321336
8124,190085807777,196100132206,6014324429
8125,190085807777,196100134169,6014326392
8126,190085807777,196100137224,6014329447
8127,190085807777,196100139261,6014331484
8128,190085807777,196100142335,6014334558
8129,190085807777,196100147169,6014339392
8130,190085807777,196100149076,6014341299
8131,190085807777,196100152224,6014344447
8132,190085807777,196100154132,6014346355
8133,190085807777,196100157206,6014349429
8134,190085807777,196100159076,6014351299
8135,190085807777,196100162169,6014354392
8136,190085807777,196100164650,6014356873
8137,190085807777,196100167743,6014359966
8138,190085807777,196100169854,6014362077
8139,190085807777,196100173132,6014365355
8140,190085807777,196100175743,6014367966
8141,190085807777,196100178947,6014371170
8142,190085807777,196100180910,6014373133
8143,190085807777,196100184021,6014376244
8144,190085807777,196100188965,6014381188
8145,190085807777,196100190836,6014383059
8146,190085807777,196100193910,6014386133
8147,190085807777,196100195836,6014388059
8148,190085807777,196100198965,6014391188
8149,190085807777,196100200836,6014393059
8150,190085807777,196100202706,6014394929
8151,190085807777,196100204595,6014396818
8152,190085807777,196100206465,6014398688
8153,190085807777,196100208317,6014400540
8154,190085807777,196100218336,6014410559
8155,190085807777,196100221613,6014413836
8156,190085807777,196100223521,6014415744
8157,190085807777,196100226595,6014418818
8158,190085807777,196100228447,6014420670
8159,190085807777,196100231706,6014423929
8160,190085807777,196100233558,6014425781
8161,190085807777,196100235595,6014427818
8162,190085807777,196100238651,6014430874
8163,190085807777,196100240539,6014432762
8164,190085807777,196100243632,6014435855
8165,190085807777,196100245484,6014437707
8166,190085807777,196100248577,6014440800
8167,190085807777,196100250484,6014442707
8168,190085807777,196100252558,6014444781
8318,190085807777,196300459727,6214651950
8319,190085807777,196300463857,6214656080
8320,190085807777,196300465857,6214658080
8321,190085807777,196300469042,6214661265
8322,190085807777,196300470968,6214663191
8323,190085807777,196300474079,6214666302
8324,190085807777,196300475950,6214668173
8325,190085807777,196300479042,6214671265
8326,190085807777,196300480894,6214673117
8327,190085807777,196300484024,6214676247
8328,190085807777,196300486005,6214678228
8329,190085807777,196300489098,6214681321
8330,190085807777,196300490968,6214683191
8331,190085807777,196300494079,6214686302
8332,190085807777,196300496172,6214688395
8333,190085807777,196300499283,6214691506
8334,190085807777,196300501616,6214693839
8335,190085807777,196300504765,6214696988
8336,190085807777,196300507265,6214699488
8337,190085807777,196300510450,6214702673
8338,190085807777,196300512413,6214704636
8339,190085807777,196300515672,6214707895
8340,190085807777,196300517653,6214709876
8341,190085807777,196300520876,6214713099
8342,190085807777,196300523468,6214715691
8343,190085807777,196300526709,6214718932
8344,190085807777,196300529079,6214721302
8345,190085807777,196300532339,6214724562
8346,190085807777,196300534450,6214726673
8347,190085807777,196300539117,6214731340
8348,190085807777,196300541061,6214733284
8349,190085807777,196300542931,6214735154
8350,190085807777,196300544783,6214737006
8351,190085807777,196300556561,6214748784
8352,190085807777,196300558506,6214750729
8353,190085807777,196300561617,6214753840
8354,190085807777,196300563487,6214755710
8355,190085807777,196300566654,6214758877
8356,190085807777,196300568580,6214760803
8357,190085807777,196300570561,6214762784
8358,190085807777,196300573691,6214765914
8359,190085807777,196300575561,6214767784
8360,190085807777,196300578672,6214770895
8361,190085807777,196300580543,6214772766
8362,190085807777,196300583709,6214775932
8363,190085807777,196300585580,6214777803
8364,190085807777,196300587635,6214779858
8365,190085807777,196300590728,6214782951
8366,190085807777,196300592598,6214784821
8367,190085807777,196300595858,6214788081
8368,190085807777,196300597765,6214789988
8369,190085807777,196300608376,6214800599
8370,190085807777,196300610339,6214802562
8371,190085807777,196300612191,6214804414
8372,190085807777,196300623598,6214815821
8373,190085807777,196300625561,6214817784
8374,190085807777,196300628710,6214820933
8375,190085807777,196300630561,6214822784
8376,190085807777,196300633580,6214825803
8377,190085807777,196300635469,6214827692
8378,190085807777,196300637432,6214829655
8379,190085807777,196300640543,6214832766
8380,190085807777,196300642506,6214834729
8381,190085807777,196300645636,6214837859
8382,190085807777,196300647506,6214839729
8383,190085807777,196300650636,6214842859
8384,190085807777,196300652561,6214844784
8385,190085807777,196300655099,6214847322
8386,190085807777,196300658228,6214850451
8387,190085807777,196300660080,6214852303
8388,190085807777,196300663191,6214855414
8389,190085807777,196300684469,6214876692
8390,190085807777,196300686562,6214878785
8391,190085807777,196300689710,6214881933
8392,190085807777,196300692136,6214884359
8393,190085807777,196300695284,6214887507
8394,190085807777,196300697358,6214889581
8395,190085807777,196300700469,6214892692
8396,190085807777,196300702802,6214895025
8397,190085807777,196300705932,6214898155
8398,190085807777,196300708006,6214900229
8399,190085807777,196300711117,6214903340
8400,190085807777,196300713562,6214905785
8401,190085807777,196300716654,6214908877
8402,190085807777,196300718784,6214911007
8403,190085807777,196300721988,6214914211
8404,190085807777,196300724599,6214916822
8405,190085807777,196300727877,6214920100
8406,190085807777,196300730340,6214922563
8407,190085807777,196300733599,6214925822
8408,190085807777,196300735543,6214927766
8409,190085807777,196300738784,6214931007
8410,190085807777,196300740729,6214932952
8411,190085807777,196300744006,6214936229
8412,190085807777,196300746451,6214938674
8413,190085807777,196300749692,6214941915
8414,190085807777,196300751636,6214943859
8415,190085807777,196300754858,6214947081
8416,190085807777,196300756877,6214949100
8417,190085807777,196300760118,6214952341
8418,190085807777,196300762210,6214954433
8419,190085807777,196300765506,6214957729
8420,190085807777,196300768099,6214960322
8421,190085807777,196300771303,6214963526
8422,190085807777,196300773432,6214965655
8423,190085807777,196300776673,6214968896
8424,190085807777,196300778618,6214970841
8425,190085807777,196300780469,6214972692
8426,190085807777,196300782321,6214974544
8427,190085807777,196300784173,6214976396
8428,190085807777,196300786118,6214978341
8429,190085807777,196300796081,6214988304
8430,190085807777,196300799470,6214991693
8431,190085807777,196300801303,6214993526
8432,190085807777,196300804433,6214996656
8433,190085807777,196300806303,6214998526
8434,190085807777,196300809470,6215001693
8435,190085807777,196300811321,6215003544
8436,190085807777,196300813321,6215005544
8437,190085807777,196300816414,6215008637
8438,190085807777,196300818266,6215010489
8439,190085807777,196300821377,6215013600
8440,190085807777,196300823303,6215015526
8441,190085807777,196300826414,6215018637
8442,190085807777,196300828247,6215020470
8443,190085807777,196300830729,6215022952
8444,190085807777,196300833896,6215026119
8445,190085807777,196300835729,6215027952
8595,190085807777,196501042811,6415235034
8596,190085807777,196501046570,6415238793
8597,190085807777,196501048496,6415240719
8598,190085807777,196501051607,6415243830
8599,190085807777,196501053478,6415245701
8600,190085807777,196501056626,6415248849
8601,190085807777,196501058515,6415250738
8602,190085807777,196501061626,6415253849
8603,190085807777,196501063515,6415255738
8604,190085807777,196501066608,6415258831
8605,190085807777,196501068719,6415260942
8606,190085807777,196501071830,6415264053
8607,190085807777,196501076700,6415268923
8608,190085807777,196501078589,6415270812
8609,190085807777,196501081700,6415273923
8610,190085807777,196501083571,6415275794
8611,190085807777,196501086682,6415278905
8612,190085807777,196501088552,6415280775
8613,190085807777,196501091645,6415283868
8614,190085807777,196501093515,6415285738
8615,190085807777,196501095941,6415288164
8616,190085807777,196501097811,6415290034
8617,190085807777,196501099700,6415291923
8618,190085807777,196501101571,6415293794
8619,190085807777,196501103423,6415295646
8620,190085807777,196501114904,6415307127
8621,190085807777,196501116849,6415309072
8622,190085807777,196501119960,6415312183
8623,190085807777,196501121830,6415314053
8624,190085807777,196501124386,6415316609
8625,190085807777,196501127515,6415319738
8626,190085807777,196501129386,6415321609
8627,190085807777,196501132478,6415324701
8628,190085807777,196501134349,6415326572
8629,190085807777,196501137460,6415329683
8630,190085807777,196501139330,6415331553
8631,190085807777,196501141812,6415334035
8632,190085807777,196501144886,6415337109
8633,190085807777,196501146830,6415339053
8634,190085807777,196501149960,6415342183
8635,190085807777,196501151830,6415344053
8636,190085807777,196501154923,6415347146
8637,190085807777,196501156867,6415349090
8638,190085807777,196501167960,6415360183
8639,190085807777,196501169886,6415362109
8640,190085807777,196501179775,6415371998
8641,190085807777,196501183201,6415375424
8642,190085807777,196501185108,6415377331
8643,190085807777,196501188201,6415380424
8644,190085807777,196501190090,6415382313
8645,190085807777,196501193219,6415385442
8646,190085807777,196501195090,6415387313
8647,190085807777,196501197108,6415389331
8648,190085807777,196501200219,6415392442
8649,190085807777,196501202164,6415394387
8650,190085807777,196501205238,6415397461
8651,190085807777,196501207108,6415399331
8652,190085807777,196501210219,6415402442
8653,190085807777,196501212145,6415404368
8654,190085807777,196501214756,6415406979
8655,190085807777,196501217886,6415410109
8656,190085807777,196501219756,6415411979
8657,190085807777,196501222867,6415415090
8658,190085807777,196501224719,6415416942
8659,190085807777,196501235219,6415427442
8660,190085807777,196501237108,6415429331
8661,190085807777,196501239034,6415431257
8662,190085807777,196501240942,6415433165
8663,190085807777,196501243979,6415436202
8664,190085807777,196501245831,6415438054
8665,190085807777,196501248553,6415440776
8666,190085807777,196501251719,6415443942
8667,190085807777,196501253794,6415446017
8668,190085807777,196501256923,6415449146
8669,190085807777,196501259034,6415451257
8670,190085807777,196501262164,6415454387
8671,190085807777,196501264275,6415456498
8672,190085807777,196501267368,6415459591
8673,190085807777,196501269775,6415461998
8674,190085807777,196501272923,6415465146
8675,190085807777,196501275386,6415467609
8676,190085807777,196501278497,6415470720
8677,190085807777,196501280997,6415473220
8678,190085807777,196501284090,6415476313
8679,190085807777,196501286053,6415478276
8680,190085807777,196501289164,6415481387
8681,190085807777,196501291590,6415483813
8682,190085807777,196501294720,6415486943
8683,190085807777,196501296812,6415489035
8684,190085807777,196501299960,6415492183
8685,190085807777,196501302460,6415494683
8686,190085807777,196501305701,6415497924
8687,190085807777,196501307664,6415499887
8688,190085807777,196501310886,6415503109
8689,190085807777,196501313331,6415505554
8690,190085807777,196501316627,6415508850
8691,190085807777,196501318590,6415510813
8692,190085807777,196501321849,6415514072
8693,190085807777,196501324238,6415516461
8694,190085807777,196501327516,6415519739
8695,190085807777,196501329479,6415521702
8696,190085807777,196501332720,6415524943
8697,190085807777,196501335146,6415527369
8698,190085807777,196501337590,6415529813
8699,190085807777,196501339442,6415531665
8700,190085807777,196501341294,6415533517
8701,190085807777,196501343183,6415535406
8702,190085807777,196501345053,6415537276
8703,190085807777,196501356442,6415548665
8704,190085807777,196501358350,6415550573
8705,190085807777,196501361516,6415553739
8706,190085807777,196501363368,6415555591
8707,190085807777,196501366516,6415558739
8708,190085807777,196501368405,6415560628
8709,190085807777,196501370461,6415562684
8710,190085807777,196501373535,6415565758
8711,190085807777,196501375387,6415567610
8712,190085807777,196501378516,6415570739
8713,190085807777,196501380405,6415572628
8714,190085807777,196501383498,6415575721
8715,190085807777,196501385368,6415577591
8716,190085807777,196501387387,6415579610
8717,190085807777,196501390498,6415582721
8718,190085807777,196501392368,6415584591
8719,190085807777,196501395461,6415587684
8720,190085807777,196501397331,6415589554
8721,190085807777,196501406887,6415599110
8722,190085807777,196501410850,6415603073
8872,190085807777,196701616710,6615808933
8873,190085807777,196701620358,6615812581
8874,190085807777,196701622302,6615814525
8875,190085807777,196701624173,6615816396
8876,190085807777,196701626043,6615818266
8877,190085807777,196701627895,6615820118
8878,190085807777,196701629765,6615821988
8879,190085807777,196701631636,6615823859
8880,190085807777,196701633488,6615825711
8881,190085807777,196701635358,6615827581
8882,190085807777,196701637247,6615829470
8883,190085807777,196701653988,6615846211
8884,190085807777,196701657266,6615849489
8885,190085807777,196701659154,6615851377
8886,190085807777,196701662266,6615854489
8887,190085807777,196701664154,6615856377
8888,190085807777,196701667247,6615859470
8889,190085807777,196701669136,6615861359
8890,190085807777,196701672340,6615864563
8891,190085807777,196701674210,6615866433
8892,190085807777,196701677451,6615869674
8893,190085807777,196701679321,6615871544
8894,190085807777,196701682562,6615874785
8895,190085807777,196701684636,6615876859
8896,190085807777,196701687932,6615880155
8897,190085807777,196701690414,6615882637
8898,190085807777,196701693747,6615885970
8899,190085807777,196701696136,6615888359
8900,190085807777,196701699451,6615891674
8901,190085807777,196701701803,6615894026
8902,190085807777,196701705099,6615897322
8903,190085807777,196701707062,6615899285
8904,190085807777,196701710155,6615902378
8905,190085807777,196701712118,6615904341
8906,190085807777,196701715247,6615907470
8907,190085807777,196701720081,6615912304
8908,190085807777,196701721969,6615914192
8909,190085807777,196701725062,6615917285
8910,190085807777,196701726970,6615919193
8911,190085807777,196701730099,6615922322
8912,190085807777,196701731951,6615924174
8913,190085807777,196701735062,6615927285
8914,190085807777,196701737173,6615929396
8915,190085807777,196701740247,6615932470
8916,190085807777,196701742729,6615934952
8917,190085807777,196701745840,6615938063
8918,190085807777,196701748303,6615940526
8919,190085807777,196701750284,6615942507
8920,190085807777,196701752118,6615944341
8921,190085807777,196701753933,6615946156
8922,190085807777,196701755784,6615948007
8923,190085807777,196701757618,6615949841
8924,190085807777,196701769173,6615961396
8925,190085807777,196701771081,6615963304
8926,190085807777,196701774210,6615966433
8927,190085807777,196701776062,6615968285
8928,190085807777,196701779210,6615971433
8929,190085807777,196701781062,6615973285
8930,190085807777,196701783044,6615975267
8931,190085807777,196701786136,6615978359
8932,190085807777,196701788007,6615980230
8933,190085807777,196701791099,6615983322
8934,190085807777,196701793007,6615985230
8935,190085807777,196701796118,6615988341
8936,190085807777,196701797970,6615990193
8937,190085807777,196701800544,6615992767
8938,190085807777,196701803674,6615995897
8939,190085807777,196701805544,6615997767
8940,190085807777,196701808729,6616000952
8941,190085807777,196701810600,6616002823
8942,190085807777,196701821488,6616013711
8943,190085807777,196701823414,6616015637
8944,190085807777,196701825266,6616017489
8945,190085807777,196701836748,6616028971
8946,190085807777,196701838692,6616030915
8947,190085807777,196701841803,6616034026
8948,190085807777,196701843692,6616035915
8949,190085807777,196701846840,6616039063
8950,190085807777,196701848748,6616040971
8951,190085807777,196701850729,6616042952
8952,190085807777,196701853859,6616046082
8953,190085807777,196701855748,6616047971
8954,190085807777,196701858840,6616051063
8955,190085807777,196701860711,6616052934
8956,190085807777,196701863840,6616056063
8957,190085807777,196701865711,6616057934
8958,190085807777,196701868303,6616060526
8959,190085807777,196701871396,6616063619
8960,190085807777,196701873266,6616065489
8961,190085807777,196701876378,6616068601
8962,190085807777,196701878304,6616070527
8963,190085807777,196701888692,6616080915
8964,190085807777,196701890618,6616082841
8965,190085807777,196701892470,6616084693
8966,190085807777,196701894378,6616086601
8967,190085807777,196701896230,6616088453
8968,190085807777,196701898081,6616090304
8969,190085807777,196701899933,6616092156
8970,190085807777,196701901841,6616094064
8971,190085807777,196701903693,6616095916
8972,190085807777,196701905544,6616097767
8973,190085807777,196701907396,6616099619
8974,190085807777,196701909285,6616101508
8975,190085807777,196701911118,6616103341
8976,190085807777,196701912970,6616105193
8977,190085807777,196701914822,6616107045
8978,190085807777,196701916730,6616108953
8979,190085807777,196701918581,6616110804
8980,190085807777,196701920415,6616112638
8981,190085807777,196701922267,6616114490
8982,190085807777,196701924137,6616116360
8983,190085807777,196701925989,6616118212
8984,190085807777,196701927822,6616120045
8985,190085807777,196701929674,6616121897
8986,190085807777,196701931544,6616123767
8987,190085807777,196701933396,6616125619
8988,190085807777,196701935248,6616127471
8989,190085807777,196701937082,6616129305
8990,190085807777,196701938952,6616131175
8991,190085807777,196701940804,6616133027
8992,190085807777,196701942656,6616134879
8993,190085807777,196701944489,6616136712
8994,190085807777,196701946378,6616138601
8995,190085807777,196701948211,6616140434
8996,190085807777,196701950063,6616142286
8997,190085807777,196701951915,6616144138
8998,190085807777,196701953804,6616146027
8999,190085807777,196701955656,6616147879
9149,190085807777,196902161905,6816354128
9150,190085807777,196902167016,6816359239
9151,190085807777,196902178794,6816371017
9152,190085807777,196902180719,6816372942
9153,190085807777,196902183849,6816376072
9154,190085807777,196902185738,6816377961
9155,190085807777,196902188868,6816381091
9156,190085807777,196902190757,6816382980
9157,190085807777,196902193868,6816386091
9158,190085807777,196902195738,6816387961
9159,190085807777,196902198868,6816391091
9160,190085807777,196902200738,6816392961
9161,190085807777,196902202757,6816394980
9162,190085807777,196902205886,6816398109
9163,190085807777,196902207775,6816399998
9164,190085807777,196902210923,6816403146
9165,190085807777,196902212794,6816405017
9166,190085807777,196902215905,6816408128
9167,190085807777,196902217812,6816410035
9168,190085807777,196902220923,6816413146
9169,190085807777,196902229201,6816421424
9170,190085807777,196902233035,6816425258
9171,190085807777,196902234960,6816427183
9172,190085807777,196902244886,6816437109
9173,190085807777,196902248201,6816440424
9174,190085807777,196902250053,6816442276
9175,190085807777,196902253183,6816445406
9176,190085807777,196902255072,6816447295
9177,190085807777,196902258164,6816450387
9178,190085807777,196902260053,6816452276
9179,190085807777,196902263164,6816455387
9180,190085807777,196902265035,6816457258
9181,190085807777,196902268053,6816460276
9182,190085807777,196902269905,6816462128
9183,190085807777,196902272757,6816464980
9184,190085807777,196902276016,6816468239
9185,190085807777,196902277868,6816470091
9186,190085807777,196902281109,6816473332
9187,190085807777,196902283016,6816475239
9188,190085807777,196902286257,6816478480
9189,190085807777,196902288146,6816480369
9190,190085807777,196902297868,6816490091
9191,190085807777,196902301313,6816493536
9192,190085807777,196902303201,6816495424
9193,190085807777,196902306313,6816498536
9194,190085807777,196902308313,6816500536
9195,190085807777,196902311461,6816503684
9196,190085807777,196902313461,6816505684
9197,190085807777,196902316572,6816508795
9198,190085807777,196902318942,6816511165
9199,190085807777,196902322090,6816514313
9200,190085807777,196902324109,6816516332
9201,190085807777,196902327239,6816519462
9202,190085807777,196902329239,6816521462
9203,190085807777,196902332387,6816524610
9204,190085807777,196902334387,6816526610
9205,190085807777,196902337498,6816529721
9206,190085807777,196902339942,6816532165
9207,190085807777,196902343054,6816535277
9208,190085807777,196902345535,6816537758
9209,190085807777,196902348646,6816540869
9210,190085807777,196902353405,6816545628
9211,190085807777,196902355331,6816547554
9212,190085807777,196902358424,6816550647
9213,190085807777,196902360294,6816552517
9214,190085807777,196902363405,6816555628
9215,190085807777,196902365350,6816557573
9216,190085807777,196902368461,6816560684
9217,190085807777,196902370924,6816563147
9218,190085807777,196902374017,6816566240
9219,190085807777,196902376517,6816568740
9220,190085807777,196902379628,6816571851
9221,190085807777,196902382350,6816574573
9222,190085807777,196902385591,6816577814
9223,190085807777,196902387720,6816579943
9224,190085807777,196902391017,6816583240
9225,190085807777,196902393146,6816585369
9226,190085807777,196902396406,6816588629
9227,190085807777,196902423202,6816615425
9228,190085807777,196902425276,6816617499
9229,190085807777,196902428350,6816620573
9230,190085807777,196902430221,6816622444
9231,190085807777,196902433295,6816625518
9232,190085807777,196902435184,6816627407
9233,190085807777,196902438276,6816630499
9234,190085807777,196902440147,6816632370
9235,190085807777,196902443239,6816635462
9236,190085807777,196902445128,6816637351
9237,190085807777,196902448221,6816640444
9238,190085807777,196902450091,6816642314
9239,190085807777,196902452702,6816644925
9240,190085807777,196902455832,6816648055
9241,190085807777,196902457702,6816649925
9242,190085807777,196902460813,6816653036
9243,190085807777,196902462702,6816654925
9244,190085807777,196902472424,6816664647
9245,190085807777,196902475832,6816668055
9246,190085807777,196902477684,6816669907
9247,190085807777,196902487647,6816679870
9248,190085807777,196902490906,6816683129
9249,190085807777,196902492795,6816685018
9250,190085807777,196902495925,6816688148
9251,190085807777,196902497832,6816690055
9252,190085807777,196902500943,6816693166
9253,190085807777,196902502813,6816695036
9254,190085807777,196902505925,6816698148
9255,190085807777,196902507869,6816700092
9256,190085807777,196902510980,6816703203
9257,190085807777,196902512851,6816705074
9258,190085807777,196902515943,6816708166
9259,190085807777,196902517832,6816710055
9260,190085807777,196902520425,6816712648
9261,190085807777,196902523499,6816715722
9262,190085807777,196902525369,6816717592
9263,190085807777,196902528554,6816720777
9264,190085807777,196902530425,6816722648
9265,190085807777,196902540017,6816732240
9266,190085807777,196902543314,6816735537
9267,190085807777,196902545240,6816737463
9268,190085807777,196902547221,6816739444
9269,190085807777,196902550332,6816742555
9270,190085807777,196902552443,6816744666
9271,190085807777,196902555554,6816747777
9272,190085807777,196902557536,6816749759
9273,190085807777,196902560647,6816752870
9274,190085807777,196902562647,6816754870
9275,190085807777,196902565758,6816757981
9276,190085807777,196902568221,6816760444
9426,190085807777,196902571351,6816763574
9427,190085807777,197102778544,7016970767
9428,190085807777,197102782377,7016974600
9429,190085807777,197102784322,7016976545
9430,190085807777,197102787415,7016979638
9431,190085807777,197102789285,7016981508
9432,190085807777,197102791766,7016983989
9433,190085807777,197102794840,7016987063
9434,190085807777,197102796729,7016988952
9435,190085807777,197102799841,7016992064
9436,190085807777,197102801748,7016993971
9437,190085807777,197102812655,7017004878
9438,190085807777,197102814600,7017006823
9439,190085807777,197102824563,7017016786
9440,190085807777,197102827822,7017020045
9441,190085807777,197102829692,7017021915
9442,190085807777,197102832804,7017025027
9443,190085807777,197102834674,7017026897
9444,190085807777,197102837841,7017030064
9445,190085807777,197102839693,7017031916
9446,190085807777,197102842915,7017035138
9447,190085807777,197102844804,7017037027
9448,190085807777,197102847433,7017039656
9449,190085807777,197102850693,7017042916
9450,190085807777,197102852563,7017044786
9451,190085807777,197102855767,7017047990
9452,190085807777,197102857674,7017049897
9453,190085807777,197102860915,7017053138
9454,190085807777,197102862804,7017055027
9455,190085807777,197102866026,7017058249
9456,190085807777,197102867933,7017060156
9457,190085807777,197102878470,7017070693
9458,190085807777,197102880415,7017072638
9459,190085807777,197102882322,7017074545
9460,190085807777,197102884248,7017076471
9461,190085807777,197102887378,7017079601
9462,190085807777,197102889378,7017081601
9463,190085807777,197102892471,7017084694
9464,190085807777,197102894600,7017086823
9465,190085807777,197102897711,7017089934
9466,190085807777,197102899711,7017091934
9467,190085807777,197102902841,7017095064
9468,190085807777,197102905267,7017097490
9469,190085807777,197102908360,7017100583
9470,190085807777,197102910822,7017103045
9471,190085807777,197102913971,7017106194
9472,190085807777,197102916100,7017108323
9473,190085807777,197102919211,7017111434
9474,190085807777,197102921156,7017113379
9475,190085807777,197102924304,7017116527
9476,190085807777,197102926730,7017118953
9477,190085807777,197102929841,7017122064
9478,190085807777,197102932434,7017124657
9479,190085807777,197102935582,7017127805
9480,190085807777,197102937711,7017129934
9481,190085807777,197102940786,7017133009
9482,190085807777,197102942749,7017134972
9483,190085807777,197102945860,7017138083
9484,190085807777,197102948212,7017140435
9485,190085807777,197102951323,7017143546
9486,190085807777,197102953286,7017145509
9487,190085807777,197102956415,7017148638
9488,190085807777,197102958841,7017151064
9489,190085807777,197102961934,7017154157
9490,190085807777,197102963915,7017156138
9491,190085807777,197102967008,7017159231
9492,190085807777,197102969675,7017161898
9493,190085807777,197102972915,7017165138
9494,190085807777,197102975323,7017167546
9495,190085807777,197102978489,7017170712
9496,190085807777,197102980397,7017172620
9497,190085807777,197102982267,7017174490
9498,190085807777,197102984119,7017176342
9499,190085807777,197102985989,7017178212
9500,190085807777,197102987860,7017180083
9501,190085807777,197102997804,7017190027
9502,190085807777,197103001119,7017193342
9503,190085807777,197103003027,7017195250
9504,190085807777,197103006156,7017198379
9505,190085807777,197103008008,7017200231
9506,190085807777,197103011119,7017203342
9507,190085807777,197103012990,7017205213
9508,190085807777,197103016212,7017208435
9509,190085807777,197103018082,7017210305
9510,190085807777,197103021823,7017214046
9511,190085807777,197103023675,7017215898
9512,190085807777,197103026842,7017219065
9513,190085807777,197103028693,7017220916
9514,190085807777,197103031193,7017223416
9515,190085807777,197103034267,7017226490
9516,190085807777,197103036193,7017228416
9517,190085807777,197103039323,7017231546
9518,190085807777,197103041193,7017233416
9519,190085807777,197103050712,7017242935
9520,190085807777,197103054860,7017247083
9521,190085807777,197103064712,7017256935
9522,190085807777,197103066638,7017258861
9523,190085807777,197103068527,7017260750
9524,190085807777,197103070490,7017262713
9525,190085807777,197103072360,7017264583
9526,190085807777,197103074231,7017266454
9527,190085807777,197103076082,7017268305
9528,190085807777,197103078045,7017270268
9529,190085807777,197103079916,7017272139
9530,190085807777,197103081768,7017273991
9531,190085807777,197103083620,7017275843
9532,190085807777,197103085545,7017277768
9533,190085807777,197103087397,7017279620
9534,190085807777,197103089268,7017281491
9535,190085807777,197103091120,7017283343
9536,190085807777,197103092990,7017285213
9537,190085807777,197103094860,7017287083
9538,190085807777,197103096712,7017288935
9539,190085807777,197103098564,7017290787
9540,190085807777,197103100453,7017292676
9541,190085807777,197103102305,7017294528
9542,190085807777,197103104157,7017296380
9543,190085807777,197103106027,7017298250
9544,190085807777,197103107897,7017300120
9545,190085807777,197103109768,7017301991
9546,190085807777,197103117990,7017310213
9547,190085807777,197103119897,7017312120
9548,190085807777,197103121768,7017313991
9549,190085807777,197103123638,7017315861
9550,190085807777,197103125509,7017317732
9551,190085807777,197103128249,7017320472
9552,190085807777,197103131416,7017323639
9553,190085807777,197103133416,7017325639
9554,190085807777,197103136509,7017328732
9704,190085807777,197303349732,7217541955
9705,190085807777,197303353472,7217545695
9706,190085807777,197303355398,7217547621
9707,190085807777,197303357324,7217549547
9708,190085807777,197303359454,7217551677
9709,190085807777,197303362602,7217554825
9710,190085807777,197303364472,7217556695
9711,190085807777,197303367046,7217559269
9712,190085807777,197303370139,7217562362
9713,190085807777,197303372009,7217564232
9714,190085807777,197303375158,7217567381
9715,190085807777,197303377047,7217569270
9716,190085807777,197303380139,7217572362
9717,190085807777,197303382028,7217574251
9718,190085807777,197303385121,7217577344
9719,190085807777,197303386991,7217579214
9720,190085807777,197303402565,7217594788
9721,190085807777,197303404676,7217596899
9722,190085807777,197303407824,7217600047
9723,190085807777,197303412695,7217604918
9724,190085807777,197303414621,7217606844
9725,190085807777,197303417899,7217610122
9726,190085807777,197303419769,7217611992
9727,190085807777,197303423065,7217615288
9728,190085807777,197303427750,7217619973
9729,190085807777,197303429639,7217621862
9730,190085807777,197303432899,7217625122
9731,190085807777,197303434769,7217626992
9732,190085807777,197303437991,7217630214
9733,190085807777,197303440436,7217632659
9734,190085807777,197303443732,7217635955
9735,190085807777,197303446065,7217638288
9736,190085807777,197303449380,7217641603
9737,190085807777,197303451269,7217643492
9738,190085807777,197303453139,7217645362
9739,190085807777,197303455010,7217647233
9740,190085807777,197303456862,7217649085
9741,190085807777,197303458751,7217650974
9742,190085807777,197303460602,7217652825
9743,190085807777,197303470658,7217662881
9744,190085807777,197303474103,7217666326
9745,190085807777,197303475973,7217668196
9746,190085807777,197303479140,7217671363
9747,190085807777,197303480991,7217673214
9748,190085807777,197303483473,7217675696
9749,190085807777,197303486621,7217678844
9750,190085807777,197303488491,7217680714
9751,190085807777,197303491603,7217683826
9752,190085807777,197303493454,7217685677
9753,190085807777,197303496677,7217688900
9754,190085807777,197303498510,7217690733
9755,190085807777,197303502380,7217694603
9756,190085807777,197303504232,7217696455
9757,190085807777,197303507436,7217699659
9758,190085807777,197303509288,7217701511
9759,190085807777,197303511288,7217703511
9760,190085807777,197303514399,7217706622
9761,190085807777,197303522677,7217714900
9762,190085807777,197303527232,7217719455
9763,190085807777,197303529121,7217721344
9764,190085807777,197303539103,7217731326
9765,190085807777,197303542344,7217734567
9766,190085807777,197303544214,7217736437
9767,190085807777,197303547325,7217739548
9768,190085807777,197303549177,7217741400
9769,190085807777,197303552436,7217744659
9770,190085807777,197303554288,7217746511
9771,190085807777,197303556288,7217748511
9772,190085807777,197303559529,7217751752
9773,190085807777,197303561455,7217753678
9774,190085807777,197303564714,7217756937
9775,190085807777,197303566566,7217758789
9776,190085807777,197303569807,7217762030
9777,190085807777,197303571696,7217763919
9778,190085807777,197303574936,7217767159
9779,190085807777,197303576770,7217768993
9780,190085807777,197303579473,7217771696
9781,190085807777,197303582751,7217774974
9782,190085807777,197303591140,7217783363
9783,190085807777,197303595344,7217787567
9784,190085807777,197303597196,7217789419
9785,190085807777,197303599103,7217791326
9786,190085807777,197303600955,7217793178
9787,190085807777,197303602807,7217795030
9788,190085807777,197303604659,7217796882
9789,190085807777,197303606566,7217798789
9790,190085807777,197303608418,7217800641
9791,190085807777,197303610270,7217802493
9792,190085807777,197303612122,7217804345
9793,190085807777,197303613992,7217806215
9794,190085807777,197303615844,7217808067
9795,190085807777,197303617696,7217809919
9796,190085807777,197303619548,7217811771
9797,190085807777,197303621436,7217813659
9798,190085807777,197303623288,7217815511
9799,190085807777,197303625140,7217817363
9800,190085807777,197303626992,7217819215
9801,190085807777,197303628862,7217821085
9802,190085807777,197303630714,7217822937
9803,190085807777,197303632566,7217824789
9804,190085807777,197303634418,7217826641
9805,190085807777,197303636288,7217828511
9806,190085807777,197303638140,7217830363
9807,190085807777,197303639992,7217832215
9808,190085807777,197303641844,7217834067
9809,190085807777,197303643714,7217835937
9810,190085807777,197303645566,7217837789
9811,190085807777,197303647418,7217839641
9812,190085807777,197303649270,7217841493
9813,190085807777,197303651140,7217843363
9814,190085807777,197303652974,7217845197
9815,190085807777,197303654826,7217847049
9816,190085807777,197303656696,7217848919
9817,190085807777,197303658677,7217850900
9818,190085807777,197303660529,7217852752
9819,190085807777,197303662400,7217854623
9820,190085807777,197303664251,7217856474
9821,190085807777,197303666122,7217858345
9822,190085807777,197303667992,7217860215
9823,190085807777,197303669844,7217862067
9824,190085807777,197303671696,7217863919
9825,190085807777,197303673677,7217865900
9826,190085807777,197303675548,7217867771
9827,190085807777,197303677400,7217869623
9828,190085807777,197303679270,7217871493
9829,190085807777,197303681140,7217873363
9830,190085807777,197303682974,7217875197
9831,190085807777,197303684844,7217877067
9981,190085807777,197303686696,7217878919
9982,190085807777,197503892907,7418085130
9983,190085807777,197503896814,7418089037
9984,190085807777,197503898740,7418090963
9985,190085807777,197503900629,7418092852
9986,190085807777,197503902499,7418094722
9987,190085807777,197503904370,7418096593
9988,190085807777,197503906222,7418098445
9989,190085807777,197503908110,7418100333
9990,190085807777,197503909981,7418102204
9991,190085807777,197503911833,7418104056
9992,190085807777,197503913685,7418105908
9993,190085807777,197503915536,7418107759
9994,190085807777,197503917407,7418109630
9995,190085807777,197503919277,7418111500
9996,190085807777,197503921129,7418113352
9997,190085807777,197503922981,7418115204
9998,190085807777,197503924851,7418117074
9999,190085807777,197503926722,7418118945
10000,190085807777,197503936666,7418128889
10001,190085807777,197503939962,7418132185
10002,190085807777,197503941870,7418134093
10003,190085807777,197503944999,7418137222
10004,190085807777,197503946851,7418139074
10005,190085807777,197503951814,7418144037
10006,190085807777,197503953722,7418145945
10007,190085807777,197503956185,7418148408
10008,190085807777,197503959277,7418151500
10009,190085807777,197503961148,7418153371
10010,190085807777,197503964277,7418156500
10011,190085807777,197503966185,7418158408
10012,190085807777,197503969277,7418161500
10013,190085807777,197503971148,7418163371
10014,190085807777,197503973148,7418165371
10015,190085807777,197503976240,7418168463
10016,190085807777,197503978129,7418170352
10017,190085807777,197503981259,7418173482
10018,190085807777,197503989592,7418181815
10019,190085807777,197503994037,7418186260
10020,190085807777,197504006907,7418199130
10021,190085807777,197504010592,7418202815
10022,190085807777,197504012518,7418204741
10023,190085807777,197504015611,7418207834
10024,190085807777,197504017463,7418209686
10025,190085807777,197504020611,7418212834
10026,190085807777,197504022518,7418214741
10027,190085807777,197504027204,7418219427
10028,190085807777,197504029092,7418221315
10029,190085807777,197504031148,7418223371
10030,190085807777,197504034241,7418226464
10031,190085807777,197504036129,7418228352
10032,190085807777,197504039222,7418231445
10033,190085807777,197504041092,7418233315
10034,190085807777,197504044204,7418236427
10035,190085807777,197504046055,7418238278
10036,190085807777,197504048092,7418240315
10037,190085807777,197504057667,7418249890
10038,190085807777,197504061667,7418253890
10039,190085807777,197504063574,7418255797
10040,190085807777,197504065444,7418257667
10041,190085807777,197504068630,7418260853
10042,190085807777,197504070630,7418262853
10043,190085807777,197504073741,7418265964
10044,190085807777,197504075611,7418267834
10045,190085807777,197504078722,7418270945
10046,190085807777,197504080667,7418272890
10047,190085807777,197504083759,7418275982
10048,190085807777,197504086204,7418278427
10049,190085807777,197504089352,7418281575
10050,190085807777,197504091352,7418283575
10051,190085807777,197504094556,7418286779
10052,190085807777,197504096500,7418288723
10053,190085807777,197504099759,7418291982
10054,190085807777,197504102241,7418294464
10055,190085807777,197504105333,7418297556
10056,190085807777,197504107204,7418299427
10057,190085807777,197504110315,7418302538
10058,190085807777,197504113056,7418305279
10059,190085807777,197504116278,7418308501
10060,190085807777,197504118630,7418310853
10061,190085807777,197504121797,7418314020
10062,190085807777,197504124222,7418316445
10063,190085807777,197504139185,7418331408
10064,190085807777,197504141204,7418333427
10065,190085807777,197504144389,7418336612
10066,190085807777,197504147000,7418339223
10067,190085807777,197504150130,7418342353
10068,190085807777,197504152074,7418344297
10069,190085807777,197504155204,7418347427
10070,190085807777,197504160352,7418352575
10071,190085807777,197504162223,7418354446
10072,190085807777,197504164093,7418356316
10073,190085807777,197504165963,7418358186
10074,190085807777,197504167926,7418360149
10075,190085807777,197504169778,7418362001
10076,190085807777,197504179686,7418371909
10077,190085807777,197504182982,7418375205
10078,190085807777,197504184889,7418377112
10079,190085807777,197504188038,7418380261
10080,190085807777,197504189889,7418382112
10081,190085807777,197504193056,7418385279
10082,190085807777,197504194945,7418387168
10083,190085807777,197504196982,7418389205
10084,190085807777,197504200093,7418392316
10085,190085807777,197504201945,7418394168
10086,190085807777,197504205075,7418397298
10087,190085807777,197504206927,7418399150
10088,190085807777,197504210019,7418402242
10089,190085807777,197504211871,7418404094
10090,190085807777,197504214352,7418406575
10091,190085807777,197504217445,7418409668
10092,190085807777,197504219297,7418411520
10093,190085807777,197504222408,7418414631
10094,190085807777,197504224297,7418416520
10095,190085807777,197504234871,7418427094
10096,190085807777,197504236797,7418429020
10097,190085807777,197504238649,7418430872
10098,190085807777,197504248816,7418441039
10099,190085807777,197504250667,7418442890
10100,190085807777,197504252538,7418444761
10101,190085807777,197504254390,7418446613
10102,190085807777,197504256279,7418448502
10103,190085807777,197504258130,7418450353
10104,190085807777,197504260001,7418452224
10105,190085807777,197504261853,7418454076
10106,190085807777,197504263760,7418455983
10107,190085807777,197504265630,7418457853
10108,190085807777,197504267482,7418459705
10109,190085807777,197504269334,7418461557
10258,190085807777,197504271242,7418463465
10259,190085807777,197704477193,7618669416
10260,190085807777,197704480786,7618673009
10261,190085807777,197704482693,7618674916
10262,190085807777,197704484619,7618676842
10263,190085807777,197704486489,7618678712
10264,190085807777,197704488360,7618680583
10265,190085807777,197704490230,7618682453
10266,190085807777,197704492193,7618684416
10267,190085807777,197704494045,7618686268
10268,190085807777,197704502323,7618694546
10269,190085807777,197704504249,7618696472
10270,190085807777,197704506138,7618698361
10271,190085807777,197704508045,7618700268
10272,190085807777,197704509915,7618702138
10273,190085807777,197704511989,7618704212
10274,190085807777,197704515156,7618707379
10275,190085807777,197704519915,7618712138
10276,190085807777,197704521804,7618714027
10277,190085807777,197704524952,7618717175
10278,190085807777,197704526860,7618719083
10279,190085807777,197704530027,7618722250
10280,190085807777,197704531878,7618724101
10281,190085807777,197704535045,7618727268
10282,190085807777,197704536934,7618729157
10283,190085807777,197704540045,7618732268
10284,190085807777,197704541915,7618734138
10285,190085807777,197704545027,7618737250
10286,190085807777,197704546915,7618739138
10287,190085807777,197704550045,7618742268
10288,190085807777,197704551971,7618744194
10289,190085807777,197704555082,7618747305
10290,190085807777,197704557193,7618749416
10291,190085807777,197704560304,7618752527
10292,190085807777,197704562749,7618754972
10293,190085807777,197704565916,7618758139
10294,190085807777,197704567860,7618760083
10295,190085807777,197704571008,7618763231
10296,190085807777,197704575916,7618768139
10297,190085807777,197704577804,7618770027
10298,190085807777,197704580934,7618773157
10299,190085807777,197704582823,7618775046
10300,190085807777,197704585934,7618778157
10301,190085807777,197704587805,7618780028
10302,190085807777,197704590934,7618783157
10303,190085807777,197704592823,7618785046
10304,190085807777,197704595934,7618788157
10305,190085807777,197704598360,7618790583
10306,190085807777,197704601490,7618793713
10307,190085807777,197704604082,7618796305
10308,190085807777,197704608212,7618800435
10309,190085807777,197704610101,7618802324
10310,190085807777,197704612045,7618804268
10311,190085807777,197704613916,7618806139
10312,190085807777,197704623879,7618816102
10313,190085807777,197704627157,7618819380
10314,190085807777,197704629082,7618821305
10315,190085807777,197704632194,7618824417
10316,190085807777,197704634045,7618826268
10317,190085807777,197704637212,7618829435
10318,190085807777,197704639120,7618831343
10319,190085807777,197704641101,7618833324
10320,190085807777,197704644360,7618836583
10321,190085807777,197704646231,7618838454
10322,190085807777,197704649509,7618841732
10323,190085807777,197704651379,7618843602
10324,190085807777,197704654638,7618846861
10325,190085807777,197704656509,7618848732
10326,190085807777,197704659749,7618851972
10327,190085807777,197704661601,7618853824
10328,190085807777,197704666583,7618858806
10329,190085807777,197704668453,7618860676
10330,190085807777,197704679046,7618871269
10331,190085807777,197704680916,7618873139
10332,190085807777,197704690972,7618883195
10333,190085807777,197704692842,7618885065
10334,190085807777,197704694749,7618886972
10335,190085807777,197704696601,7618888824
10336,190085807777,197704698453,7618890676
10337,190085807777,197704700287,7618892510
10338,190085807777,197704702212,7618894435
10339,190085807777,197704704064,7618896287
10340,190085807777,197704705916,7618898139
10341,190085807777,197704707768,7618899991
10342,190085807777,197704709657,7618901880
10343,190085807777,197704711509,7618903732
10344,190085807777,197704713361,7618905584
10345,190085807777,197704715212,7618907435
10346,190085807777,197704717138,7618909361
10347,190085807777,197704718990,7618911213
10348,190085807777,197704720824,7618913047
10349,190085807777,197704722675,7618914898
10350,190085807777,197704724583,7618916806
10351,190085807777,197704726435,7618918658
10352,190085807777,197704728268,7618920491
10353,190085807777,197704730138,7618922361
10354,190085807777,197704732083,7618924306
10355,190085807777,197704733935,7618926158
10356,190085807777,197704735787,7618928010
10357,190085807777,197704744194,7618936417
10358,190085807777,197704746102,7618938325
10359,190085807777,197704747972,7618940195
10360,190085807777,197704749879,7618942102
10361,190085807777,197704751842,7618944065
10362,190085807777,197704753935,7618946158
10363,190085807777,197704757102,7618949325
10364,190085807777,197704758953,7618951176
10365,190085807777,197704761453,7618953676
10366,190085807777,197704764583,7618956806
10367,190085807777,197704767028,7618959251
10368,190085807777,197704770194,7618962417
10369,190085807777,197704772213,7618964436
10370,190085807777,197704775324,7618967547
10371,190085807777,197704780287,7618972510
10372,190085807777,197704782176,7618974399
10373,190085807777,197704785416,7618977639
10374,190085807777,197704787324,7618979547
10375,190085807777,197704790583,7618982806
10376,190085807777,197704793102,7618985325
10377,190085807777,197704796324,7618988547
10378,190085807777,197704798287,7618990510
10379,190085807777,197704801565,7618993788
10380,190085807777,197704804176,7618996399
10381,190085807777,197704807454,7618999677
10382,190085807777,197704809583,7619001806
10383,190085807777,197704812731,7619004954
10384,190085807777,197704816639,7619008862
10385,190085807777,197704819843,7619012066
10386,190085807777,197704822306,7619014529
10536,190085807777,197905029387,7819221610
10537,190085807777,197905041313,7819233536
10538,190085807777,197905043294,7819235517
10539,190085807777,197905046442,7819238665
10540,190085807777,197905048368,7819240591
10541,190085807777,197905051516,7819243739
10542,190085807777,197905053405,7819245628
10543,190085807777,197905055979,7819248202
10544,190085807777,197905059090,7819251313
10545,190085807777,197905060998,7819253221
10546,190085807777,197905064164,7819256387
10547,190085807777,197905066072,7819258295
10548,190085807777,197905069183,7819261406
10549,190085807777,197905071053,7819263276
10550,190085807777,197905082146,7819274369
10551,190085807777,197905084276,7819276499
10552,190085807777,197905095220,7819287443
10553,190085807777,197905097165,7819289388
10554,190085807777,197905107146,7819299369
10555,190085807777,197905110479,7819302702
10556,190085807777,197905112368,7819304591
10557,190085807777,197905115517,7819307740
10558,190085807777,197905117387,7819309610
10559,190085807777,197905120517,7819312740
10560,190085807777,197905122405,7819314628
10561,190085807777,197905125535,7819317758
10562,190085807777,197905127405,7819319628
10563,190085807777,197905130517,7819322740
10564,190085807777,197905132406,7819324629
10565,190085807777,197905137294,7819329517
10566,190085807777,197905139183,7819331406
10567,190085807777,197905141683,7819333906
10568,190085807777,197905144831,7819337054
10569,190085807777,197905146702,7819338925
10570,190085807777,197905149813,7819342036
10571,190085807777,197905151702,7819343925
10572,190085807777,197905162332,7819354555
10573,190085807777,197905164239,7819356462
10574,190085807777,197905166146,7819358369
10575,190085807777,197905168183,7819360406
10576,190085807777,197905171220,7819363443
10577,190085807777,197905173128,7819365351
10578,190085807777,197905175683,7819367906
10579,190085807777,197905178832,7819371055
10580,190085807777,197905180850,7819373073
10581,190085807777,197905183943,7819376166
10582,190085807777,197905186387,7819378610
10583,190085807777,197905189572,7819381795
10584,190085807777,197905191980,7819384203
10585,190085807777,197905195276,7819387499
10586,190085807777,197905197276,7819389499
10587,190085807777,197905200406,7819392629
10588,190085807777,197905202832,7819395055
10589,190085807777,197905205924,7819398147
10590,190085807777,197905208554,7819400777
10591,190085807777,197905211684,7819403907
10592,190085807777,197905214128,7819406351
10593,190085807777,197905217221,7819409444
10594,190085807777,197905219184,7819411407
10595,190085807777,197905222369,7819414592
10596,190085807777,197905224517,7819416740
10597,190085807777,197905227628,7819419851
10598,190085807777,197905229610,7819421833
10599,190085807777,197905232721,7819424944
10600,190085807777,197905235091,7819427314
10601,190085807777,197905238258,7819430481
10602,190085807777,197905240221,7819432444
10603,190085807777,197905243313,7819435536
10604,190085807777,197905248313,7819440536
10605,190085807777,197905250202,7819442425
10606,190085807777,197905253369,7819445592
10607,190085807777,197905255350,7819447573
10608,190085807777,197905258462,7819450685
10609,190085807777,197905260350,7819452573
10610,190085807777,197905263443,7819455666
10611,190085807777,197905265351,7819457574
10612,190085807777,197905267221,7819459444
10613,190085807777,197905269091,7819461314
10614,190085807777,197905270962,7819463185
10615,190085807777,197905272869,7819465092
10616,190085807777,197905282832,7819475055
10617,190085807777,197905286110,7819478333
10618,190085807777,197905287980,7819480203
10619,190085807777,197905291147,7819483370
10620,190085807777,197905293036,7819485259
10621,190085807777,197905296147,7819488370
10622,190085807777,197905298017,7819490240
10623,190085807777,197905301203,7819493426
10624,190085807777,197905303073,7819495296
10625,190085807777,197905306221,7819498444
10626,190085807777,197905308110,7819500333
10627,190085807777,197905311221,7819503444
10628,190085807777,197905313110,7819505333
10629,190085807777,197905315166,7819507389
10630,190085807777,197905318277,7819510500
10631,190085807777,197905320184,7819512407
10632,190085807777,197905323314,7819515537
10633,190085807777,197905325184,7819517407
10634,190085807777,197905334703,7819526926
10635,190085807777,197905338684,7819530907
10636,190085807777,197905340573,7819532796
10637,190085807777,197905350740,7819542963
10638,190085807777,197905352610,7819544833
10639,190085807777,197905354518,7819546741
10640,190085807777,197905356388,7819548611
10641,190085807777,197905358258,7819550481
10642,190085807777,197905360129,7819552352
10643,190085807777,197905362036,7819554259
10644,190085807777,197905363906,7819556129
10645,190085807777,197905365777,7819558000
10646,190085807777,197905367629,7819559852
10647,190085807777,197905369555,7819561778
10648,190085807777,197905371425,7819563648
10649,190085807777,197905373295,7819565518
10650,190085807777,197905375147,7819567370
10651,190085807777,197905377073,7819569296
10652,190085807777,197905378944,7819571167
10653,190085807777,197905380814,7819573037
10654,190085807777,197905382684,7819574907
10655,190085807777,197905384555,7819576778
10656,190085807777,197905386425,7819578648
10657,190085807777,197905388295,7819580518
10658,190085807777,197905390166,7819582389
10659,190085807777,197905392055,7819584278
10660,190085807777,197905393907,7819586130
10661,190085807777,197905402203,7819594426
10662,190085807777,197905404110,7819596333
10663,190085807777,197905405999,7819598222
10813,190085807777,198105611877,8019804100
10814,190085807777,198105615636,8019807859
10815,190085807777,198105617580,8019809803
10816,190085807777,198105620784,8019813007
10817,190085807777,198105622654,8019814877
10818,190085807777,198105625784,8019818007
10819,190085807777,198105627654,8019819877
10820,190085807777,198105630784,8019823007
10821,190085807777,198105632654,8019824877
10822,190085807777,198105635858,8019828081
10823,190085807777,198105638210,8019830433
10824,190085807777,198105641543,8019833766
10825,190085807777,198105644062,8019836285
10826,190085807777,198105647321,8019839544
10827,190085807777,198105649284,8019841507
10828,190085807777,198105652562,8019844785
10829,190085807777,198105655155,8019847378
10830,190085807777,198105658432,8019850655
10831,190085807777,198105660395,8019852618
10832,190085807777,198105663580,8019855803
10833,190085807777,198105666025,8019858248
10834,190085807777,198105690303,8019882526
10835,190085807777,198105692340,8019884563
10836,190085807777,198105695507,8019887730
10837,190085807777,198105697377,8019889600
10838,190085807777,198105700525,8019892748
10839,190085807777,198105702395,8019894618
10840,190085807777,198105705618,8019897841
10841,190085807777,198105707488,8019899711
10842,190085807777,198105709488,8019901711
10843,190085807777,198105712599,8019904822
10844,190085807777,198105714488,8019906711
10845,190085807777,198105717599,8019909822
10846,190085807777,198105719470,8019911693
10847,190085807777,198105722581,8019914804
10848,190085807777,198105724488,8019916711
10849,190085807777,198105726970,8019919193
10850,190085807777,198105730081,8019922304
10851,190085807777,198105740951,8019933174
10852,190085807777,198105742896,8019935119
10853,190085807777,198105752877,8019945100
10854,190085807777,198105756192,8019948415
10855,190085807777,198105758099,8019950322
10856,190085807777,198105761211,8019953434
10857,190085807777,198105763081,8019955304
10858,190085807777,198105766229,8019958452
10859,190085807777,198105768118,8019960341
10860,190085807777,198105770211,8019962434
10861,190085807777,198105773303,8019965526
10862,190085807777,198105775192,8019967415
10863,190085807777,198105778303,8019970526
10864,190085807777,198105780229,8019972452
10865,190085807777,198105783340,8019975563
10866,190085807777,198105785211,8019977434
10867,190085807777,198105787766,8019979989
10868,190085807777,198105790896,8019983119
10869,190085807777,198105792766,8019984989
10870,190085807777,198105795877,8019988100
10871,190085807777,198105797748,8019989971
10872,190085807777,198105808192,8020000415
10873,190085807777,198105810081,8020002304
10874,190085807777,198105811989,8020004212
10875,190085807777,198105814007,8020006230
10876,190085807777,198105817118,8020009341
10877,190085807777,198105818989,8020011212
10878,190085807777,198105822174,8020014397
10879,190085807777,198105824044,8020016267
10880,190085807777,198105827229,8020019452
10881,190085807777,198105829118,8020021341
10882,190085807777,198105832378,8020024601
10883,190085807777,198105834803,8020027026
10884,190085807777,198105838118,8020030341
10885,190085807777,198105840618,8020032841
10886,190085807777,198105843878,8020036101
10887,190085807777,198105845822,8020038045
10888,190085807777,198105849100,8020041323
10889,190085807777,198105854100,8020046323
10890,190085807777,198105868155,8020060378
10891,190085807777,198105870192,8020062415
10892,190085807777,198105873378,8020065601
10893,190085807777,198105875841,8020068064
10894,190085807777,198105878933,8020071156
10895,190085807777,198105881359,8020073582
10896,190085807777,198105884507,8020076730
10897,190085807777,198105886637,8020078860
10898,190085807777,198105889767,8020081990
10899,190085807777,198105892285,8020084508
10900,190085807777,198105895563,8020087786
10901,190085807777,198105898267,8020090490
10902,190085807777,198105901563,8020093786
10903,190085807777,198105903526,8020095749
10904,190085807777,198105906785,8020099008
10905,190085807777,198105908730,8020100953
10906,190085807777,198105910582,8020102805
10907,190085807777,198105912415,8020104638
10908,190085807777,198105914267,8020106490
10909,190085807777,198105916100,8020108323
10910,190085807777,198105926137,8020118360
10911,190085807777,198105929471,8020121694
10912,190085807777,198105931396,8020123619
10913,190085807777,198105934526,8020126749
10914,190085807777,198105936396,8020128619
10915,190085807777,198105939600,8020131823
10916,190085807777,198105941489,8020133712
10917,190085807777,198105943489,8020135712
10918,190085807777,198105946600,8020138823
10919,190085807777,198105948471,8020140694
10920,190085807777,198105951637,8020143860
10921,190085807777,198105953508,8020145731
10922,190085807777,198105956619,8020148842
10923,190085807777,198105958489,8020150712
10924,190085807777,198105961748,8020153971
10925,190085807777,198105963619,8020155842
10926,190085807777,198105966063,8020158286
10927,190085807777,198105969156,8020161379
10928,190085807777,198105971063,8020163286
10929,190085807777,198105981711,8020173934
10930,190085807777,198105983637,8020175860
10931,190085807777,198105993545,8020185768
10932,190085807777,198105995563,8020187786
10933,190085807777,198105997434,8020189657
10934,190085807777,198105999286,8020191509
10935,190085807777,198106001137,8020193360
10936,190085807777,198106003063,8020195286
10937,190085807777,198106004915,8020197138
10938,190085807777,198106006786,8020199009
10939,190085807777,198106008638,8020200861
10940,190085807777,198106010545,8020202768
11090,190085807777,198106012397,8020204620
11091,190085807777,198306218618,8220410841
11092,190085807777,198306222637,8220414860
11093,190085807777,198306224656,8220416879
11094,190085807777,198306233063,8220425286
11095,190085807777,198306235859,8220428082
11096,190085807777,198306237804,8220430027
11097,190085807777,198306247841,8220440064
11098,190085807777,198306251211,8220443434
11099,190085807777,198306253082,8220445305
11100,190085807777,198306256211,8220448434
11101,190085807777,198306258100,8220450323
11102,190085807777,198306260674,8220452897
11103,190085807777,198306263785,8220456008
11104,190085807777,198306265656,8220457879
11105,190085807777,198306268748,8220460971
11106,190085807777,198306270600,8220462823
11107,190085807777,198306273859,8220466082
11108,190085807777,198306275711,8220467934
11109,190085807777,198306278341,8220470564
11110,190085807777,198306281637,8220473860
11111,190085807777,198306283508,8220475731
11112,190085807777,198306286785,8220479008
11113,190085807777,198306288674,8220480897
11114,190085807777,198306291915,8220484138
11115,190085807777,198306300137,8220492360
11116,190085807777,198306304545,8220496768
11117,190085807777,198306306508,8220498731
11118,190085807777,198306308378,8220500601
11119,190085807777,198306311526,8220503749
11120,190085807777,198306313508,8220505731
11121,190085807777,198306316619,8220508842
11122,190085807777,198306318582,8220510805
11123,190085807777,198306321693,8220513916
11124,190085807777,198306324212,8220516435
11125,190085807777,198306327304,8220519527
11126,190085807777,198306332137,8220524360
11127,190085807777,198306334045,8220526268
11128,190085807777,198306337156,8220529379
11129,190085807777,198306339063,8220531286
11130,190085807777,198306342193,8220534416
11131,190085807777,198306344063,8220536286
11132,190085807777,198306347175,8220539398
11133,190085807777,198306349304,8220541527
11134,190085807777,198306352415,8220544638
11135,190085807777,198306354804,8220547027
11136,190085807777,198306357952,8220550175
11137,190085807777,198306360378,8220552601
11138,190085807777,198306363489,8220555712
11139,190085807777,198306365471,8220557694
11140,190085807777,198306368582,8220560805
11141,190085807777,198306371323,8220563546
11142,190085807777,198306374508,8220566731
11143,190085807777,198306376452,8220568675
11144,190085807777,198306379582,8220571805
11145,190085807777,198306384527,8220576750
11146,190085807777,198306386397,8220578620
11147,190085807777,198306389490,8220581713
11148,190085807777,198306391360,8220583583
11149,190085807777,198306394564,8220586787
11150,190085807777,198306396434,8220588657
11151,190085807777,198306399730,8220591953
11152,190085807777,198306402193,8220594416
11153,190085807777,198306406564,8220598787
11154,190085807777,198306408453,8220600676
11155,190085807777,198306410323,8220602546
11156,190085807777,198306412175,8220604398
11157,190085807777,198306422156,8220614379
11158,190085807777,198306424027,8220616250
11159,190085807777,198306425897,8220618120
11160,190085807777,198306427768,8220619991
11161,190085807777,198306429749,8220621972
11162,190085807777,198306431601,8220623824
11163,190085807777,198306433471,8220625694
11164,190085807777,198306435323,8220627546
11165,190085807777,198306437249,8220629472
11166,190085807777,198306439101,8220631324
11167,190085807777,198306440953,8220633176
11168,190085807777,198306442823,8220635046
11169,190085807777,198306444805,8220637028
11170,190085807777,198306446656,8220638879
11171,190085807777,198306448527,8220640750
11172,190085807777,198306450379,8220642602
11173,190085807777,198306452342,8220644565
11174,190085807777,198306454194,8220646417
11175,190085807777,198306456064,8220648287
11176,190085807777,198306457916,8220650139
11177,190085807777,198306459823,8220652046
11178,190085807777,198306461694,8220653917
11179,190085807777,198306463545,8220655768
11180,190085807777,198306465397,8220657620
11181,190085807777,198306473657,8220665880
11182,190085807777,198306475564,8220667787
11183,190085807777,198306477434,8220669657
11184,190085807777,198306479305,8220671528
11185,190085807777,198306489194,8220681417
11186,190085807777,198306492471,8220684694
11187,190085807777,198306494323,8220686546
11188,190085807777,198306497453,8220689676
11189,190085807777,198306499342,8220691565
11190,190085807777,198306502527,8220694750
11191,190085807777,198306504397,8220696620
11192,190085807777,198306506397,8220698620
11193,190085807777,198306509657,8220701880
11194,190085807777,198306511509,8220703732
11195,190085807777,198306514768,8220706991
11196,190085807777,198306516638,8220708861
11197,190085807777,198306519898,8220712121
11198,190085807777,198306521768,8220713991
11199,190085807777,198306525027,8220717250
11200,190085807777,198306526898,8220719121
11201,190085807777,198306530175,8220722398
11202,190085807777,198306532046,8220724269
11203,190085807777,198306534101,8220726324
11204,190085807777,198306544749,8220736972
11205,190085807777,198306546657,8220738880
11206,190085807777,198306548546,8220740769
11207,190085807777,198306551064,8220743287
11208,190085807777,198306554157,8220746380
11209,190085807777,198306556046,8220748269
11210,190085807777,198306559194,8220751417
11211,190085807777,198306561064,8220753287
11212,190085807777,198306564175,8220756398
11213,190085807777,198306566064,8220758287
11214,190085807777,198306569176,8220761399
11215,190085807777,198306571638,8220763861
11216,190085807777,198306574731,8220766954
11217,190085807777,198306577250,8220769473
11218,190085807777,198306580342,8220772565
11367,190085807777,198306582990,8220775213
11368,190085807777,198506794052,8420986275
11369,190085807777,198506797775,8420989998
11370,190085807777,198506799682,8420991905
11371,190085807777,198506802775,8420994998
11372,190085807777,198506804645,8420996868
11373,190085807777,198506807923,8421000146
11374,190085807777,198506809793,8421002016
11375,190085807777,198506812904,8421005127
11376,190085807777,198506814793,8421007016
11377,190085807777,198506817367,8421009590
11378,190085807777,198506829349,8421021572
11379,190085807777,198506831423,8421023646
11380,190085807777,198506834589,8421026812
11381,190085807777,198506837201,8421029424
11382,190085807777,198506840367,8421032590
11383,190085807777,198506842849,8421035072
11384,190085807777,198506845923,8421038146
11385,190085807777,198506848312,8421040535
11386,190085807777,198506851460,8421043683
11387,190085807777,198506853590,8421045813
11388,190085807777,198506856812,8421049035
11389,190085807777,198506859145,8421051368
11390,190085807777,198506862441,8421054664
11391,190085807777,198506864404,8421056627
11392,190085807777,198506867664,8421059887
11393,190085807777,198506870164,8421062387
11394,190085807777,198506873404,8421065627
11395,190085807777,198506876016,8421068239
11396,190085807777,198506879293,8421071516
11397,190085807777,198506881256,8421073479
11398,190085807777,198506884516,8421076739
11399,190085807777,198506886460,8421078683
11400,190085807777,198506889738,8421081961
11401,190085807777,198506891701,8421083924
11402,190085807777,198506894960,8421087183
11403,190085807777,198506896812,8421089035
11404,190085807777,198506898682,8421090905
11405,190085807777,198506900571,8421092794
11406,190085807777,198506902460,8421094683
11407,190085807777,198506904331,8421096554
11408,190085807777,198506916053,8421108276
11409,190085807777,198506917960,8421110183
11410,190085807777,198506921108,8421113331
11411,190085807777,198506922979,8421115202
11412,190085807777,198506926090,8421118313
11413,190085807777,198506927997,8421120220
11414,190085807777,198506930034,8421122257
11415,190085807777,198506933145,8421125368
11416,190085807777,198506935016,8421127239
11417,190085807777,198506938127,8421130350
11418,190085807777,198506939979,8421132202
11419,190085807777,198506942553,8421134776
11420,190085807777,198506945664,8421137887
11421,190085807777,198506947571,8421139794
11422,190085807777,198506950683,8421142906
11423,190085807777,198506952553,8421144776
11424,190085807777,198506955646,8421147869
11425,190085807777,198506957534,8421149757
11426,190085807777,198506966553,8421158776
11427,190085807777,198506970831,8421163054
11428,190085807777,198506980775,8421172998
11429,190085807777,198506984053,8421176276
11430,190085807777,198506985960,8421178183
11431,190085807777,198506989053,8421181276
11432,190085807777,198506990905,8421183128
11433,190085807777,198506994053,8421186276
11434,190085807777,198506995923,8421188146
11435,190085807777,198506997924,8421190147
11436,190085807777,198507001035,8421193258
11437,190085807777,198507002924,8421195147
11438,190085807777,198507006016,8421198239
11439,190085807777,198507007887,8421200110
11440,190085807777,198507010979,8421203202
11441,190085807777,198507012868,8421205091
11442,190085807777,198507015479,8421207702
11443,190085807777,198507018701,8421210924
11444,190085807777,198507020572,8421212795
11445,190085807777,198507023831,8421216054
11446,190085807777,198507025701,8421217924
11447,190085807777,198507036276,8421228499
11448,190085807777,198507038201,8421230424
11449,190085807777,198507040109,8421232332
11450,190085807777,198507041979,8421234202
11451,190085807777,198507043831,8421236054
11452,190085807777,198507045701,8421237924
11453,190085807777,198507047627,8421239850
11454,190085807777,198507049498,8421241721
11455,190085807777,198507051350,8421243573
11456,190085807777,198507053220,8421245443
11457,190085807777,198507055146,8421247369
11458,190085807777,198507056998,8421249221
11459,190085807777,198507058850,8421251073
11460,190085807777,198507060720,8421252943
11461,190085807777,198507062683,8421254906
11462,190085807777,198507064553,8421256776
11463,190085807777,198507066405,8421258628
11464,190085807777,198507068276,8421260499
11465,190085807777,198507070183,8421262406
11466,190085807777,198507072053,8421264276
11467,190085807777,198507073905,8421266128
11468,190085807777,198507075776,8421267999
11469,190085807777,198507077739,8421269962
11470,190085807777,198507079591,8421271814
11471,190085807777,198507081442,8421273665
11472,190085807777,198507083313,8421275536
11473,190085807777,198507085183,8421277406
11474,190085807777,198507087054,8421279277
11475,190085807777,198507088905,8421281128
11476,190085807777,198507090776,8421282999
11477,190085807777,198507092665,8421284888
11478,190085807777,198507094517,8421286740
11479,190085807777,198507096387,8421288610
11480,190085807777,198507098257,8421290480
11481,190085807777,198507100146,8421292369
11482,190085807777,198507102017,8421294240
11483,190085807777,198507103868,8421296091
11484,190085807777,198507105739,8421297962
11485,190085807777,198507107609,8421299832
11486,190085807777,198507109480,8421301703
11487,190085807777,198507111350,8421303573
11488,190085807777,198507113202,8421305425
11489,190085807777,198507115091,8421307314
11490,190085807777,198507116943,8421309166
11491,190085807777,198507118813,8421311036
11492,190085807777,198507120683,8421312906
11493,190085807777,198507122572,8421314795
11494,190085807777,198507124424,8421316647
11495,190085807777,198507126294,8421318517
11645,190085807777,198707332227,8621524450
11646,190085807777,198707335875,8621528098
11647,190085807777,198707337745,8621529968
11648,190085807777,198707339616,8621531839
11649,190085807777,198707341467,8621533690
11650,190085807777,198707343338,8621535561
11651,190085807777,198707345208,8621537431
11652,190085807777,198707347060,8621539283
11653,190085807777,198707348930,8621541153
11654,190085807777,198707358875,8621551098
11655,190085807777,198707362171,8621554394
11656,190085807777,198707364079,8621556302
11657,190085807777,198707367190,8621559413
11658,190085807777,198707369097,8621561320
11659,190085807777,198707371579,8621563802
11660,190085807777,198707374708,8621566931
11661,190085807777,198707376616,8621568839
11662,190085807777,198707379745,8621571968
11663,190085807777,198707381597,8621573820
11664,190085807777,198707384764,8621576987
11665,190085807777,198707386634,8621578857
11666,190085807777,198707389208,8621581431
11667,190085807777,198707392320,8621584543
11668,190085807777,198707394171,8621586394
11669,190085807777,198707397264,8621589487
11670,190085807777,198707399153,8621591376
11671,190085807777,198707402375,8621594598
11672,190085807777,198707410746,8621602969
11673,190085807777,198707414912,8621607135
11674,190085807777,198707416857,8621609080
11675,190085807777,198707428357,8621620580
11676,190085807777,198707430246,8621622469
11677,190085807777,198707433375,8621625598
11678,190085807777,198707435264,8621627487
11679,190085807777,198707438394,8621630617
11680,190085807777,198707440264,8621632487
11681,190085807777,198707445264,8621637487
11682,190085807777,198707447153,8621639376
11683,190085807777,198707449672,8621641895
11684,190085807777,198707452783,8621645006
11685,190085807777,198707454635,8621646858
11686,190085807777,198707457764,8621649987
11687,190085807777,198707459616,8621651839
11688,190085807777,198707462746,8621654969
11689,190085807777,198707464598,8621656821
11690,190085807777,198707466635,8621658858
11691,190085807777,198707469746,8621661969
11692,190085807777,198707477968,8621670191
11693,190085807777,198707481968,8621674191
11694,190085807777,198707483857,8621676080
11695,190085807777,198707485727,8621677950
11696,190085807777,198707487783,8621680006
11697,190085807777,198707490894,8621683117
11698,190085807777,198707492801,8621685024
11699,190085807777,198707495913,8621688136
11700,190085807777,198707497783,8621690006
11701,190085807777,198707500857,8621693080
11702,190085807777,198707502746,8621694969
11703,190085807777,198707505857,8621698080
11704,190085807777,198707507913,8621700136
11705,190085807777,198707511042,8621703265
11706,190085807777,198707513135,8621705358
11707,190085807777,198707516246,8621708469
11708,190085807777,198707518857,8621711080
11709,190085807777,198707521968,8621714191
11710,190085807777,198707524098,8621716321
11711,190085807777,198707527190,8621719413
11712,190085807777,198707529653,8621721876
11713,190085807777,198707532765,8621724988
11714,190085807777,198707535357,8621727580
11715,190085807777,198707538450,8621730673
11716,190085807777,198707540413,8621732636
11717,190085807777,198707555709,8621747932
11718,190085807777,198707557802,8621750025
11719,190085807777,198707560968,8621753191
11720,190085807777,198707563061,8621755284
11721,190085807777,198707566172,8621758395
11722,190085807777,198707568524,8621760747
11723,190085807777,198707571617,8621763840
11724,190085807777,198707574098,8621766321
11725,190085807777,198707577209,8621769432
11726,190085807777,198707579783,8621772006
11727,190085807777,198707582876,8621775099
11728,190085807777,198707584746,8621776969
11729,190085807777,198707586617,8621778840
11730,190085807777,198707588487,8621780710
11731,190085807777,198707590357,8621782580
11732,190085807777,198707592209,8621784432
11733,190085807777,198707602154,8621794377
11734,190085807777,198707605487,8621797710
11735,190085807777,198707607357,8621799580
11736,190085807777,198707610506,8621802729
11737,190085807777,198707612357,8621804580
11738,190085807777,198707615561,8621807784
11739,190085807777,198707617413,8621809636
11740,190085807777,198707619413,8621811636
11741,190085807777,198707622524,8621814747
11742,190085807777,198707624413,8621816636
11743,190085807777,198707627524,8621819747
11744,190085807777,198707629376,8621821599
11745,190085807777,198707632524,8621824747
11746,190085807777,198707634395,8621826618
11747,190085807777,198707636895,8621829118
11748,190085807777,198707639987,8621832210
11749,190085807777,198707641858,8621834081
11750,190085807777,198707644987,8621837210
11751,190085807777,198707646839,8621839062
11752,190085807777,198707657506,8621849729
11753,190085807777,198707659395,8621851618
11754,190085807777,198707669339,8621861562
11755,190085807777,198707671247,8621863470
11756,190085807777,198707673098,8621865321
11757,190085807777,198707674950,8621867173
11758,190085807777,198707676821,8621869044
11759,190085807777,198707678691,8621870914
11760,190085807777,198707680561,8621872784
11761,190085807777,198707682432,8621874655
11762,190085807777,198707684302,8621876525
11763,190085807777,198707686191,8621878414
11764,190085807777,198707688061,8621880284
11765,190085807777,198707689913,8621882136
11766,190085807777,198707691821,8621884044
11767,190085807777,198707693691,8621885914
11768,190085807777,198707695543,8621887766
11769,190085807777,198707697395,8621889618
11770,190085807777,198707699302,8621891525
11771,190085807777,198707701154,8621893377
11772,190085807777,198707703025,8621895248
11922,190085807777,198907908846,8822101069
11923,190085807777,198907912605,8822104828
11924,190085807777,198907914531,8822106754
11925,190085807777,198907916457,8822108680
11926,190085807777,198907918346,8822110569
11927,190085807777,198907920253,8822112476
11928,190085807777,198907922123,8822114346
11929,190085807777,198907923994,8822116217
11930,190085807777,198907925864,8822118087
11931,190085807777,198907927753,8822119976
11932,190085807777,198907929605,8822121828
11933,190085807777,198907931475,8822123698
11934,190085807777,198907933327,8822125550
11935,190085807777,198907935364,8822127587
11936,190085807777,198907937235,8822129458
11937,190085807777,198907939105,8822131328
11938,190085807777,198907940994,8822133217
11939,190085807777,198907942938,8822135161
11940,190085807777,198907944809,8822137032
11941,190085807777,198907946679,8822138902
11942,190085807777,198907948550,8822140773
11943,190085807777,198907950475,8822142698
11944,190085807777,198907952327,8822144550
11945,190085807777,198907954216,8822146439
11946,190085807777,198907956087,8822148310
11947,190085807777,198907957994,8822150217
11948,190085807777,198907959864,8822152087
11949,190085807777,198907961753,8822153976
11950,190085807777,198907963624,8822155847
11951,190085807777,198907965550,8822157773
11952,190085807777,198907967420,8822159643
11953,190085807777,198907969309,8822161532
11954,190085807777,198907971161,8822163384
11955,190085807777,198907973105,8822165328
11956,190085807777,198907974976,8822167199
11957,190085807777,198907976846,8822169069
11958,190085807777,198907978716,8822170939
11959,190085807777,198907980605,8822172828
11960,190085807777,198907982476,8822174699
11961,190085807777,198907984327,8822176550
11962,190085807777,198907986198,8822178421
11963,190085807777,198907988105,8822180328
11964,190085807777,198907998087,8822190310
11965,190085807777,198908005883,8822198106
11966,190085807777,198908009291,8822201514
11967,190085807777,198908011216,8822203439
11968,190085807777,198908014402,8822206625
11969,190085807777,198908016291,8822208514
11970,190085807777,198908019476,8822211699
11971,190085807777,198908021365,8822213588
11972,190085807777,198908024531,8822216754
11973,190085807777,198908026383,8822218606
11974,190085807777,198908029531,8822221754
11975,190085807777,198908031439,8822223662
11976,190085807777,198908034587,8822226810
11977,190085807777,198908036476,8822228699
11978,190085807777,198908039624,8822231847
11979,190085807777,198908041531,8822233754
11980,190085807777,198908051198,8822243421
11981,190085807777,198908055309,8822247532
11982,190085807777,198908065235,8822257458
11983,190085807777,198908068550,8822260773
11984,190085807777,198908070457,8822262680
11985,190085807777,198908073624,8822265847
11986,190085807777,198908075495,8822267718
11987,190085807777,198908078717,8822270940
11988,190085807777,198908080569,8822272792
11989,190085807777,198908083735,8822275958
11990,190085807777,198908085624,8822277847
11991,190085807777,198908088846,8822281069
11992,190085807777,198908090717,8822282940
11993,190085807777,198908093883,8822286106
11994,190085807777,198908095735,8822287958
11995,190085807777,198908098921,8822291144
11996,190085807777,198908100791,8822293014
11997,190085807777,198908104013,8822296236
11998,190085807777,198908105865,8822298088
11999,190085807777,198908109217,8822301440
12000,190085807777,198908117421,8822309644
12001,190085807777,198908121624,8822313847
12002,190085807777,198908123624,8822315847
12003,190085807777,198908125587,8822317810
12004,190085807777,198908128717,8822320940
12005,190085807777,198908130735,8822322958
12006,190085807777,198908133921,8822326144
12007,190085807777,198908136069,8822328292
12008,190085807777,198908139254,8822331477
12009,190085807777,198908141217,8822333440
12010,190085807777,198908144402,8822336625
12011,190085807777,198908146384,8822338607
12012,190085807777,198908149587,8822341810
12013,190085807777,198908151680,8822343903
12014,190085807777,198908154884,8822347107
12015,190085807777,198908156884,8822349107
12016,190085807777,198908160050,8822352273
12017,190085807777,198908162013,8822354236
12018,190085807777,198908165199,8822357422
12019,190085807777,198908167162,8822359385
12020,190085807777,198908170384,8822362607
12021,190085807777,198908172773,8822364996
12022,190085807777,198908176013,8822368236
12023,190085807777,198908177976,8822370199
12024,190085807777,198908181180,8822373403
12025,190085807777,198908183606,8822375829
12026,190085807777,198908186773,8822378996
12027,190085807777,198908188773,8822380996
12028,190085807777,198908192014,8822384237
12029,190085807777,198908194402,8822386625
12030,190085807777,198908197773,8822389996
12031,190085807777,198908200162,8822392385
12032,190085807777,198908203384,8822395607
12033,190085807777,198908205365,8822397588
12034,190085807777,198908208532,8822400755
12035,190085807777,198908210514,8822402737
12036,190085807777,198908213699,8822405922
12037,190085807777,198908215828,8822408051
12038,190085807777,198908218995,8822411218
12039,190085807777,198908221125,8822413348
12040,190085807777,198908223106,8822415329
12041,190085807777,198908224958,8822417181
12042,190085807777,198908226828,8822419051
12043,190085807777,198908228662,8822420885
12044,190085807777,198908238699,8822430922
12045,190085807777,198908241995,8822434218
12046,190085807777,198908243884,8822436107
12047,190085807777,198908247088,8822439311
12048,190085807777,198908248958,8822441181
12049,190085807777,198908252106,8822444329
12199,190085807777,199108458335,9022650558
12200,190085807777,199108463002,9022655225
12201,190085807777,199108464928,9022657151
12202,190085807777,199108468205,9022660428
12203,190085807777,199108470131,9022662354
12204,190085807777,199108473279,9022665502
12205,190085807777,199108475168,9022667391
12206,190085807777,199108497650,9022689873
12207,190085807777,199108499705,9022691928
12208,190085807777,199108502946,9022695169
12209,190085807777,199108505057,9022697280
12210,190085807777,199108508298,9022700521
12211,190085807777,199108510428,9022702651
12212,190085807777,199108513631,9022705854
12213,190085807777,199108515743,9022707966
12214,190085807777,199108518965,9022711188
12215,190085807777,199108520965,9022713188
12216,190085807777,199108524131,9022716354
12217,190085807777,199108526502,9022718725
12218,190085807777,199108529724,9022721947
12219,190085807777,199108531743,9022723966
12220,190085807777,199108535076,9022727299
12221,190085807777,199108537465,9022729688
12222,190085807777,199108540761,9022732984
12223,190085807777,199108542891,9022735114
12224,190085807777,199108546335,9022738558
12225,190085807777,199108548835,9022741058
12226,190085807777,199108552206,9022744429
12227,190085807777,199108554169,9022746392
12228,190085807777,199108557521,9022749744
12229,190085807777,199108560021,9022752244
12230,190085807777,199108563317,9022755540
12231,190085807777,199108565465,9022757688
12232,190085807777,199108568854,9022761077
12233,190085807777,199108570817,9022763040
12234,190085807777,199108574150,9022766373
12235,190085807777,199108576132,9022768355
12236,190085807777,199108579502,9022771725
12237,190085807777,199108581484,9022773707
12238,190085807777,199108584854,9022777077
12239,190085807777,199108586984,9022779207
12240,190085807777,199108589002,9022781225
12241,190085807777,199108590854,9022783077
12242,190085807777,199108592724,9022784947
12243,190085807777,199108594576,9022786799
12244,190085807777,199108604484,9022796707
12245,190085807777,199108607798,9022800021
12246,190085807777,199108609724,9022801947
12247,190085807777,199108612836,9022805059
12248,190085807777,199108614743,9022806966
12249,190085807777,199108617910,9022810133
12250,190085807777,199108619799,9022812022
12251,190085807777,199108622965,9022815188
12252,190085807777,199108624891,9022817114
12253,190085807777,199108628058,9022820281
12254,190085807777,199108629965,9022822188
12255,190085807777,199108633076,9022825299
12256,190085807777,199108634984,9022827207
12257,190085807777,199108638150,9022830373
12258,190085807777,199108640039,9022832262
12259,190085807777,199108643188,9022835411
12260,190085807777,199108645113,9022837336
12261,190085807777,199108648262,9022840485
12262,190085807777,199108650151,9022842374
12263,190085807777,199108661188,9022853411
12264,190085807777,199108663132,9022855355
12265,190085807777,199108673095,9022865318
12266,190085807777,199108675021,9022867244
12267,190085807777,199108676910,9022869133
12268,190085807777,199108678817,9022871040
12269,190085807777,199108680688,9022872911
12270,190085807777,199108682558,9022874781
12271,190085807777,199108684447,9022876670
12272,190085807777,199108686336,9022878559
12273,190085807777,199108688206,9022880429
12274,190085807777,199108690095,9022882318
12275,190085807777,199108691966,9022884189
12276,190085807777,199108693966,9022886189
12277,190085807777,199108695854,9022888077
12278,190085807777,199108697725,9022889948
12279,190085807777,199108699614,9022891837
12280,190085807777,199108701632,9022893855
12281,190085807777,199108703503,9022895726
12282,190085807777,199108705373,9022897596
12283,190085807777,199108707262,9022899485
12284,190085807777,199108709151,9022901374
12285,190085807777,199108711040,9022903263
12286,190085807777,199108712910,9022905133
12287,190085807777,199108714780,9022907003
12288,190085807777,199108716688,9022908911
12289,190085807777,199108725021,9022917244
12290,190085807777,199108726929,9022919152
12291,190085807777,199108728799,9022921022
12292,190085807777,199108730688,9022922911
12293,190085807777,199108732595,9022924818
12294,190085807777,199108735188,9022927411
12295,190085807777,199108738355,9022930578
12296,190085807777,199108740447,9022932670
12297,190085807777,199108743651,9022935874
12298,190085807777,199108745669,9022937892
12299,190085807777,199108748892,9022941115
12300,190085807777,199108751021,9022943244
12301,190085807777,199108754225,9022946448
12302,190085807777,199108756244,9022948467
12303,190085807777,199108759447,9022951670
12304,190085807777,199108761410,9022953633
12305,190085807777,199108764614,9022956837
12306,190085807777,199108767003,9022959226
12307,190085807777,199108770225,9022962448
12308,190085807777,199108772707,9022964930
12309,190085807777,199108775910,9022968133
12310,190085807777,199108777892,9022970115
12311,190085807777,199108781077,9022973300
12312,190085807777,199108783058,9022975281
12313,190085807777,199108786262,9022978485
12314,190085807777,199108788633,9022980856
12315,190085807777,199108791855,9022984078
12316,190085807777,199108793984,9022986207
12317,190085807777,199108797355,9022989578
12318,190085807777,199108799336,9022991559
12319,190085807777,199108802688,9022994911
12320,190085807777,199108804688,9022996911
12321,190085807777,199108808040,9023000263
12322,190085807777,199108810003,9023002226
12323,190085807777,199108813355,9023005578
12324,190085807777,199108815336,9023007559
12325,190085807777,199108818688,9023010911
12326,190085807777,199108821133,9023013356
12477,190085807777,199309028706,9223220929
12478,190085807777,199309032539,9223224762
12479,190085807777,199309034780,9223227003
12480,190085807777,199309038095,9223230318
12481,190085807777,199309040632,9223232855
12482,190085807777,199309043891,9223236114
12483,190085807777,199309046335,9223238558
12484,190085807777,199309050484,9223242707
12485,190085807777,199309052409,9223244632
12486,190085807777,199309054298,9223246521
12487,190085807777,199309056187,9223248410
12488,190085807777,199309067780,9223260003
12489,190085807777,199309069687,9223261910
12490,190085807777,199309073113,9223265336
12491,190085807777,199309074984,9223267207
12492,190085807777,199309078095,9223270318
12493,190085807777,199309079984,9223272207
12494,190085807777,199309083169,9223275392
12495,190085807777,199309085058,9223277281
12496,190085807777,199309088224,9223280447
12497,190085807777,199309090095,9223282318
12498,190085807777,199309093280,9223285503
12499,190085807777,199309095169,9223287392
12500,190085807777,199309098299,9223290522
12501,190085807777,199309100169,9223292392
12502,190085807777,199309103354,9223295577
12503,190085807777,199309105243,9223297466
12504,190085807777,199309108373,9223300596
12505,190085807777,199309110262,9223302485
12506,190085807777,199309120799,9223313022
12507,190085807777,199309122688,9223314911
12508,190085807777,199309132576,9223324799
12509,190085807777,199309135891,9223328114
12510,190085807777,199309137799,9223330022
12511,190085807777,199309140928,9223333151
12512,190085807777,199309142799,9223335022
12513,190085807777,199309145928,9223338151
12514,190085807777,199309147947,9223340170
12515,190085807777,199309151095,9223343318
12516,190085807777,199309152965,9223345188
12517,190085807777,199309156132,9223348355
12518,190085807777,199309158132,9223350355
12519,190085807777,199309161299,9223353522
12520,190085807777,199309163169,9223355392
12521,190085807777,199309166354,9223358577
12522,190085807777,199309168447,9223360670
12523,190085807777,199309171780,9223364003
12524,190085807777,199309173669,9223365892
12525,190085807777,199309176966,9223369189
12526,190085807777,199309185243,9223377466
12527,190085807777,199309189391,9223381614
12528,190085807777,199309191317,9223383540
12529,190085807777,199309193225,9223385448
12530,190085807777,199309196373,9223388596
12531,190085807777,199309198354,9223390577
12532,190085807777,199309201521,9223393744
12533,190085807777,199309204188,9223396411
12534,190085807777,199309207429,9223399652
12535,190085807777,199309209836,9223402059
12536,190085807777,199309213058,9223405281
12537,190085807777,199309215040,9223407263
12538,190085807777,199309218262,9223410485
12539,190085807777,199309220336,9223412559
12540,190085807777,199309223540,9223415763
12541,190085807777,199309225651,9223417874
12542,190085807777,199309228892,9223421115
12543,190085807777,199309230855,9223423078
12544,190085807777,199309234058,9223426281
12545,190085807777,199309236466,9223428689
12546,190085807777,199309239707,9223431930
12547,190085807777,199309254466,9223446689
12548,190085807777,199309256503,9223448726
12549,190085807777,199309259744,9223451967
12550,190085807777,199309262373,9223454596
12551,190085807777,199309265577,9223457800
12552,190085807777,199309268058,9223460281
12553,190085807777,199309271262,9223463485
12554,190085807777,199309273225,9223465448
12555,190085807777,199309276429,9223468652
12556,190085807777,199309278892,9223471115
12557,190085807777,199309282077,9223474300
12558,190085807777,199309284040,9223476263
12559,190085807777,199309287188,9223479411
12560,190085807777,199309289059,9223481282
12561,190085807777,199309290929,9223483152
12562,190085807777,199309292836,9223485059
12563,190085807777,199309294707,9223486930
12564,190085807777,199309296577,9223488800
12565,190085807777,199309306670,9223498893
12566,190085807777,199309309985,9223502208
12567,190085807777,199309311855,9223504078
12568,190085807777,199309314985,9223507208
12569,190085807777,199309316855,9223509078
12570,190085807777,199309319966,9223512189
12571,190085807777,199309321818,9223514041
12572,190085807777,199309324966,9223517189
12573,190085807777,199309326818,9223519041
12574,190085807777,199309329929,9223522152
12575,190085807777,199309331799,9223524022
12576,190085807777,199309335077,9223527300
12577,190085807777,199309336929,9223529152
12578,190085807777,199309340244,9223532467
12579,190085807777,199309342096,9223534319
12580,190085807777,199309345392,9223537615
12581,190085807777,199309347263,9223539486
12582,190085807777,199309350559,9223542782
12583,190085807777,199309358911,9223551134
12584,190085807777,199309363244,9223555467
12585,190085807777,199309365114,9223557337
12586,190085807777,199309375300,9223567523
12587,190085807777,199309377152,9223569375
12588,190085807777,199309379022,9223571245
12589,190085807777,199309380911,9223573134
12590,190085807777,199309382800,9223575023
12591,190085807777,199309384670,9223576893
12592,190085807777,199309386540,9223578763
12593,190085807777,199309388392,9223580615
12594,190085807777,199309390281,9223582504
12595,190085807777,199309392152,9223584375
12596,190085807777,199309394022,9223586245
12597,190085807777,199309395892,9223588115
12598,190085807777,199309397781,9223590004
12599,190085807777,199309399652,9223591875
12600,190085807777,199309401522,9223593745
12601,190085807777,199309403392,9223595615
12602,190085807777,199309405300,9223597523
12603,190085807777,199309407152,9223599375
12604,190085807777,199309409022,9223601245
12754,190085807777,199509614084,9423806307
12755,190085807777,199509617121,9423809344
12756,190085807777,199509618565,9423810788
12757,190085807777,199509619991,9423812214
12758,190085807777,199509621417,9423813640
12759,190085807777,199509622862,9423815085
12760,190085807777,199509624288,9423816511
12761,190085807777,199509625695,9423817918
12762,190085807777,199509627121,9423819344
12763,190085807777,199509628565,9423820788
12764,190085807777,199509637732,9423829955
12765,190085807777,199509640343,9423832566
12766,190085807777,199509641788,9423834011
12767,190085807777,199509644195,9423836418
12768,190085807777,199509645621,9423837844
12769,190085807777,199509648047,9423840270
12770,190085807777,199509649473,9423841696
12771,190085807777,199509651917,9423844140
12772,190085807777,199509653343,9423845566
12773,190085807777,199509655788,9423848011
12774,190085807777,199509657214,9423849437
12775,190085807777,199509659677,9423851900
12776,190085807777,199509661103,9423853326
12777,190085807777,199509663566,9423855789
12778,190085807777,199509664973,9423857196
12779,190085807777,199509667436,9423859659
12780,190085807777,199509668862,9423861085
12781,190085807777,199509671288,9423863511
12782,190085807777,199509672714,9423864937
12783,190085807777,199509675177,9423867400
12784,190085807777,199509676584,9423868807
12785,190085807777,199509679029,9423871252
12786,190085807777,199509680455,9423872678
12787,190085807777,199509682918,9423875141
12788,190085807777,199509690325,9423882548
12789,190085807777,199509693658,9423885881
12790,190085807777,199509695084,9423887307
12791,190085807777,199509704455,9423896678
12792,190085807777,199509707010,9423899233
12793,190085807777,199509708436,9423900659
12794,190085807777,199509710844,9423903067
12795,190085807777,199509712307,9423904530
12796,190085807777,199509714695,9423906918
12797,190085807777,199509716121,9423908344
12798,190085807777,199509718566,9423910789
12799,190085807777,199509720010,9423912233
12800,190085807777,199509722455,9423914678
12801,190085807777,199509723862,9423916085
12802,190085807777,199509726307,9423918530
12803,190085807777,199509727751,9423919974
12804,190085807777,199509730233,9423922456
12805,190085807777,199509731658,9423923881
12806,190085807777,199509734177,9423926400
12807,190085807777,199509735621,9423927844
12808,190085807777,199509738196,9423930419
12809,190085807777,199509739621,9423931844
12810,190085807777,199509742177,9423934400
12811,190085807777,199509743640,9423935863
12812,190085807777,199509746177,9423938400
12813,190085807777,199509747603,9423939826
12814,190085807777,199509750140,9423942363
12815,190085807777,199509759473,9423951696
12816,190085807777,199509760899,9423953122
12817,190085807777,199509762325,9423954548
12818,190085807777,199509763751,9423955974
12819,190085807777,199509765196,9423957419
12820,190085807777,199509766622,9423958845
12821,190085807777,199509768047,9423960270
12822,190085807777,199509769455,9423961678
12823,190085807777,199509770973,9423963196
12824,190085807777,199509772399,9423964622
12825,190085807777,199509773807,9423966030
12826,190085807777,199509775233,9423967456
12827,190085807777,199509776677,9423968900
12828,190085807777,199509778085,9423970308
12829,190085807777,199509779511,9423971734
12830,190085807777,199509780936,9423973159
12831,190085807777,199509782381,9423974604
12832,190085807777,199509783807,9423976030
12833,190085807777,199509785214,9423977437
12834,190085807777,199509786640,9423978863
12835,190085807777,199509788066,9423980289
12836,190085807777,199509789492,9423981715
12837,190085807777,199509790918,9423983141
12838,190085807777,199509792344,9423984567
12839,190085807777,199509793770,9423985993
12840,190085807777,199509795196,9423987419
12841,190085807777,199509796622,9423988845
12842,190085807777,199509798048,9423990271
12843,190085807777,199509799474,9423991697
12844,190085807777,199509800899,9423993122
12845,190085807777,199509802325,9423994548
12846,190085807777,199509803733,9423995956
12847,190085807777,199509805177,9423997400
12848,190085807777,199509806585,9423998808
12849,190085807777,199509808011,9424000234
12850,190085807777,199509809437,9424001660
12851,190085807777,199509810881,9424003104
12852,190085807777,199509812307,9424004530
12853,190085807777,199509813733,9424005956
12854,190085807777,199509815159,9424007382
12855,190085807777,199509816585,9424008808
12856,190085807777,199509818011,9424010234
12857,190085807777,199509819418,9424011641
12858,190085807777,199509820844,9424013067
12859,190085807777,199509822288,9424014511
12860,190085807777,199509823714,9424015937
12861,190085807777,199509825122,9424017345
12862,190085807777,199509826548,9424018771
12863,190085807777,199509827992,9424020215
12864,190085807777,199509829418,9424021641
12865,190085807777,199509830844,9424023067
12866,190085807777,199509832251,9424024474
12867,190085807777,199509833696,9424025919
12868,190085807777,199509835122,9424027345
12869,190085807777,199509836548,9424028771
12870,190085807777,199509837955,9424030178
12871,190085807777,199509839400,9424031623
12872,190085807777,199509840826,9424033049
12873,190085807777,199509842252,9424034475
12874,190085807777,199509843677,9424035900
12875,190085807777,199509845140,9424037363
12876,190085807777,199509846548,9424038771
12877,190085807777,199509847974,9424040197
12878,190085807777,199509849400,9424041623
12879,190085807777,199509850900,9424043123
12880,190085807777,199509852326,9424044549
12881,190085807777,199509853752,9424045975
13032,190085807777,199509855177,9424047400
13033,190085807777,199710060980,9624253203
13034,190085807777,199710064647,9624256870
13035,190085807777,199710066573,9624258796
13036,190085807777,199710076851,9624269074
13037,190085807777,199710078814,9624271037
13038,190085807777,199710087388,9624279611
13039,190085807777,199710089295,9624281518
13040,190085807777,199710091147,9624283370
13041,190085807777,199710093240,9624285463
13042,190085807777,199710095128,9624287351
13043,190085807777,199710098332,9624290555
13044,190085807777,199710100388,9624292611
13045,190085807777,199710103591,9624295814
13046,190085807777,199710105684,9624297907
13047,190085807777,199710108888,9624301111
13048,190085807777,199710110999,9624303222
13049,190085807777,199710114240,9624306463
13050,190085807777,199710116203,9624308426
13051,190085807777,199710119406,9624311629
13052,190085807777,199710121536,9624313759
13053,190085807777,199710124851,9624317074
13054,190085807777,199710127240,9624319463
13055,190085807777,199710130629,9624322852
13056,190085807777,199710133092,9624325315
13057,190085807777,199710136406,9624328629
13058,190085807777,199710138555,9624330778
13059,190085807777,199710141740,9624333963
13060,190085807777,199710143851,9624336074
13061,190085807777,199710147073,9624339296
13062,190085807777,199710149555,9624341778
13063,190085807777,199710152684,9624344907
13064,190085807777,199710155147,9624347370
13065,190085807777,199710158481,9624350704
13066,190085807777,199710160499,9624352722
13067,190085807777,199710163684,9624355907
13068,190085807777,199710165814,9624358037
13069,190085807777,199710169036,9624361259
13070,190085807777,199710171147,9624363370
13071,190085807777,199710174444,9624366667
13072,190085807777,199710176425,9624368648
13073,190085807777,199710179795,9624372018
13074,190085807777,199710181925,9624374148
13075,190085807777,199710185277,9624377500
13076,190085807777,199710187258,9624379481
13077,190085807777,199710190592,9624382815
13078,190085807777,199710192444,9624384667
13079,190085807777,199710194314,9624386537
13080,190085807777,199710196203,9624388426
13081,190085807777,199710198073,9624390296
13082,190085807777,199710199944,9624392167
13083,190085807777,199710211592,9624403815
13084,190085807777,199710213462,9624405685
13085,190085807777,199710216555,9624408778
13086,190085807777,199710218444,9624410667
13087,190085807777,199710221573,9624413796
13088,190085807777,199710223444,9624415667
13089,190085807777,199710226629,9624418852
13090,190085807777,199710228518,9624420741
13091,190085807777,199710231685,9624423908
13092,190085807777,199710233555,9624425778
13093,190085807777,199710236703,9624428926
13094,190085807777,199710238592,9624430815
13095,190085807777,199710241722,9624433945
13096,190085807777,199710243592,9624435815
13097,190085807777,199710246777,9624439000
13098,190085807777,199710248648,9624440871
13099,190085807777,199710251740,9624443963
13100,190085807777,199710253592,9624445815
13101,190085807777,199710264425,9624456648
13102,190085807777,199710266370,9624458593
13103,190085807777,199710276240,9624468463
13104,190085807777,199710278185,9624470408
13105,190085807777,199710280166,9624472389
13106,190085807777,199710282055,9624474278
13107,190085807777,199710283907,9624476130
13108,190085807777,199710285759,9624477982
13109,190085807777,199710287759,9624479982
13110,190085807777,199710289611,9624481834
13111,190085807777,199710291481,9624483704
13112,190085807777,199710293333,9624485556
13113,190085807777,199710295222,9624487445
13114,190085807777,199710297074,9624489297
13115,190085807777,199710298944,9624491167
13116,190085807777,199710300796,9624493019
13117,190085807777,199710302685,9624494908
13118,190085807777,199710304537,9624496760
13119,190085807777,199710306407,9624498630
13120,190085807777,199710308259,9624500482
13121,190085807777,199710310148,9624502371
13122,190085807777,199710312018,9624504241
13123,190085807777,199710313889,9624506112
13124,190085807777,199710315740,9624507963
13125,190085807777,199710317740,9624509963
13126,190085807777,199710319592,9624511815
13127,190085807777,199710321444,9624513667
13128,190085807777,199710329852,9624522075
13129,190085807777,199710331852,9624524075
13130,190085807777,199710333722,9624525945
13131,190085807777,199710335648,9624527871
13132,190085807777,199710337685,9624529908
13133,190085807777,199710340241,9624532464
13134,190085807777,199710343370,9624535593
13135,190085807777,199710345222,9624537445
13136,190085807777,199710348426,9624540649
13137,190085807777,199710350889,9624543112
13138,190085807777,199710354074,9624546297
13139,190085807777,199710356204,9624548427
13140,190085807777,199710359407,9624551630
13141,190085807777,199710361370,9624553593
13142,190085807777,199710364574,9624556797
13143,190085807777,199710366981,9624559204
13144,190085807777,199710370167,9624562390
13145,190085807777,199710372278,9624564501
13146,190085807777,199710375463,9624567686
13147,190085807777,199710377426,9624569649
13148,190085807777,199710380630,9624572853
13149,190085807777,199710382630,9624574853
13150,190085807777,199710385815,9624578038
13151,190085807777,199710387796,9624580019
13152,190085807777,199710390981,9624583204
13153,190085807777,199710393093,9624585316
13154,190085807777,199710396296,9624588519
13155,190085807777,199710398259,9624590482
13156,190085807777,199710401519,9624593742
13157,190085807777,199710403482,9624595705
13158,190085807777,199710406833,9624599056
13159,190085807777,199710409222,9624601445
13160,190085807777,199710412611,9624604834
13310,190085807777,199910626710,9824818933
13311,190085807777,199910630655,9824822878
13312,190085807777,199910632618,9824824841
13313,190085807777,199910635821,9824828044
13314,190085807777,199910637766,9824829989
13315,190085807777,199910640951,9824833174
13316,190085807777,199910642821,9824835044
13317,190085807777,199910645932,9824838155
13318,190085807777,199910647840,9824840063
13319,190085807777,199910651025,9824843248
13320,190085807777,199910652895,9824845118
13321,190085807777,199910656081,9824848304
13322,190085807777,199910658007,9824850230
13323,190085807777,199910661192,9824853415
13324,190085807777,199910663081,9824855304
13325,190085807777,199910666266,9824858489
13326,190085807777,199910668155,9824860378
13327,190085807777,199910671321,9824863544
13328,190085807777,199910679618,9824871841
13329,190085807777,199910684118,9824876341
13330,190085807777,199910686099,9824878322
13331,190085807777,199910688562,9824880785
13332,190085807777,199910691599,9824883822
13333,190085807777,199910693488,9824885711
13334,190085807777,199910696710,9824888933
13335,190085807777,199910698840,9824891063
13336,190085807777,199910702210,9824894433
13337,190085807777,199910704673,9824896896
13338,190085807777,199910708118,9824900341
13339,190085807777,199910710192,9824902415
13340,190085807777,199910713562,9824905785
13341,190085807777,199910715729,9824907952
13342,190085807777,199910719118,9824911341
13343,190085807777,199910721099,9824913322
13344,190085807777,199910724470,9824916693
13345,190085807777,199910726581,9824918804
13346,190085807777,199910730007,9824922230
13347,190085807777,199910732396,9824924619
13348,190085807777,199910735803,9824928026
13349,190085807777,199910737803,9824930026
13350,190085807777,199910741174,9824933397
13351,190085807777,199910743155,9824935378
13352,190085807777,199910746525,9824938748
13353,190085807777,199910748951,9824941174
13354,190085807777,199910752340,9824944563
13355,190085807777,199910754322,9824946545
13356,190085807777,199910757692,9824949915
13357,190085807777,199910760063,9824952286
13358,190085807777,199910763470,9824955693
13359,190085807777,199910765970,9824958193
13360,190085807777,199910769322,9824961545
13361,190085807777,199910771470,9824963693
13362,190085807777,199910774840,9824967063
13363,190085807777,199910776822,9824969045
13364,190085807777,199910780174,9824972397
13365,190085807777,199910782155,9824974378
13366,190085807777,199910806600,9824998823
13367,190085807777,199910808841,9825001064
13368,190085807777,199910811933,9825004156
13369,190085807777,199910813822,9825006045
13370,190085807777,199910816989,9825009212
13371,190085807777,199910818878,9825011101
13372,190085807777,199910822044,9825014267
13373,190085807777,199910823915,9825016138
13374,190085807777,199910827063,9825019286
13375,190085807777,199910828952,9825021175
13376,190085807777,199910844489,9825036712
13377,190085807777,199910852952,9825045175
13378,190085807777,199910857100,9825049323
13379,190085807777,199910859026,9825051249
13380,190085807777,199910870544,9825062767
13381,190085807777,199910872433,9825064656
13382,190085807777,199910875600,9825067823
13383,190085807777,199910877489,9825069712
13384,190085807777,199910880656,9825072879
13385,190085807777,199910882545,9825074768
13386,190085807777,199910885748,9825077971
13387,190085807777,199910887619,9825079842
13388,190085807777,199910890785,9825083008
13389,190085807777,199910892656,9825084879
13390,190085807777,199910895859,9825088082
13391,190085807777,199910897748,9825089971
13392,190085807777,199910901082,9825093305
13393,190085807777,199910902971,9825095194
13394,190085807777,199910906359,9825098582
13395,190085807777,199910908230,9825100453
13396,190085807777,199910911563,9825103786
13397,190085807777,199910919897,9825112120
13398,190085807777,199910924063,9825116286
13399,190085807777,199910925952,9825118175
13400,190085807777,199910927822,9825120045
13401,190085807777,199910929711,9825121934
13402,190085807777,199910931600,9825123823
13403,190085807777,199910933508,9825125731
13404,190085807777,199910935378,9825127601
13405,190085807777,199910937267,9825129490
13406,190085807777,199910939156,9825131379
13407,190085807777,199910941026,9825133249
13408,190085807777,199910942915,9825135138
13409,190085807777,199910944804,9825137027
13410,190085807777,199910946823,9825139046
13411,190085807777,199910948693,9825140916
13412,190085807777,199910950563,9825142786
13413,190085807777,199910952452,9825144675
13414,190085807777,199910954471,9825146694
13415,190085807777,199910956341,9825148564
13416,190085807777,199910958212,9825150435
13417,190085807777,199910960082,9825152305
13418,190085807777,199910962082,9825154305
13419,190085807777,199910963989,9825156212
13420,190085807777,199910965860,9825158083
13421,190085807777,199910967749,9825159972
13422,190085807777,199910969656,9825161879
13423,190085807777,199910971545,9825163768
13424,190085807777,199910973415,9825165638
13425,190085807777,199910975304,9825167527
13426,190085807777,199910977212,9825169435
13427,190085807777,199910979100,9825171323
13428,190085807777,199910980971,9825173194
13429,190085807777,199910982841,9825175064
13430,190085807777,199910984749,9825176972
13431,190085807777,199910986638,9825178861
13432,190085807777,199910988526,9825180749
13433,190085807777,199910990415,9825182638
13434,190085807777,199910992286,9825184509
13435,190085807777,199910994175,9825186398
13436,190085807777,199910996045,9825188268
13437,190085807777,199910997934,9825190157
13587,190085807777,200111203737,10025395960
13588,190085807777,200111207718,10025399941
13589,190085807777,200111209755,10025401978
13590,190085807777,200111211681,10025403904
13591,190085807777,200111213607,10025405830
13592,190085807777,200111215514,10025407737
13593,190085807777,200111217403,10025409626
13594,190085807777,200111219274,10025411497
13595,190085807777,200111221292,10025413515
13596,190085807777,200111223163,10025415386
13597,190085807777,200111225033,10025417256
13598,190085807777,200111226922,10025419145
13599,190085807777,200111228829,10025421052
13600,190085807777,200111230700,10025422923
13601,190085807777,200111238922,10025431145
13602,190085807777,200111240848,10025433071
13603,190085807777,200111242885,10025435108
13604,190085807777,200111244755,10025436978
13605,190085807777,200111254737,10025446960
13606,190085807777,200111257977,10025450200
13607,190085807777,200111259903,10025452126
13608,190085807777,200111262996,10025455219
13609,190085807777,200111264885,10025457108
13610,190085807777,200111268033,10025460256
13611,190085807777,200111269940,10025462163
13612,190085807777,200111273089,10025465312
13613,190085807777,200111274978,10025467201
13614,190085807777,200111278144,10025470367
13615,190085807777,200111280070,10025472293
13616,190085807777,200111283237,10025475460
13617,190085807777,200111285107,10025477330
13618,190085807777,200111288292,10025480515
13619,190085807777,200111290181,10025482404
13620,190085807777,200111293404,10025485627
13621,190085807777,200111295292,10025487515
13622,190085807777,200111298626,10025490849
13623,190085807777,200111306959,10025499182
13624,190085807777,200111311330,10025503553
13625,190085807777,200111313274,10025505497
13626,190085807777,200111315755,10025507978
13627,190085807777,200111318867,10025511090
13628,190085807777,200111320959,10025513182
13629,190085807777,200111324181,10025516404
13630,190085807777,200111326163,10025518386
13631,190085807777,200111329367,10025521590
13632,190085807777,200111331756,10025523979
13633,190085807777,200111335015,10025527238
13634,190085807777,200111337367,10025529590
13635,190085807777,200111340644,10025532867
13636,190085807777,200111342607,10025534830
13637,190085807777,200111345811,10025538034
13638,190085807777,200111348200,10025540423
13639,190085807777,200111351404,10025543627
13640,190085807777,200111353385,10025545608
13641,190085807777,200111356589,10025548812
13642,190085807777,200111358978,10025551201
13643,190085807777,200111362200,10025554423
13644,190085807777,200111364163,10025556386
13645,190085807777,200111367367,10025559590
13646,190085807777,200111369719,10025561942
13647,190085807777,200111372941,10025565164
13648,190085807777,200111374922,10025567145
13649,190085807777,200111378126,10025570349
13650,190085807777,200111380515,10025572738
13651,190085807777,200111383737,10025575960
13652,190085807777,200111385719,10025577942
13653,190085807777,200111388922,10025581145
13654,190085807777,200111391404,10025583627
13655,190085807777,200111394608,10025586831
13656,190085807777,200111396571,10025588794
13657,190085807777,200111399774,10025591997
13658,190085807777,200111402182,10025594405
13659,190085807777,200111405423,10025597646
13660,190085807777,200111407404,10025599627
13661,190085807777,200111410552,10025602775
13662,190085807777,200111412423,10025604646
13663,190085807777,200111414386,10025606609
13664,190085807777,200111416274,10025608497
13665,190085807777,200111418163,10025610386
13666,190085807777,200111420052,10025612275
13667,190085807777,200111431571,10025623794
13668,190085807777,200111433478,10025625701
13669,190085807777,200111436719,10025628942
13670,190085807777,200111438608,10025630831
13671,190085807777,200111441793,10025634016
13672,190085807777,200111443663,10025635886
13673,190085807777,200111446830,10025639053
13674,190085807777,200111448700,10025640923
13675,190085807777,200111451886,10025644109
13676,190085807777,200111453775,10025645998
13677,190085807777,200111456941,10025649164
13678,190085807777,200111458849,10025651072
13679,190085807777,200111462145,10025654368
13680,190085807777,200111464015,10025656238
13681,190085807777,200111467349,10025659572
13682,190085807777,200111469238,10025661461
13683,190085807777,200111472571,10025664794
13684,190085807777,200111474441,10025666664
13685,190085807777,200111485275,10025677498
13686,190085807777,200111487164,10025679387
13687,190085807777,200111497201,10025689424
13688,190085807777,200111499090,10025691313
13689,190085807777,200111500960,10025693183
13690,190085807777,200111502830,10025695053
13691,190085807777,200111504793,10025697016
13692,190085807777,200111506682,10025698905
13693,190085807777,200111508553,10025700776
13694,190085807777,200111510423,10025702646
13695,190085807777,200111512404,10025704627
13696,190085807777,200111514275,10025706498
13697,190085807777,200111516164,10025708387
13698,190085807777,200111518016,10025710239
13699,190085807777,200111519997,10025712220
13700,190085807777,200111521867,10025714090
13701,190085807777,200111523738,10025715961
13702,190085807777,200111525608,10025717831
13703,190085807777,200111527627,10025719850
13704,190085807777,200111529497,10025721720
13705,190085807777,200111531367,10025723590
13706,190085807777,200111533238,10025725461
13707,190085807777,200111535145,10025727368
13708,190085807777,200111537034,10025729257
13709,190085807777,200111538905,10025731128
13710,190085807777,200111540793,10025733016
13711,190085807777,200111549201,10025741424
13712,190085807777,200111551108,10025743331
13713,190085807777,200111562257,10025754480
13714,190085807777,200111564294,10025756517
13864,190085807777,200111567534,10025759757
13865,190085807777,200311776348,10225968571
13866,190085807777,200311780218,10225972441
13867,190085807777,200311782311,10225974534
13868,190085807777,200311785515,10225977738
13869,190085807777,200311787533,10225979756
13870,190085807777,200311790755,10225982978
13871,190085807777,200311792867,10225985090
13872,190085807777,200311796089,10225988312
13873,190085807777,200311798052,10225990275
13874,190085807777,200311801255,10225993478
13875,190085807777,200311806181,10225998404
13876,190085807777,200311808663,10226000886
13877,190085807777,200311812033,10226004256
13878,190085807777,200311814644,10226006867
13879,190085807777,200311817848,10226010071
13880,190085807777,200311819830,10226012053
13881,190085807777,200311823033,10226015256
13882,190085807777,200311824996,10226017219
13883,190085807777,200311828200,10226020423
13884,190085807777,200311830144,10226022367
13885,190085807777,200311833348,10226025571
13886,190085807777,200311835830,10226028053
13887,190085807777,200311839015,10226031238
13888,190085807777,200311841126,10226033349
13889,190085807777,200311844348,10226036571
13890,190085807777,200311846978,10226039201
13891,190085807777,200311850182,10226042405
13892,190085807777,200311852533,10226044756
13893,190085807777,200311855756,10226047979
13894,190085807777,200311857719,10226049942
13895,190085807777,200311860904,10226053127
13896,190085807777,200311862885,10226055108
13897,190085807777,200311866071,10226058294
13898,190085807777,200311868515,10226060738
13899,190085807777,200311871719,10226063942
13900,190085807777,200311874348,10226066571
13901,190085807777,200311878663,10226070886
13902,190085807777,200311880552,10226072775
13903,190085807777,200311882422,10226074645
13904,190085807777,200311884385,10226076608
13905,190085807777,200311894385,10226086608
13906,190085807777,200311897682,10226089905
13907,190085807777,200311899589,10226091812
13908,190085807777,200311902737,10226094960
13909,190085807777,200311904626,10226096849
13910,190085807777,200311907719,10226099942
13911,190085807777,200311909608,10226101831
13912,190085807777,200311912737,10226104960
13913,190085807777,200311914626,10226106849
13914,190085807777,200311917774,10226109997
13915,190085807777,200311919645,10226111868
13916,190085807777,200311922756,10226114979
13917,190085807777,200311924645,10226116868
13918,190085807777,200311927941,10226120164
13919,190085807777,200311929812,10226122035
13920,190085807777,200311933126,10226125349
13921,190085807777,200311935015,10226127238
13922,190085807777,200311938330,10226130553
13923,190085807777,200311946701,10226138924
13924,190085807777,200311950849,10226143072
13925,190085807777,200311960960,10226153183
13926,190085807777,200311962941,10226155164
13927,190085807777,200311964886,10226157109
13928,190085807777,200311966886,10226159109
13929,190085807777,200311968756,10226160979
13930,190085807777,200311970627,10226162850
13931,190085807777,200311972497,10226164720
13932,190085807777,200311974497,10226166720
13933,190085807777,200311976367,10226168590
13934,190085807777,200311978219,10226170442
13935,190085807777,200311980108,10226172331
13936,190085807777,200311982108,10226174331
13937,190085807777,200311983960,10226176183
13938,190085807777,200311985830,10226178053
13939,190085807777,200311987701,10226179924
13940,190085807777,200311989682,10226181905
13941,190085807777,200311991553,10226183776
13942,190085807777,200311993423,10226185646
13943,190085807777,200311995275,10226187498
13944,190085807777,200311997275,10226189498
13945,190085807777,200311999127,10226191350
13946,190085807777,200312006312,10226198535
13947,190085807777,200312015571,10226207794
13948,190085807777,200312018756,10226210979
13949,190085807777,200312020608,10226212831
13950,190085807777,200312023238,10226215461
13951,190085807777,200312026442,10226218665
13952,190085807777,200312028460,10226220683
13953,190085807777,200312031682,10226223905
13954,190085807777,200312033682,10226225905
13955,190085807777,200312036905,10226229128
13956,190085807777,200312038905,10226231128
13957,190085807777,200312042127,10226234350
13958,190085807777,200312044127,10226236350
13959,190085807777,200312047349,10226239572
13960,190085807777,200312049349,10226241572
13961,190085807777,200312052553,10226244776
13962,190085807777,200312054553,10226246776
13963,190085807777,200312057775,10226249998
13964,190085807777,200312059812,10226252035
13965,190085807777,200312063034,10226255257
13966,190085807777,200312065053,10226257276
13967,190085807777,200312068257,10226260480
13968,190085807777,200312070257,10226262480
13969,190085807777,200312073497,10226265720
13970,190085807777,200312075497,10226267720
13971,190085807777,200312078720,10226270943
13972,190085807777,200312080757,10226272980
13973,190085807777,200312083960,10226276183
13974,190085807777,200312085960,10226278183
13975,190085807777,200312089183,10226281406
13976,190085807777,200312091183,10226283406
13977,190085807777,200312094442,10226286665
13978,190085807777,200312096442,10226288665
13979,190085807777,200312099683,10226291906
13980,190085807777,200312101683,10226293906
13981,190085807777,200312104905,10226297128
13982,190085807777,200312106905,10226299128
13983,190085807777,200312110146,10226302369
13984,190085807777,200312112146,10226304369
13985,190085807777,200312115368,10226307591
13986,190085807777,200312117368,10226309591
13987,190085807777,200312120590,10226312813
13988,190085807777,200312122609,10226314832
13989,190085807777,200312125831,10226318054
13990,190085807777,200312137423,10226329646
13991,190085807777,200312139479,10226331702
13992,190085807777,200312142701,10226334924
14142,190085807777,200512349505,10426541728
14143,190085807777,200512361375,10426553598
14144,190085807777,200512363301,10426555524
14145,190085807777,200512366486,10426558709
14146,190085807777,200512368523,10426560746
14147,190085807777,200512371653,10426563876
14148,190085807777,200512373542,10426565765
14149,190085807777,200512375597,10426567820
14150,190085807777,200512378727,10426570950
14151,190085807777,200512380597,10426572820
14152,190085807777,200512383708,10426575931
14153,190085807777,200512385708,10426577931
14154,190085807777,200512388338,10426580561
14155,190085807777,200512391449,10426583672
14156,190085807777,200512393338,10426585561
14157,190085807777,200512396505,10426588728
14158,190085807777,200512398394,10426590617
14159,190085807777,200512401486,10426593709
14160,190085807777,200512403394,10426595617
14161,190085807777,200512412264,10426604487
14162,190085807777,200512415542,10426607765
14163,190085807777,200512417412,10426609635
14164,190085807777,200512420523,10426612746
14165,190085807777,200512422431,10426614654
14166,190085807777,200512425597,10426617820
14167,190085807777,200512427468,10426619691
14168,190085807777,200512430042,10426622265
14169,190085807777,200512433209,10426625432
14170,190085807777,200512435079,10426627302
14171,190085807777,200512438190,10426630413
14172,190085807777,200512440097,10426632320
14173,190085807777,200512443227,10426635450
14174,190085807777,200512445116,10426637339
14175,190085807777,200512447690,10426639913
14176,190085807777,200512450801,10426643024
14177,190085807777,200512452709,10426644932
14178,190085807777,200512455820,10426648043
14179,190085807777,200512457709,10426649932
14180,190085807777,200512460820,10426653043
14181,190085807777,200512462727,10426654950
14182,190085807777,200512465301,10426657524
14183,190085807777,200512468412,10426660635
14184,190085807777,200512470283,10426662506
14185,190085807777,200512473412,10426665635
14186,190085807777,200512475301,10426667524
14187,190085807777,200512478394,10426670617
14188,190085807777,200512480283,10426672506
14189,190085807777,200512482801,10426675024
14190,190085807777,200512485912,10426678135
14191,190085807777,200512487783,10426680006
14192,190085807777,200512490912,10426683135
14193,190085807777,200512492820,10426685043
14194,190085807777,200512495931,10426688154
14195,190085807777,200512497801,10426690024
14196,190085807777,200512500375,10426692598
14197,190085807777,200512516839,10426709062
14198,190085807777,200512518876,10426711099
14199,190085807777,200512521968,10426714191
14200,190085807777,200512523987,10426716210
14201,190085807777,200512535246,10426727469
14202,190085807777,200512538561,10426730784
14203,190085807777,200512540450,10426732673
14204,190085807777,200512543542,10426735765
14205,190085807777,200512545468,10426737691
14206,190085807777,200512548579,10426740802
14207,190085807777,200512550450,10426742673
14208,190085807777,200512552468,10426744691
14209,190085807777,200512556709,10426748932
14210,190085807777,200512559320,10426751543
14211,190085807777,200512562413,10426754636
14212,190085807777,200512564302,10426756525
14213,190085807777,200512567413,10426759636
14214,190085807777,200512569302,10426761525
14215,190085807777,200512572450,10426764673
14216,190085807777,200512574320,10426766543
14217,190085807777,200512577635,10426769858
14218,190085807777,200512585876,10426778099
14219,190085807777,200512589154,10426781377
14220,190085807777,200512591043,10426783266
14221,190085807777,200512602246,10426794469
14222,190085807777,200512605524,10426797747
14223,190085807777,200512607394,10426799617
14224,190085807777,200512610487,10426802710
14225,190085807777,200512612413,10426804636
14226,190085807777,200512615487,10426807710
14227,190085807777,200512617357,10426809580
14228,190085807777,200512619913,10426812136
14229,190085807777,200512623061,10426815284
14230,190085807777,200512624932,10426817155
14231,190085807777,200512628043,10426820266
14232,190085807777,200512629913,10426822136
14233,190085807777,200512633098,10426825321
14234,190085807777,200512634987,10426827210
14235,190085807777,200512638228,10426830451
14236,190085807777,200512640117,10426832340
14237,190085807777,200512642635,10426834858
14238,190085807777,200512645858,10426838081
14239,190085807777,200512654061,10426846284
14240,190085807777,200512657487,10426849710
14241,190085807777,200512659395,10426851618
14242,190085807777,200512662617,10426854840
14243,190085807777,200512664487,10426856710
14244,190085807777,200512667709,10426859932
14245,190085807777,200512669654,10426861877
14246,190085807777,200512672858,10426865081
14247,190085807777,200512674728,10426866951
14248,190085807777,200512679802,10426872025
14249,190085807777,200512681728,10426873951
14250,190085807777,200512684376,10426876599
14251,190085807777,200512687617,10426879840
14252,190085807777,200512689506,10426881729
14253,190085807777,200512692747,10426884970
14254,190085807777,200512694617,10426886840
14255,190085807777,200512697839,10426890062
14256,190085807777,200512699710,10426891933
14257,190085807777,200512702302,10426894525
14258,190085807777,200512705561,10426897784
14259,190085807777,200512707432,10426899655
14260,190085807777,200512710654,10426902877
14261,190085807777,200512712562,10426904785
14262,190085807777,200512715784,10426908007
14263,190085807777,200512717636,10426909859
14264,190085807777,200512720876,10426913099
14265,190085807777,200512722765,10426914988
14266,190085807777,200512725284,10426917507
14267,190085807777,200512728488,10426920711
14268,190085807777,200512730358,10426922581
14269,190085807777,200512733617,10426925840
14419,190085807777,200712939772,10627131995
14420,190085807777,200712943643,10627135866
14421,190085807777,200712945550,10627137773
14422,190085807777,200712948698,10627140921
14423,190085807777,200712950569,10627142792
14424,190085807777,200712953717,10627145940
14425,190085807777,200712955587,10627147810
14426,190085807777,200712957624,10627149847
14427,190085807777,200712960717,10627152940
14428,190085807777,200712962587,10627154810
14429,190085807777,200712965698,10627157921
14430,190085807777,200712967606,10627159829
14431,190085807777,200712970698,10627162921
14432,190085807777,200712972569,10627164792
14433,190085807777,200712975069,10627167292
14434,190085807777,200712978180,10627170403
14435,190085807777,200712980050,10627172273
14436,190085807777,200712983143,10627175366
14437,190085807777,200712985032,10627177255
14438,190085807777,200712988235,10627180458
14439,190085807777,200712990106,10627182329
14440,190085807777,200712993384,10627185607
14441,190085807777,200712995272,10627187495
14442,190085807777,200712997365,10627189588
14443,190085807777,200713000643,10627192866
14444,190085807777,200713002532,10627194755
14445,190085807777,200713005772,10627197995
14446,190085807777,200713007680,10627199903
14447,190085807777,200713010902,10627203125
14448,190085807777,200713012773,10627204996
14449,190085807777,200713016032,10627208255
14450,190085807777,200713017939,10627210162
14451,190085807777,200713020624,10627212847
14452,190085807777,200713023884,10627216107
14453,190085807777,200713025754,10627217977
14454,190085807777,200713028976,10627221199
14455,190085807777,200713030847,10627223070
14456,190085807777,200713034069,10627226292
14457,190085807777,200713035939,10627228162
14458,190085807777,200713039180,10627231403
14459,190085807777,200713041069,10627233292
14460,190085807777,200713051199,10627243422
14461,190085807777,200713054588,10627246811
14462,190085807777,200713056532,10627248755
14463,190085807777,200713059643,10627251866
14464,190085807777,200713061513,10627253736
14465,190085807777,200713064569,10627256792
14466,190085807777,200713066476,10627258699
14467,190085807777,200713069051,10627261274
14468,190085807777,200713072125,10627264348
14469,190085807777,200713073995,10627266218
14470,190085807777,200713077069,10627269292
14471,190085807777,200713078939,10627271162
14472,190085807777,200713082014,10627274237
14473,190085807777,200713083884,10627276107
14474,190085807777,200713085958,10627278181
14475,190085807777,200713089032,10627281255
14476,190085807777,200713090902,10627283125
14477,190085807777,200713093995,10627286218
14478,190085807777,200713095902,10627288125
14479,190085807777,200713105662,10627297885
14480,190085807777,200713107588,10627299811
14481,190085807777,200713118699,10627310922
14482,190085807777,200713121940,10627314163
14483,190085807777,200713123829,10627316052
14484,190085807777,200713126884,10627319107
14485,190085807777,200713128773,10627320996
14486,190085807777,200713131884,10627324107
14487,190085807777,200713133754,10627325977
14488,190085807777,200713136236,10627328459
14489,190085807777,200713139310,10627331533
14490,190085807777,200713141180,10627333403
14491,190085807777,200713144236,10627336459
14492,190085807777,200713146106,10627338329
14493,190085807777,200713149180,10627341403
14494,190085807777,200713151069,10627343292
14495,190085807777,200713153773,10627345996
14496,190085807777,200713156884,10627349107
14497,190085807777,200713158755,10627350978
14498,190085807777,200713161847,10627354070
14499,190085807777,200713163699,10627355922
14500,190085807777,200713173403,10627365626
14501,190085807777,200713175292,10627367515
14502,190085807777,200713178347,10627370570
14503,190085807777,200713180236,10627372459
14504,190085807777,200713183310,10627375533
14505,190085807777,200713185181,10627377404
14506,190085807777,200713187755,10627379978
14507,190085807777,200713190810,10627383033
14508,190085807777,200713192681,10627384904
14509,190085807777,200713195792,10627388015
14510,190085807777,200713197662,10627389885
14511,190085807777,200713200755,10627392978
14512,190085807777,200713202625,10627394848
14513,190085807777,200713204699,10627396922
14514,190085807777,200713207847,10627400070
14515,190085807777,200713209718,10627401941
14516,190085807777,200713212810,10627405033
14517,190085807777,200713214681,10627406904
14518,190085807777,200713217699,10627409922
14519,190085807777,200713219570,10627411793
14520,190085807777,200713221570,10627413793
14521,190085807777,200713224644,10627416867
14522,190085807777,200713226551,10627418774
14523,190085807777,200713229644,10627421867
14524,190085807777,200713231514,10627423737
14525,190085807777,200713234607,10627426830
14526,190085807777,200713236496,10627428719
14527,190085807777,200713238977,10627431200
14528,190085807777,200713242088,10627434311
14529,190085807777,200713243959,10627436182
14530,190085807777,200713247070,10627439293
14531,190085807777,200713248959,10627441182
14532,190085807777,200713262718,10627454941
14533,190085807777,200713265311,10627457534
14534,190085807777,200713268366,10627460589
14535,190085807777,200713270237,10627462460
14536,190085807777,200713273329,10627465552
14537,190085807777,200713275200,10627467423
14538,190085807777,200713278440,10627470663
14539,190085807777,200713280311,10627472534
14540,190085807777,200713292737,10627484960
14541,190085807777,200713295996,10627488219
14542,190085807777,200713297885,10627490108
14543,190085807777,200713301014,10627493237
14544,190085807777,200713302885,10627495108
14545,190085807777,200713305959,10627498182
14546,190085807777,200713307866,10627500089
14696,190085807777,200913514466,10827706689
14697,190085807777,200913518355,10827710578
14698,190085807777,200913520318,10827712541
14699,190085807777,200913523466,10827715689
14700,190085807777,200913525355,10827717578
14701,190085807777,200913528466,10827720689
14702,190085807777,200913530355,10827722578
14703,190085807777,200913533484,10827725707
14704,190085807777,200913535355,10827727578
14705,190085807777,200913538503,10827730726
14706,190085807777,200913540392,10827732615
14707,190085807777,200913543559,10827735782
14708,190085807777,200913545447,10827737670
14709,190085807777,200913555262,10827747485
14710,190085807777,200913557170,10827749393
14711,190085807777,200913560318,10827752541
14712,190085807777,200913562188,10827754411
14713,190085807777,200913565262,10827757485
14714,190085807777,200913567133,10827759356
14715,190085807777,200913570225,10827762448
14716,190085807777,200913572114,10827764337
14717,190085807777,200913575225,10827767448
14718,190085807777,200913577133,10827769356
14719,190085807777,200913580207,10827772430
14720,190085807777,200913582114,10827774337
14721,190085807777,200913585207,10827777430
14722,190085807777,200913587096,10827779319
14723,190085807777,200913590281,10827782504
14724,190085807777,200913592151,10827784374
14725,190085807777,200913595262,10827787485
14726,190085807777,200913597133,10827789356
14727,190085807777,200913600355,10827792578
14728,190085807777,200913602225,10827794448
14729,190085807777,200913605318,10827797541
14730,190085807777,200913607225,10827799448
14731,190085807777,200913610429,10827802652
14732,190085807777,200913612318,10827804541
14733,190085807777,200913615448,10827807671
14734,190085807777,200913617355,10827809578
14735,190085807777,200913620485,10827812708
14736,190085807777,200913622374,10827814597
14737,190085807777,200913625503,10827817726
14738,190085807777,200913627392,10827819615
14739,190085807777,200913630485,10827822708
14740,190085807777,200913632355,10827824578
14741,190085807777,200913635485,10827827708
14742,190085807777,200913637392,10827829615
14743,190085807777,200913640540,10827832763
14744,190085807777,200913642429,10827834652
14745,190085807777,200913645540,10827837763
14746,190085807777,200913647429,10827839652
14747,190085807777,200913650559,10827842782
14748,190085807777,200913652448,10827844671
14749,190085807777,200913655577,10827847800
14750,190085807777,200913657466,10827849689
14751,190085807777,200913660633,10827852856
14752,190085807777,200913662503,10827854726
14753,190085807777,200913673855,10827866078
14754,190085807777,200913677337,10827869560
14755,190085807777,200913679263,10827871486
14756,190085807777,200913682392,10827874615
14757,190085807777,200913684263,10827876486
14758,190085807777,200913687355,10827879578
14759,190085807777,200913689281,10827881504
14760,190085807777,200913692392,10827884615
14761,190085807777,200913694244,10827886467
14762,190085807777,200913697504,10827889727
14763,190085807777,200913699448,10827891671
14764,190085807777,200913702744,10827894967
14765,190085807777,200913704615,10827896838
14766,190085807777,200913707893,10827900116
14767,190085807777,200913709781,10827902004
14768,190085807777,200913713059,10827905282
14769,190085807777,200913714948,10827907171
14770,190085807777,200913718244,10827910467
14771,190085807777,200913726504,10827918727
14772,190085807777,200913729948,10827922171
14773,190085807777,200913731837,10827924060
14774,190085807777,200913743245,10827935468
14775,190085807777,200913745245,10827937468
14776,190085807777,200913748356,10827940579
14777,190085807777,200913750226,10827942449
14778,190085807777,200913753356,10827945579
14779,190085807777,200913755245,10827947468
14780,190085807777,200913758374,10827950597
14781,190085807777,200913760263,10827952486
14782,190085807777,200913763300,10827955523
14783,190085807777,200913765208,10827957431
14784,190085807777,200913768337,10827960560
14785,190085807777,200913770226,10827962449
14786,190085807777,200913773356,10827965579
14787,190085807777,200913775300,10827967523
14788,190085807777,200913778393,10827970616
14789,190085807777,200913780282,10827972505
14790,190085807777,200913783559,10827975782
14791,190085807777,200913785485,10827977708
14792,190085807777,200913795208,10827987431
14793,190085807777,200913797115,10827989338
14794,190085807777,200913800208,10827992431
14795,190085807777,200913802134,10827994357
14796,190085807777,200913805226,10827997449
14797,190085807777,200913807097,10827999320
14798,190085807777,200913810189,10828002412
14799,190085807777,200913812115,10828004338
14800,190085807777,200913815189,10828007412
14801,190085807777,200913817060,10828009283
14802,190085807777,200913820189,10828012412
14803,190085807777,200913822152,10828014375
14804,190085807777,200913825282,10828017505
14805,190085807777,200913827171,10828019394
14806,190085807777,200913830300,10828022523
14807,190085807777,200913832226,10828024449
14808,190085807777,200913835319,10828027542
14809,190085807777,200913837189,10828029412
14810,190085807777,200913840282,10828032505
14811,190085807777,200913842208,10828034431
14812,190085807777,200913845319,10828037542
14813,190085807777,200913847208,10828039431
14814,190085807777,200913850300,10828042523
14815,190085807777,200913852208,10828044431
14816,190085807777,200913855338,10828047561
14817,190085807777,200913857208,10828049431
14818,190085807777,200913860338,10828052561
14819,190085807777,200913862264,10828054487
14820,190085807777,200913865541,10828057764
14821,190085807777,200913867430,10828059653
14822,190085807777,200913870727,10828062950
14823,190085807777,200913872634,10828064857
14973,190085807777,200913875930,10828068153
14974,190085807777,201114087808,11028280031
14975,190085807777,201114092252,11028284475
14976,190085807777,201114094252,11028286475
14977,190085807777,201114097382,11028289605
14978,190085807777,201114099289,11028291512
14979,190085807777,201114102400,11028294623
14980,190085807777,201114104326,11028296549
14981,190085807777,201114107456,11028299679
14982,190085807777,201114109326,11028301549
14983,190085807777,201114112456,11028304679
14984,190085807777,201114114363,11028306586
14985,190085807777,201114117456,11028309679
14986,190085807777,201114119326,11028311549
14987,190085807777,201114122456,11028314679
14988,190085807777,201114124382,11028316605
14989,190085807777,201114127530,11028319753
14990,190085807777,201114135826,11028328049
14991,190085807777,201114139160,11028331383
14992,190085807777,201114141086,11028333309
14993,190085807777,201114144141,11028336364
14994,190085807777,201114146030,11028338253
14995,190085807777,201114149141,11028341364
14996,190085807777,201114151049,11028343272
14997,190085807777,201114154178,11028346401
14998,190085807777,201114156049,11028348272
14999,190085807777,201114159178,11028351401
15000,190085807777,201114161086,11028353309
15001,190085807777,201114164178,11028356401
15002,190085807777,201114166067,11028358290
15003,190085807777,201114169160,11028361383
15004,190085807777,201114171067,11028363290
15005,190085807777,201114174234,11028366457
15006,190085807777,201114176123,11028368346
15007,190085807777,201114179401,11028371624
15008,190085807777,201114181326,11028373549
15009,190085807777,201114184604,11028376827
15010,190085807777,201114186475,11028378698
15011,190085807777,201114189771,11028381994
15012,190085807777,201114191678,11028383901
15013,190085807777,201114194956,11028387179
15014,190085807777,201114196826,11028389049
15015,190085807777,201114200123,11028392346
15016,190085807777,201114202012,11028394235
15017,190085807777,201114227086,11028419309
15018,190085807777,201114229641,11028421864
15019,190085807777,201114232845,11028425068
15020,190085807777,201114234771,11028426994
15021,190085807777,201114237901,11028430124
15022,190085807777,201114239771,11028431994
15023,190085807777,201114242919,11028435142
15024,190085807777,201114244827,11028437050
15025,190085807777,201114247975,11028440198
15026,190085807777,201114258067,11028450290
15027,190085807777,201114261364,11028453587
15028,190085807777,201114263290,11028455513
15029,190085807777,201114266438,11028458661
15030,190085807777,201114268327,11028460550
15031,190085807777,201114271493,11028463716
15032,190085807777,201114273401,11028465624
15033,190085807777,201114276549,11028468772
15034,190085807777,201114278419,11028470642
15035,190085807777,201114281568,11028473791
15036,190085807777,201114283475,11028475698
15037,190085807777,201114286605,11028478828
15038,190085807777,201114288494,11028480717
15039,190085807777,201114291623,11028483846
15040,190085807777,201114293531,11028485754
15041,190085807777,201114296679,11028488902
15042,190085807777,201114298568,11028490791
15043,190085807777,201114301697,11028493920
15044,190085807777,201114309975,11028502198
15045,190085807777,201114313234,11028505457
15046,190085807777,201114315123,11028507346
15047,190085807777,201114326401,11028518624
15048,190085807777,201114328346,11028520569
15049,190085807777,201114331512,11028523735
15050,190085807777,201114333383,11028525606
15051,190085807777,201114336512,11028528735
15052,190085807777,201114338420,11028530643
15053,190085807777,201114341586,11028533809
15054,190085807777,201114343475,11028535698
15055,190085807777,201114346605,11028538828
15056,190085807777,201114348512,11028540735
15057,190085807777,201114351660,11028543883
15058,190085807777,201114353531,11028545754
15059,190085807777,201114356660,11028548883
15060,190085807777,201114358586,11028550809
15061,190085807777,201114361735,11028553958
15062,190085807777,201114363605,11028555828
15063,190085807777,201114366846,11028559069
15064,190085807777,201114368753,11028560976
15065,190085807777,201114378438,11028570661
15066,190085807777,201114380364,11028572587
15067,190085807777,201114383531,11028575754
15068,190085807777,201114385438,11028577661
15069,190085807777,201114388549,11028580772
15070,190085807777,201114390457,11028582680
15071,190085807777,201114393605,11028585828
15072,190085807777,201114395512,11028587735
15073,190085807777,201114398642,11028590865
15074,190085807777,201114400531,11028592754
15075,190085807777,201114403661,11028595884
15076,190085807777,201114405568,11028597791
15077,190085807777,201114408735,11028600958
15078,190085807777,201114410624,11028602847
15079,190085807777,201114413753,11028605976
15080,190085807777,201114415661,11028607884
15081,190085807777,201114418790,11028611013
15082,190085807777,201114420679,11028612902
15083,190085807777,201114423809,11028616032
15084,190085807777,201114425716,11028617939
15085,190085807777,201114428846,11028621069
15086,190085807777,201114430735,11028622958
15087,190085807777,201114433864,11028626087
15088,190085807777,201114435790,11028628013
15089,190085807777,201114438920,11028631143
15090,190085807777,201114440809,11028633032
15091,190085807777,201114443939,11028636162
15092,190085807777,201114445846,11028638069
15093,190085807777,201114448976,11028641199
15094,190085807777,201114450865,11028643088
15095,190085807777,201114453976,11028646199
15096,190085807777,201114455883,11028648106
15097,190085807777,201114459179,11028651402
15098,190085807777,201114461068,11028653291
15099,190085807777,201114464328,11028656551
15100,190085807777,201114466235,11028658458
15101,190085807777,201114469550,11028661773
15251,190085807777,201314675660,11228867883
15252,190085807777,201314679420,11228871643
15253,190085807777,201314681457,11228873680
15254,190085807777,201314684660,11228876883
15255,190085807777,201314686568,11228878791
15256,190085807777,201314689734,11228881957
15257,190085807777,201314691642,11228883865
15258,190085807777,201314694772,11228886995
15259,190085807777,201314696642,11228888865
15260,190085807777,201314699753,11228891976
15261,190085807777,201314701660,11228893883
15262,190085807777,201314704883,11228897106
15263,190085807777,201314706772,11228898995
15264,190085807777,201314710049,11228902272
15265,190085807777,201314711957,11228904180
15266,190085807777,201314715198,11228907421
15267,190085807777,201314726772,11228918995
15268,190085807777,201314728716,11228920939
15269,190085807777,201314731846,11228924069
15270,190085807777,201314733735,11228925958
15271,190085807777,201314736864,11228929087
15272,190085807777,201314738753,11228930976
15273,190085807777,201314741901,11228934124
15274,190085807777,201314743772,11228935995
15275,190085807777,201314746846,11228939069
15276,190085807777,201314748716,11228940939
15277,190085807777,201314751864,11228944087
15278,190085807777,201314753753,11228945976
15279,190085807777,201314756864,11228949087
15280,190085807777,201314758753,11228950976
15281,190085807777,201314761901,11228954124
15282,190085807777,201314763790,11228956013
15283,190085807777,201314766901,11228959124
15284,190085807777,201314768809,11228961032
15285,190085807777,201314778327,11228970550
15286,190085807777,201314780253,11228972476
15287,190085807777,201314791420,11228983643
15288,190085807777,201314794661,11228986884
15289,190085807777,201314796550,11228988773
15290,190085807777,201314799679,11228991902
15291,190085807777,201314801550,11228993773
15292,190085807777,201314804661,11228996884
15293,190085807777,201314806587,11228998810
15294,190085807777,201314809698,11229001921
15295,190085807777,201314811568,11229003791
15296,190085807777,201314814716,11229006939
15297,190085807777,201314816624,11229008847
15298,190085807777,201314819735,11229011958
15299,190085807777,201314821605,11229013828
15300,190085807777,201314824846,11229017069
15301,190085807777,201314826772,11229018995
15302,190085807777,201314830050,11229022273
15303,190085807777,201314831939,11229024162
15304,190085807777,201314835217,11229027440
15305,190085807777,201314843439,11229035662
15306,190085807777,201314846865,11229039088
15307,190085807777,201314848735,11229040958
15308,190085807777,201314851846,11229044069
15309,190085807777,201314853754,11229045977
15310,190085807777,201314856865,11229049088
15311,190085807777,201314858754,11229050977
15312,190085807777,201314861865,11229054088
15313,190085807777,201314863772,11229055995
15314,190085807777,201314866846,11229059069
15315,190085807777,201314868735,11229060958
15316,190085807777,201314871865,11229064088
15317,190085807777,201314873772,11229065995
15318,190085807777,201314876883,11229069106
15319,190085807777,201314878754,11229070977
15320,190085807777,201314881865,11229074088
15321,190085807777,201314883772,11229075995
15322,190085807777,201314886902,11229079125
15323,190085807777,201314888772,11229080995
15324,190085807777,201314891902,11229084125
15325,190085807777,201314893809,11229086032
15326,190085807777,201314896920,11229089143
15327,190085807777,201314898809,11229091032
15328,190085807777,201314901883,11229094106
15329,190085807777,201314903772,11229095995
15330,190085807777,201314906883,11229099106
15331,190085807777,201314908754,11229100977
15332,190085807777,201314911902,11229104125
15333,190085807777,201314913791,11229106014
15334,190085807777,201314916902,11229109125
15335,190085807777,201314918791,11229111014
15336,190085807777,201314921939,11229114162
15337,190085807777,201314923846,11229116069
15338,190085807777,201314926958,11229119181
15339,190085807777,201314928809,11229121032
15340,190085807777,201314931958,11229124181
15341,190085807777,201314933847,11229126070
15342,190085807777,201314936958,11229129181
15343,190085807777,201314938828,11229131051
15344,190085807777,201314941958,11229134181
15345,190085807777,201314943847,11229136070
15346,190085807777,201314946976,11229139199
15347,190085807777,201314948847,11229141070
15348,190085807777,201314951976,11229144199
15349,190085807777,201314953902,11229146125
15350,190085807777,201314965050,11229157273
15351,190085807777,201314968273,11229160496
15352,190085807777,201314979106,11229171329
15353,190085807777,201314981236,11229173459
15354,190085807777,201314984421,11229176644
15355,190085807777,201314986291,11229178514
15356,190085807777,201314989439,11229181662
15357,190085807777,201314991347,11229183570
15358,190085807777,201314994569,11229186792
15359,190085807777,201314996439,11229188662
15360,190085807777,201314999699,11229191922
15361,190085807777,201315001606,11229193829
15362,190085807777,201315004865,11229197088
15363,190085807777,201315006754,11229198977
15364,190085807777,201315010051,11229202274
15365,190085807777,201315018384,11229210607
15366,190085807777,201315021939,11229214162
15367,190085807777,201315023828,11229216051
15368,190085807777,201315035310,11229227533
15369,190085807777,201315037236,11229229459
15370,190085807777,201315040310,11229232533
15371,190085807777,201315042180,11229234403
15372,190085807777,201315045291,11229237514
15373,190085807777,201315047254,11229239477
15374,190085807777,201315050328,11229242551
15375,190085807777,201315052217,11229244440
15376,190085807777,201315055347,11229247570
15377,190085807777,201315057254,11229249477
15378,190085807777,201315060384,11229252607
15528,190085807777,201315062273,11229254496
15529,190085807777,201515275874,11429468097
15530,190085807777,201515279633,11429471856
15531,190085807777,201515281559,11429473782
15532,190085807777,201515284633,11429476856
15533,190085807777,201515287263,11429479486
15534,190085807777,201515290429,11429482652
15535,190085807777,201515292318,11429484541
15536,190085807777,201515295429,11429487652
15537,190085807777,201515297300,11429489523
15538,190085807777,201515300411,11429492634
15539,190085807777,201515302281,11429494504
15540,190085807777,201515305411,11429497634
15541,190085807777,201515307300,11429499523
15542,190085807777,201515310429,11429502652
15543,190085807777,201515312300,11429504523
15544,190085807777,201515315429,11429507652
15545,190085807777,201515317318,11429509541
15546,190085807777,201515320411,11429512634
15547,190085807777,201515322300,11429514523
15548,190085807777,201515325411,11429517634
15549,190085807777,201515327300,11429519523
15550,190085807777,201515330392,11429522615
15551,190085807777,201515332263,11429524486
15552,190085807777,201515335392,11429527615
15553,190085807777,201515337281,11429529504
15554,190085807777,201515340392,11429532615
15555,190085807777,201515342281,11429534504
15556,190085807777,201515345504,11429537727
15557,190085807777,201515347374,11429539597
15558,190085807777,201515350633,11429542856
15559,190085807777,201515352504,11429544727
15560,190085807777,201515355781,11429548004
15561,190085807777,201515357652,11429549875
15562,190085807777,201515360930,11429553153
15563,190085807777,201515362800,11429555023
15564,190085807777,201515366096,11429558319
15565,190085807777,201515367967,11429560190
15566,190085807777,201515371226,11429563449
15567,190085807777,201515373115,11429565338
15568,190085807777,201515376356,11429568579
15569,190085807777,201515378226,11429570449
15570,190085807777,201515381485,11429573708
15571,190085807777,201515383356,11429575579
15572,190085807777,201515386633,11429578856
15573,190085807777,201515396615,11429588838
15574,190085807777,201515399837,11429592060
15575,190085807777,201515401707,11429593930
15576,190085807777,201515404819,11429597042
15577,190085807777,201515406689,11429598912
15578,190085807777,201515409837,11429602060
15579,190085807777,201515411708,11429603931
15580,190085807777,201515414800,11429607023
15581,190085807777,201515416670,11429608893
15582,190085807777,201515419819,11429612042
15583,190085807777,201515421689,11429613912
15584,190085807777,201515424819,11429617042
15585,190085807777,201515426708,11429618931
15586,190085807777,201515429856,11429622079
15587,190085807777,201515431726,11429623949
15588,190085807777,201515435004,11429627227
15589,190085807777,201515436874,11429629097
15590,190085807777,201515440189,11429632412
15591,190085807777,201515448689,11429640912
15592,190085807777,201515452226,11429644449
15593,190085807777,201515454078,11429646301
15594,190085807777,201515465337,11429657560
15595,190085807777,201515467263,11429659486
15596,190085807777,201515470430,11429662653
15597,190085807777,201515472300,11429664523
15598,190085807777,201515475449,11429667672
15599,190085807777,201515477337,11429669560
15600,190085807777,201515480449,11429672672
15601,190085807777,201515482337,11429674560
15602,190085807777,201515485504,11429677727
15603,190085807777,201515487393,11429679616
15604,190085807777,201515490486,11429682709
15605,190085807777,201515492356,11429684579
15606,190085807777,201515495671,11429687894
15607,190085807777,201515497541,11429689764
15608,190085807777,201515500819,11429693042
15609,190085807777,201515502708,11429694931
15610,190085807777,201515506004,11429698227
15611,190085807777,201515507875,11429700098
15612,190085807777,201515517504,11429709727
15613,190085807777,201515519430,11429711653
15614,190085807777,201515522560,11429714783
15615,190085807777,201515524652,11429716875
15616,190085807777,201515527782,11429720005
15617,190085807777,201515529652,11429721875
15618,190085807777,201515532782,11429725005
15619,190085807777,201515534652,11429726875
15620,190085807777,201515537764,11429729987
15621,190085807777,201515539652,11429731875
15622,190085807777,201515542801,11429735024
15623,190085807777,201515544652,11429736875
15624,190085807777,201515547745,11429739968
15625,190085807777,201515549634,11429741857
15626,190085807777,201515552727,11429744950
15627,190085807777,201515554615,11429746838
15628,190085807777,201515557875,11429750098
15629,190085807777,201515559764,11429751987
15630,190085807777,201515562986,11429755209
15631,190085807777,201515564838,11429757061
15632,190085807777,201515568116,11429760339
15633,190085807777,201515570004,11429762227
15634,190085807777,201515573282,11429765505
15635,190085807777,201515575153,11429767376
15636,190085807777,201515578449,11429770672
15637,190085807777,201515580338,11429772561
15638,190085807777,201515583616,11429775839
15639,190085807777,201515585504,11429777727
15640,190085807777,201515588782,11429781005
15641,190085807777,201515590653,11429782876
15642,190085807777,201515593949,11429786172
15643,190085807777,201515595819,11429788042
15644,190085807777,201515599042,11429791265
15645,190085807777,201515600930,11429793153
15646,190085807777,201515604245,11429796468
15647,190085807777,201515606116,11429798339
15648,190085807777,201515609412,11429801635
15649,190085807777,201515611264,11429803487
15650,190085807777,201515614579,11429806802
15651,190085807777,201515616468,11429808691
15652,190085807777,201515619727,11429811950
15653,190085807777,201515621616,11429813839
15654,190085807777,201515624931,11429817154
15655,190085807777,201515626801,11429819024
15656,190085807777,201515638190,11429830413
15805,190085807777,201515641449,11429833672
15806,190085807777,201715847179,11630039402
15807,190085807777,201715850939,11630043162
15808,190085807777,201715852846,11630045069
15809,190085807777,201715855957,11630048180
15810,190085807777,201715857865,11630050088
15811,190085807777,201715860994,11630053217
15812,190085807777,201715862902,11630055125
15813,190085807777,201715866013,11630058236
15814,190085807777,201715867939,11630060162
15815,190085807777,201715877698,11630069921
15816,190085807777,201715879791,11630072014
15817,190085807777,201715890939,11630083162
15818,190085807777,201715894198,11630086421
15819,190085807777,201715896069,11630088292
15820,190085807777,201715899180,11630091403
15821,190085807777,201715901069,11630093292
15822,190085807777,201715904217,11630096440
15823,190085807777,201715906106,11630098329
15824,190085807777,201715909309,11630101532
15825,190085807777,201715911180,11630103403
15826,190085807777,201715914495,11630106718
15827,190085807777,201715916383,11630108606
15828,190085807777,201715919643,11630111866
15829,190085807777,201715921532,11630113755
15830,190085807777,201715924865,11630117088
15831,190085807777,201715926735,11630118958
15832,190085807777,201715929995,11630122218
15833,190085807777,201715931883,11630124106
15834,190085807777,201715935180,11630127403
15835,190085807777,201715955976,11630148199
15836,190085807777,201715960569,11630152792
15837,190085807777,201715962458,11630154681
15838,190085807777,201715965624,11630157847
15839,190085807777,201715967513,11630159736
15840,190085807777,201715970569,11630162792
15841,190085807777,201715972458,11630164681
15842,190085807777,201715975606,11630167829
15843,190085807777,201715977495,11630169718
15844,190085807777,201715980624,11630172847
15845,190085807777,201715982532,11630174755
15846,190085807777,201715985680,11630177903
15847,190085807777,201715987550,11630179773
15848,190085807777,201715990699,11630182922
15849,190085807777,201715992587,11630184810
15850,190085807777,201715995902,11630188125
15851,190085807777,201715997773,11630189996
15852,190085807777,201716005476,11630197699
15853,190085807777,201716009087,11630201310
15854,190085807777,201716011013,11630203236
15855,190085807777,201716014273,11630206496
15856,190085807777,201716016143,11630208366
15857,190085807777,201716019402,11630211625
15858,190085807777,201716021310,11630213533
15859,190085807777,201716024551,11630216774
15860,190085807777,201716026439,11630218662
15861,190085807777,201716029736,11630221959
15862,190085807777,201716031662,11630223885
15863,190085807777,201716034939,11630227162
15864,190085807777,201716036810,11630229033
15865,190085807777,201716040106,11630232329
15866,190085807777,201716042014,11630234237
15867,190085807777,201716045291,11630237514
15868,190085807777,201716047180,11630239403
15869,190085807777,201716050458,11630242681
15870,190085807777,201716052384,11630244607
15871,190085807777,201716055662,11630247885
15872,190085807777,201716067421,11630259644
15873,190085807777,201716069310,11630261533
15874,190085807777,201716072440,11630264663
15875,190085807777,201716074310,11630266533
15876,190085807777,201716077440,11630269663
15877,190085807777,201716079310,11630271533
15878,190085807777,201716082458,11630274681
15879,190085807777,201716084329,11630276552
15880,190085807777,201716087458,11630279681
15881,190085807777,201716089329,11630281552
15882,190085807777,201716092514,11630284737
15883,190085807777,201716094384,11630286607
15884,190085807777,201716097514,11630289737
15885,190085807777,201716099384,11630291607
15886,190085807777,201716102514,11630294737
15887,190085807777,201716104384,11630296607
15888,190085807777,201716107514,11630299737
15889,190085807777,201716109403,11630301626
15890,190085807777,201716119106,11630311329
15891,190085807777,201716121143,11630313366
15892,190085807777,201716132366,11630324589
15893,190085807777,201716135644,11630327867
15894,190085807777,201716137551,11630329774
15895,190085807777,201716140662,11630332885
15896,190085807777,201716142532,11630334755
15897,190085807777,201716145644,11630337867
15898,190085807777,201716147551,11630339774
15899,190085807777,201716150681,11630342904
15900,190085807777,201716152570,11630344793
15901,190085807777,201716155662,11630347885
15902,190085807777,201716157570,11630349793
15903,190085807777,201716160699,11630352922
15904,190085807777,201716162570,11630354793
15905,190085807777,201716165662,11630357885
15906,190085807777,201716167570,11630359793
15907,190085807777,201716170699,11630362922
15908,190085807777,201716172570,11630364793
15909,190085807777,201716175699,11630367922
15910,190085807777,201716183977,11630376200
15911,190085807777,201716187292,11630379515
15912,190085807777,201716189144,11630381367
15913,190085807777,201716192199,11630384422
15914,190085807777,201716194088,11630386311
15915,190085807777,201716197199,11630389422
15916,190085807777,201716199070,11630391293
15917,190085807777,201716202218,11630394441
15918,190085807777,201716204125,11630396348
15919,190085807777,201716207236,11630399459
15920,190085807777,201716209107,11630401330
15921,190085807777,201716212181,11630404404
15922,190085807777,201716214107,11630406330
15923,190085807777,201716217218,11630409441
15924,190085807777,201716219107,11630411330
15925,190085807777,201716222218,11630414441
15926,190085807777,201716224125,11630416348
15927,190085807777,201716227236,11630419459
15928,190085807777,201716229107,11630421330
15929,190085807777,201716232237,11630424460
15930,190085807777,201716234144,11630426367
15931,190085807777,201716237218,11630429441
15932,190085807777,201716239088,11630431311
15933,190085807777,201716242200,11630434423
16082,190085807777,201716244107,11630436330
16083,190085807777,201916451245,11830643468
16084,190085807777,201916455041,11830647264
16085,190085807777,201916457041,11830649264
16086,190085807777,201916460208,11830652431
16087,190085807777,201916462115,11830654338
16088,190085807777,201916465282,11830657505
16089,190085807777,201916467171,11830659394
16090,190085807777,201916470300,11830662523
16091,190085807777,201916472189,11830664412
16092,190085807777,201916481726,11830673949
16093,190085807777,201916485060,11830677283
16094,190085807777,201916486986,11830679209
16095,190085807777,201916498486,11830690709
16096,190085807777,201916500430,11830692653
16097,190085807777,201916503560,11830695783
16098,190085807777,201916505467,11830697690
16099,190085807777,201916508560,11830700783
16100,190085807777,201916510430,11830702653
16101,190085807777,201916513652,11830705875
16102,190085807777,201916515578,11830707801
16103,190085807777,201916518875,11830711098
16104,190085807777,201916520745,11830712968
16105,190085807777,201916524041,11830716264
16106,190085807777,201916525949,11830718172
16107,190085807777,201916529226,11830721449
16108,190085807777,201916531115,11830723338
16109,190085807777,201916534412,11830726635
16110,190085807777,201916536319,11830728542
16111,190085807777,201916539652,11830731875
16112,190085807777,201916547875,11830740098
16113,190085807777,201916551301,11830743524
16114,190085807777,201916553208,11830745431
16115,190085807777,201916556282,11830748505
16116,190085807777,201916558171,11830750394
16117,190085807777,201916561319,11830753542
16118,190085807777,201916563227,11830755450
16119,190085807777,201916566356,11830758579
16120,190085807777,201916568245,11830760468
16121,190085807777,201916571375,11830763598
16122,190085807777,201916573282,11830765505
16123,190085807777,201916576430,11830768653
16124,190085807777,201916578301,11830770524
16125,190085807777,201916581430,11830773653
16126,190085807777,201916583393,11830775616
16127,190085807777,201916586504,11830778727
16128,190085807777,201916588393,11830780616
16129,190085807777,201916591523,11830783746
16130,190085807777,201916593412,11830785635
16131,190085807777,201916596486,11830788709
16132,190085807777,201916598393,11830790616
16133,190085807777,201916601504,11830793727
16134,190085807777,201916603412,11830795635
16135,190085807777,201916606560,11830798783
16136,190085807777,201916608430,11830800653
16137,190085807777,201916611579,11830803802
16138,190085807777,201916613486,11830805709
16139,190085807777,201916616616,11830808839
16140,190085807777,201916618505,11830810728
16141,190085807777,201916621616,11830813839
16142,190085807777,201916623542,11830815765
16143,190085807777,201916626671,11830818894
16144,190085807777,201916628560,11830820783
16145,190085807777,201916631708,11830823931
16146,190085807777,201916633616,11830825839
16147,190085807777,201916636690,11830828913
16148,190085807777,201916638579,11830830802
16149,190085807777,201916641690,11830833913
16150,190085807777,201916643616,11830835839
16151,190085807777,201916646690,11830838913
16152,190085807777,201916648560,11830840783
16153,190085807777,201916651690,11830843913
16154,190085807777,201916653634,11830845857
16155,190085807777,201916656764,11830848987
16156,190085807777,201916658653,11830850876
16157,190085807777,201916669820,11830862043
16158,190085807777,201916673023,11830865246
16159,190085807777,201916674894,11830867117
16160,190085807777,201916678023,11830870246
16161,190085807777,201916679912,11830872135
16162,190085807777,201916683023,11830875246
16163,190085807777,201916684894,11830877117
16164,190085807777,201916688023,11830880246
16165,190085807777,201916689894,11830882117
16166,190085807777,201916693042,11830885265
16167,190085807777,201916694894,11830887117
16168,190085807777,201916698042,11830890265
16169,190085807777,201916699931,11830892154
16170,190085807777,201916711005,11830903228
16171,190085807777,201916713116,11830905339
16172,190085807777,201916722727,11830914950
16173,190085807777,201916726005,11830918228
16174,190085807777,201916736098,11830928321
16175,190085807777,201916739357,11830931580
16176,190085807777,201916741264,11830933487
16177,190085807777,201916744394,11830936617
16178,190085807777,201916746301,11830938524
16179,190085807777,201916749412,11830941635
16180,190085807777,201916751301,11830943524
16181,190085807777,201916754450,11830946673
16182,190085807777,201916756357,11830948580
16183,190085807777,201916759505,11830951728
16184,190085807777,201916761394,11830953617
16185,190085807777,201916764524,11830956747
16186,190085807777,201916766413,11830958636
16187,190085807777,201916769579,11830961802
16188,190085807777,201916771450,11830963673
16189,190085807777,201916774579,11830966802
16190,190085807777,201916776487,11830968710
16191,190085807777,201916779616,11830971839
16192,190085807777,201916781505,11830973728
16193,190085807777,201916791246,11830983469
16194,190085807777,201916793172,11830985395
16195,190085807777,201916796283,11830988506
16196,190085807777,201916798172,11830990395
16197,190085807777,201916801302,11830993525
16198,190085807777,201916803227,11830995450
16199,190085807777,201916806357,11830998580
16200,190085807777,201916808228,11831000451
16201,190085807777,201916811339,11831003562
16202,190085807777,201916813265,11831005488
16203,190085807777,201916816357,11831008580
16204,190085807777,201916818246,11831010469
16205,190085807777,201916821357,11831013580
16206,190085807777,201916823302,11831015525
16207,190085807777,201916826431,11831018654
16208,190085807777,201916828320,11831020543
16209,190085807777,201916831376,11831023599
16210,190085807777,201916833320,11831025543
16360,190085807777,202117040680,12031232903
16361,190085807777,202117044402,12031236625
16362,190085807777,202117046365,12031238588
16363,190085807777,202117049495,12031241718
16364,190085807777,202117051402,12031243625
16365,190085807777,202117054532,12031246755
16366,190085807777,202117056439,12031248662
16367,190085807777,202117059551,12031251774
16368,190085807777,202117061458,12031253681
16369,190085807777,202117064569,12031256792
16370,190085807777,202117066458,12031258681
16371,190085807777,202117069643,12031261866
16372,190085807777,202117071514,12031263737
16373,190085807777,202117074643,12031266866
16374,190085807777,202117076532,12031268755
16375,190085807777,202117079680,12031271903
16376,190085807777,202117081551,12031273774
16377,190085807777,202117091347,12031283570
16378,190085807777,202117093421,12031285644
16379,190085807777,202117104680,12031296903
16380,190085807777,202117107958,12031300181
16381,190085807777,202117109829,12031302052
16382,190085807777,202117112958,12031305181
16383,190085807777,202117114884,12031307107
16384,190085807777,202117118032,12031310255
16385,190085807777,202117119921,12031312144
16386,190085807777,202117123069,12031315292
16387,190085807777,202117124958,12031317181
16388,190085807777,202117128032,12031320255
16389,190085807777,202117129921,12031322144
16390,190085807777,202117133180,12031325403
16391,190085807777,202117135088,12031327311
16392,190085807777,202117138347,12031330570
16393,190085807777,202117140236,12031332459
16394,190085807777,202117143551,12031335774
16395,190085807777,202117145495,12031337718
16396,190085807777,202117148792,12031341015
16397,190085807777,202117158644,12031350867
16398,190085807777,202117160551,12031352774
16399,190085807777,202117163644,12031355867
16400,190085807777,202117165532,12031357755
16401,190085807777,202117168644,12031360867
16402,190085807777,202117170551,12031362774
16403,190085807777,202117173681,12031365904
16404,190085807777,202117175551,12031367774
16405,190085807777,202117178681,12031370904
16406,190085807777,202117180570,12031372793
16407,190085807777,202117183718,12031375941
16408,190085807777,202117185607,12031377830
16409,190085807777,202117188699,12031380922
16410,190085807777,202117190588,12031382811
16411,190085807777,202117193718,12031385941
16412,190085807777,202117195607,12031387830
16413,190085807777,202117198718,12031390941
16414,190085807777,202117200607,12031392830
16415,190085807777,202117203773,12031395996
16416,190085807777,202117205662,12031397885
16417,190085807777,202117208792,12031401015
16418,190085807777,202117210681,12031402904
16419,190085807777,202117213829,12031406052
16420,190085807777,202117215718,12031407941
16421,190085807777,202117218829,12031411052
16422,190085807777,202117220718,12031412941
16423,190085807777,202117223866,12031416089
16424,190085807777,202117225755,12031417978
16425,190085807777,202117228866,12031421089
16426,190085807777,202117230736,12031422959
16427,190085807777,202117233903,12031426126
16428,190085807777,202117235792,12031428015
16429,190085807777,202117238922,12031431145
16430,190085807777,202117240811,12031433034
16431,190085807777,202117243922,12031436145
16432,190085807777,202117245811,12031438034
16433,190085807777,202117248922,12031441145
16434,190085807777,202117250811,12031443034
16435,190085807777,202117253922,12031446145
16436,190085807777,202117255792,12031448015
16437,190085807777,202117258922,12031451145
16438,190085807777,202117260792,12031453015
16439,190085807777,202117263940,12031456163
16440,190085807777,202117265811,12031458034
16441,190085807777,202117269107,12031461330
16442,190085807777,202117280681,12031472904
16443,190085807777,202117282626,12031474849
16444,190085807777,202117285811,12031478034
16445,190085807777,202117287700,12031479923
16446,190085807777,202117290829,12031483052
16447,190085807777,202117292737,12031484960
16448,190085807777,202117295885,12031488108
16449,190085807777,202117297774,12031489997
16450,190085807777,202117300903,12031493126
16451,190085807777,202117302848,12031495071
16452,190085807777,202117305977,12031498200
16453,190085807777,202117307885,12031500108
16454,190085807777,202117311015,12031503238
16455,190085807777,202117312940,12031505163
16456,190085807777,202117316070,12031508293
16457,190085807777,202117317959,12031510182
16458,190085807777,202117321052,12031513275
16459,190085807777,202117322978,12031515201
16460,190085807777,202117332737,12031524960
16461,190085807777,202117334718,12031526941
16462,190085807777,202117345941,12031538164
16463,190085807777,202117349144,12031541367
16464,190085807777,202117351033,12031543256
16465,190085807777,202117354163,12031546386
16466,190085807777,202117356052,12031548275
16467,190085807777,202117359181,12031551404
16468,190085807777,202117361070,12031553293
16469,190085807777,202117364163,12031556386
16470,190085807777,202117366052,12031558275
16471,190085807777,202117369200,12031561423
16472,190085807777,202117371089,12031563312
16473,190085807777,202117374218,12031566441
16474,190085807777,202117376107,12031568330
16475,190085807777,202117379218,12031571441
16476,190085807777,202117381089,12031573312
16477,190085807777,202117384219,12031576442
16478,190085807777,202117386089,12031578312
16479,190085807777,202117389422,12031581645
16480,190085807777,202117397719,12031589942
16481,190085807777,202117401145,12031593368
16482,190085807777,202117403033,12031595256
16483,190085807777,202117406145,12031598368
16484,190085807777,202117408033,12031600256
16485,190085807777,202117411182,12031603405
16486,190085807777,202117413070,12031605293
16487,190085807777,202117416200,12031608423
16637,190085807777,202117418070,12031610293
16638,190085807777,202317624997,12231817220
16639,190085807777,202317628719,12231820942
16640,190085807777,202317630719,12231822942
16641,190085807777,202317633849,12231826072
16642,190085807777,202317635738,12231827961
16643,190085807777,202317638886,12231831109
16644,190085807777,202317640793,12231833016
16645,190085807777,202317643904,12231836127
16646,190085807777,202317645793,12231838016
16647,190085807777,202317648960,12231841183
16648,190085807777,202317650849,12231843072
16649,190085807777,202317653979,12231846202
16650,190085807777,202317655867,12231848090
16651,190085807777,202317658960,12231851183
16652,190085807777,202317660886,12231853109
16653,190085807777,202317663979,12231856202
16654,190085807777,202317678719,12231870942
16655,190085807777,202317680719,12231872942
16656,190085807777,202317683868,12231876091
16657,190085807777,202317685738,12231877961
16658,190085807777,202317688868,12231881091
16659,190085807777,202317690738,12231882961
16660,190085807777,202317693831,12231886054
16661,190085807777,202317695701,12231887924
16662,190085807777,202317698831,12231891054
16663,190085807777,202317700719,12231892942
16664,190085807777,202317703849,12231896072
16665,190085807777,202317705719,12231897942
16666,190085807777,202317708886,12231901109
16667,190085807777,202317710775,12231902998
16668,190085807777,202317713886,12231906109
16669,190085807777,202317715775,12231907998
16670,190085807777,202317718923,12231911146
16671,190085807777,202317720812,12231913035
16672,190085807777,202317723923,12231916146
16673,190085807777,202317725794,12231918017
16674,190085807777,202317728905,12231921128
16675,190085807777,202317738997,12231931220
16676,190085807777,202317742349,12231934572
16677,190085807777,202317744238,12231936461
16678,190085807777,202317747312,12231939535
16679,190085807777,202317749201,12231941424
16680,190085807777,202317752331,12231944554
16681,190085807777,202317754201,12231946424
16682,190085807777,202317757331,12231949554
16683,190085807777,202317759220,12231951443
16684,190085807777,202317762386,12231954609
16685,190085807777,202317764275,12231956498
16686,190085807777,202317767386,12231959609
16687,190085807777,202317769275,12231961498
16688,190085807777,202317772405,12231964628
16689,190085807777,202317774275,12231966498
16690,190085807777,202317777405,12231969628
16691,190085807777,202317779294,12231971517
16692,190085807777,202317782461,12231974684
16693,190085807777,202317790738,12231982961
16694,190085807777,202317794127,12231986350
16695,190085807777,202317795998,12231988221
16696,190085807777,202317807201,12231999424
16697,190085807777,202317809109,12232001332
16698,190085807777,202317812220,12232004443
16699,190085807777,202317814090,12232006313
16700,190085807777,202317817220,12232009443
16701,190085807777,202317819090,12232011313
16702,190085807777,202317822238,12232014461
16703,190085807777,202317824127,12232016350
16704,190085807777,202317827276,12232019499
16705,190085807777,202317829146,12232021369
16706,190085807777,202317832276,12232024499
16707,190085807777,202317834164,12232026387
16708,190085807777,202317837461,12232029684
16709,190085807777,202317839350,12232031573
16710,190085807777,202317842590,12232034813
16711,190085807777,202317844479,12232036702
16712,190085807777,202317847794,12232040017
16713,190085807777,202317849664,12232041887
16714,190085807777,202317859368,12232051591
16715,190085807777,202317862609,12232054832
16716,190085807777,202317864516,12232056739
16717,190085807777,202317867646,12232059869
16718,190085807777,202317869516,12232061739
16719,190085807777,202317872665,12232064888
16720,190085807777,202317874572,12232066795
16721,190085807777,202317877683,12232069906
16722,190085807777,202317879572,12232071795
16723,190085807777,202317882702,12232074925
16724,190085807777,202317884591,12232076814
16725,190085807777,202317887683,12232079906
16726,190085807777,202317889572,12232081795
16727,190085807777,202317892683,12232084906
16728,190085807777,202317894591,12232086814
16729,190085807777,202317897720,12232089943
16730,190085807777,202317899609,12232091832
16731,190085807777,202317902739,12232094962
16732,190085807777,202317904646,12232096869
16733,190085807777,202317907757,12232099980
16734,190085807777,202317909628,12232101851
16735,190085807777,202317912720,12232104943
16736,190085807777,202317914628,12232106851
16737,190085807777,202317917776,12232109999
16738,190085807777,202317919665,12232111888
16739,190085807777,202317922794,12232115017
16740,190085807777,202317924702,12232116925
16741,190085807777,202317927813,12232120036
16742,190085807777,202317929683,12232121906
16743,190085807777,202317932794,12232125017
16744,190085807777,202317934702,12232126925
16745,190085807777,202317937831,12232130054
16746,190085807777,202317939702,12232131925
16747,190085807777,202317942980,12232135203
16748,190085807777,202317944887,12232137110
16749,190085807777,202317948146,12232140369
16750,190085807777,202317950035,12232142258
16751,190085807777,202317953313,12232145536
16752,190085807777,202317955220,12232147443
16753,190085807777,202317958498,12232150721
16754,190085807777,202317960369,12232152592
16755,190085807777,202317963646,12232155869
16756,190085807777,202317965554,12232157777
16757,190085807777,202317968850,12232161073
16758,190085807777,202317970739,12232162962
16759,190085807777,202317982387,12232174610
16760,190085807777,202317984350,12232176573
16761,190085807777,202317987498,12232179721
16762,190085807777,202317989369,12232181592
16763,190085807777,202317992461,12232184684
16764,190085807777,202317994369,12232186592
16765,190085807777,202317997498,12232189721
16915,190085807777,202518203304,12432395527
16916,190085807777,202518206971,12432399194
16917,190085807777,202518208934,12432401157
16918,190085807777,202518212027,12432404250
16919,190085807777,202518213916,12432406139
16920,190085807777,202518217027,12432409250
16921,190085807777,202518218916,12432411139
16922,190085807777,202518222045,12432414268
16923,190085807777,202518223916,12432416139
16924,190085807777,202518227064,12432419287
16925,190085807777,202518228971,12432421194
16926,190085807777,202518238656,12432430879
16927,190085807777,202518242064,12432434287
16928,190085807777,202518243953,12432436176
16929,190085807777,202518255268,12432447491
16930,190085807777,202518257212,12432449435
16931,190085807777,202518260379,12432452602
16932,190085807777,202518262286,12432454509
16933,190085807777,202518265453,12432457676
16934,190085807777,202518267342,12432459565
16935,190085807777,202518270434,12432462657
16936,190085807777,202518272323,12432464546
16937,190085807777,202518275508,12432467731
16938,190085807777,202518277397,12432469620
16939,190085807777,202518280545,12432472768
16940,190085807777,202518282434,12432474657
16941,190085807777,202518285731,12432477954
16942,190085807777,202518287620,12432479843
16943,190085807777,202518290916,12432483139
16944,190085807777,202518292805,12432485028
16945,190085807777,202518296120,12432488343
16946,190085807777,202518298009,12432490232
16947,190085807777,202518307786,12432500009
16948,190085807777,202518309731,12432501954
16949,190085807777,202518312842,12432505065
16950,190085807777,202518314860,12432507083
16951,190085807777,202518318009,12432510232
16952,190085807777,202518319879,12432512102
16953,190085807777,202518323046,12432515269
16954,190085807777,202518324916,12432517139
16955,190085807777,202518328009,12432520232
16956,190085807777,202518329898,12432522121
16957,190085807777,202518333046,12432525269
16958,190085807777,202518334935,12432527158
16959,190085807777,202518338064,12432530287
16960,190085807777,202518339953,12432532176
16961,190085807777,202518343101,12432535324
16962,190085807777,202518344990,12432537213
16963,190085807777,202518348101,12432540324
16964,190085807777,202518350009,12432542232
16965,190085807777,202518353120,12432545343
16966,190085807777,202518355009,12432547232
16967,190085807777,202518358157,12432550380
16968,190085807777,202518360064,12432552287
16969,190085807777,202518363194,12432555417
16970,190085807777,202518365083,12432557306
16971,190085807777,202518368194,12432560417
16972,190085807777,202518370101,12432562324
16973,190085807777,202518373268,12432565491
16974,190085807777,202518375138,12432567361
16975,190085807777,202518378231,12432570454
16976,190085807777,202518380138,12432572361
16977,190085807777,202518383287,12432575510
16978,190085807777,202518385194,12432577417
16979,190085807777,202518388324,12432580547
16980,190085807777,202518390213,12432582436
16981,190085807777,202518393287,12432585510
16982,190085807777,202518395176,12432587399
16983,190085807777,202518398305,12432590528
16984,190085807777,202518400194,12432592417
16985,190085807777,202518403324,12432595547
16986,190085807777,202518405213,12432597436
16987,190085807777,202518408490,12432600713
16988,190085807777,202518410379,12432602602
16989,190085807777,202518429361,12432621584
16990,190085807777,202518434361,12432626584
16991,190085807777,202518436268,12432628491
16992,190085807777,202518439416,12432631639
16993,190085807777,202518441324,12432633547
16994,190085807777,202518444491,12432636714
16995,190085807777,202518446361,12432638584
16996,190085807777,202518449509,12432641732
16997,190085807777,202518451435,12432643658
16998,190085807777,202518454565,12432646788
16999,190085807777,202518456454,12432648677
17000,190085807777,202518459565,12432651788
17001,190085807777,202518461491,12432653714
17002,190085807777,202518464620,12432656843
17003,190085807777,202518466491,12432658714
17004,190085807777,202518469639,12432661862
17005,190085807777,202518471546,12432663769
17006,190085807777,202518481009,12432673232
17007,190085807777,202518482935,12432675158
17008,190085807777,202518494028,12432686251
17009,190085807777,202518497306,12432689529
17010,190085807777,202518499194,12432691417
17011,190085807777,202518502324,12432694547
17012,190085807777,202518504213,12432696436
17013,190085807777,202518507324,12432699547
17014,190085807777,202518509213,12432701436
17015,190085807777,202518512324,12432704547
17016,190085807777,202518514232,12432706455
17017,190085807777,202518517398,12432709621
17018,190085807777,202518519269,12432711492
17019,190085807777,202518522361,12432714584
17020,190085807777,202518524232,12432716455
17021,190085807777,202518527398,12432719621
17022,190085807777,202518529287,12432721510
17023,190085807777,202518532417,12432724640
17024,190085807777,202518534306,12432726529
17025,190085807777,202518537472,12432729695
17026,190085807777,202518539361,12432731584
17027,190085807777,202518549139,12432741362
17028,190085807777,202518551028,12432743251
17029,190085807777,202518554121,12432746344
17030,190085807777,202518556009,12432748232
17031,190085807777,202518559121,12432751344
17032,190085807777,202518561028,12432753251
17033,190085807777,202518564158,12432756381
17034,190085807777,202518566028,12432758251
17035,190085807777,202518569102,12432761325
17036,190085807777,202518570991,12432763214
17037,190085807777,202518574121,12432766344
17038,190085807777,202518576010,12432768233
17039,190085807777,202518579121,12432771344
17040,190085807777,202518581010,12432773233
17041,190085807777,202518584176,12432776399
17042,190085807777,202518586047,12432778270
17192,190085807777,202718793186,12632985409
17193,190085807777,202718797093,12632989316
17194,190085807777,202718799093,12632991316
17195,190085807777,202718802260,12632994483
17196,190085807777,202718804168,12632996391
17197,190085807777,202718807334,12632999557
17198,190085807777,202718809242,12633001465
17199,190085807777,202718812371,12633004594
17200,190085807777,202718814260,12633006483
17201,190085807777,202718817445,12633009668
17202,190085807777,202718819353,12633011576
17203,190085807777,202718822501,12633014724
17204,190085807777,202718824390,12633016613
17205,190085807777,202718827538,12633019761
17206,190085807777,202718829445,12633021668
17207,190085807777,202718832575,12633024798
17208,190085807777,202718834464,12633026687
17209,190085807777,202718837612,12633029835
17210,190085807777,202718839538,12633031761
17211,190085807777,202718842705,12633034928
17212,190085807777,202718844575,12633036798
17213,190085807777,202718847742,12633039965
17214,190085807777,202718849649,12633041872
17215,190085807777,202718852797,12633045020
17216,190085807777,202718854686,12633046909
17217,190085807777,202718857853,12633050076
17218,190085807777,202718859760,12633051983
17219,190085807777,202718862927,12633055150
17220,190085807777,202718864816,12633057039
17221,190085807777,202718876001,12633068224
17222,190085807777,202718879279,12633071502
17223,190085807777,202718881168,12633073391
17224,190085807777,202718884297,12633076520
17225,190085807777,202718886186,12633078409
17226,190085807777,202718889316,12633081539
17227,190085807777,202718891186,12633083409
17228,190085807777,202718894335,12633086558
17229,190085807777,202718896242,12633088465
17230,190085807777,202718899390,12633091613
17231,190085807777,202718901261,12633093484
17232,190085807777,202718904372,12633096595
17233,190085807777,202718906261,12633098484
17234,190085807777,202718909409,12633101632
17235,190085807777,202718911279,12633103502
17236,190085807777,202718914427,12633106650
17237,190085807777,202718916298,12633108521
17238,190085807777,202718919427,12633111650
17239,190085807777,202718921298,12633113521
17240,190085807777,202718931075,12633123298
17241,190085807777,202718932964,12633125187
17242,190085807777,202718944372,12633136595
17243,190085807777,202718947594,12633139817
17244,190085807777,202718949520,12633141743
17245,190085807777,202718952705,12633144928
17246,190085807777,202718954650,12633146873
17247,190085807777,202718957779,12633150002
17248,190085807777,202718959668,12633151891
17249,190085807777,202718962927,12633155150
17250,190085807777,202718964835,12633157058
17251,190085807777,202718968168,12633160391
17252,190085807777,202718970039,12633162262
17253,190085807777,202718973390,12633165613
17254,190085807777,202718975335,12633167558
17255,190085807777,202718978668,12633170891
17256,190085807777,202718980557,12633172780
17257,190085807777,202718983872,12633176095
17258,190085807777,202718985816,12633178039
17259,190085807777,202718995483,12633187706
17260,190085807777,202718998891,12633191114
17261,190085807777,202719000761,12633192984
17262,190085807777,202719003928,12633196151
17263,190085807777,202719005816,12633198039
17264,190085807777,202719008965,12633201188
17265,190085807777,202719010854,12633203077
17266,190085807777,202719014020,12633206243
17267,190085807777,202719015872,12633208095
17268,190085807777,202719019020,12633211243
17269,190085807777,202719020909,12633213132
17270,190085807777,202719024094,12633216317
17271,190085807777,202719025983,12633218206
17272,190085807777,202719029131,12633221354
17273,190085807777,202719031020,12633223243
17274,190085807777,202719034187,12633226410
17275,190085807777,202719036076,12633228299
17276,190085807777,202719039205,12633231428
17277,190085807777,202719041076,12633233299
17278,190085807777,202719044224,12633236447
17279,190085807777,202719046094,12633238317
17280,190085807777,202719049243,12633241466
17281,190085807777,202719051131,12633243354
17282,190085807777,202719054317,12633246540
17283,190085807777,202719056187,12633248410
17284,190085807777,202719059354,12633251577
17285,190085807777,202719061243,12633253466
17286,190085807777,202719064520,12633256743
17287,190085807777,202719066391,12633258614
17288,190085807777,202719069706,12633261929
17289,190085807777,202719071595,12633263818
17290,190085807777,202719074928,12633267151
17291,190085807777,202719076798,12633269021
17292,190085807777,202719080132,12633272355
17293,190085807777,202719082002,12633274225
17294,190085807777,202719085335,12633277558
17295,190085807777,202719087224,12633279447
17296,190085807777,202719090539,12633282762
17297,190085807777,202719092409,12633284632
17298,190085807777,202719095743,12633287966
17299,190085807777,202719097632,12633289855
17300,190085807777,202719100965,12633293188
17301,190085807777,202719102835,12633295058
17302,190085807777,202719106169,12633298392
17303,190085807777,202719108058,12633300281
17304,190085807777,202719119669,12633311892
17305,190085807777,202719121595,12633313818
17306,190085807777,202719124780,12633317003
17307,190085807777,202719126650,12633318873
17308,190085807777,202719129798,12633322021
17309,190085807777,202719131687,12633323910
17310,190085807777,202719134873,12633327096
17311,190085807777,202719136743,12633328966
17312,190085807777,202719139873,12633332096
17313,190085807777,202719141743,12633333966
17314,190085807777,202719144928,12633337151
17315,190085807777,202719146817,12633339040
17316,190085807777,202719149965,12633342188
17317,190085807777,202719151836,12633344059
17318,190085807777,202719155039,12633347262
17319,190085807777,202719156928,12633349151
17469,190085807777,202919364586,12833556809
17470,190085807777,202919369308,12833561531
17471,190085807777,202919371401,12833563624
17472,190085807777,202919374605,12833566828
17473,190085807777,202919383586,12833575809
17474,190085807777,202919404716,12833596939
17475,190085807777,202919406827,12833599050
17476,190085807777,202919410012,12833602235
17477,190085807777,202919411938,12833604161
17478,190085807777,202919415105,12833607328
17479,190085807777,202919417049,12833609272
17480,190085807777,202919420234,12833612457
17481,190085807777,202919422123,12833614346
17482,190085807777,202919425401,12833617624
17483,190085807777,202919427309,12833619532
17484,190085807777,202919430642,12833622865
17485,190085807777,202919432531,12833624754
17486,190085807777,202919435846,12833628069
17487,190085807777,202919437772,12833629995
17488,190085807777,202919441105,12833633328
17489,190085807777,202919442994,12833635217
17490,190085807777,202919446309,12833638532
17491,190085807777,202919448272,12833640495
17492,190085807777,202919451605,12833643828
17493,190085807777,202919453494,12833645717
17494,190085807777,202919456827,12833649050
17495,190085807777,202919458790,12833651013
17496,190085807777,202919462142,12833654365
17497,190085807777,202919464031,12833656254
17498,190085807777,202919467383,12833659606
17499,190085807777,202919469290,12833661513
17500,190085807777,202919472587,12833664810
17501,190085807777,202919474475,12833666698
17502,190085807777,202919477809,12833670032
17503,190085807777,202919479753,12833671976
17504,190085807777,202919483087,12833675310
17505,190085807777,202919484975,12833677198
17506,190085807777,202919488290,12833680513
17507,190085807777,202919490253,12833682476
17508,190085807777,202919493568,12833685791
17509,190085807777,202919495457,12833687680
17510,190085807777,202919507198,12833699421
17511,190085807777,202919509179,12833701402
17512,190085807777,202919512401,12833704624
17513,190085807777,202919514290,12833706513
17514,190085807777,202919517457,12833709680
17515,190085807777,202919519401,12833711624
17516,190085807777,202919522624,12833714847
17517,190085807777,202919524513,12833716736
17518,190085807777,202919527679,12833719902
17519,190085807777,202919529605,12833721828
17520,190085807777,202919532772,12833724995
17521,190085807777,202919534661,12833726884
17522,190085807777,202919537846,12833730069
17523,190085807777,202919539772,12833731995
17524,190085807777,202919542939,12833735162
17525,190085807777,202919544828,12833737051
17526,190085807777,202919547976,12833740199
17527,190085807777,202919549920,12833742143
17528,190085807777,202919559828,12833752051
17529,190085807777,202919561809,12833754032
17530,190085807777,202919573105,12833765328
17531,190085807777,202919576420,12833768643
17532,190085807777,202919578328,12833770551
17533,190085807777,202919581476,12833773699
17534,190085807777,202919583383,12833775606
17535,190085807777,202919586550,12833778773
17536,190085807777,202919588439,12833780662
17537,190085807777,202919591698,12833783921
17538,190085807777,202919593587,12833785810
17539,190085807777,202919596920,12833789143
17540,190085807777,202919598809,12833791032
17541,190085807777,202919602143,12833794366
17542,190085807777,202919604031,12833796254
17543,190085807777,202919607402,12833799625
17544,190085807777,202919609272,12833801495
17545,190085807777,202919612606,12833804829
17546,190085807777,202919614513,12833806736
17547,190085807777,202919624272,12833816495
17548,190085807777,202919627643,12833819866
17549,190085807777,202919629532,12833821755
17550,190085807777,202919632661,12833824884
17551,190085807777,202919634587,12833826810
17552,190085807777,202919637754,12833829977
17553,190085807777,202919639643,12833831866
17554,190085807777,202919642828,12833835051
17555,190085807777,202919644791,12833837014
17556,190085807777,202919647958,12833840181
17557,190085807777,202919649846,12833842069
17558,190085807777,202919653013,12833845236
17559,190085807777,202919654976,12833847199
17560,190085807777,202919658198,12833850421
17561,190085807777,202919660087,12833852310
17562,190085807777,202919663421,12833855644
17563,190085807777,202919665365,12833857588
17564,190085807777,202919668717,12833860940
17565,190085807777,202919670606,12833862829
17566,190085807777,202919673921,12833866144
17567,190085807777,202919675828,12833868051
17568,190085807777,202919679161,12833871384
17569,190085807777,202919681050,12833873273
17570,190085807777,202919684402,12833876625
17571,190085807777,202919686328,12833878551
17572,190085807777,202919689643,12833881866
17573,190085807777,202919691532,12833883755
17574,190085807777,202919694902,12833887125
17575,190085807777,202919696828,12833889051
17576,190085807777,202919700161,12833892384
17577,190085807777,202919702069,12833894292
17578,190085807777,202919705384,12833897607
17579,190085807777,202919707310,12833899533
17580,190085807777,202919710661,12833902884
17581,190085807777,202919712569,12833904792
17582,190085807777,202919715902,12833908125
17583,190085807777,202919717810,12833910033
17584,190085807777,202919721124,12833913347
17585,190085807777,202919723013,12833915236
17586,190085807777,202919726347,12833918570
17587,190085807777,202919728273,12833920496
17588,190085807777,202919731588,12833923811
17589,190085807777,202919733476,12833925699
17590,190085807777,202919736773,12833928996
17591,190085807777,202919748384,12833940607
17592,190085807777,202919750310,12833942533
17593,190085807777,202919753458,12833945681
17594,190085807777,202919755365,12833947588
17595,190085807777,202919758514,12833950737
17596,190085807777,202919760402,12833952625
17746,190085807777,202919763532,12833955755
17747,190085807777,203119969764,13034161987
17748,190085807777,203119973709,13034165932
17749,190085807777,203119975709,13034167932
17750,190085807777,203119978857,13034171080
17751,190085807777,203119980783,13034173006
17752,190085807777,203119983986,13034176209
17753,190085807777,203119985875,13034178098
17754,190085807777,203119989023,13034181246
17755,190085807777,203119990949,13034183172
17756,190085807777,203119994097,13034186320
17757,190085807777,203119995986,13034188209
17758,190085807777,203119999097,13034191320
17759,190085807777,203120011523,13034203746
17760,190085807777,203120014968,13034207191
17761,190085807777,203120016894,13034209117
17762,190085807777,203120020023,13034212246
17763,190085807777,203120021949,13034214172
17764,190085807777,203120025135,13034217358
17765,190085807777,203120027024,13034219247
17766,190085807777,203120030172,13034222395
17767,190085807777,203120032061,13034224284
17768,190085807777,203120035264,13034227487
17769,190085807777,203120037153,13034229376
17770,190085807777,203120040301,13034232524
17771,190085807777,203120042209,13034234432
17772,190085807777,203120045375,13034237598
17773,190085807777,203120047264,13034239487
17774,190085807777,203120050413,13034242636
17775,190085807777,203120052320,13034244543
17776,190085807777,203120055487,13034247710
17777,190085807777,203120057357,13034249580
17778,190085807777,203120060505,13034252728
17779,190085807777,203120062413,13034254636
17780,190085807777,203120065579,13034257802
17781,190085807777,203120067468,13034259691
17782,190085807777,203120070616,13034262839
17783,190085807777,203120072524,13034264747
17784,190085807777,203120075672,13034267895
17785,190085807777,203120077542,13034269765
17786,190085807777,203120080690,13034272913
17787,190085807777,203120082579,13034274802
17788,190085807777,203120085746,13034277969
17789,190085807777,203120087635,13034279858
17790,190085807777,203120090802,13034283025
17791,190085807777,203120092690,13034284913
17792,190085807777,203120095876,13034288099
17793,190085807777,203120097765,13034289988
17794,190085807777,203120100913,13034293136
17795,190085807777,203120102802,13034295025
17796,190085807777,203120105950,13034298173
17797,190085807777,203120107857,13034300080
17798,190085807777,203120111042,13034303265
17799,190085807777,203120112931,13034305154
17800,190085807777,203120116098,13034308321
17801,190085807777,203120118005,13034310228
17802,190085807777,203120121154,13034313377
17803,190085807777,203120131117,13034323340
17804,190085807777,203120134431,13034326654
17805,190085807777,203120136339,13034328562
17806,190085807777,203120139505,13034331728
17807,190085807777,203120141394,13034333617
17808,190085807777,203120144598,13034336821
17809,190085807777,203120155468,13034347691
17810,190085807777,203120157691,13034349914
17811,190085807777,203120160913,13034353136
17812,190085807777,203120162839,13034355062
17813,190085807777,203120166024,13034358247
17814,190085807777,203120167894,13034360117
17815,190085807777,203120171080,13034363303
17816,190085807777,203120172987,13034365210
17817,190085807777,203120176135,13034368358
17818,190085807777,203120184617,13034376840
17819,190085807777,203120187987,13034380210
17820,190085807777,203120189913,13034382136
17821,190085807777,203120201395,13034393618
17822,190085807777,203120203320,13034395543
17823,190085807777,203120206506,13034398729
17824,190085807777,203120208432,13034400655
17825,190085807777,203120211598,13034403821
17826,190085807777,203120213487,13034405710
17827,190085807777,203120216635,13034408858
17828,190085807777,203120218561,13034410784
17829,190085807777,203120221746,13034413969
17830,190085807777,203120223635,13034415858
17831,190085807777,203120226802,13034419025
17832,190085807777,203120228728,13034420951
17833,190085807777,203120231895,13034424118
17834,190085807777,203120233784,13034426007
17835,190085807777,203120236969,13034429192
17836,190085807777,203120238895,13034431118
17837,190085807777,203120242080,13034434303
17838,190085807777,203120243950,13034436173
17839,190085807777,203120253765,13034445988
17840,190085807777,203120255747,13034447970
17841,190085807777,203120258858,13034451081
17842,190085807777,203120260728,13034452951
17843,190085807777,203120263895,13034456118
17844,190085807777,203120265821,13034458044
17845,190085807777,203120268987,13034461210
17846,190085807777,203120270858,13034463081
17847,190085807777,203120274024,13034466247
17848,190085807777,203120275932,13034468155
17849,190085807777,203120279062,13034471285
17850,190085807777,203120280950,13034473173
17851,190085807777,203120284099,13034476322
17852,190085807777,203120286006,13034478229
17853,190085807777,203120289265,13034481488
17854,190085807777,203120291136,13034483359
17855,190085807777,203120294506,13034486729
17856,190085807777,203120296413,13034488636
17857,190085807777,203120299747,13034491970
17858,190085807777,203120301636,13034493859
17859,190085807777,203120305006,13034497229
17860,190085807777,203120306913,13034499136
17861,190085807777,203120310265,13034502488
17862,190085807777,203120312154,13034504377
17863,190085807777,203120315488,13034507711
17864,190085807777,203120317395,13034509618
17865,190085807777,203120320728,13034512951
17866,190085807777,203120322617,13034514840
17867,190085807777,203120325802,13034518025
17868,190085807777,203120327710,13034519933
17869,190085807777,203120330877,13034523100
17870,190085807777,203120332765,13034524988
17871,190085807777,203120335951,13034528174
17872,190085807777,203120337877,13034530100
17873,190085807777,203120341006,13034533229
17874,190085807777,203120342877,13034535100
18024,190085807777,203320549823,13234742046
18025,190085807777,203320553657,13234745880
18026,190085807777,203320555638,13234747861
18027,190085807777,203320558823,13234751046
18028,190085807777,203320560731,13234752954
18029,190085807777,203320563897,13234756120
18030,190085807777,203320565768,13234757991
18031,190085807777,203320568934,13234761157
18032,190085807777,203320570842,13234763065
18033,190085807777,203320574027,13234766250
18034,190085807777,203320575916,13234768139
18035,190085807777,203320579064,13234771287
18036,190085807777,203320580953,13234773176
18037,190085807777,203320584120,13234776343
18038,190085807777,203320586009,13234778232
18039,190085807777,203320589175,13234781398
18040,190085807777,203320591083,13234783306
18041,190085807777,203320594286,13234786509
18042,190085807777,203320596175,13234788398
18043,190085807777,203320599342,13234791565
18044,190085807777,203320601231,13234793454
18045,190085807777,203320604398,13234796621
18046,190085807777,203320606286,13234798509
18047,190085807777,203320617546,13234809769
18048,190085807777,203320619490,13234811713
18049,190085807777,203320622675,13234814898
18050,190085807777,203320624546,13234816769
18051,190085807777,203320627712,13234819935
18052,190085807777,203320629601,13234821824
18053,190085807777,203320632768,13234824991
18054,190085807777,203320634657,13234826880
18055,190085807777,203320637824,13234830047
18056,190085807777,203320639731,13234831954
18057,190085807777,203320642879,13234835102
18058,190085807777,203320644787,13234837010
18059,190085807777,203320647935,13234840158
18060,190085807777,203320649824,13234842047
18061,190085807777,203320653009,13234845232
18062,190085807777,203320654879,13234847102
18063,190085807777,203320658046,13234850269
18064,190085807777,203320659935,13234852158
18065,190085807777,203320669509,13234861732
18066,190085807777,203320671435,13234863658
18067,190085807777,203320682620,13234874843
18068,190085807777,203320685916,13234878139
18069,190085807777,203320687824,13234880047
18070,190085807777,203320690990,13234883213
18071,190085807777,203320692861,13234885084
18072,190085807777,203320696009,13234888232
18073,190085807777,203320697972,13234890195
18074,190085807777,203320701139,13234893362
18075,190085807777,203320703009,13234895232
18076,190085807777,203320706157,13234898380
18077,190085807777,203320708065,13234900288
18078,190085807777,203320711213,13234903436
18079,190085807777,203320713102,13234905325
18080,190085807777,203320716231,13234908454
18081,190085807777,203320718157,13234910380
18082,190085807777,203320721287,13234913510
18083,190085807777,203320723176,13234915399
18084,190085807777,203320726491,13234918714
18085,190085807777,203320734713,13234926936
18086,190085807777,203320738176,13234930399
18087,190085807777,203320740046,13234932269
18088,190085807777,203320743194,13234935417
18089,190085807777,203320745120,13234937343
18090,190085807777,203320748231,13234940454
18091,190085807777,203320750102,13234942325
18092,190085807777,203320753287,13234945510
18093,190085807777,203320755194,13234947417
18094,190085807777,203320758398,13234950621
18095,190085807777,203320760269,13234952492
18096,190085807777,203320763417,13234955640
18097,190085807777,203320765343,13234957566
18098,190085807777,203320768454,13234960677
18099,190085807777,203320770324,13234962547
18100,190085807777,203320773509,13234965732
18101,190085807777,203320775417,13234967640
18102,190085807777,203320778565,13234970788
18103,190085807777,203320780454,13234972677
18104,190085807777,203320783602,13234975825
18105,190085807777,203320785509,13234977732
18106,190085807777,203320788676,13234980899
18107,190085807777,203320790546,13234982769
18108,190085807777,203320793713,13234985936
18109,190085807777,203320795639,13234987862
18110,190085807777,203320798806,13234991029
18111,190085807777,203320800676,13234992899
18112,190085807777,203320803824,13234996047
18113,190085807777,203320805806,13234998029
18114,190085807777,203320808991,13235001214
18115,190085807777,203320810880,13235003103
18116,190085807777,203320814046,13235006269
18117,190085807777,203320815954,13235008177
18118,190085807777,203320819139,13235011362
18119,190085807777,203320821009,13235013232
18120,190085807777,203320824158,13235016381
18121,190085807777,203320826084,13235018307
18122,190085807777,203320829250,13235021473
18123,190085807777,203320831139,13235023362
18124,190085807777,203320834287,13235026510
18125,190085807777,203320836213,13235028436
18126,190085807777,203320839398,13235031621
18127,190085807777,203320841269,13235033492
18128,190085807777,203320844417,13235036640
18129,190085807777,203320846343,13235038566
18130,190085807777,203320857676,13235049899
18131,190085807777,203320860899,13235053122
18132,190085807777,203320862806,13235055029
18133,190085807777,203320865954,13235058177
18134,190085807777,203320867843,13235060066
18135,190085807777,203320871010,13235063233
18136,190085807777,203320872880,13235065103
18137,190085807777,203320876065,13235068288
18138,190085807777,203320877954,13235070177
18139,190085807777,203320881084,13235073307
18140,190085807777,203320882973,13235075196
18141,190085807777,203320886139,13235078362
18142,190085807777,203320888028,13235080251
18143,190085807777,203320891195,13235083418
18144,190085807777,203320911825,13235104048
18145,190085807777,203320925269,13235117492
18146,190085807777,203320928528,13235120751
18147,190085807777,203320930417,13235122640
18148,190085807777,203320933565,13235125788
18149,190085807777,203320935473,13235127696
18150,190085807777,203320938640,13235130863
18151,190085807777,203320940528,13235132751
18301,190085807777,203320943677,13235135900
18302,190085807777,203521149448,13435341671
18303,190085807777,203521153281,13435345504
18304,190085807777,203521155226,13435347449
18305,190085807777,203521158374,13435350597
18306,190085807777,203521160318,13435352541
18307,190085807777,203521163411,13435355634
18308,190085807777,203521165300,13435357523
18309,190085807777,203521168448,13435360671
18310,190085807777,203521170355,13435362578
18311,190085807777,203521173503,13435365726
18312,190085807777,203521175392,13435367615
18313,190085807777,203521178559,13435370782
18314,190085807777,203521186874,13435379097
18315,190085807777,203521190133,13435382356
18316,190085807777,203521192022,13435384245
18317,190085807777,203521195170,13435387393
18318,190085807777,203521197078,13435389301
18319,190085807777,203521200226,13435392449
18320,190085807777,203521202115,13435394338
18321,190085807777,203521205263,13435397486
18322,190085807777,203521207189,13435399412
18323,190085807777,203521210281,13435402504
18324,190085807777,203521212170,13435404393
18325,190085807777,203521215337,13435407560
18326,190085807777,203521217281,13435409504
18327,190085807777,203521220448,13435412671
18328,190085807777,203521222356,13435414579
18329,190085807777,203521225541,13435417764
18330,190085807777,203521227467,13435419690
18331,190085807777,203521230596,13435422819
18332,190085807777,203521232485,13435424708
18333,190085807777,203521235633,13435427856
18334,190085807777,203521237559,13435429782
18335,190085807777,203521240707,13435432930
18336,190085807777,203521242578,13435434801
18337,190085807777,203521245726,13435437949
18338,190085807777,203521247652,13435439875
18339,190085807777,203521250819,13435443042
18340,190085807777,203521252707,13435444930
18341,190085807777,203521255893,13435448116
18342,190085807777,203521257800,13435450023
18343,190085807777,203521260930,13435453153
18344,190085807777,203521262819,13435455042
18345,190085807777,203521265985,13435458208
18346,190085807777,203521267911,13435460134
18347,190085807777,203521271041,13435463264
18348,190085807777,203521272948,13435465171
18349,190085807777,203521276115,13435468338
18350,190085807777,203521278041,13435470264
18351,190085807777,203521281189,13435473412
18352,190085807777,203521283078,13435475301
18353,190085807777,203521286263,13435478486
18354,190085807777,203521288189,13435480412
18355,190085807777,203521291319,13435483542
18356,190085807777,203521293208,13435485431
18357,190085807777,203521296374,13435488597
18358,190085807777,203521298282,13435490505
18359,190085807777,203521309560,13435501783
18360,190085807777,203521311485,13435503708
18361,190085807777,203521314634,13435506857
18362,190085807777,203521316578,13435508801
18363,190085807777,203521319689,13435511912
18364,190085807777,203521321560,13435513783
18365,190085807777,203521324745,13435516968
18366,190085807777,203521326671,13435518894
18367,190085807777,203521329782,13435522005
18368,190085807777,203521331671,13435523894
18369,190085807777,203521334763,13435526986
18370,190085807777,203521336689,13435528912
18371,190085807777,203521339856,13435532079
18372,190085807777,203521341726,13435533949
18373,190085807777,203521344874,13435537097
18374,190085807777,203521346819,13435539042
18375,190085807777,203521349986,13435542209
18376,190085807777,203521351875,13435544098
18377,190085807777,203521361467,13435553690
18378,190085807777,203521364912,13435557135
18379,190085807777,203521366782,13435559005
18380,190085807777,203521378301,13435570524
18381,190085807777,203521380226,13435572449
18382,190085807777,203521383393,13435575616
18383,190085807777,203521385282,13435577505
18384,190085807777,203521388430,13435580653
18385,190085807777,203521390338,13435582561
18386,190085807777,203521393504,13435585727
18387,190085807777,203521395393,13435587616
18388,190085807777,203521398541,13435590764
18389,190085807777,203521400449,13435592672
18390,190085807777,203521403634,13435595857
18391,190085807777,203521405541,13435597764
18392,190085807777,203521408782,13435601005
18393,190085807777,203521410690,13435602913
18394,190085807777,203521414023,13435606246
18395,190085807777,203521415912,13435608135
18396,190085807777,203521419227,13435611450
18397,190085807777,203521427412,13435619635
18398,190085807777,203521430801,13435623024
18399,190085807777,203521432671,13435624894
18400,190085807777,203521435782,13435628005
18401,190085807777,203521437690,13435629913
18402,190085807777,203521440875,13435633098
18403,190085807777,203521442745,13435634968
18404,190085807777,203521445912,13435638135
18405,190085807777,203521447819,13435640042
18406,190085807777,203521450986,13435643209
18407,190085807777,203521452875,13435645098
18408,190085807777,203521456005,13435648228
18409,190085807777,203521457912,13435650135
18410,190085807777,203521461097,13435653320
18411,190085807777,203521462986,13435655209
18412,190085807777,203521466116,13435658339
18413,190085807777,203521468023,13435660246
18414,190085807777,203521471208,13435663431
18415,190085807777,203521473097,13435665320
18416,190085807777,203521476208,13435668431
18417,190085807777,203521478116,13435670339
18418,190085807777,203521481301,13435673524
18419,190085807777,203521483171,13435675394
18420,190085807777,203521486282,13435678505
18421,190085807777,203521488190,13435680413
18422,190085807777,203521491375,13435683598
18423,190085807777,203521493245,13435685468
18424,190085807777,203521496412,13435688635
18425,190085807777,203521498301,13435690524
18426,190085807777,203521501412,13435693635
18427,190085807777,203521503301,13435695524
18428,190085807777,203521506486,13435698709
18429,190085807777,203521508375,13435700598
18578,190085807777,203521511560,13435703783
18579,190085807777,203721717498,13635909721
18580,190085807777,203721721239,13635913462
18581,190085807777,203721723183,13635915406
18582,190085807777,203721726313,13635918536
18583,190085807777,203721728183,13635920406
18584,190085807777,203721731295,13635923518
18585,190085807777,203721733183,13635925406
18586,190085807777,203721736313,13635928536
18587,190085807777,203721738202,13635930425
18588,190085807777,203721741369,13635933592
18589,190085807777,203721743258,13635935481
18590,190085807777,203721746535,13635938758
18591,190085807777,203721748424,13635940647
18592,190085807777,203721751739,13635943962
18593,190085807777,203721753609,13635945832
18594,190085807777,203721765072,13635957295
18595,190085807777,203721768517,13635960740
18596,190085807777,203721770406,13635962629
18597,190085807777,203721773535,13635965758
18598,190085807777,203721775443,13635967666
18599,190085807777,203721778591,13635970814
18600,190085807777,203721780480,13635972703
18601,190085807777,203721783610,13635975833
18602,190085807777,203721785517,13635977740
18603,190085807777,203721788665,13635980888
18604,190085807777,203721790536,13635982759
18605,190085807777,203721793702,13635985925
18606,190085807777,203721795610,13635987833
18607,190085807777,203721798776,13635990999
18608,190085807777,203721800665,13635992888
18609,190085807777,203721803832,13635996055
18610,190085807777,203721805739,13635997962
18611,190085807777,203721808906,13636001129
18612,190085807777,203721817128,13636009351
18613,190085807777,203721820517,13636012740
18614,190085807777,203721822425,13636014648
18615,190085807777,203721833850,13636026073
18616,190085807777,203721835776,13636027999
18617,190085807777,203721838925,13636031148
18618,190085807777,203721840832,13636033055
18619,190085807777,203721843999,13636036222
18620,190085807777,203721845869,13636038092
18621,190085807777,203721848999,13636041222
18622,190085807777,203721850925,13636043148
18623,190085807777,203721854091,13636046314
18624,190085807777,203721855962,13636048185
18625,190085807777,203721859091,13636051314
18626,190085807777,203721860999,13636053222
18627,190085807777,203721864147,13636056370
18628,190085807777,203721875480,13636067703
18629,190085807777,203721883943,13636076166
18630,190085807777,203721887240,13636079463
18631,190085807777,203721889128,13636081351
18632,190085807777,203721892258,13636084481
18633,190085807777,203721894147,13636086370
18634,190085807777,203721897277,13636089500
18635,190085807777,203721899166,13636091389
18636,190085807777,203721902314,13636094537
18637,190085807777,203721904184,13636096407
18638,190085807777,203721907351,13636099574
18639,190085807777,203721909221,13636101444
18640,190085807777,203721912369,13636104592
18641,190085807777,203721914240,13636106463
18642,190085807777,203721917592,13636109815
18643,190085807777,203721919462,13636111685
18644,190085807777,203721922740,13636114963
18645,190085807777,203721924629,13636116852
18646,190085807777,203721927962,13636120185
18647,190085807777,203721929869,13636122092
18648,190085807777,203721933147,13636125370
18649,190085807777,203721935018,13636127241
18650,190085807777,203721938369,13636130592
18651,190085807777,203721940240,13636132463
18652,190085807777,203721943555,13636135778
18653,190085807777,203721945425,13636137648
18654,190085807777,203721948758,13636140981
18655,190085807777,203721950629,13636142852
18656,190085807777,203721953906,13636146129
18657,190085807777,203721955777,13636148000
18658,190085807777,203721959129,13636151352
18659,190085807777,203721960999,13636153222
18660,190085807777,203721964295,13636156518
18661,190085807777,203721966166,13636158389
18662,190085807777,203721969499,13636161722
18663,190085807777,203721971370,13636163593
18664,190085807777,203721974721,13636166944
18665,190085807777,203721976592,13636168815
18666,190085807777,203721979925,13636172148
18667,190085807777,203721981795,13636174018
18668,190085807777,203721985147,13636177370
18669,190085807777,203721987036,13636179259
18670,190085807777,203721990333,13636182556
18671,190085807777,203721992203,13636184426
18672,190085807777,203721995499,13636187722
18673,190085807777,203722005407,13636197630
18674,190085807777,203722008851,13636201074
18675,190085807777,203722010722,13636202945
18676,190085807777,203722013888,13636206111
18677,190085807777,203722015759,13636207982
18678,190085807777,203722018907,13636211130
18679,190085807777,203722020796,13636213019
18680,190085807777,203722023925,13636216148
18681,190085807777,203722025814,13636218037
18682,190085807777,203722028962,13636221185
18683,190085807777,203722030851,13636223074
18684,190085807777,203722033999,13636226222
18685,190085807777,203722035870,13636228093
18686,190085807777,203722039055,13636231278
18687,190085807777,203722040944,13636233167
18688,190085807777,203722044073,13636236296
18689,190085807777,203722045962,13636238185
18690,190085807777,203722049148,13636241371
18691,190085807777,203722050999,13636243222
18692,190085807777,203722060907,13636253130
18693,190085807777,203722062777,13636255000
18694,190085807777,203722074018,13636266241
18695,190085807777,203722077240,13636269463
18696,190085807777,203722079129,13636271352
18697,190085807777,203722082277,13636274500
18698,190085807777,203722084185,13636276408
18699,190085807777,203722087296,13636279519
18700,190085807777,203722089166,13636281389
18701,190085807777,203722092426,13636284649
18702,190085807777,203722094333,13636286556
18703,190085807777,203722097629,13636289852
18704,190085807777,203722099518,13636291741
18705,190085807777,203722102796,13636295019
18706,190085807777,203722104703,13636296926
18855,190085807777,203722108000,13636300223
18856,190085807777,203922313697,13836505920
18857,190085807777,203922317438,13836509661
18858,190085807777,203922319401,13836511624
18859,190085807777,203922322567,13836514790
18860,190085807777,203922324586,13836516809
18861,190085807777,203922327734,13836519957
18862,190085807777,203922329641,13836521864
18863,190085807777,203922332752,13836524975
18864,190085807777,203922334641,13836526864
18865,190085807777,203922337827,13836530050
18866,190085807777,203922339734,13836531957
18867,190085807777,203922342901,13836535124
18868,190085807777,203922344790,13836537013
18869,190085807777,203922347919,13836540142
18870,190085807777,203922349845,13836542068
18871,190085807777,203922353012,13836545235
18872,190085807777,203922354882,13836547105
18873,190085807777,203922358049,13836550272
18874,190085807777,203922359975,13836552198
18875,190085807777,203922363123,13836555346
18876,190085807777,203922365012,13836557235
18877,190085807777,203922368178,13836560401
18878,190085807777,203922370104,13836562327
18879,190085807777,203922373253,13836565476
18880,190085807777,203922375123,13836567346
18881,190085807777,203922378308,13836570531
18882,190085807777,203922380216,13836572439
18883,190085807777,203922383308,13836575531
18884,190085807777,203922385197,13836577420
18885,190085807777,203922388364,13836580587
18886,190085807777,203922390290,13836582513
18887,190085807777,203922393438,13836585661
18888,190085807777,203922395327,13836587550
18889,190085807777,203922398456,13836590679
18890,190085807777,203922400364,13836592587
18891,190085807777,203922403493,13836595716
18892,190085807777,203922405382,13836597605
18893,190085807777,203922408512,13836600735
18894,190085807777,203922410419,13836602642
18895,190085807777,203922413568,13836605791
18896,190085807777,203922415438,13836607661
18897,190085807777,203922426790,13836619013
18898,190085807777,203922430086,13836622309
18899,190085807777,203922431994,13836624217
18900,190085807777,203922435142,13836627365
18901,190085807777,203922437049,13836629272
18902,190085807777,203922440234,13836632457
18903,190085807777,203922442142,13836634365
18904,190085807777,203922445382,13836637605
18905,190085807777,203922447290,13836639513
18906,190085807777,203922450605,13836642828
18907,190085807777,203922452494,13836644717
18908,190085807777,203922455771,13836647994
18909,190085807777,203922457679,13836649902
18910,190085807777,203922461031,13836653254
18911,190085807777,203922462920,13836655143
18912,190085807777,203922466197,13836658420
18913,190085807777,203922468105,13836660328
18914,190085807777,203922471457,13836663680
18915,190085807777,203922481494,13836673717
18916,190085807777,203922483420,13836675643
18917,190085807777,203922494642,13836686865
18918,190085807777,203922497846,13836690069
18919,190085807777,203922499753,13836691976
18920,190085807777,203922502901,13836695124
18921,190085807777,203922504790,13836697013
18922,190085807777,203922507938,13836700161
18923,190085807777,203922509827,13836702050
18924,190085807777,203922513068,13836705291
18925,190085807777,203922514957,13836707180
18926,190085807777,203922518309,13836710532
18927,190085807777,203922520179,13836712402
18928,190085807777,203922523512,13836715735
18929,190085807777,203922525401,13836717624
18930,190085807777,203922528735,13836720958
18931,190085807777,203922530624,13836722847
18932,190085807777,203922533920,13836726143
18933,190085807777,203922535809,13836728032
18934,190085807777,203922545494,13836737717
18935,190085807777,203922548883,13836741106
18936,190085807777,203922550790,13836743013
18937,190085807777,203922553920,13836746143
18938,190085807777,203922555827,13836748050
18939,190085807777,203922559013,13836751236
18940,190085807777,203922560901,13836753124
18941,190085807777,203922564050,13836756273
18942,190085807777,203922565957,13836758180
18943,190085807777,203922569068,13836761291
18944,190085807777,203922570957,13836763180
18945,190085807777,203922574124,13836766347
18946,190085807777,203922576050,13836768273
18947,190085807777,203922579179,13836771402
18948,190085807777,203922581068,13836773291
18949,190085807777,203922584198,13836776421
18950,190085807777,203922586124,13836778347
18951,190085807777,203922589235,13836781458
18952,190085807777,203922591105,13836783328
18953,190085807777,203922594253,13836786476
18954,190085807777,203922596179,13836788402
18955,190085807777,203922599346,13836791569
18956,190085807777,203922601235,13836793458
18957,190085807777,203922604328,13836796551
18958,190085807777,203922606235,13836798458
18959,190085807777,203922609383,13836801606
18960,190085807777,203922611253,13836803476
18961,190085807777,203922614402,13836806625
18962,190085807777,203922635235,13836827458
18963,190085807777,203922637291,13836829514
18964,190085807777,203922640494,13836832717
18965,190085807777,203922642383,13836834606
18966,190085807777,203922645568,13836837791
18967,190085807777,203922647439,13836839662
18968,190085807777,203922650605,13836842828
18969,190085807777,203922652476,13836844699
18970,190085807777,203922655661,13836847884
18971,190085807777,203922657550,13836849773
18972,190085807777,203922668883,13836861106
18973,190085807777,203922670828,13836863051
18974,190085807777,203922673994,13836866217
18975,190085807777,203922675865,13836868088
18976,190085807777,203922679069,13836871292
18977,190085807777,203922680957,13836873180
18978,190085807777,203922684069,13836876292
18979,190085807777,203922685957,13836878180
18980,190085807777,203922689106,13836881329
18981,190085807777,203922690995,13836883218
18982,190085807777,203922694198,13836886421
18983,190085807777,203922696069,13836888292
19133,190085807777,204122911210,14037103433
19134,190085807777,204122914932,14037107155
19135,190085807777,204122916933,14037109156
19136,190085807777,204122920155,14037112378
19137,190085807777,204122922081,14037114304
19138,190085807777,204122925266,14037117489
19139,190085807777,204122927173,14037119396
19140,190085807777,204122930396,14037122619
19141,190085807777,204122932284,14037124507
19142,190085807777,204122935414,14037127637
19143,190085807777,204122937359,14037129582
19144,190085807777,204122940507,14037132730
19145,190085807777,204122942396,14037134619
19146,190085807777,204122945544,14037137767
19147,190085807777,204122947451,14037139674
19148,190085807777,204122950673,14037142896
19149,190085807777,204122952544,14037144767
19150,190085807777,204122955840,14037148063
19151,190085807777,204122964210,14037156433
19152,190085807777,204122967636,14037159859
19153,190085807777,204122969525,14037161748
19154,190085807777,204122972692,14037164915
19155,190085807777,204122974618,14037166841
19156,190085807777,204122977785,14037170008
19157,190085807777,204122979673,14037171896
19158,190085807777,204122982840,14037175063
19159,190085807777,204122984803,14037177026
19160,190085807777,204122987970,14037180193
19161,190085807777,204122989859,14037182082
19162,190085807777,204122993025,14037185248
19163,190085807777,204122994951,14037187174
19164,190085807777,204122998266,14037190489
19165,190085807777,204123000137,14037192360
19166,190085807777,204123003414,14037195637
19167,190085807777,204123005322,14037197545
19168,190085807777,204123008637,14037200860
19169,190085807777,204123010544,14037202767
19170,190085807777,204123013859,14037206082
19171,190085807777,204123015785,14037208008
19172,190085807777,204123019118,14037211341
19173,190085807777,204123020988,14037213211
19174,190085807777,204123024266,14037216489
19175,190085807777,204123026192,14037218415
19176,190085807777,204123029526,14037221749
19177,190085807777,204123031414,14037223637
19178,190085807777,204123034729,14037226952
19179,190085807777,204123036637,14037228860
19180,190085807777,204123039951,14037232174
19181,190085807777,204123041840,14037234063
19182,190085807777,204123045155,14037237378
19183,190085807777,204123047081,14037239304
19184,190085807777,204123050396,14037242619
19185,190085807777,204123052285,14037244508
19186,190085807777,204123055581,14037247804
19187,190085807777,204123057507,14037249730
19188,190085807777,204123060840,14037253063
19189,190085807777,204123062729,14037254952
19190,190085807777,204123066063,14037258286
19191,190085807777,204123067970,14037260193
19192,190085807777,204123071285,14037263508
19193,190085807777,204123073192,14037265415
19194,190085807777,204123076452,14037268675
19195,190085807777,204123088118,14037280341
19196,190085807777,204123090026,14037282249
19197,190085807777,204123093174,14037285397
19198,190085807777,204123095063,14037287286
19199,190085807777,204123098211,14037290434
19200,190085807777,204123100081,14037292304
19201,190085807777,204123103174,14037295397
19202,190085807777,204123105063,14037297286
19203,190085807777,204123108248,14037300471
19204,190085807777,204123110137,14037302360
19205,190085807777,204123113285,14037305508
19206,190085807777,204123115174,14037307397
19207,190085807777,204123118359,14037310582
19208,190085807777,204123120248,14037312471
19209,190085807777,204123123359,14037315582
19210,190085807777,204123125230,14037317453
19211,190085807777,204123128415,14037320638
19212,190085807777,204123130304,14037322527
19213,190085807777,204123140026,14037332249
19214,190085807777,204123142063,14037334286
19215,190085807777,204123153230,14037345453
19216,190085807777,204123156507,14037348730
19217,190085807777,204123158396,14037350619
19218,190085807777,204123161545,14037353768
19219,190085807777,204123163470,14037355693
19220,190085807777,204123166582,14037358805
19221,190085807777,204123168470,14037360693
19222,190085807777,204123171674,14037363897
19223,190085807777,204123173582,14037365805
19224,190085807777,204123176730,14037368953
19225,190085807777,204123178619,14037370842
19226,190085807777,204123181822,14037374045
19227,190085807777,204123183730,14037375953
19228,190085807777,204123186878,14037379101
19229,190085807777,204123188748,14037380971
19230,190085807777,204123191859,14037384082
19231,190085807777,204123193767,14037385990
19232,190085807777,204123196934,14037389157
19233,190085807777,204123205193,14037397416
19234,190085807777,204123208471,14037400694
19235,190085807777,204123210397,14037402620
19236,190085807777,204123213489,14037405712
19237,190085807777,204123215378,14037407601
19238,190085807777,204123218563,14037410786
19239,190085807777,204123220489,14037412712
19240,190085807777,204123223637,14037415860
19241,190085807777,204123225508,14037417731
19242,190085807777,204123228674,14037420897
19243,190085807777,204123230582,14037422805
19244,190085807777,204123233730,14037425953
19245,190085807777,204123235600,14037427823
19246,190085807777,204123238711,14037430934
19247,190085807777,204123240637,14037432860
19248,190085807777,204123243804,14037436027
19249,190085807777,204123245693,14037437916
19250,190085807777,204123248860,14037441083
19251,190085807777,204123250767,14037442990
19252,190085807777,204123254045,14037446268
19253,190085807777,204123255915,14037448138
19254,190085807777,204123259230,14037451453
19255,190085807777,204123261138,14037453361
19256,190085807777,204123264452,14037456675
19257,190085807777,204123266323,14037458546
19258,190085807777,204123269638,14037461861
19259,190085807777,204123271545,14037463768
19260,190085807777,204123274860,14037467083
19410,190085807777,204123276749,14037468972
19411,190085807777,204323483938,14237676161
19412,190085807777,204323487679,14237679902
19413,190085807777,204323489661,14237681884
19414,190085807777,204323492883,14237685106
19415,190085807777,204323494827,14237687050
19416,190085807777,204323498031,14237690254
19417,190085807777,204323499920,14237692143
19418,190085807777,204323503068,14237695291
19419,190085807777,204323504957,14237697180
19420,190085807777,204323508124,14237700347
19421,190085807777,204323509994,14237702217
19422,190085807777,204323513142,14237705365
19423,190085807777,204323515012,14237707235
19424,190085807777,204323518198,14237710421
19425,190085807777,204323520068,14237712291
19426,190085807777,204323523198,14237715421
19427,190085807777,204323525068,14237717291
19428,190085807777,204323528290,14237720513
19429,190085807777,204323530161,14237722384
19430,190085807777,204323533309,14237725532
19431,190085807777,204323535179,14237727402
19432,190085807777,204323538364,14237730587
19433,190085807777,204323540253,14237732476
19434,190085807777,204323543401,14237735624
19435,190085807777,204323545290,14237737513
19436,190085807777,204323548457,14237740680
19437,190085807777,204323550327,14237742550
19438,190085807777,204323553457,14237745680
19439,190085807777,204323555346,14237747569
19440,190085807777,204323566679,14237758902
19441,190085807777,204323569976,14237762199
19442,190085807777,204323571865,14237764088
19443,190085807777,204323575013,14237767236
19444,190085807777,204323576902,14237769125
19445,190085807777,204323580050,14237772273
19446,190085807777,204323590753,14237782976
19447,190085807777,204323592920,14237785143
19448,190085807777,204323596142,14237788365
19449,190085807777,204323598031,14237790254
19450,190085807777,204323601161,14237793384
19451,190085807777,204323603068,14237795291
19452,190085807777,204323606217,14237798440
19453,190085807777,204323608087,14237800310
19454,190085807777,204323617772,14237809995
19455,190085807777,204323621124,14237813347
19456,190085807777,204323623143,14237815366
19457,190085807777,204323634309,14237826532
19458,190085807777,204323637568,14237829791
19459,190085807777,204323639457,14237831680
19460,190085807777,204323642606,14237834829
19461,190085807777,204323644494,14237836717
19462,190085807777,204323647643,14237839866
19463,190085807777,204323649531,14237841754
19464,190085807777,204323652698,14237844921
19465,190085807777,204323654569,14237846792
19466,190085807777,204323657735,14237849958
19467,190085807777,204323659606,14237851829
19468,190085807777,204323662754,14237854977
19469,190085807777,204323664624,14237856847
19470,190085807777,204323667920,14237860143
19471,190085807777,204323669809,14237862032
19472,190085807777,204323673124,14237865347
19473,190085807777,204323675013,14237867236
19474,190085807777,204323678309,14237870532
19475,190085807777,204323688254,14237880477
19476,190085807777,204323690217,14237882440
19477,190085807777,204323693384,14237885607
19478,190085807777,204323695254,14237887477
19479,190085807777,204323698384,14237890607
19480,190085807777,204323700291,14237892514
19481,190085807777,204323703439,14237895662
19482,190085807777,204323705309,14237897532
19483,190085807777,204323708476,14237900699
19484,190085807777,204323710384,14237902607
19485,190085807777,204323713513,14237905736
19486,190085807777,204323715402,14237907625
19487,190085807777,204323718550,14237910773
19488,190085807777,204323720476,14237912699
19489,190085807777,204323723773,14237915996
19490,190085807777,204323725661,14237917884
19491,190085807777,204323728939,14237921162
19492,190085807777,204323730847,14237923070
19493,190085807777,204323734161,14237926384
19494,190085807777,204323736032,14237928255
19495,190085807777,204323739328,14237931551
19496,190085807777,204323741236,14237933459
19497,190085807777,204323744513,14237936736
19498,190085807777,204323746384,14237938607
19499,190085807777,204323749680,14237941903
19500,190085807777,204323751606,14237943829
19501,190085807777,204323754939,14237947162
19502,190085807777,204323756828,14237949051
19503,190085807777,204323760106,14237952329
19504,190085807777,204323762013,14237954236
19505,190085807777,204323765328,14237957551
19506,190085807777,204323767199,14237959422
19507,190085807777,204323770495,14237962718
19508,190085807777,204323772402,14237964625
19509,190085807777,204323775754,14237967977
19510,190085807777,204323777643,14237969866
19511,190085807777,204323780939,14237973162
19512,190085807777,204323782884,14237975107
19513,190085807777,204323786217,14237978440
19514,190085807777,204323788088,14237980311
19515,190085807777,204323791384,14237983607
19516,190085807777,204323793291,14237985514
19517,190085807777,204323796606,14237988829
19518,190085807777,204323798476,14237990699
19519,190085807777,204323810088,14238002311
19520,190085807777,204323812051,14238004274
19521,190085807777,204323815162,14238007385
19522,190085807777,204323817032,14238009255
19523,190085807777,204323820180,14238012403
19524,190085807777,204323822088,14238014311
19525,190085807777,204323825236,14238017459
19526,190085807777,204323827106,14238019329
19527,190085807777,204323830217,14238022440
19528,190085807777,204323832125,14238024348
19529,190085807777,204323835291,14238027514
19530,190085807777,204323837162,14238029385
19531,190085807777,204323840310,14238032533
19532,190085807777,204323842236,14238034459
19533,190085807777,204323845403,14238037626
19534,190085807777,204323847273,14238039496
19535,190085807777,204323850421,14238042644
19536,190085807777,204323852329,14238044552
19537,190085807777,204323862088,14238054311
19538,190085807777,204323863995,14238056218
19687,190085807777,204323875236,14238067459
19688,190085807777,204524090751,14438282974
19689,190085807777,204524094640,14438286863
19690,190085807777,204524096547,14438288770
19691,190085807777,204524099732,14438291955
19692,190085807777,204524102195,14438294418
19693,190085807777,204524105251,14438297474
19694,190085807777,204524107121,14438299344
19695,190085807777,204524110288,14438302511
19696,190085807777,204524112195,14438304418
19697,190085807777,204524115510,14438307733
19698,190085807777,204524117380,14438309603
19699,190085807777,204524120695,14438312918
19700,190085807777,204524122603,14438314826
19701,190085807777,204524125918,14438318141
19702,190085807777,204524127806,14438320029
19703,190085807777,204524131103,14438323326
19704,190085807777,204524133010,14438325233
19705,190085807777,204524142732,14438334955
19706,190085807777,204524146214,14438338437
19707,190085807777,204524148103,14438340326
19708,190085807777,204524159510,14438351733
19709,190085807777,204524161418,14438353641
19710,190085807777,204524164529,14438356752
19711,190085807777,204524166399,14438358622
19712,190085807777,204524169566,14438361789
19713,190085807777,204524171436,14438363659
19714,190085807777,204524174566,14438366789
19715,190085807777,204524176473,14438368696
19716,190085807777,204524179621,14438371844
19717,190085807777,204524181510,14438373733
19718,190085807777,204524184621,14438376844
19719,190085807777,204524186510,14438378733
19720,190085807777,204524189677,14438381900
19721,190085807777,204524191547,14438383770
19722,190085807777,204524194659,14438386882
19723,190085807777,204524196547,14438388770
19724,190085807777,204524199696,14438391919
19725,190085807777,204524201566,14438393789
19726,190085807777,204524211288,14438403511
19727,190085807777,204524213214,14438405437
19728,190085807777,204524216362,14438408585
19729,190085807777,204524218399,14438410622
19730,190085807777,204524221548,14438413771
19731,190085807777,204524223418,14438415641
19732,190085807777,204524226566,14438418789
19733,190085807777,204524228455,14438420678
19734,190085807777,204524231585,14438423808
19735,190085807777,204524233455,14438425678
19736,190085807777,204524236585,14438428808
19737,190085807777,204524238455,14438430678
19738,190085807777,204524241733,14438433956
19739,190085807777,204524243622,14438435845
19740,190085807777,204524246937,14438439160
19741,190085807777,204524248807,14438441030
19742,190085807777,204524252122,14438444345
19743,190085807777,204524254011,14438446234
19744,190085807777,204524257325,14438449548
19745,190085807777,204524259196,14438451419
19746,190085807777,204524262492,14438454715
19747,190085807777,204524264363,14438456586
19748,190085807777,204524267696,14438459919
19749,190085807777,204524269548,14438461771
19750,190085807777,204524272863,14438465086
19751,190085807777,204524274733,14438466956
19752,190085807777,204524278048,14438470271
19753,190085807777,204524279918,14438472141
19754,190085807777,204524283214,14438475437
19755,190085807777,204524285066,14438477289
19756,190085807777,204524288400,14438480623
19757,190085807777,204524290270,14438482493
19758,190085807777,204524293529,14438485752
19759,190085807777,204524295400,14438487623
19760,190085807777,204524298714,14438490937
19761,190085807777,204524300585,14438492808
19762,190085807777,204524303863,14438496086
19763,190085807777,204524305733,14438497956
19764,190085807777,204524309066,14438501289
19765,190085807777,204524310955,14438503178
19766,190085807777,204524314233,14438506456
19767,190085807777,204524316103,14438508326
19768,190085807777,204524319363,14438511586
19769,190085807777,204524321233,14438513456
19770,190085807777,204524332585,14438524808
19771,190085807777,204524336029,14438528252
19772,190085807777,204524337937,14438530160
19773,190085807777,204524341066,14438533289
19774,190085807777,204524342918,14438535141
19775,190085807777,204524346048,14438538271
19776,190085807777,204524347955,14438540178
19777,190085807777,204524351085,14438543308
19778,190085807777,204524352955,14438545178
19779,190085807777,204524356104,14438548327
19780,190085807777,204524358011,14438550234
19781,190085807777,204524373030,14438565253
19782,190085807777,204524375567,14438567790
19783,190085807777,204524385270,14438577493
19784,190085807777,204524388585,14438580808
19785,190085807777,204524390493,14438582716
19786,190085807777,204524401919,14438594142
19787,190085807777,204524403826,14438596049
19788,190085807777,204524406993,14438599216
19789,190085807777,204524408882,14438601105
19790,190085807777,204524412011,14438604234
19791,190085807777,204524413882,14438606105
19792,190085807777,204524417030,14438609253
19793,190085807777,204524418919,14438611142
19794,190085807777,204524422048,14438614271
19795,190085807777,204524423919,14438616142
19796,190085807777,204524427104,14438619327
19797,190085807777,204524428974,14438621197
19798,190085807777,204524432122,14438624345
19799,190085807777,204524433974,14438626197
19800,190085807777,204524437141,14438629364
19801,190085807777,204524439011,14438631234
19802,190085807777,204524442159,14438634382
19803,190085807777,204524444048,14438636271
19804,190085807777,204524453771,14438645994
19805,190085807777,204524455678,14438647901
19806,190085807777,204524458808,14438651031
19807,190085807777,204524460697,14438652920
19808,190085807777,204524463863,14438656086
19809,190085807777,204524465752,14438657975
19810,190085807777,204524468845,14438661068
19811,190085807777,204524470715,14438662938
19812,190085807777,204524473863,14438666086
19813,190085807777,204524475752,14438667975
19814,190085807777,204524478882,14438671105
19815,190085807777,204524480752,14438672975
19964,190085807777,204524483900,14438676123
19965,190085807777,204724689748,14638881971
19966,190085807777,204724693526,14638885749
19967,190085807777,204724695452,14638887675
19968,190085807777,204724698600,14638890823
19969,190085807777,204724700471,14638892694
19970,190085807777,204724703619,14638895842
19971,190085807777,204724705526,14638897749
19972,190085807777,204724708674,14638900897
19973,190085807777,204724710545,14638902768
19974,190085807777,204724713674,14638905897
19975,190085807777,204724715545,14638907768
19976,190085807777,204724725137,14638917360
19977,190085807777,204724728415,14638920638
19978,190085807777,204724730323,14638922546
19979,190085807777,204724733563,14638925786
19980,190085807777,204724735582,14638927805
19981,190085807777,204724738749,14638930972
19982,190085807777,204724740637,14638932860
19983,190085807777,204724743767,14638935990
19984,190085807777,204724745675,14638937898
19985,190085807777,204724748804,14638941027
19986,190085807777,204724750675,14638942898
19987,190085807777,204724753804,14638946027
19988,190085807777,204724755693,14638947916
19989,190085807777,204724758860,14638951083
19990,190085807777,204724760712,14638952935
19991,190085807777,204724763971,14638956194
19992,190085807777,204724765897,14638958120
19993,190085807777,204724769212,14638961435
19994,190085807777,204724771082,14638963305
19995,190085807777,204724774360,14638966583
19996,190085807777,204724776267,14638968490
19997,190085807777,204724779545,14638971768
19998,190085807777,204724781415,14638973638
19999,190085807777,204724784712,14638976935
20000,190085807777,204724786619,14638978842
20001,190085807777,204724789934,14638982157
20002,190085807777,204724791786,14638984009
20003,190085807777,204724795101,14638987324
20004,190085807777,204724796990,14638989213
20005,190085807777,204724800286,14638992509
20006,190085807777,204724802175,14638994398
20007,190085807777,204724805490,14638997713
20008,190085807777,204724807397,14638999620
20009,190085807777,204724810656,14639002879
20010,190085807777,204724812527,14639004750
20011,190085807777,204724815860,14639008083
20012,190085807777,204724817767,14639009990
20013,190085807777,204724821064,14639013287
20014,190085807777,204724822916,14639015139
20015,190085807777,204724826193,14639018416
20016,190085807777,204724828101,14639020324
20017,190085807777,204724831397,14639023620
20018,190085807777,204724833267,14639025490
20019,190085807777,204724836619,14639028842
20020,190085807777,204724838508,14639030731
20021,190085807777,204724850138,14639042361
20022,190085807777,204724852008,14639044231
20023,190085807777,204724855156,14639047379
20024,190085807777,204724857064,14639049287
20025,190085807777,204724860175,14639052398
20026,190085807777,204724862045,14639054268
20027,190085807777,204724865193,14639057416
20028,190085807777,204724867101,14639059324
20029,190085807777,204724870212,14639062435
20030,190085807777,204724872082,14639064305
20031,190085807777,204724875212,14639067435
20032,190085807777,204724877119,14639069342
20033,190085807777,204724880268,14639072491
20034,190085807777,204724882138,14639074361
20035,190085807777,204724885268,14639077491
20036,190085807777,204724887175,14639079398
20037,190085807777,204724890305,14639082528
20038,190085807777,204724892194,14639084417
20039,190085807777,204724901934,14639094157
20040,190085807777,204724903953,14639096176
20041,190085807777,204724915046,14639107269
20042,190085807777,204724918323,14639110546
20043,190085807777,204724920194,14639112417
20044,190085807777,204724923305,14639115528
20045,190085807777,204724925194,14639117417
20046,190085807777,204724928342,14639120565
20047,190085807777,204724930231,14639122454
20048,190085807777,204724933360,14639125583
20049,190085807777,204724935231,14639127454
20050,190085807777,204724938397,14639130620
20051,190085807777,204724940268,14639132491
20052,190085807777,204724943397,14639135620
20053,190085807777,204724945268,14639137491
20054,190085807777,204724948397,14639140620
20055,190085807777,204724950268,14639142491
20056,190085807777,204724953509,14639145732
20057,190085807777,204724955360,14639147583
20058,190085807777,204724958675,14639150898
20059,190085807777,204724966916,14639159139
20060,190085807777,204724970175,14639162398
20061,190085807777,204724972046,14639164269
20062,190085807777,204724975175,14639167398
20063,190085807777,204724977046,14639169269
20064,190085807777,204724980194,14639172417
20065,190085807777,204724982064,14639174287
20066,190085807777,204724985175,14639177398
20067,190085807777,204724987046,14639179269
20068,190085807777,204724990175,14639182398
20069,190085807777,204724992046,14639184269
20070,190085807777,204724995194,14639187417
20071,190085807777,204724997064,14639189287
20072,190085807777,204725000231,14639192454
20073,190085807777,204725002101,14639194324
20074,190085807777,204725005268,14639197491
20075,190085807777,204725007138,14639199361
20076,190085807777,204725010305,14639202528
20077,190085807777,204725012176,14639204399
20078,190085807777,204725015324,14639207547
20079,190085807777,204725017194,14639209417
20080,190085807777,204725020305,14639212528
20081,190085807777,204725022176,14639214399
20082,190085807777,204725025287,14639217510
20083,190085807777,204725027157,14639219380
20084,190085807777,204725030324,14639222547
20085,190085807777,204725032213,14639224436
20086,190085807777,204725035435,14639227658
20087,190085807777,204725037305,14639229528
20088,190085807777,204725040583,14639232806
20089,190085807777,204725042453,14639234676
20090,190085807777,204725045750,14639237973
20091,190085807777,204725047620,14639239843
20092,190085807777,204725050935,14639243158
20242,190085807777,204925257024,14839449247
20243,190085807777,204925262061,14839454284
20244,190085807777,204925264116,14839456339
20245,190085807777,204925267376,14839459599
20246,190085807777,204925269264,14839461487
20247,190085807777,204925272450,14839464673
20248,190085807777,204925274339,14839466562
20249,190085807777,204925277542,14839469765
20250,190085807777,204925279413,14839471636
20251,190085807777,204925282616,14839474839
20252,190085807777,204925284505,14839476728
20253,190085807777,204925287709,14839479932
20254,190085807777,204925289598,14839481821
20255,190085807777,204925292913,14839485136
20256,190085807777,204925294802,14839487025
20257,190085807777,204925298153,14839490376
20258,190085807777,204925300042,14839492265
20259,190085807777,204925303376,14839495599
20260,190085807777,204925305283,14839497506
20261,190085807777,204925308598,14839500821
20262,190085807777,204925310468,14839502691
20263,190085807777,204925313820,14839506043
20264,190085807777,204925329709,14839521932
20265,190085807777,204925339987,14839532210
20266,190085807777,204925343302,14839535525
20267,190085807777,204925345209,14839537432
20268,190085807777,204925348413,14839540636
20269,190085807777,204925350357,14839542580
20270,190085807777,204925353524,14839545747
20271,190085807777,204925355413,14839547636
20272,190085807777,204925358543,14839550766
20273,190085807777,204925360487,14839552710
20274,190085807777,204925363617,14839555840
20275,190085807777,204925365524,14839557747
20276,190085807777,204925368672,14839560895
20277,190085807777,204925370672,14839562895
20278,190085807777,204925373876,14839566099
20279,190085807777,204925375765,14839567988
20280,190085807777,204925378969,14839571192
20281,190085807777,204925380894,14839573117
20282,190085807777,204925384098,14839576321
20283,190085807777,204925393932,14839586155
20284,190085807777,204925395876,14839588099
20285,190085807777,204925407154,14839599377
20286,190085807777,204925410413,14839602636
20287,190085807777,204925412283,14839604506
20288,190085807777,204925415506,14839607729
20289,190085807777,204925417580,14839609803
20290,190085807777,204925420784,14839613007
20291,190085807777,204925422672,14839614895
20292,190085807777,204925425839,14839618062
20293,190085807777,204925427765,14839619988
20294,190085807777,204925430913,14839623136
20295,190085807777,204925432802,14839625025
20296,190085807777,204925436117,14839628340
20297,190085807777,204925438024,14839630247
20298,190085807777,204925441376,14839633599
20299,190085807777,204925443265,14839635488
20300,190085807777,204925446598,14839638821
20301,190085807777,204925448524,14839640747
20302,190085807777,204925458173,14839650396
20303,190085807777,204925461636,14839653859
20304,190085807777,204925463524,14839655747
20305,190085807777,204925466654,14839658877
20306,190085807777,204925468543,14839660766
20307,190085807777,204925471710,14839663933
20308,190085807777,204925473617,14839665840
20309,190085807777,204925476784,14839669007
20310,190085807777,204925478673,14839670896
20311,190085807777,204925481858,14839674081
20312,190085807777,204925483747,14839675970
20313,190085807777,204925486913,14839679136
20314,190085807777,204925488802,14839681025
20315,190085807777,204925491987,14839684210
20316,190085807777,204925493895,14839686118
20317,190085807777,204925497099,14839689322
20318,190085807777,204925498988,14839691211
20319,190085807777,204925502154,14839694377
20320,190085807777,204925504025,14839696248
20321,190085807777,204925507228,14839699451
20322,190085807777,204925509099,14839701322
20323,190085807777,204925512265,14839704488
20324,190085807777,204925514154,14839706377
20325,190085807777,204925517414,14839709637
20326,190085807777,204925519302,14839711525
20327,190085807777,204925522654,14839714877
20328,190085807777,204925524543,14839716766
20329,190085807777,204925527932,14839720155
20330,190085807777,204925529802,14839722025
20331,190085807777,204925533154,14839725377
20332,190085807777,204925535043,14839727266
20333,190085807777,204925538432,14839730655
20334,190085807777,204925540321,14839732544
20335,190085807777,204925543691,14839735914
20336,190085807777,204925545580,14839737803
20337,190085807777,204925548914,14839741137
20338,190085807777,204925550803,14839743026
20339,190085807777,204925554154,14839746377
20340,190085807777,204925556043,14839748266
20341,190085807777,204925559395,14839751618
20342,190085807777,204925561284,14839753507
20343,190085807777,204925564617,14839756840
20344,190085807777,204925566562,14839758785
20345,190085807777,204925569951,14839762174
20346,190085807777,204925580025,14839772248
20347,190085807777,204925583414,14839775637
20348,190085807777,204925585303,14839777526
20349,190085807777,204925588432,14839780655
20350,190085807777,204925590321,14839782544
20351,190085807777,204925593488,14839785711
20352,190085807777,204925595358,14839787581
20353,190085807777,204925598525,14839790748
20354,190085807777,204925600395,14839792618
20355,190085807777,204925603562,14839795785
20356,190085807777,204925605451,14839797674
20357,190085807777,204925608599,14839800822
20358,190085807777,204925610469,14839802692
20359,190085807777,204925613673,14839805896
20360,190085807777,204925615562,14839807785
20361,190085807777,204925618729,14839810952
20362,190085807777,204925620618,14839812841
20363,190085807777,204925623784,14839816007
20364,190085807777,204925632007,14839824230
20365,190085807777,204925635321,14839827544
20366,190085807777,204925637192,14839829415
20367,190085807777,204925648414,14839840637
20368,190085807777,204925650321,14839842544
20369,190085807777,204925653507,14839845730
20519,190085807777,205104211960,15018404183
