seq,irq_ts_ns,recv_ts_ns,latency_ns
12496,2444302591640,2445321773837,1019182197
0,2445322799668,2445521984250,199184582
1,2445323499591,2445521989491,198489900
2,2445324198552,2445521991639,197793087
3,2445324901124,2445521993750,197092626
4,2445325603178,2445521996954,196393776
5,2445326303120,2445521998843,195695723
6,2445327003063,2445522001991,194998928
7,2445327703005,2445522004584,194301579
8,2445328402966,2445522007861,193604895
9,2445329102927,2445522012639,192909712
10,2445329797703,2445522014824,192217121
11,2445330497701,2445522018084,191520383
12,2445331201365,2445522020195,190818830
13,2445331201365,2445522023435,190822070
14,2445331201365,2445522025491,190824126
15,2445331201365,2445522028713,190827348
16,2445331201365,2445522030787,190829422
17,2445331201365,2445522034010,190832645
18,2445331201365,2445522035917,190834552
19,2445331201365,2445522037787,190836422
20,2445331201365,2445522039750,190838385
21,2445331201365,2445522041676,190840311
22,2445331201365,2445522045028,190843663
23,2445331201365,2445522047121,190845756
24,2445331201365,2445522050287,190848922
25,2445331201365,2445522052176,190850811
26,2445331201365,2445522054047,190852682
27,2445331201365,2445522055917,190854552
28,2445331201365,2445522057880,190856515
29,2445331201365,2445522059917,190858552
30,2445331201365,2445522063084,190861719
31,2445331201365,2445522065639,190864274
32,2445331201365,2445522068898,190867533
33,2445331201365,2445522070972,190869607
34,2445331201365,2445522074417,190873052
35,2445331201365,2445522076491,190875126
36,2445331201365,2445522079732,190878367
37,2445331201365,2445522081861,190880496
38,2445331201365,2445522085028,190883663
39,2445331201365,2445522087065,190885700
40,2445331201365,2445522090324,190888959
41,2445331201365,2445522092398,190891033
42,2445331201365,2445522095546,190894181
43,2445331201365,2445522097602,190896237
44,2445331201365,2445522100880,190899515
45,2445331201365,2445522102917,190901552
46,2445331201365,2445522106120,190904755
47,2445331201365,2445522108009,190906644
48,2445331201365,2445522109972,190908607
49,2445331201365,2445522111898,190910533
50,2445331201365,2445522115213,190913848
51,2445331201365,2445522117306,190915941
52,2445331201365,2445522120509,190919144
53,2445331201365,2445522122565,190921200
54,2445331201365,2445522125806,190924441
55,2445331201365,2445522127843,190926478
56,2445331201365,2445522131046,190929681
57,2445331201365,2445522133083,190931718
58,2445331201365,2445522136268,190934903
59,2445331201365,2445522138361,190936996
60,2445331201365,2445522141546,190940181
61,2445331201365,2445522143602,190942237
62,2445331201365,2445522146917,190945552
63,2445331201365,2445522148972,190947607
64,2445331201365,2445522152157,190950792
65,2445331201365,2445522154213,190952848
66,2445331201365,2445522157435,190956070
67,2445331201365,2445522159472,190958107
68,2445331201365,2445522162787,190961422
69,2445331201365,2445522164824,190963459
70,2445331201365,2445522168250,190966885
71,2445331201365,2445522170305,190968940
72,2445331201365,2445522173676,190972311
73,2445331201365,2445522175787,190974422
74,2445331201365,2445522179176,190977811
75,2445331201365,2445522181213,190979848
76,2445331201365,2445522184639,190983274
77,2445331201365,2445522186676,190985311
78,2445331201365,2445522190028,190988663
79,2445331201365,2445522192102,190990737
80,2445331201365,2445522195435,190994070
81,2445331201365,2445522197509,190996144
82,2445331201365,2445522200898,190999533
83,2445331201365,2445522202953,191001588
84,2445331201365,2445522206342,191004977
85,2445331201365,2445522208398,191007033
86,2445331201365,2445522211620,191010255
87,2445331201365,2445522213731,191012366
88,2445331201365,2445522216990,191015625
89,2445331201365,2445522219028,191017663
90,2445331201365,2445522222342,191020977
91,2445331201365,2445522224361,191022996
92,2445331201365,2445522226268,191024903
93,2445331201365,2445522228120,191026755
94,2445331201365,2445522229990,191028625
95,2445331201365,2445522231842,191030477
96,2445331201365,2445522234935,191033570
97,2445331201365,2445522237453,191036088
98,2445331201365,2445522240676,191039311
99,2445331201365,2445522242731,191041366
100,2445331201365,2445522245953,191044588
101,2445331201365,2445522248101,191046736
102,2445331201365,2445522251324,191049959
103,2445331201365,2445522253398,191052033
104,2445331201365,2445522256620,191055255
105,2445331201365,2445522258676,191057311
106,2445331201365,2445522261898,191060533
107,2445331201365,2445522264194,191062829
108,2445331201365,2445522267379,191066014
109,2445331201365,2445522269416,191068051
110,2445331201365,2445522272657,191071292
111,2445331201365,2445522274694,191073329
112,2445331201365,2445522277916,191076551
113,2445331201365,2445522279805,191078440
114,2445331201365,2445522281713,191080348
115,2445331201365,2445522283601,191082236
116,2445331201365,2445522285490,191084125
117,2445331201365,2445522288675,191087310
118,2445331201365,2445522290694,191089329
119,2445331201365,2445522293731,191092366
120,2445331201365,2445522295638,191094273
121,2445331201365,2445522297509,191096144
122,2445331201365,2445522299416,191098051
123,2445331201365,2445522301287,191099922
124,2445331201365,2445522304416,191103051
125,2445331201365,2445522306472,191105107
126,2445331201365,2445522309731,191108366
127,2445331201365,2445522311824,191110459
276,2445331201365,2445522315046,191113681
277,2445331201365,2445722520218,391318853
278,2445331201365,2445722523644,391322279
279,2445331201365,2445722525533,391324168
280,2445331201365,2445722527625,391326260
281,2445331201365,2445722530792,391329427
282,2445331201365,2445722535737,391334372
283,2445331201365,2445722537866,391336501
284,2445331201365,2445722541199,391339834
285,2445331201365,2445722543070,391341705
286,2445331201365,2445722546274,391344909
287,2445331201365,2445722548255,391346890
288,2445331201365,2445722551403,391350038
289,2445331201365,2445722553274,391351909
290,2445331201365,2445722558255,391356890
291,2445331201365,2445722560125,391358760
292,2445331201365,2445722562903,391361538
293,2445331201365,2445722565996,391364631
294,2445331201365,2445722567903,391366538
295,2445331201365,2445722571070,391369705
296,2445331201365,2445722572996,391371631
297,2445331201365,2445722576144,391374779
298,2445331201365,2445722578051,391376686
299,2445331201365,2445722581255,391379890
300,2445331201365,2445722583162,391381797
301,2445331201365,2445722585273,391383908
302,2445331201365,2445722588385,391387020
303,2445331201365,2445722590255,391388890
304,2445331201365,2445722593385,391392020
305,2445331201365,2445722595273,391393908
306,2445331201365,2445722598422,391397057
307,2445331201365,2445722600366,391399001
308,2445331201365,2445722603588,391402223
309,2445331201365,2445722605459,391404094
310,2445331201365,2445722607607,391406242
311,2445331201365,2445722610699,391409334
312,2445331201365,2445722612607,391411242
313,2445331201365,2445722615903,391414538
314,2445331201365,2445722617810,391416445
315,2445331201365,2445722621088,391419723
316,2445331201365,2445722623014,391421649
317,2445331201365,2445722626329,391424964
318,2445331201365,2445722628218,391426853
319,2445331201365,2445722631033,391429668
320,2445331201365,2445722634255,391432890
321,2445331201365,2445722636144,391434779
322,2445331201365,2445722638014,391436649
323,2445331201365,2445722639903,391438538
324,2445331201365,2445722641810,391440445
325,2445331201365,2445722643699,391442334
326,2445331201365,2445722646921,391445556
327,2445331201365,2445722648792,391447427
328,2445331201365,2445722652070,391450705
329,2445331201365,2445722653958,391452593
330,2445331201365,2445722656144,391454779
331,2445331201365,2445722659218,391457853
332,2445331201365,2445722661144,391459779
333,2445331201365,2445722664273,391462908
334,2445331201365,2445722666162,391464797
335,2445331201365,2445722669273,391467908
336,2445331201365,2445722671236,391469871
337,2445331201365,2445722673773,391472408
338,2445331201365,2445722676903,391475538
339,2445331201365,2445722678884,391477519
340,2445331201365,2445722681958,391480593
341,2445331201365,2445722683810,391482445
342,2445331201365,2445722687014,391485649
343,2445331201365,2445722688903,391487538
344,2445331201365,2445722723717,391522352
345,2445331201365,2445722725884,391524519
346,2445331201365,2445722729014,391527649
347,2445331201365,2445722730903,391529538
348,2445331201365,2445722734032,391532667
349,2445331201365,2445722735903,391534538
350,2445331201365,2445722739014,391537649
351,2445331201365,2445722740903,391539538
352,2445331201365,2445722743736,391542371
353,2445331201365,2445722746791,391545426
354,2445331201365,2445722748699,391547334
355,2445331201365,2445722751773,391550408
356,2445331201365,2445722753699,391552334
357,2445331201365,2445722756921,391555556
358,2445331201365,2445722758828,391557463
359,2445331201365,2445722760699,391559334
360,2445331201365,2445722762606,391561241
361,2445331201365,2445722764791,391563426
362,2445331201365,2445722767865,391566500
363,2445331201365,2445722769921,391568556
364,2445331201365,2445722773032,391571667
365,2445331201365,2445722774902,391573537
366,2445331201365,2445722778014,391576649
367,2445331201365,2445722779902,391578537
368,2445331201365,2445722782977,391581612
369,2445331201365,2445722784865,391583500
370,2445331201365,2445722789069,391587704
371,2445331201365,2445722790939,391589574
372,2445331201365,2445722793495,391592130
373,2445331201365,2445722796606,391595241
374,2445331201365,2445722798476,391597111
375,2445331201365,2445722801569,391600204
376,2445331201365,2445722803458,391602093
377,2445331201365,2445722806551,391605186
378,2445331201365,2445722808421,391607056
379,2445331201365,2445722813365,391612000
380,2445331201365,2445722815328,391613963
381,2445331201365,2445722817865,391616500
382,2445331201365,2445722821032,391619667
383,2445331201365,2445722822921,391621556
384,2445331201365,2445722826013,391624648
385,2445331201365,2445722827902,391626537
386,2445331201365,2445722831032,391629667
387,2445331201365,2445722832902,391631537
388,2445331201365,2445722835439,391634074
389,2445331201365,2445722838532,391637167
390,2445331201365,2445722840421,391639056
391,2445331201365,2445722843550,391642185
392,2445331201365,2445722845458,391644093
393,2445331201365,2445722848550,391647185
394,2445331201365,2445722850439,391649074
395,2445331201365,2445722853069,391651704
396,2445331201365,2445722856199,391654834
397,2445331201365,2445722858069,391656704
398,2445331201365,2445722861180,391659815
399,2445331201365,2445722863069,391661704
400,2445331201365,2445722866291,391664926
401,2445331201365,2445722868995,391667630
402,2445331201365,2445722872106,391670741
403,2445331201365,2445722873995,391672630
404,2445331201365,2445722877143,391675778
554,2445331201365,2445923082593,591881228
555,2445331201365,2445923086075,591884710
556,2445331201365,2445923088000,591886635
557,2445331201365,2445923091186,591889821
558,2445331201365,2445923093315,591891950
559,2445331201365,2445923096500,591895135
560,2445331201365,2445923098389,591897024
561,2445331201365,2445923101537,591900172
562,2445331201365,2445923103445,591902080
563,2445331201365,2445923106574,591905209
564,2445331201365,2445923108482,591907117
565,2445331201365,2445923111593,591910228
566,2445331201365,2445923113482,591912117
567,2445331201365,2445923115389,591914024
568,2445331201365,2445923117278,591915913
569,2445331201365,2445923119186,591917821
570,2445331201365,2445923122315,591920950
571,2445331201365,2445923124223,591922858
572,2445331201365,2445923127352,591925987
573,2445331201365,2445923129260,591927895
574,2445331201365,2445923132408,591931043
575,2445331201365,2445923134315,591932950
576,2445331201365,2445923137463,591936098
577,2445331201365,2445923139389,591938024
578,2445331201365,2445923142537,591941172
579,2445331201365,2445923144408,591943043
580,2445331201365,2445923147519,591946154
581,2445331201365,2445923149445,591948080
582,2445331201365,2445923152574,591951209
583,2445331201365,2445923154463,591953098
584,2445331201365,2445923157611,591956246
585,2445331201365,2445923159537,591958172
586,2445331201365,2445923162741,591961376
587,2445331201365,2445923164648,591963283
588,2445331201365,2445923166537,591965172
589,2445331201365,2445923168445,591967080
590,2445331201365,2445923170334,591968969
591,2445331201365,2445923172982,591971617
592,2445331201365,2445923176111,591974746
593,2445331201365,2445923178019,591976654
594,2445331201365,2445923179908,591978543
595,2445331201365,2445923181796,591980431
596,2445331201365,2445923183685,591982320
597,2445331201365,2445923185704,591984339
598,2445331201365,2445923188333,591986968
599,2445331201365,2445923191519,591990154
600,2445331201365,2445923193408,591992043
601,2445331201365,2445923196574,591995209
602,2445331201365,2445923198445,591997080
603,2445331201365,2445923201593,592000228
604,2445331201365,2445923203482,592002117
605,2445331201365,2445923206611,592005246
606,2445331201365,2445923208482,592007117
607,2445331201365,2445923211722,592010357
608,2445331201365,2445923213611,592012246
609,2445331201365,2445923216759,592015394
610,2445331201365,2445923218648,592017283
611,2445331201365,2445923221796,592020431
612,2445331201365,2445923223685,592022320
613,2445331201365,2445923226852,592025487
614,2445331201365,2445923228722,592027357
615,2445331201365,2445923231870,592030505
616,2445331201365,2445923233759,592032394
617,2445331201365,2445923235722,592034357
618,2445331201365,2445923237593,592036228
619,2445331201365,2445923239481,592038116
620,2445331201365,2445923242593,592041228
621,2445331201365,2445923244759,592043394
622,2445331201365,2445923248018,592046653
623,2445331201365,2445923249926,592048561
624,2445331201365,2445923253055,592051690
625,2445331201365,2445923254963,592053598
626,2445331201365,2445923258167,592056802
627,2445331201365,2445923260055,592058690
628,2445331201365,2445923263185,592061820
629,2445331201365,2445923265111,592063746
630,2445331201365,2445923268278,592066913
631,2445331201365,2445923270167,592068802
632,2445331201365,2445923273352,592071987
633,2445331201365,2445923275278,592073913
634,2445331201365,2445923278481,592077116
635,2445331201365,2445923280370,592079005
636,2445331201365,2445923283592,592082227
637,2445331201365,2445923285500,592084135
638,2445331201365,2445923288815,592087450
639,2445331201365,2445923290704,592089339
640,2445331201365,2445923294000,592092635
641,2445331201365,2445923295907,592094542
642,2445331201365,2445923299204,592097839
643,2445331201365,2445923301092,592099727
644,2445331201365,2445923304407,592103042
645,2445331201365,2445923306315,592104950
646,2445331201365,2445923309611,592108246
647,2445331201365,2445923311500,592110135
648,2445331201365,2445923314833,592113468
649,2445331201365,2445923316759,592115394
650,2445331201365,2445923320111,592118746
651,2445331201365,2445923321981,592120616
652,2445331201365,2445923325352,592123987
653,2445331201365,2445923327277,592125912
654,2445331201365,2445923330574,592129209
655,2445331201365,2445923332481,592131116
656,2445331201365,2445923335852,592134487
657,2445331201365,2445923337759,592136394
658,2445331201365,2445923341092,592139727
659,2445331201365,2445923342981,592141616
660,2445331201365,2445923346296,592144931
661,2445331201365,2445923348203,592146838
662,2445331201365,2445923351518,592150153
663,2445331201365,2445923353407,592152042
664,2445331201365,2445923355296,592153931
665,2445331201365,2445923357222,592155857
666,2445331201365,2445923359111,592157746
667,2445331201365,2445923361000,592159635
668,2445331201365,2445923364203,592162838
669,2445331201365,2445923366111,592164746
670,2445331201365,2445923369240,592167875
671,2445331201365,2445923371129,592169764
672,2445331201365,2445923374296,592172931
673,2445331201365,2445923376222,592174857
674,2445331201365,2445923379388,592178023
675,2445331201365,2445923381259,592179894
676,2445331201365,2445923384500,592183135
677,2445331201365,2445923386425,592185060
678,2445331201365,2445923389759,592188394
679,2445331201365,2445923391648,592190283
680,2445331201365,2445923395000,592193635
681,2445331201365,2445923396925,592195560
831,2445331201365,2445923400240,592198875
832,2445331201365,2446123605913,792404548
833,2445331201365,2446123609672,792408307
834,2445331201365,2446123611598,792410233
835,2445331201365,2446123625931,792424566
836,2445331201365,2446123627968,792426603
837,2445331201365,2446123644357,792442992
838,2445331201365,2446123646912,792445547
839,2445331201365,2446123650190,792448825
840,2445331201365,2446123652061,792450696
841,2445331201365,2446123655190,792453825
842,2445331201365,2446123657116,792455751
843,2445331201365,2446123660301,792458936
844,2445331201365,2446123662190,792460825
845,2445331201365,2446123665357,792463992
846,2445331201365,2446123667283,792465918
847,2445331201365,2446123670394,792469029
848,2445331201365,2446123672283,792470918
849,2445331201365,2446123675412,792474047
850,2445331201365,2446123677338,792475973
851,2445331201365,2446123680505,792479140
852,2445331201365,2446123682394,792481029
853,2445331201365,2446123684264,792482899
854,2445331201365,2446123686190,792484825
855,2445331201365,2446123688098,792486733
856,2445331201365,2446123691283,792489918
857,2445331201365,2446123693375,792492010
858,2445331201365,2446123696579,792495214
859,2445331201365,2446123698468,792497103
860,2445331201365,2446123701597,792500232
861,2445331201365,2446123703486,792502121
862,2445331201365,2446123706690,792505325
863,2445331201365,2446123708560,792507195
864,2445331201365,2446123711727,792510362
865,2445331201365,2446123713616,792512251
866,2445331201365,2446123716801,792515436
867,2445331201365,2446123718690,792517325
868,2445331201365,2446123721857,792520492
869,2445331201365,2446123723746,792522381
870,2445331201365,2446123726875,792525510
871,2445331201365,2446123728764,792527399
872,2445331201365,2446123732005,792530640
873,2445331201365,2446123733894,792532529
874,2445331201365,2446123737042,792535677
875,2445331201365,2446123738931,792537566
876,2445331201365,2446123742097,792540732
877,2445331201365,2446123743968,792542603
878,2445331201365,2446123747153,792545788
879,2445331201365,2446123749042,792547677
880,2445331201365,2446123752190,792550825
881,2445331201365,2446123754079,792552714
882,2445331201365,2446123757208,792555843
883,2445331201365,2446123759097,792557732
884,2445331201365,2446123762245,792560880
885,2445331201365,2446123764134,792562769
886,2445331201365,2446123767338,792565973
887,2445331201365,2446123769208,792567843
888,2445331201365,2446123772357,792570992
889,2445331201365,2446123774245,792572880
890,2445331201365,2446123777375,792576010
891,2445331201365,2446123779264,792577899
892,2445331201365,2446123782394,792581029
893,2445331201365,2446123784282,792582917
894,2445331201365,2446123787412,792586047
895,2445331201365,2446123789301,792587936
896,2445331201365,2446123792431,792591066
897,2445331201365,2446123794319,792592954
898,2445331201365,2446123797468,792596103
899,2445331201365,2446123799356,792597991
900,2445331201365,2446123802468,792601103
901,2445331201365,2446123804356,792602991
902,2445331201365,2446123806338,792604973
903,2445331201365,2446123808227,792606862
904,2445331201365,2446123810116,792608751
905,2445331201365,2446123813208,792611843
906,2445331201365,2446123815134,792613769
907,2445331201365,2446123818301,792616936
908,2445331201365,2446123820190,792618825
909,2445331201365,2446123823356,792621991
910,2445331201365,2446123825264,792623899
911,2445331201365,2446123828412,792627047
912,2445331201365,2446123830301,792628936
913,2445331201365,2446123833430,792632065
914,2445331201365,2446123835356,792633991
915,2445331201365,2446123838560,792637195
916,2445331201365,2446123840467,792639102
917,2445331201365,2446123843597,792642232
918,2445331201365,2446123845523,792644158
919,2445331201365,2446123848671,792647306
920,2445331201365,2446123850560,792649195
921,2445331201365,2446123853671,792652306
922,2445331201365,2446123855597,792654232
923,2445331201365,2446123857486,792656121
924,2445331201365,2446123859393,792658028
925,2445331201365,2446123861282,792659917
926,2445331201365,2446123864671,792663306
927,2445331201365,2446123866560,792665195
928,2445331201365,2446123869634,792668269
929,2445331201365,2446123871504,792670139
930,2445331201365,2446123873467,792672102
931,2445331201365,2446123875356,792673991
932,2445331201365,2446123877264,792675899
933,2445331201365,2446123879301,792677936
934,2445331201365,2446123882430,792681065
935,2445331201365,2446123884319,792682954
936,2445331201365,2446123887467,792686102
937,2445331201365,2446123889338,792687973
938,2445331201365,2446123892486,792691121
939,2445331201365,2446123894375,792693010
940,2445331201365,2446123897560,792696195
941,2445331201365,2446123899449,792698084
942,2445331201365,2446123902652,792701287
943,2445331201365,2446123904523,792703158
944,2445331201365,2446123907689,792706324
945,2445331201365,2446123909578,792708213
946,2445331201365,2446123912764,792711399
947,2445331201365,2446123914652,792713287
948,2445331201365,2446123917782,792716417
949,2445331201365,2446123919671,792718306
950,2445331201365,2446123922838,792721473
951,2445331201365,2446123924726,792723361
952,2445331201365,2446123926615,792725250
953,2445331201365,2446123928486,792727121
954,2445331201365,2446123930449,792729084
955,2445331201365,2446123933171,792731806
956,2445331201365,2446123936338,792734973
957,2445331201365,2446123938226,792736861
958,2445331201365,2446123941356,792739991
959,2445331201365,2446123943245,792741880
1108,2445331201365,2446123946393,792745028
1109,2445331201365,2446324151436,992950071
1110,2445331201365,2446324154843,992953478
1111,2445331201365,2446324156788,992955423
1112,2445331201365,2446324159991,992958626
1113,2445331201365,2446324162084,992960719
1114,2445331201365,2446324165213,992963848
1115,2445331201365,2446324167065,992965700
1116,2445331201365,2446324170213,992968848
1117,2445331201365,2446324172084,992970719
1118,2445331201365,2446324175232,992973867
1119,2445331201365,2446324177102,992975737
1120,2445331201365,2446324178973,992977608
1121,2445331201365,2446324180862,992979497
1122,2445331201365,2446324182769,992981404
1123,2445331201365,2446324185491,992984126
1124,2445331201365,2446324188602,992987237
1125,2445331201365,2446324190491,992989126
1126,2445331201365,2446324193676,992992311
1127,2445331201365,2446324195547,992994182
1128,2445331201365,2446324198676,992997311
1129,2445331201365,2446324200565,992999200
1130,2445331201365,2446324203787,993002422
1131,2445331201365,2446324205676,993004311
1132,2445331201365,2446324208843,993007478
1133,2445331201365,2446324210732,993009367
1134,2445331201365,2446324213899,993012534
1135,2445331201365,2446324215787,993014422
1136,2445331201365,2446324218954,993017589
1137,2445331201365,2446324220843,993019478
1138,2445331201365,2446324223973,993022608
1139,2445331201365,2446324225824,993024459
1140,2445331201365,2446324229065,993027700
1141,2445331201365,2446324230935,993029570
1142,2445331201365,2446324234195,993032830
1143,2445331201365,2446324236065,993034700
1144,2445331201365,2446324239417,993038052
1145,2445331201365,2446324241287,993039922
1146,2445331201365,2446324244565,993043200
1147,2445331201365,2446324246435,993045070
1148,2445331201365,2446324249676,993048311
1149,2445331201365,2446324251547,993050182
1150,2445331201365,2446324254843,993053478
1151,2445331201365,2446324256695,993055330
1152,2445331201365,2446324259991,993058626
1153,2445331201365,2446324261880,993060515
1154,2445331201365,2446324265195,993063830
1155,2445331201365,2446324267065,993065700
1156,2445331201365,2446324270417,993069052
1157,2445331201365,2446324272287,993070922
1158,2445331201365,2446324275639,993074274
1159,2445331201365,2446324277509,993076144
1160,2445331201365,2446324280787,993079422
1161,2445331201365,2446324282658,993081293
1162,2445331201365,2446324286009,993084644
1163,2445331201365,2446324287898,993086533
1164,2445331201365,2446324291232,993089867
1165,2445331201365,2446324293102,993091737
1166,2445331201365,2446324296417,993095052
1167,2445331201365,2446324298306,993096941
1168,2445331201365,2446324300176,993098811
1169,2445331201365,2446324302046,993100681
1170,2445331201365,2446324303972,993102607
1171,2445331201365,2446324305843,993104478
1172,2445331201365,2446324308972,993107607
1173,2445331201365,2446324310843,993109478
1174,2445331201365,2446324313935,993112570
1175,2445331201365,2446324315806,993114441
1176,2445331201365,2446324318935,993117570
1177,2445331201365,2446324320806,993119441
1178,2445331201365,2446324323917,993122552
1179,2445331201365,2446324334380,993133015
1180,2445331201365,2446324336324,993134959
1181,2445331201365,2446324339546,993138181
1182,2445331201365,2446324341509,993140144
1183,2445331201365,2446324344676,993143311
1184,2445331201365,2446324346565,993145200
1185,2445331201365,2446324349750,993148385
1186,2445331201365,2446324351676,993150311
1187,2445331201365,2446324353565,993152200
1188,2445331201365,2446324355435,993154070
1189,2445331201365,2446324357324,993155959
1190,2445331201365,2446324360065,993158700
1191,2445331201365,2446324363139,993161774
1192,2445331201365,2446324365028,993163663
1193,2445331201365,2446324366898,993165533
1194,2445331201365,2446324368805,993167440
1195,2445331201365,2446324370694,993169329
1196,2445331201365,2446324372583,993171218
1197,2445331201365,2446324375842,993174477
1198,2445331201365,2446324377768,993176403
1199,2445331201365,2446324380880,993179515
1200,2445331201365,2446324382768,993181403
1201,2445331201365,2446324385898,993184533
1202,2445331201365,2446324387805,993186440
1203,2445331201365,2446324390917,993189552
1204,2445331201365,2446324392805,993191440
1205,2445331201365,2446324395991,993194626
1206,2445331201365,2446324397879,993196514
1207,2445331201365,2446324401046,993199681
1208,2445331201365,2446324402935,993201570
1209,2445331201365,2446324406176,993204811
1210,2445331201365,2446324408083,993206718
1211,2445331201365,2446324411213,993209848
1212,2445331201365,2446324413120,993211755
1213,2445331201365,2446324416361,993214996
1214,2445331201365,2446324418268,993216903
1215,2445331201365,2446324420139,993218774
1216,2445331201365,2446324422046,993220681
1217,2445331201365,2446324423935,993222570
1218,2445331201365,2446324427139,993225774
1219,2445331201365,2446324429009,993227644
1220,2445331201365,2446324432157,993230792
1221,2445331201365,2446324434046,993232681
1222,2445331201365,2446324437157,993235792
1223,2445331201365,2446324439027,993237662
1224,2445331201365,2446324442268,993240903
1225,2445331201365,2446324444139,993242774
1226,2445331201365,2446324447490,993246125
1227,2445331201365,2446324449361,993247996
1228,2445331201365,2446324452657,993251292
1229,2445331201365,2446324454546,993253181
1230,2445331201365,2446324457805,993256440
1231,2445331201365,2446324459694,993258329
1232,2445331201365,2446324462990,993261625
1233,2445331201365,2446324464879,993263514
1234,2445331201365,2446324468139,993266774
1235,2445331201365,2446324470009,993268644
1236,2445331201365,2446324473342,993271977
1386,2445331201365,2446524678903,1193477538
1387,2445331201365,2446524682496,1193481131
1388,2445331201365,2446524684422,1193483057
1389,2445331201365,2446524688848,1193487483
1390,2445331201365,2446524691385,1193490020
1391,2445331201365,2446524694644,1193493279
1392,2445331201365,2446524696514,1193495149
1393,2445331201365,2446524699681,1193498316
1394,2445331201365,2446524701570,1193500205
1395,2445331201365,2446524704774,1193503409
1396,2445331201365,2446524706644,1193505279
1397,2445331201365,2446524709848,1193508483
1398,2445331201365,2446524711755,1193510390
1399,2445331201365,2446524714977,1193513612
1400,2445331201365,2446524716848,1193515483
1401,2445331201365,2446524719996,1193518631
1402,2445331201365,2446524721885,1193520520
1403,2445331201365,2446524723774,1193522409
1404,2445331201365,2446524725644,1193524279
1405,2445331201365,2446524727533,1193526168
1406,2445331201365,2446524730737,1193529372
1407,2445331201365,2446524734885,1193533520
1408,2445331201365,2446524736774,1193535409
1409,2445331201365,2446524738662,1193537297
1410,2445331201365,2446524740533,1193539168
1411,2445331201365,2446524742662,1193541297
1412,2445331201365,2446524745885,1193544520
1413,2445331201365,2446524747755,1193546390
1414,2445331201365,2446524750922,1193549557
1415,2445331201365,2446524752829,1193551464
1416,2445331201365,2446524755977,1193554612
1417,2445331201365,2446524757885,1193556520
1418,2445331201365,2446524761014,1193559649
1419,2445331201365,2446524762922,1193561557
1420,2445331201365,2446524766125,1193564760
1421,2445331201365,2446524768014,1193566649
1422,2445331201365,2446524771144,1193569779
1423,2445331201365,2446524773051,1193571686
1424,2445331201365,2446524776199,1193574834
1425,2445331201365,2446524778088,1193576723
1426,2445331201365,2446524781218,1193579853
1427,2445331201365,2446524783144,1193581779
1428,2445331201365,2446524786292,1193584927
1429,2445331201365,2446524788199,1193586834
1430,2445331201365,2446524790070,1193588705
1431,2445331201365,2446524792088,1193590723
1432,2445331201365,2446524793977,1193592612
1433,2445331201365,2446524796699,1193595334
1434,2445331201365,2446524799736,1193598371
1435,2445331201365,2446524801644,1193600279
1436,2445331201365,2446524804773,1193603408
1437,2445331201365,2446524806662,1193605297
1438,2445331201365,2446524809755,1193608390
1439,2445331201365,2446524811662,1193610297
1440,2445331201365,2446524814829,1193613464
1441,2445331201365,2446524816718,1193615353
1442,2445331201365,2446524819940,1193618575
1443,2445331201365,2446524821847,1193620482
1444,2445331201365,2446524825125,1193623760
1445,2445331201365,2446524827014,1193625649
1446,2445331201365,2446524830273,1193628908
1447,2445331201365,2446524832181,1193630816
1448,2445331201365,2446524835477,1193634112
1449,2445331201365,2446524837366,1193636001
1450,2445331201365,2446524840699,1193639334
1451,2445331201365,2446524842588,1193641223
1452,2445331201365,2446524845884,1193644519
1453,2445331201365,2446524847773,1193646408
1454,2445331201365,2446524851033,1193649668
1455,2445331201365,2446524852958,1193651593
1456,2445331201365,2446524856236,1193654871
1457,2445331201365,2446524858125,1193656760
1458,2445331201365,2446524861403,1193660038
1459,2445331201365,2446524863310,1193661945
1460,2445331201365,2446524866718,1193665353
1461,2445331201365,2446524868607,1193667242
1462,2445331201365,2446524871884,1193670519
1463,2445331201365,2446524873792,1193672427
1464,2445331201365,2446524877088,1193675723
1465,2445331201365,2446524878977,1193677612
1466,2445331201365,2446524882329,1193680964
1467,2445331201365,2446524884273,1193682908
1468,2445331201365,2446524887606,1193686241
1469,2445331201365,2446524889495,1193688130
1470,2445331201365,2446524892773,1193691408
1471,2445331201365,2446524894681,1193693316
1472,2445331201365,2446524898051,1193696686
1473,2445331201365,2446524899940,1193698575
1474,2445331201365,2446524903051,1193701686
1475,2445331201365,2446524904958,1193703593
1476,2445331201365,2446524908088,1193706723
1477,2445331201365,2446524909958,1193708593
1478,2445331201365,2446524911847,1193710482
1479,2445331201365,2446524913829,1193712464
1480,2445331201365,2446524915699,1193714334
1481,2445331201365,2446524917643,1193716278
1482,2445331201365,2446524920810,1193719445
1483,2445331201365,2446524922718,1193721353
1484,2445331201365,2446524925847,1193724482
1485,2445331201365,2446524927755,1193726390
1486,2445331201365,2446524930866,1193729501
1487,2445331201365,2446524932773,1193731408
1488,2445331201365,2446524935903,1193734538
1489,2445331201365,2446524937792,1193736427
1490,2445331201365,2446524940903,1193739538
1491,2445331201365,2446524942810,1193741445
1492,2445331201365,2446524945995,1193744630
1493,2445331201365,2446524947903,1193746538
1494,2445331201365,2446524951051,1193749686
1495,2445331201365,2446524952958,1193751593
1496,2445331201365,2446524956051,1193754686
1497,2445331201365,2446524957958,1193756593
1498,2445331201365,2446524961051,1193759686
1499,2445331201365,2446524962958,1193761593
1500,2445331201365,2446524964828,1193763463
1501,2445331201365,2446524966717,1193765352
1502,2445331201365,2446524968606,1193767241
1503,2445331201365,2446524971866,1193770501
1504,2445331201365,2446524973903,1193772538
1505,2445331201365,2446524976958,1193775593
1506,2445331201365,2446524978847,1193777482
1507,2445331201365,2446524980754,1193779389
1508,2445331201365,2446524982625,1193781260
1509,2445331201365,2446524984551,1193783186
1510,2445331201365,2446524987754,1193786389
1511,2445331201365,2446524989662,1193788297
1512,2445331201365,2446524992773,1193791408
1513,2445331201365,2446524994662,1193793297
1663,2445331201365,2446725200630,1393999265
1664,2445331201365,2446725215241,1394013876
1665,2445331201365,2446725217260,1394015895
1666,2445331201365,2446725220445,1394019080
1667,2445331201365,2446725225112,1394023747
1668,2445331201365,2446725228130,1394026765
1669,2445331201365,2446725231334,1394029969
1670,2445331201365,2446725233223,1394031858
1671,2445331201365,2446725236315,1394034950
1672,2445331201365,2446725238315,1394036950
1673,2445331201365,2446725241519,1394040154
1674,2445331201365,2446725243408,1394042043
1675,2445331201365,2446725246519,1394045154
1676,2445331201365,2446725248427,1394047062
1677,2445331201365,2446725251575,1394050210
1678,2445331201365,2446725253464,1394052099
1679,2445331201365,2446725256593,1394055228
1680,2445331201365,2446725258501,1394057136
1681,2445331201365,2446725261630,1394060265
1682,2445331201365,2446725263519,1394062154
1683,2445331201365,2446725266686,1394065321
1684,2445331201365,2446725268593,1394067228
1685,2445331201365,2446725271778,1394070413
1686,2445331201365,2446725273649,1394072284
1687,2445331201365,2446725276815,1394075450
1688,2445331201365,2446725278760,1394077395
1689,2445331201365,2446725281889,1394080524
1690,2445331201365,2446725283778,1394082413
1691,2445331201365,2446725286963,1394085598
1692,2445331201365,2446725288889,1394087524
1693,2445331201365,2446725292019,1394090654
1694,2445331201365,2446725293926,1394092561
1695,2445331201365,2446725297186,1394095821
1696,2445331201365,2446725299093,1394097728
1697,2445331201365,2446725302352,1394100987
1698,2445331201365,2446725304260,1394102895
1699,2445331201365,2446725307537,1394106172
1700,2445331201365,2446725309445,1394108080
1701,2445331201365,2446725312797,1394111432
1702,2445331201365,2446725314686,1394113321
1703,2445331201365,2446725317982,1394116617
1704,2445331201365,2446725319889,1394118524
1705,2445331201365,2446725323204,1394121839
1706,2445331201365,2446725325074,1394123709
1707,2445331201365,2446725328371,1394127006
1708,2445331201365,2446725330278,1394128913
1709,2445331201365,2446725332148,1394130783
1710,2445331201365,2446725334056,1394132691
1711,2445331201365,2446725335926,1394134561
1712,2445331201365,2446725337963,1394136598
1713,2445331201365,2446725341056,1394139691
1714,2445331201365,2446725342945,1394141580
1715,2445331201365,2446725346074,1394144709
1716,2445331201365,2446725347982,1394146617
1717,2445331201365,2446725351148,1394149783
1718,2445331201365,2446725353037,1394151672
1719,2445331201365,2446725356204,1394154839
1720,2445331201365,2446725358111,1394156746
1721,2445331201365,2446725361222,1394159857
1722,2445331201365,2446725363111,1394161746
1723,2445331201365,2446725366241,1394164876
1724,2445331201365,2446725368185,1394166820
1725,2445331201365,2446725371408,1394170043
1726,2445331201365,2446725373297,1394171932
1727,2445331201365,2446725376574,1394175209
1728,2445331201365,2446725378500,1394177135
1729,2445331201365,2446725381796,1394180431
1730,2445331201365,2446725383685,1394182320
1731,2445331201365,2446725385574,1394184209
1732,2445331201365,2446725387482,1394186117
1733,2445331201365,2446725389371,1394188006
1734,2445331201365,2446725392111,1394190746
1735,2445331201365,2446725395259,1394193894
1736,2445331201365,2446725397185,1394195820
1737,2445331201365,2446725399093,1394197728
1738,2445331201365,2446725401000,1394199635
1739,2445331201365,2446725402926,1394201561
1740,2445331201365,2446725404833,1394203468
1741,2445331201365,2446725408037,1394206672
1742,2445331201365,2446725409908,1394208543
1743,2445331201365,2446725413019,1394211654
1744,2445331201365,2446725415000,1394213635
1745,2445331201365,2446725418185,1394216820
1746,2445331201365,2446725420056,1394218691
1747,2445331201365,2446725423222,1394221857
1748,2445331201365,2446725425148,1394223783
1749,2445331201365,2446725428333,1394226968
1750,2445331201365,2446725430222,1394228857
1751,2445331201365,2446725433370,1394232005
1752,2445331201365,2446725435296,1394233931
1753,2445331201365,2446725438407,1394237042
1754,2445331201365,2446725440315,1394238950
1755,2445331201365,2446725443426,1394242061
1756,2445331201365,2446725445352,1394243987
1757,2445331201365,2446725448519,1394247154
1758,2445331201365,2446725450407,1394249042
1759,2445331201365,2446725463111,1394261746
1760,2445331201365,2446725465259,1394263894
1761,2445331201365,2446725468500,1394267135
1762,2445331201365,2446725470407,1394269042
1763,2445331201365,2446725473500,1394272135
1764,2445331201365,2446725475426,1394274061
1765,2445331201365,2446725478574,1394277209
1766,2445331201365,2446725480481,1394279116
1767,2445331201365,2446725483592,1394282227
1768,2445331201365,2446725485518,1394284153
1769,2445331201365,2446725488648,1394287283
1770,2445331201365,2446725490537,1394289172
1771,2445331201365,2446725493648,1394292283
1772,2445331201365,2446725495555,1394294190
1773,2445331201365,2446725498704,1394297339
1774,2445331201365,2446725500611,1394299246
1775,2445331201365,2446725503741,1394302376
1776,2445331201365,2446725505648,1394304283
1777,2445331201365,2446725508815,1394307450
1778,2445331201365,2446725510704,1394309339
1779,2445331201365,2446725513889,1394312524
1780,2445331201365,2446725515796,1394314431
1781,2445331201365,2446725518907,1394317542
1782,2445331201365,2446725520796,1394319431
1783,2445331201365,2446725523926,1394322561
1784,2445331201365,2446725525833,1394324468
1785,2445331201365,2446725528963,1394327598
1786,2445331201365,2446725530870,1394329505
1787,2445331201365,2446725534000,1394332635
1788,2445331201365,2446725535926,1394334561
1789,2445331201365,2446725539055,1394337690
1790,2445331201365,2446725540963,1394339598
1940,2445331201365,2446725544074,1394342709
1941,2445331201365,2446925749228,1594547863
1942,2445331201365,2446925752709,1594551344
1943,2445331201365,2446925754635,1594553270
1944,2445331201365,2446925757931,1594556566
1945,2445331201365,2446925759987,1594558622
1946,2445331201365,2446925763098,1594561733
1947,2445331201365,2446925765005,1594563640
1948,2445331201365,2446925768098,1594566733
1949,2445331201365,2446925770098,1594568733
1950,2445331201365,2446925773209,1594571844
1951,2445331201365,2446925775116,1594573751
1952,2445331201365,2446925778227,1594576862
1953,2445331201365,2446925780227,1594578862
1954,2445331201365,2446925783376,1594582011
1955,2445331201365,2446925785283,1594583918
1956,2445331201365,2446925788450,1594587085
1957,2445331201365,2446925790376,1594589011
1958,2445331201365,2446925793450,1594592085
1959,2445331201365,2446925795339,1594593974
1960,2445331201365,2446925798468,1594597103
1961,2445331201365,2446925800394,1594599029
1962,2445331201365,2446925803468,1594602103
1963,2445331201365,2446925805357,1594603992
1964,2445331201365,2446925808468,1594607103
1965,2445331201365,2446925810394,1594609029
1966,2445331201365,2446925813524,1594612159
1967,2445331201365,2446925815431,1594614066
1968,2445331201365,2446925818542,1594617177
1969,2445331201365,2446925820505,1594619140
1970,2445331201365,2446925823672,1594622307
1971,2445331201365,2446925825561,1594624196
1972,2445331201365,2446925828616,1594627251
1973,2445331201365,2446925830561,1594629196
1974,2445331201365,2446925833690,1594632325
1975,2445331201365,2446925835579,1594634214
1976,2445331201365,2446925838746,1594637381
1977,2445331201365,2446925840672,1594639307
1978,2445331201365,2446925842561,1594641196
1979,2445331201365,2446925844450,1594643085
1980,2445331201365,2446925846338,1594644973
1981,2445331201365,2446925848357,1594646992
1982,2445331201365,2446925851487,1594650122
1983,2445331201365,2446925853375,1594652010
1984,2445331201365,2446925856487,1594655122
1985,2445331201365,2446925858468,1594657103
1986,2445331201365,2446925861598,1594660233
1987,2445331201365,2446925863505,1594662140
1988,2445331201365,2446925866635,1594665270
1989,2445331201365,2446925868542,1594667177
1990,2445331201365,2446925871672,1594670307
1991,2445331201365,2446925873579,1594672214
1992,2445331201365,2446925876801,1594675436
1993,2445331201365,2446925878727,1594677362
1994,2445331201365,2446925882079,1594680714
1995,2445331201365,2446925883968,1594682603
1996,2445331201365,2446925887320,1594685955
1997,2445331201365,2446925889246,1594687881
1998,2445331201365,2446925892542,1594691177
1999,2445331201365,2446925894431,1594693066
2000,2445331201365,2446925905264,1594703899
2001,2445331201365,2446925907320,1594705955
2002,2445331201365,2446925921579,1594720214
2003,2445331201365,2446925923912,1594722547
2004,2445331201365,2446925927153,1594725788
2005,2445331201365,2446925929060,1594727695
2006,2445331201365,2446925932283,1594730918
2007,2445331201365,2446925934190,1594732825
2008,2445331201365,2446925937338,1594735973
2009,2445331201365,2446925939283,1594737918
2010,2445331201365,2446925942431,1594741066
2011,2445331201365,2446925944338,1594742973
2012,2445331201365,2446925947505,1594746140
2013,2445331201365,2446925949431,1594748066
2014,2445331201365,2446925952634,1594751269
2015,2445331201365,2446925954505,1594753140
2016,2445331201365,2446925957727,1594756362
2017,2445331201365,2446925959634,1594758269
2018,2445331201365,2446925962745,1594761380
2019,2445331201365,2446925964653,1594763288
2020,2445331201365,2446925966542,1594765177
2021,2445331201365,2446925968468,1594767103
2022,2445331201365,2446925971634,1594770269
2023,2445331201365,2446925973708,1594772343
2024,2445331201365,2446925976931,1594775566
2025,2445331201365,2446925978857,1594777492
2026,2445331201365,2446925982060,1594780695
2027,2445331201365,2446925983949,1594782584
2028,2445331201365,2446925987116,1594785751
2029,2445331201365,2446925989042,1594787677
2030,2445331201365,2446925992171,1594790806
2031,2445331201365,2446925994079,1594792714
2032,2445331201365,2446925997264,1594795899
2033,2445331201365,2446925999190,1594797825
2034,2445331201365,2446926002319,1594800954
2035,2445331201365,2446926004227,1594802862
2036,2445331201365,2446926007393,1594806028
2037,2445331201365,2446926009338,1594807973
2038,2445331201365,2446926012523,1594811158
2039,2445331201365,2446926014412,1594813047
2040,2445331201365,2446926017560,1594816195
2041,2445331201365,2446926019468,1594818103
2042,2445331201365,2446926022597,1594821232
2043,2445331201365,2446926024505,1594823140
2044,2445331201365,2446926027653,1594826288
2045,2445331201365,2446926029560,1594828195
2046,2445331201365,2446926032727,1594831362
2047,2445331201365,2446926034634,1594833269
2048,2445331201365,2446926037819,1594836454
2049,2445331201365,2446926039745,1594838380
2050,2445331201365,2446926042875,1594841510
2051,2445331201365,2446926044782,1594843417
2052,2445331201365,2446926047930,1594846565
2053,2445331201365,2446926049838,1594848473
2054,2445331201365,2446926053004,1594851639
2055,2445331201365,2446926054893,1594853528
2056,2445331201365,2446926058060,1594856695
2057,2445331201365,2446926060004,1594858639
2058,2445331201365,2446926063171,1594861806
2059,2445331201365,2446926065079,1594863714
2060,2445331201365,2446926068208,1594866843
2061,2445331201365,2446926070134,1594868769
2062,2445331201365,2446926073301,1594871936
2063,2445331201365,2446926075190,1594873825
2064,2445331201365,2446926078319,1594876954
2065,2445331201365,2446926080245,1594878880
2066,2445331201365,2446926089967,1594888602
2067,2445331201365,2446926093264,1594891899
2068,2445331201365,2446926095171,1594893806
2218,2445331201365,2447126301417,1795100052
2219,2445331201365,2447126304991,1795103626
2220,2445331201365,2447126306899,1795105534
2221,2445331201365,2447126310028,1795108663
2222,2445331201365,2447126312010,1795110645
2223,2445331201365,2447126315140,1795113775
2224,2445331201365,2447126317028,1795115663
2225,2445331201365,2447126318917,1795117552
2226,2445331201365,2447126320825,1795119460
2227,2445331201365,2447126322714,1795121349
2228,2445331201365,2447126324584,1795123219
2229,2445331201365,2447126327751,1795126386
2230,2445331201365,2447126329751,1795128386
2231,2445331201365,2447126332899,1795131534
2232,2445331201365,2447126334769,1795133404
2233,2445331201365,2447126337917,1795136552
2234,2445331201365,2447126339825,1795138460
2235,2445331201365,2447126342936,1795141571
2236,2445331201365,2447126344806,1795143441
2237,2445331201365,2447126348010,1795146645
2238,2445331201365,2447126349917,1795148552
2239,2445331201365,2447126353028,1795151663
2240,2445331201365,2447126354917,1795153552
2241,2445331201365,2447126358047,1795156682
2242,2445331201365,2447126359954,1795158589
2243,2445331201365,2447126363121,1795161756
2244,2445331201365,2447126364991,1795163626
2245,2445331201365,2447126368121,1795166756
2246,2445331201365,2447126370047,1795168682
2247,2445331201365,2447126371936,1795170571
2248,2445331201365,2447126373843,1795172478
2249,2445331201365,2447126375713,1795174348
2250,2445331201365,2447126378454,1795177089
2251,2445331201365,2447126381510,1795180145
2252,2445331201365,2447126383399,1795182034
2253,2445331201365,2447126385269,1795183904
2254,2445331201365,2447126387195,1795185830
2255,2445331201365,2447126389084,1795187719
2256,2445331201365,2447126390973,1795189608
2257,2445331201365,2447126394213,1795192848
2258,2445331201365,2447126396269,1795194904
2259,2445331201365,2447126399417,1795198052
2260,2445331201365,2447126401325,1795199960
2261,2445331201365,2447126404473,1795203108
2262,2445331201365,2447126406399,1795205034
2263,2445331201365,2447126409528,1795208163
2264,2445331201365,2447126411399,1795210034
2265,2445331201365,2447126414584,1795213219
2266,2445331201365,2447126416510,1795215145
2267,2445331201365,2447126419658,1795218293
2268,2445331201365,2447126421547,1795220182
2269,2445331201365,2447126424713,1795223348
2270,2445331201365,2447126426621,1795225256
2271,2445331201365,2447126429769,1795228404
2272,2445331201365,2447126431639,1795230274
2273,2445331201365,2447126434787,1795233422
2274,2445331201365,2447126436713,1795235348
2275,2445331201365,2447126438713,1795237348
2276,2445331201365,2447126440584,1795239219
2277,2445331201365,2447126442435,1795241070
2278,2445331201365,2447126444621,1795243256
2279,2445331201365,2447126447769,1795246404
2280,2445331201365,2447126449639,1795248274
2281,2445331201365,2447126452769,1795251404
2282,2445331201365,2447126454676,1795253311
2283,2445331201365,2447126457861,1795256496
2284,2445331201365,2447126459713,1795258348
2285,2445331201365,2447126463028,1795261663
2286,2445331201365,2447126464935,1795263570
2287,2445331201365,2447126468269,1795266904
2288,2445331201365,2447126470139,1795268774
2289,2445331201365,2447126473417,1795272052
2290,2445331201365,2447126475343,1795273978
2291,2445331201365,2447126478621,1795277256
2292,2445331201365,2447126480509,1795279144
2293,2445331201365,2447126483843,1795282478
2294,2445331201365,2447126485750,1795284385
2295,2445331201365,2447126489009,1795287644
2296,2445331201365,2447126490917,1795289552
2297,2445331201365,2447126494195,1795292830
2298,2445331201365,2447126496121,1795294756
2299,2445331201365,2447126499417,1795298052
2300,2445331201365,2447126501324,1795299959
2301,2445331201365,2447126504676,1795303311
2302,2445331201365,2447126506639,1795305274
2303,2445331201365,2447126509954,1795308589
2304,2445331201365,2447126511861,1795310496
2305,2445331201365,2447126515176,1795313811
2306,2445331201365,2447126517083,1795315718
2307,2445331201365,2447126520343,1795318978
2308,2445331201365,2447126522232,1795320867
2309,2445331201365,2447126525509,1795324144
2310,2445331201365,2447126527435,1795326070
2311,2445331201365,2447126530713,1795329348
2312,2445331201365,2447126532602,1795331237
2313,2445331201365,2447126535917,1795334552
2314,2445331201365,2447126537843,1795336478
2315,2445331201365,2447126541139,1795339774
2316,2445331201365,2447126543028,1795341663
2317,2445331201365,2447126546324,1795344959
2318,2445331201365,2447126548231,1795346866
2319,2445331201365,2447126551528,1795350163
2320,2445331201365,2447126553435,1795352070
2321,2445331201365,2447126556731,1795355366
2322,2445331201365,2447126558639,1795357274
2323,2445331201365,2447126560528,1795359163
2324,2445331201365,2447126562417,1795361052
2325,2445331201365,2447126564287,1795362922
2326,2445331201365,2447126566306,1795364941
2327,2445331201365,2447126569417,1795368052
2328,2445331201365,2447126571305,1795369940
2329,2445331201365,2447126574472,1795373107
2330,2445331201365,2447126576398,1795375033
2331,2445331201365,2447126579509,1795378144
2332,2445331201365,2447126581398,1795380033
2333,2445331201365,2447126584676,1795383311
2334,2445331201365,2447126586602,1795385237
2335,2445331201365,2447126599991,1795398626
2336,2445331201365,2447126602065,1795400700
2337,2445331201365,2447126605287,1795403922
2338,2445331201365,2447126607250,1795405885
2339,2445331201365,2447126610416,1795409051
2340,2445331201365,2447126612324,1795410959
2341,2445331201365,2447126614213,1795412848
2342,2445331201365,2447126616139,1795414774
2343,2445331201365,2447126618046,1795416681
2344,2445331201365,2447126620787,1795419422
2345,2445331201365,2447126623879,1795422514
2495,2445331201365,2447326828830,1995627465
2496,2445331201365,2447326832348,1995630983
2497,2445331201365,2447326834292,1995632927
2498,2445331201365,2447326837496,1995636131
2499,2445331201365,2447326839626,1995638261
2500,2445331201365,2447326842829,1995641464
2501,2445331201365,2447326844755,1995643390
2502,2445331201365,2447326847885,1995646520
2503,2445331201365,2447326849811,1995648446
2504,2445331201365,2447326852978,1995651613
2505,2445331201365,2447326854922,1995653557
2506,2445331201365,2447326858089,1995656724
2507,2445331201365,2447326860089,1995658724
2508,2445331201365,2447326863200,1995661835
2509,2445331201365,2447326865107,1995663742
2510,2445331201365,2447326866978,1995665613
2511,2445331201365,2447326868903,1995667538
2512,2445331201365,2447326870996,1995669631
2513,2445331201365,2447326874070,1995672705
2514,2445331201365,2447326875940,1995674575
2515,2445331201365,2447326877885,1995676520
2516,2445331201365,2447326879755,1995678390
2517,2445331201365,2447326881626,1995680261
2518,2445331201365,2447326883515,1995682150
2519,2445331201365,2447326886700,1995685335
2520,2445331201365,2447326888570,1995687205
2521,2445331201365,2447326891718,1995690353
2522,2445331201365,2447326893644,1995692279
2523,2445331201365,2447326896792,1995695427
2524,2445331201365,2447326898718,1995697353
2525,2445331201365,2447326901922,1995700557
2526,2445331201365,2447326903829,1995702464
2527,2445331201365,2447326907070,1995705705
2528,2445331201365,2447326908996,1995707631
2529,2445331201365,2447326912144,1995710779
2530,2445331201365,2447326914051,1995712686
2531,2445331201365,2447326917274,1995715909
2532,2445331201365,2447326919181,1995717816
2533,2445331201365,2447326922348,1995720983
2534,2445331201365,2447326924274,1995722909
2535,2445331201365,2447326927459,1995726094
2536,2445331201365,2447326929329,1995727964
2537,2445331201365,2447326931385,1995730020
2538,2445331201365,2447326933255,1995731890
2539,2445331201365,2447326935125,1995733760
2540,2445331201365,2447326937700,1995736335
2541,2445331201365,2447326940774,1995739409
2542,2445331201365,2447326942681,1995741316
2543,2445331201365,2447326945811,1995744446
2544,2445331201365,2447326947737,1995746372
2545,2445331201365,2447326950903,1995749538
2546,2445331201365,2447326952811,1995751446
2547,2445331201365,2447326955977,1995754612
2548,2445331201365,2447326957885,1995756520
2549,2445331201365,2447326961107,1995759742
2550,2445331201365,2447326963033,1995761668
2551,2445331201365,2447326966255,1995764890
2552,2445331201365,2447326968162,1995766797
2553,2445331201365,2447326971329,1995769964
2554,2445331201365,2447326973236,1995771871
2555,2445331201365,2447326976385,1995775020
2556,2445331201365,2447326978311,1995776946
2557,2445331201365,2447326981477,1995780112
2558,2445331201365,2447326983403,1995782038
2559,2445331201365,2447326986681,1995785316
2560,2445331201365,2447326988607,1995787242
2561,2445331201365,2447326991959,1995790594
2562,2445331201365,2447326993866,1995792501
2563,2445331201365,2447326997181,1995795816
2564,2445331201365,2447326999107,1995797742
2565,2445331201365,2447327002403,1995801038
2566,2445331201365,2447327004329,1995802964
2567,2445331201365,2447327007644,1995806279
2568,2445331201365,2447327009570,1995808205
2569,2445331201365,2447327012922,1995811557
2570,2445331201365,2447327014885,1995813520
2571,2445331201365,2447327018199,1995816834
2572,2445331201365,2447327020107,1995818742
2573,2445331201365,2447327023477,1995822112
2574,2445331201365,2447327025384,1995824019
2575,2445331201365,2447327028755,1995827390
2576,2445331201365,2447327030662,1995829297
2577,2445331201365,2447327034051,1995832686
2578,2445331201365,2447327035959,1995834594
2579,2445331201365,2447327039329,1995837964
2580,2445331201365,2447327041255,1995839890
2581,2445331201365,2447327044551,1995843186
2582,2445331201365,2447327046477,1995845112
2583,2445331201365,2447327049866,1995848501
2584,2445331201365,2447327051736,1995850371
2585,2445331201365,2447327053644,1995852279
2586,2445331201365,2447327055514,1995854149
2587,2445331201365,2447327057421,1995856056
2588,2445331201365,2447327059310,1995857945
2589,2445331201365,2447327062421,1995861056
2590,2445331201365,2447327064347,1995862982
2591,2445331201365,2447327067440,1995866075
2592,2445331201365,2447327069366,1995868001
2593,2445331201365,2447327072495,1995871130
2594,2445331201365,2447327074421,1995873056
2595,2445331201365,2447327077588,1995876223
2596,2445331201365,2447327079495,1995878130
2597,2445331201365,2447327082792,1995881427
2598,2445331201365,2447327084699,1995883334
2599,2445331201365,2447327088014,1995886649
2600,2445331201365,2447327089921,1995888556
2601,2445331201365,2447327093310,1995891945
2602,2445331201365,2447327095218,1995893853
2603,2445331201365,2447327098569,1995897204
2604,2445331201365,2447327100477,1995899112
2605,2445331201365,2447327103829,1995902464
2606,2445331201365,2447327105699,1995904334
2607,2445331201365,2447327107625,1995906260
2608,2445331201365,2447327109514,1995908149
2609,2445331201365,2447327111384,1995910019
2610,2445331201365,2447327114495,1995913130
2611,2445331201365,2447327116625,1995915260
2612,2445331201365,2447327119736,1995918371
2613,2445331201365,2447327121625,1995920260
2614,2445331201365,2447327123495,1995922130
2615,2445331201365,2447327125384,1995924019
2616,2445331201365,2447327127310,1995925945
2617,2445331201365,2447327130440,1995929075
2618,2445331201365,2447327132421,1995931056
2619,2445331201365,2447327135643,1995934278
2620,2445331201365,2447327137551,1995936186
2621,2445331201365,2447327140736,1995939371
2622,2445331201365,2447327142643,1995941278
2772,2445331201365,2447527349723,2196148358
2773,2445331201365,2447527353482,2196152117
2774,2445331201365,2447527355390,2196154025
2775,2445331201365,2447527357260,2196155895
2776,2445331201365,2447527361093,2196159728
2777,2445331201365,2447527362982,2196161617
2778,2445331201365,2447527365038,2196163673
2779,2445331201365,2447527368186,2196166821
2780,2445331201365,2447527370075,2196168710
2781,2445331201365,2447527373167,2196171802
2782,2445331201365,2447527375056,2196173691
2783,2445331201365,2447527378167,2196176802
2784,2445331201365,2447527380223,2196178858
2785,2445331201365,2447527383371,2196182006
2786,2445331201365,2447527385260,2196183895
2787,2445331201365,2447527387149,2196185784
2788,2445331201365,2447527389149,2196187784
2789,2445331201365,2447527391038,2196189673
2790,2445331201365,2447527393686,2196192321
2791,2445331201365,2447527396723,2196195358
2792,2445331201365,2447527398612,2196197247
2793,2445331201365,2447527401779,2196200414
2794,2445331201365,2447527403667,2196202302
2795,2445331201365,2447527406797,2196205432
2796,2445331201365,2447527408704,2196207339
2797,2445331201365,2447527411853,2196210488
2798,2445331201365,2447527413741,2196212376
2799,2445331201365,2447527417001,2196215636
2800,2445331201365,2447527418982,2196217617
2801,2445331201365,2447527422371,2196221006
2802,2445331201365,2447527424241,2196222876
2803,2445331201365,2447527427575,2196226210
2804,2445331201365,2447527429501,2196228136
2805,2445331201365,2447527432815,2196231450
2806,2445331201365,2447527434723,2196233358
2807,2445331201365,2447527438001,2196236636
2808,2445331201365,2447527439927,2196238562
2809,2445331201365,2447527443278,2196241913
2810,2445331201365,2447527445149,2196243784
2811,2445331201365,2447527448482,2196247117
2812,2445331201365,2447527450389,2196249024
2813,2445331201365,2447527453723,2196252358
2814,2445331201365,2447527455612,2196254247
2815,2445331201365,2447527458945,2196257580
2816,2445331201365,2447527460889,2196259524
2817,2445331201365,2447527464186,2196262821
2818,2445331201365,2447527466075,2196264710
2819,2445331201365,2447527477352,2196275987
2820,2445331201365,2447527479482,2196278117
2821,2445331201365,2447527482649,2196281284
2822,2445331201365,2447527484538,2196283173
2823,2445331201365,2447527487704,2196286339
2824,2445331201365,2447527489612,2196288247
2825,2445331201365,2447527492741,2196291376
2826,2445331201365,2447527494630,2196293265
2827,2445331201365,2447527497815,2196296450
2828,2445331201365,2447527499723,2196298358
2829,2445331201365,2447527502852,2196301487
2830,2445331201365,2447527504741,2196303376
2831,2445331201365,2447527506630,2196305265
2832,2445331201365,2447527508537,2196307172
2833,2445331201365,2447527510445,2196309080
2834,2445331201365,2447527512334,2196310969
2835,2445331201365,2447527515019,2196313654
2836,2445331201365,2447527518241,2196316876
2837,2445331201365,2447527520130,2196318765
2838,2445331201365,2447527523315,2196321950
2839,2445331201365,2447527525204,2196323839
2840,2445331201365,2447527528334,2196326969
2841,2445331201365,2447527530204,2196328839
2842,2445331201365,2447527533352,2196331987
2843,2445331201365,2447527535241,2196333876
2844,2445331201365,2447527538371,2196337006
2845,2445331201365,2447527540260,2196338895
2846,2445331201365,2447527543426,2196342061
2847,2445331201365,2447527545315,2196343950
2848,2445331201365,2447527548426,2196347061
2849,2445331201365,2447527550315,2196348950
2850,2445331201365,2447527553445,2196352080
2851,2445331201365,2447527555334,2196353969
2852,2445331201365,2447527558426,2196357061
2853,2445331201365,2447527560315,2196358950
2854,2445331201365,2447527562204,2196360839
2855,2445331201365,2447527564093,2196362728
2856,2445331201365,2447527566111,2196364746
2857,2445331201365,2447527569222,2196367857
2858,2445331201365,2447527573315,2196371950
2859,2445331201365,2447527575204,2196373839
2860,2445331201365,2447527577111,2196375746
2861,2445331201365,2447527579000,2196377635
2862,2445331201365,2447527581037,2196379672
2863,2445331201365,2447527584278,2196382913
2864,2445331201365,2447527586185,2196384820
2865,2445331201365,2447527589334,2196387969
2866,2445331201365,2447527591222,2196389857
2867,2445331201365,2447527594352,2196392987
2868,2445331201365,2447527596315,2196394950
2869,2445331201365,2447527599426,2196398061
2870,2445331201365,2447527601315,2196399950
2871,2445331201365,2447527604445,2196403080
2872,2445331201365,2447527606352,2196404987
2873,2445331201365,2447527609482,2196408117
2874,2445331201365,2447527611389,2196410024
2875,2445331201365,2447527614519,2196413154
2876,2445331201365,2447527616426,2196415061
2877,2445331201365,2447527619574,2196418209
2878,2445331201365,2447527621482,2196420117
2879,2445331201365,2447527624611,2196423246
2880,2445331201365,2447527626537,2196425172
2881,2445331201365,2447527628426,2196427061
2882,2445331201365,2447527630315,2196428950
2883,2445331201365,2447527632204,2196430839
2884,2445331201365,2447527635407,2196434042
2885,2445331201365,2447527637278,2196435913
2886,2445331201365,2447527640407,2196439042
2887,2445331201365,2447527642278,2196440913
2888,2445331201365,2447527645389,2196444024
2889,2445331201365,2447527647278,2196445913
2890,2445331201365,2447527650407,2196449042
2891,2445331201365,2447527652278,2196450913
2892,2445331201365,2447527655389,2196454024
2893,2445331201365,2447527657259,2196455894
2894,2445331201365,2447527660389,2196459024
2895,2445331201365,2447527662278,2196460913
2896,2445331201365,2447527665370,2196464005
2897,2445331201365,2447527667259,2196465894
2898,2445331201365,2447527670426,2196469061
2899,2445331201365,2447527672315,2196470950
3049,2445331201365,2447727878635,2396677270
3050,2445331201365,2447727882043,2396680678
3051,2445331201365,2447727883950,2396682585
3052,2445331201365,2447727886598,2396685233
3053,2445331201365,2447727889691,2396688326
3054,2445331201365,2447727891580,2396690215
3055,2445331201365,2447727894709,2396693344
3056,2445331201365,2447727896598,2396695233
3057,2445331201365,2447727899691,2396698326
3058,2445331201365,2447727901561,2396700196
3059,2445331201365,2447727903468,2396702103
3060,2445331201365,2447727905339,2396703974
3061,2445331201365,2447727907357,2396705992
3062,2445331201365,2447727909228,2396707863
3063,2445331201365,2447727912487,2396711122
3064,2445331201365,2447727914580,2396713215
3065,2445331201365,2447727917746,2396716381
3066,2445331201365,2447727919617,2396718252
3067,2445331201365,2447727922802,2396721437
3068,2445331201365,2447727924691,2396723326
3069,2445331201365,2447727927876,2396726511
3070,2445331201365,2447727929765,2396728400
3071,2445331201365,2447727933024,2396731659
3072,2445331201365,2447727934894,2396733529
3073,2445331201365,2447727938191,2396736826
3074,2445331201365,2447727940061,2396738696
3075,2445331201365,2447727943339,2396741974
3076,2445331201365,2447727945209,2396743844
3077,2445331201365,2447727948561,2396747196
3078,2445331201365,2447727950450,2396749085
3079,2445331201365,2447727953746,2396752381
3080,2445331201365,2447727955616,2396754251
3081,2445331201365,2447727957542,2396756177
3082,2445331201365,2447727959431,2396758066
3083,2445331201365,2447727961302,2396759937
3084,2445331201365,2447727963968,2396762603
3085,2445331201365,2447727967079,2396765714
3086,2445331201365,2447727968950,2396767585
3087,2445331201365,2447727970839,2396769474
3088,2445331201365,2447727972728,2396771363
3089,2445331201365,2447727974598,2396773233
3090,2445331201365,2447727976487,2396775122
3091,2445331201365,2447727979209,2396777844
3092,2445331201365,2447727982376,2396781011
3093,2445331201365,2447727984320,2396782955
3094,2445331201365,2447727987468,2396786103
3095,2445331201365,2447727989339,2396787974
3096,2445331201365,2447727992468,2396791103
3097,2445331201365,2447727994394,2396793029
3098,2445331201365,2447727997505,2396796140
3099,2445331201365,2447727999376,2396798011
3100,2445331201365,2447728009264,2396807899
3101,2445331201365,2447728011913,2396810548
3102,2445331201365,2447728015098,2396813733
3103,2445331201365,2447728016987,2396815622
3104,2445331201365,2447728020209,2396818844
3105,2445331201365,2447728022116,2396820751
3106,2445331201365,2447728024005,2396822640
3107,2445331201365,2447728025894,2396824529
3108,2445331201365,2447728027783,2396826418
3109,2445331201365,2447728031598,2396830233
3110,2445331201365,2447728033487,2396832122
3111,2445331201365,2447728036598,2396835233
3112,2445331201365,2447728038487,2396837122
3113,2445331201365,2447728041635,2396840270
3114,2445331201365,2447728043524,2396842159
3115,2445331201365,2447728046690,2396845325
3116,2445331201365,2447728048598,2396847233
3117,2445331201365,2447728051727,2396850362
3118,2445331201365,2447728053616,2396852251
3119,2445331201365,2447728056727,2396855362
3120,2445331201365,2447728058616,2396857251
3121,2445331201365,2447728061746,2396860381
3122,2445331201365,2447728063635,2396862270
3123,2445331201365,2447728066764,2396865399
3124,2445331201365,2447728068635,2396867270
3125,2445331201365,2447728071764,2396870399
3126,2445331201365,2447728073635,2396872270
3127,2445331201365,2447728076783,2396875418
3128,2445331201365,2447728078653,2396877288
3129,2445331201365,2447728081912,2396880547
3130,2445331201365,2447728083783,2396882418
3131,2445331201365,2447728087079,2396885714
3132,2445331201365,2447728088968,2396887603
3133,2445331201365,2447728092209,2396890844
3134,2445331201365,2447728094098,2396892733
3135,2445331201365,2447728097431,2396896066
3136,2445331201365,2447728099301,2396897936
3137,2445331201365,2447728102635,2396901270
3138,2445331201365,2447728104505,2396903140
3139,2445331201365,2447728107783,2396906418
3140,2445331201365,2447728109672,2396908307
3141,2445331201365,2447728113005,2396911640
3142,2445331201365,2447728114875,2396913510
3143,2445331201365,2447728118209,2396916844
3144,2445331201365,2447728120079,2396918714
3145,2445331201365,2447728123338,2396921973
3146,2445331201365,2447728125227,2396923862
3147,2445331201365,2447728128542,2396927177
3148,2445331201365,2447728130412,2396929047
3149,2445331201365,2447728133690,2396932325
3150,2445331201365,2447728135560,2396934195
3151,2445331201365,2447728138875,2396937510
3152,2445331201365,2447728140764,2396939399
3153,2445331201365,2447728143283,2396941918
3154,2445331201365,2447728145134,2396943769
3155,2445331201365,2447728158412,2396957047
3156,2445331201365,2447728160338,2396958973
3157,2445331201365,2447728163468,2396962103
3158,2445331201365,2447728165357,2396963992
3159,2445331201365,2447728168505,2396967140
3160,2445331201365,2447728170375,2396969010
3161,2445331201365,2447728173523,2396972158
3162,2445331201365,2447728175412,2396974047
3163,2445331201365,2447728178560,2396977195
3164,2445331201365,2447728180449,2396979084
3165,2445331201365,2447728183579,2396982214
3166,2445331201365,2447728185468,2396984103
3167,2445331201365,2447728188597,2396987232
3168,2445331201365,2447728190468,2396989103
3169,2445331201365,2447728193671,2396992306
3170,2445331201365,2447728195560,2396994195
3171,2445331201365,2447728197579,2396996214
3172,2445331201365,2447728199449,2396998084
3173,2445331201365,2447728201338,2396999973
3174,2445331201365,2447728204079,2397002714
3175,2445331201365,2447728207431,2397006066
3176,2445331201365,2447728209301,2397007936
3326,2445331201365,2447728211227,2397009862
3327,2445331201365,2447928416325,2597214960
3328,2445331201365,2447928419788,2597218423
3329,2445331201365,2447928421714,2597220349
3330,2445331201365,2447928424955,2597223590
3331,2445331201365,2447928427769,2597226404
3332,2445331201365,2447928430936,2597229571
3333,2445331201365,2447928432825,2597231460
3334,2445331201365,2447928436010,2597234645
3335,2445331201365,2447928437899,2597236534
3336,2445331201365,2447928441047,2597239682
3337,2445331201365,2447928442936,2597241571
3338,2445331201365,2447928446047,2597244682
3339,2445331201365,2447928447936,2597246571
3340,2445331201365,2447928451084,2597249719
3341,2445331201365,2447928452973,2597251608
3342,2445331201365,2447928456251,2597254886
3343,2445331201365,2447928458121,2597256756
3344,2445331201365,2447928460029,2597258664
3345,2445331201365,2447928461918,2597260553
3346,2445331201365,2447928463936,2597262571
3347,2445331201365,2447928467066,2597265701
3348,2445331201365,2447928469177,2597267812
3349,2445331201365,2447928471658,2597270293
3350,2445331201365,2447928473547,2597272182
3351,2445331201365,2447928475436,2597274071
3352,2445331201365,2447928477343,2597275978
3353,2445331201365,2447928480603,2597279238
3354,2445331201365,2447928482714,2597281349
3355,2445331201365,2447928485862,2597284497
3356,2445331201365,2447928487751,2597286386
3357,2445331201365,2447928490899,2597289534
3358,2445331201365,2447928492806,2597291441
3359,2445331201365,2447928495954,2597294589
3360,2445331201365,2447928497843,2597296478
3361,2445331201365,2447928500992,2597299627
3362,2445331201365,2447928502917,2597301552
3363,2445331201365,2447928506066,2597304701
3364,2445331201365,2447928507973,2597306608
3365,2445331201365,2447928511158,2597309793
3366,2445331201365,2447928513066,2597311701
3367,2445331201365,2447928516232,2597314867
3368,2445331201365,2447928518140,2597316775
3369,2445331201365,2447928521269,2597319904
3370,2445331201365,2447928523214,2597321849
3371,2445331201365,2447928525214,2597323849
3372,2445331201365,2447928527103,2597325738
3373,2445331201365,2447928528973,2597327608
3374,2445331201365,2447928531565,2597330200
3375,2445331201365,2447928534751,2597333386
3376,2445331201365,2447928536658,2597335293
3377,2445331201365,2447928539769,2597338404
3378,2445331201365,2447928541769,2597340404
3379,2445331201365,2447928544973,2597343608
3380,2445331201365,2447928546880,2597345515
3381,2445331201365,2447928550028,2597348663
3382,2445331201365,2447928551936,2597350571
3383,2445331201365,2447928555065,2597353700
3384,2445331201365,2447928556973,2597355608
3385,2445331201365,2447928560102,2597358737
3386,2445331201365,2447928562028,2597360663
3387,2445331201365,2447928565139,2597363774
3388,2445331201365,2447928567065,2597365700
3389,2445331201365,2447928570195,2597368830
3390,2445331201365,2447928572121,2597370756
3391,2445331201365,2447928575269,2597373904
3392,2445331201365,2447928577158,2597375793
3393,2445331201365,2447928580325,2597378960
3394,2445331201365,2447928582251,2597380886
3395,2445331201365,2447928585399,2597384034
3396,2445331201365,2447928587288,2597385923
3397,2445331201365,2447928590454,2597389089
3398,2445331201365,2447928592362,2597390997
3399,2445331201365,2447928595454,2597394089
3400,2445331201365,2447928597343,2597395978
3401,2445331201365,2447928600528,2597399163
3402,2445331201365,2447928602491,2597401126
3403,2445331201365,2447928605806,2597404441
3404,2445331201365,2447928607695,2597406330
3405,2445331201365,2447928611028,2597409663
3406,2445331201365,2447928612936,2597411571
3407,2445331201365,2447928616232,2597414867
3408,2445331201365,2447928618121,2597416756
3409,2445331201365,2447928621250,2597419885
3410,2445331201365,2447928623158,2597421793
3411,2445331201365,2447928626287,2597424922
3412,2445331201365,2447928628195,2597426830
3413,2445331201365,2447928631324,2597429959
3414,2445331201365,2447928633250,2597431885
3415,2445331201365,2447928636454,2597435089
3416,2445331201365,2447928638343,2597436978
3417,2445331201365,2447928641491,2597440126
3418,2445331201365,2447928643417,2597442052
3419,2445331201365,2447928658028,2597456663
3420,2445331201365,2447928660306,2597458941
3421,2445331201365,2447928663454,2597462089
3422,2445331201365,2447928665435,2597464070
3423,2445331201365,2447928668621,2597467256
3424,2445331201365,2447928670528,2597469163
3425,2445331201365,2447928673658,2597472293
3426,2445331201365,2447928675584,2597474219
3427,2445331201365,2447928678713,2597477348
3428,2445331201365,2447928680602,2597479237
3429,2445331201365,2447928683695,2597482330
3430,2445331201365,2447928685621,2597484256
3431,2445331201365,2447928688750,2597487385
3432,2445331201365,2447928690639,2597489274
3433,2445331201365,2447928693769,2597492404
3434,2445331201365,2447928695676,2597494311
3435,2445331201365,2447928698787,2597497422
3436,2445331201365,2447928700676,2597499311
3437,2445331201365,2447928702565,2597501200
3438,2445331201365,2447928704491,2597503126
3439,2445331201365,2447928707324,2597505959
3440,2445331201365,2447928710398,2597509033
3441,2445331201365,2447928712287,2597510922
3442,2445331201365,2447928714213,2597512848
3443,2445331201365,2447928716102,2597514737
3444,2445331201365,2447928718009,2597516644
3445,2445331201365,2447928719917,2597518552
3446,2445331201365,2447928723028,2597521663
3447,2445331201365,2447928724917,2597523552
3448,2445331201365,2447928728083,2597526718
3449,2445331201365,2447928729972,2597528607
3450,2445331201365,2447928733157,2597531792
3451,2445331201365,2447928735046,2597533681
3452,2445331201365,2447928738176,2597536811
3453,2445331201365,2447928740065,2597538700
3454,2445331201365,2447928743232,2597541867
3604,2445331201365,2448128989496,2797788131
3605,2445331201365,2448128994626,2797793261
3606,2445331201365,2448128998200,2797796835
3607,2445331201365,2448128999830,2797798465
3608,2445331201365,2448129002163,2797800798
3609,2445331201365,2448129003552,2797802187
3610,2445331201365,2448129005904,2797804539
3611,2445331201365,2448129007385,2797806020
3612,2445331201365,2448129009737,2797808372
3613,2445331201365,2448129011126,2797809761
3614,2445331201365,2448129013459,2797812094
3615,2445331201365,2448129014941,2797813576
3616,2445331201365,2448129017237,2797815872
3617,2445331201365,2448129018607,2797817242
3618,2445331201365,2448129020996,2797819631
3619,2445331201365,2448129022422,2797821057
3620,2445331201365,2448129024755,2797823390
3621,2445331201365,2448129026181,2797824816
3622,2445331201365,2448129028533,2797827168
3623,2445331201365,2448129029941,2797828576
3624,2445331201365,2448129032274,2797830909
3625,2445331201365,2448129033644,2797832279
3626,2445331201365,2448129036033,2797834668
3627,2445331201365,2448129037422,2797836057
3628,2445331201365,2448129038922,2797837557
3629,2445331201365,2448129040274,2797838909
3630,2445331201365,2448129041626,2797840261
3631,2445331201365,2448129047385,2797846020
3632,2445331201365,2448129050052,2797848687
3633,2445331201365,2448129051441,2797850076
3634,2445331201365,2448129053792,2797852427
3635,2445331201365,2448129055311,2797853946
3636,2445331201365,2448129057700,2797856335
3637,2445331201365,2448129059089,2797857724
3638,2445331201365,2448129061422,2797860057
3639,2445331201365,2448129079533,2797878168
3640,2445331201365,2448129083126,2797881761
3641,2445331201365,2448129084496,2797883131
3642,2445331201365,2448129086885,2797885520
3643,2445331201365,2448129088478,2797887113
3644,2445331201365,2448129090829,2797889464
3645,2445331201365,2448129092200,2797890835
3646,2445331201365,2448129094570,2797893205
3647,2445331201365,2448129096126,2797894761
3648,2445331201365,2448129098477,2797897112
3649,2445331201365,2448129099866,2797898501
3650,2445331201365,2448129102422,2797901057
3651,2445331201365,2448129103996,2797902631
3652,2445331201365,2448129106496,2797905131
3653,2445331201365,2448129107885,2797906520
3654,2445331201365,2448129110403,2797909038
3655,2445331201365,2448129112033,2797910668
3656,2445331201365,2448129114514,2797913149
3657,2445331201365,2448129115903,2797914538
3658,2445331201365,2448129118255,2797916890
3659,2445331201365,2448129119774,2797918409
3660,2445331201365,2448129122107,2797920742
3661,2445331201365,2448129123496,2797922131
3662,2445331201365,2448129125903,2797924538
3663,2445331201365,2448129129329,2797927964
3664,2445331201365,2448129130811,2797929446
3665,2445331201365,2448129133163,2797931798
3666,2445331201365,2448129134551,2797933186
3667,2445331201365,2448129136940,2797935575
3668,2445331201365,2448129138477,2797937112
3669,2445331201365,2448129140811,2797939446
3670,2445331201365,2448129142200,2797940835
3671,2445331201365,2448129144588,2797943223
3672,2445331201365,2448129157903,2797956538
3673,2445331201365,2448129160496,2797959131
3674,2445331201365,2448129161885,2797960520
3675,2445331201365,2448129163329,2797961964
3676,2445331201365,2448129164700,2797963335
3677,2445331201365,2448129166070,2797964705
3678,2445331201365,2448129168366,2797967001
3679,2445331201365,2448129170292,2797968927
3680,2445331201365,2448129172737,2797971372
3681,2445331201365,2448129174107,2797972742
3682,2445331201365,2448129176440,2797975075
3683,2445331201365,2448129177848,2797976483
3684,2445331201365,2448129180162,2797978797
3685,2445331201365,2448129181533,2797980168
3686,2445331201365,2448129183866,2797982501
3687,2445331201365,2448129185255,2797983890
3688,2445331201365,2448129187607,2797986242
3689,2445331201365,2448129188977,2797987612
3690,2445331201365,2448129191311,2797989946
3691,2445331201365,2448129192718,2797991353
3692,2445331201365,2448129195088,2797993723
3693,2445331201365,2448129196459,2797995094
3694,2445331201365,2448129198922,2797997557
3695,2445331201365,2448129200329,2797998964
3696,2445331201365,2448129202792,2798001427
3697,2445331201365,2448129204181,2798002816
3698,2445331201365,2448129206644,2798005279
3699,2445331201365,2448129208051,2798006686
3700,2445331201365,2448129210477,2798009112
3701,2445331201365,2448129211848,2798010483
3702,2445331201365,2448129213236,2798011871
3703,2445331201365,2448129214644,2798013279
3704,2445331201365,2448129216014,2798014649
3705,2445331201365,2448129226107,2798024742
3706,2445331201365,2448129227514,2798026149
3707,2445331201365,2448129228922,2798027557
3708,2445331201365,2448129230292,2798028927
3709,2445331201365,2448129231681,2798030316
3710,2445331201365,2448129233181,2798031816
3711,2445331201365,2448129235533,2798034168
3712,2445331201365,2448129236903,2798035538
3713,2445331201365,2448129239199,2798037834
3714,2445331201365,2448129240570,2798039205
3715,2445331201365,2448129242959,2798041594
3716,2445331201365,2448129244329,2798042964
3717,2445331201365,2448129246644,2798045279
3718,2445331201365,2448129248033,2798046668
3719,2445331201365,2448129250366,2798049001
3720,2445331201365,2448129251736,2798050371
3721,2445331201365,2448129254088,2798052723
3722,2445331201365,2448129255459,2798054094
3723,2445331201365,2448129257773,2798056408
3724,2445331201365,2448129259144,2798057779
3725,2445331201365,2448129261458,2798060093
3726,2445331201365,2448129262847,2798061482
3727,2445331201365,2448129265181,2798063816
3728,2445331201365,2448129266551,2798065186
3729,2445331201365,2448129268903,2798067538
3730,2445331201365,2448129270292,2798068927
3731,2445331201365,2448129272644,2798071279
3882,2445331201365,2448329360742,2998159377
3883,2445331201365,2448329364631,2998163266
3884,2445331201365,2448329366557,2998165192
3885,2445331201365,2448329368501,2998167136
3886,2445331201365,2448329370409,2998169044
3887,2445331201365,2448329373576,2998172211
3888,2445331201365,2448329376261,2998174896
3889,2445331201365,2448329379501,2998178136
3890,2445331201365,2448329381390,2998180025
3891,2445331201365,2448329384520,2998183155
3892,2445331201365,2448329386409,2998185044
3893,2445331201365,2448329389650,2998188285
3894,2445331201365,2448329391501,2998190136
3895,2445331201365,2448329394687,2998193322
3896,2445331201365,2448329396575,2998195210
3897,2445331201365,2448329399761,2998198396
3898,2445331201365,2448329401668,2998200303
3899,2445331201365,2448329404853,2998203488
3900,2445331201365,2448329406761,2998205396
3901,2445331201365,2448329409946,2998208581
3902,2445331201365,2448329411816,2998210451
3903,2445331201365,2448329414946,2998213581
3904,2445331201365,2448329416816,2998215451
3905,2445331201365,2448329426742,2998225377
3906,2445331201365,2448329430168,2998228803
3907,2445331201365,2448329432075,2998230710
3908,2445331201365,2448329433946,2998232581
3909,2445331201365,2448329435983,2998234618
3910,2445331201365,2448329440872,2998239507
3911,2445331201365,2448329442798,2998241433
3912,2445331201365,2448329445927,2998244562
3913,2445331201365,2448329448094,2998246729
3914,2445331201365,2448329451242,2998249877
3915,2445331201365,2448329453131,2998251766
3916,2445331201365,2448329456279,2998254914
3917,2445331201365,2448329458353,2998256988
3918,2445331201365,2448329461501,2998260136
3919,2445331201365,2448329463372,2998262007
3920,2445331201365,2448329466649,2998265284
3921,2445331201365,2448329468835,2998267470
3922,2445331201365,2448329472020,2998270655
3923,2445331201365,2448329473909,2998272544
3924,2445331201365,2448329477020,2998275655
3925,2445331201365,2448329479112,2998277747
3926,2445331201365,2448329482223,2998280858
3927,2445331201365,2448329484112,2998282747
3928,2445331201365,2448329491464,2998290099
3929,2445331201365,2448329495075,2998293710
3930,2445331201365,2448329496964,2998295599
3931,2445331201365,2448329500149,2998298784
3932,2445331201365,2448329502057,2998300692
3933,2445331201365,2448329505205,2998303840
3934,2445331201365,2448329507094,2998305729
3935,2445331201365,2448329510223,2998308858
3936,2445331201365,2448329512112,2998310747
3937,2445331201365,2448329515297,2998313932
3938,2445331201365,2448329517205,2998315840
3939,2445331201365,2448329520334,2998318969
3940,2445331201365,2448329522223,2998320858
3941,2445331201365,2448329525408,2998324043
3942,2445331201365,2448329527297,2998325932
3943,2445331201365,2448329530445,2998329080
3944,2445331201365,2448329532371,2998331006
3945,2445331201365,2448329535519,2998334154
3946,2445331201365,2448329537427,2998336062
3947,2445331201365,2448329540668,2998339303
3948,2445331201365,2448329542557,2998341192
3949,2445331201365,2448329545890,2998344525
3950,2445331201365,2448329547797,2998346432
3951,2445331201365,2448329551131,2998349766
3952,2445331201365,2448329553019,2998351654
3953,2445331201365,2448329556390,2998355025
3954,2445331201365,2448329558297,2998356932
3955,2445331201365,2448329561668,2998360303
3956,2445331201365,2448329563575,2998362210
3957,2445331201365,2448329566908,2998365543
3958,2445331201365,2448329568797,2998367432
3959,2445331201365,2448329572056,2998370691
3960,2445331201365,2448329573964,2998372599
3961,2445331201365,2448329577297,2998375932
3962,2445331201365,2448329579186,2998377821
3963,2445331201365,2448329582482,2998381117
3964,2445331201365,2448329584371,2998383006
3965,2445331201365,2448329587742,2998386377
3966,2445331201365,2448329600779,2998399414
3967,2445331201365,2448329604167,2998402802
3968,2445331201365,2448329606056,2998404691
3969,2445331201365,2448329607982,2998406617
3970,2445331201365,2448329609871,2998408506
3971,2445331201365,2448329613001,2998411636
3972,2445331201365,2448329615075,2998413710
3973,2445331201365,2448329618316,2998416951
3974,2445331201365,2448329620204,2998418839
3975,2445331201365,2448329639408,2998438043
3976,2445331201365,2448329644427,2998443062
3977,2445331201365,2448329646352,2998444987
3978,2445331201365,2448329649482,2998448117
3979,2445331201365,2448329651352,2998449987
3980,2445331201365,2448329654501,2998453136
3981,2445331201365,2448329656390,2998455025
3982,2445331201365,2448329658260,2998456895
3983,2445331201365,2448329669834,2998468469
3984,2445331201365,2448329673223,2998471858
3985,2445331201365,2448329675130,2998473765
3986,2445331201365,2448329677019,2998475654
3987,2445331201365,2448329678945,2998477580
3988,2445331201365,2448329682093,2998480728
3989,2445331201365,2448329684001,2998482636
3990,2445331201365,2448329687149,2998485784
3991,2445331201365,2448329689019,2998487654
3992,2445331201365,2448329692186,2998490821
3993,2445331201365,2448329694093,2998492728
3994,2445331201365,2448329697278,2998495913
3995,2445331201365,2448329699167,2998497802
3996,2445331201365,2448329702352,2998500987
3997,2445331201365,2448329704260,2998502895
3998,2445331201365,2448329707445,2998506080
3999,2445331201365,2448329709315,2998507950
4000,2445331201365,2448329712500,2998511135
4001,2445331201365,2448329714426,2998513061
4002,2445331201365,2448329717593,2998516228
4003,2445331201365,2448329719463,2998518098
4004,2445331201365,2448329722649,2998521284
4005,2445331201365,2448329724556,2998523191
4006,2445331201365,2448329726445,2998525080
4007,2445331201365,2448329734334,2998532969
4008,2445331201365,2448329737889,2998536524
4009,2445331201365,2448329739852,2998538487
4159,2445331201365,2448329742945,2998541580
4160,2445331201365,2448529787969,3198586604
4161,2445331201365,2448529791655,3198590290
4162,2445331201365,2448529793581,3198592216
4163,2445331201365,2448529795488,3198594123
4164,2445331201365,2448529797377,3198596012
4165,2445331201365,2448529800543,3198599178
4166,2445331201365,2448529802803,3198601438
4167,2445331201365,2448529806025,3198604660
4168,2445331201365,2448529807914,3198606549
4169,2445331201365,2448529811062,3198609697
4170,2445331201365,2448529813062,3198611697
4171,2445331201365,2448529816247,3198614882
4172,2445331201365,2448529818136,3198616771
4173,2445331201365,2448529821284,3198619919
4174,2445331201365,2448529823210,3198621845
4175,2445331201365,2448529826340,3198624975
4176,2445331201365,2448529828210,3198626845
4177,2445331201365,2448529831358,3198629993
4178,2445331201365,2448529833284,3198631919
4179,2445331201365,2448529836414,3198635049
4180,2445331201365,2448529838284,3198636919
4181,2445331201365,2448529841395,3198640030
4182,2445331201365,2448529843321,3198641956
4183,2445331201365,2448529845210,3198643845
4184,2445331201365,2448529855080,3198653715
4185,2445331201365,2448529858506,3198657141
4186,2445331201365,2448529860543,3198659178
4187,2445331201365,2448529862432,3198661067
4188,2445331201365,2448529864340,3198662975
4189,2445331201365,2448529867043,3198665678
4190,2445331201365,2448529870228,3198668863
4191,2445331201365,2448529872117,3198670752
4192,2445331201365,2448529875265,3198673900
4193,2445331201365,2448529877877,3198676512
4194,2445331201365,2448529881025,3198679660
4195,2445331201365,2448529882895,3198681530
4196,2445331201365,2448529886099,3198684734
4197,2445331201365,2448529888191,3198686826
4198,2445331201365,2448529891432,3198690067
4199,2445331201365,2448529893302,3198691937
4200,2445331201365,2448529896488,3198695123
4201,2445331201365,2448529898562,3198697197
4202,2445331201365,2448529901747,3198700382
4203,2445331201365,2448529903636,3198702271
4204,2445331201365,2448529906765,3198705400
4205,2445331201365,2448529908895,3198707530
4206,2445331201365,2448529910932,3198709567
4207,2445331201365,2448529912802,3198711437
4208,2445331201365,2448529920525,3198719160
4209,2445331201365,2448529923932,3198722567
4210,2445331201365,2448529925876,3198724511
4211,2445331201365,2448529929117,3198727752
4212,2445331201365,2448529931173,3198729808
4213,2445331201365,2448529934376,3198733011
4214,2445331201365,2448529936302,3198734937
4215,2445331201365,2448529939432,3198738067
4216,2445331201365,2448529941321,3198739956
4217,2445331201365,2448529944450,3198743085
4218,2445331201365,2448529946376,3198745011
4219,2445331201365,2448529949525,3198748160
4220,2445331201365,2448529951413,3198750048
4221,2445331201365,2448529954599,3198753234
4222,2445331201365,2448529956506,3198755141
4223,2445331201365,2448529959654,3198758289
4224,2445331201365,2448529961543,3198760178
4225,2445331201365,2448529964728,3198763363
4226,2445331201365,2448529966654,3198765289
4227,2445331201365,2448529969839,3198768474
4228,2445331201365,2448529971728,3198770363
4229,2445331201365,2448529974876,3198773511
4230,2445331201365,2448529976802,3198775437
4231,2445331201365,2448529979932,3198778567
4232,2445331201365,2448529981821,3198780456
4233,2445331201365,2448529985006,3198783641
4234,2445331201365,2448529986950,3198785585
4235,2445331201365,2448529990061,3198788696
4236,2445331201365,2448529991950,3198790585
4237,2445331201365,2448529995136,3198793771
4238,2445331201365,2448529997043,3198795678
4239,2445331201365,2448530000191,3198798826
4240,2445331201365,2448530002080,3198800715
4241,2445331201365,2448530005191,3198803826
4242,2445331201365,2448530007135,3198805770
4243,2445331201365,2448530010284,3198808919
4244,2445331201365,2448530012172,3198810807
4245,2445331201365,2448530015339,3198813974
4246,2445331201365,2448530028395,3198827030
4247,2445331201365,2448530031691,3198830326
4248,2445331201365,2448530033598,3198832233
4249,2445331201365,2448530035487,3198834122
4250,2445331201365,2448530037432,3198836067
4251,2445331201365,2448530040246,3198838881
4252,2445331201365,2448530043321,3198841956
4253,2445331201365,2448530045209,3198843844
4254,2445331201365,2448530048376,3198847011
4255,2445331201365,2448530050265,3198848900
4256,2445331201365,2448530053413,3198852048
4257,2445331201365,2448530055321,3198853956
4258,2445331201365,2448530058469,3198857104
4259,2445331201365,2448530060358,3198858993
4260,2445331201365,2448530063506,3198862141
4261,2445331201365,2448530065395,3198864030
4262,2445331201365,2448530068580,3198867215
4263,2445331201365,2448530070469,3198869104
4264,2445331201365,2448530073635,3198872270
4265,2445331201365,2448530075524,3198874159
4266,2445331201365,2448530078746,3198877381
4267,2445331201365,2448530080635,3198879270
4268,2445331201365,2448530083765,3198882400
4269,2445331201365,2448530085654,3198884289
4270,2445331201365,2448530096043,3198894678
4271,2445331201365,2448530099580,3198898215
4272,2445331201365,2448530101487,3198900122
4273,2445331201365,2448530103376,3198902011
4274,2445331201365,2448530105339,3198903974
4275,2445331201365,2448530108691,3198907326
4276,2445331201365,2448530110728,3198909363
4277,2445331201365,2448530113968,3198912603
4278,2445331201365,2448530115876,3198914511
4279,2445331201365,2448530119006,3198917641
4280,2445331201365,2448530120876,3198919511
4281,2445331201365,2448530124005,3198922640
4282,2445331201365,2448530125913,3198924548
4283,2445331201365,2448530129172,3198927807
4284,2445331201365,2448530131043,3198929678
4285,2445331201365,2448530134302,3198932937
4286,2445331201365,2448530136191,3198934826
4287,2445331201365,2448530139468,3198938103
4436,2445331201365,2448530141339,3198939974
4437,2445331201365,2448730301937,3399100572
4438,2445331201365,2448730305548,3399104183
4439,2445331201365,2448730307437,3399106072
4440,2445331201365,2448730309345,3399107980
4441,2445331201365,2448730311233,3399109868
4442,2445331201365,2448730314419,3399113054
4443,2445331201365,2448730316326,3399114961
4444,2445331201365,2448730319437,3399118072
4445,2445331201365,2448730321326,3399119961
4446,2445331201365,2448730324493,3399123128
4447,2445331201365,2448730326363,3399124998
4448,2445331201365,2448730329548,3399128183
4449,2445331201365,2448730331419,3399130054
4450,2445331201365,2448730334604,3399133239
4451,2445331201365,2448730336474,3399135109
4452,2445331201365,2448730339659,3399138294
4453,2445331201365,2448730341530,3399140165
4454,2445331201365,2448730344715,3399143350
4455,2445331201365,2448730346585,3399145220
4456,2445331201365,2448730349826,3399148461
4457,2445331201365,2448730351696,3399150331
4458,2445331201365,2448730355067,3399153702
4459,2445331201365,2448730375344,3399173979
4460,2445331201365,2448730377307,3399175942
4461,2445331201365,2448730379196,3399177831
4462,2445331201365,2448730382455,3399181090
4463,2445331201365,2448730384511,3399183146
4464,2445331201365,2448730387659,3399186294
4465,2445331201365,2448730389548,3399188183
4466,2445331201365,2448730392678,3399191313
4467,2445331201365,2448730394826,3399193461
4468,2445331201365,2448730397974,3399196609
4469,2445331201365,2448730399881,3399198516
4470,2445331201365,2448730403104,3399201739
4471,2445331201365,2448730405029,3399203664
4472,2445331201365,2448730408215,3399206850
4473,2445331201365,2448730410307,3399208942
4474,2445331201365,2448730413455,3399212090
4475,2445331201365,2448730415363,3399213998
4476,2445331201365,2448730418511,3399217146
4477,2445331201365,2448730420659,3399219294
4478,2445331201365,2448730423826,3399222461
4479,2445331201365,2448730425715,3399224350
4480,2445331201365,2448730427622,3399226257
4481,2445331201365,2448730436881,3399235516
4482,2445331201365,2448730439103,3399237738
4483,2445331201365,2448730442215,3399240850
4484,2445331201365,2448730444103,3399242738
4485,2445331201365,2448730447215,3399245850
4486,2445331201365,2448730449140,3399247775
4487,2445331201365,2448730452289,3399250924
4488,2445331201365,2448730454177,3399252812
4489,2445331201365,2448730457363,3399255998
4490,2445331201365,2448730459307,3399257942
4491,2445331201365,2448730462437,3399261072
4492,2445331201365,2448730464326,3399262961
4493,2445331201365,2448730467474,3399266109
4494,2445331201365,2448730469400,3399268035
4495,2445331201365,2448730472622,3399271257
4496,2445331201365,2448730474529,3399273164
4497,2445331201365,2448730477881,3399276516
4498,2445331201365,2448730479807,3399278442
4499,2445331201365,2448730483122,3399281757
4500,2445331201365,2448730485011,3399283646
4501,2445331201365,2448730488325,3399286960
4502,2445331201365,2448730490251,3399288886
4503,2445331201365,2448730493659,3399292294
4504,2445331201365,2448730495548,3399294183
4505,2445331201365,2448730498825,3399297460
4506,2445331201365,2448730500751,3399299386
4507,2445331201365,2448730504085,3399302720
4508,2445331201365,2448730505974,3399304609
4509,2445331201365,2448730509270,3399307905
4510,2445331201365,2448730511214,3399309849
4511,2445331201365,2448730514566,3399313201
4512,2445331201365,2448730516474,3399315109
4513,2445331201365,2448730519770,3399318405
4514,2445331201365,2448730521751,3399320386
4515,2445331201365,2448730525122,3399323757
4516,2445331201365,2448730527011,3399325646
4517,2445331201365,2448730530307,3399328942
4518,2445331201365,2448730545011,3399343646
4519,2445331201365,2448730547029,3399345664
4520,2445331201365,2448730548936,3399347571
4521,2445331201365,2448730550844,3399349479
4522,2445331201365,2448730552751,3399351386
4523,2445331201365,2448730555899,3399354534
4524,2445331201365,2448730558066,3399356701
4525,2445331201365,2448730561288,3399359923
4526,2445331201365,2448730563233,3399361868
4527,2445331201365,2448730566418,3399365053
4528,2445331201365,2448730568307,3399366942
4529,2445331201365,2448730571473,3399370108
4530,2445331201365,2448730573381,3399372016
4531,2445331201365,2448730576566,3399375201
4532,2445331201365,2448730578436,3399377071
4533,2445331201365,2448730581640,3399380275
4534,2445331201365,2448730583566,3399382201
4535,2445331201365,2448730586714,3399385349
4536,2445331201365,2448730588603,3399387238
4537,2445331201365,2448730591788,3399390423
4538,2445331201365,2448730593714,3399392349
4539,2445331201365,2448730596881,3399395516
4540,2445331201365,2448730598751,3399397386
4541,2445331201365,2448730600659,3399399294
4542,2445331201365,2448730611177,3399409812
4543,2445331201365,2448730614621,3399413256
4544,2445331201365,2448730616510,3399415145
4545,2445331201365,2448730618399,3399417034
4546,2445331201365,2448730620362,3399418997
4547,2445331201365,2448730623677,3399422312
4548,2445331201365,2448730625714,3399424349
4549,2445331201365,2448730628881,3399427516
4550,2445331201365,2448730630788,3399429423
4551,2445331201365,2448730633992,3399432627
4552,2445331201365,2448730635862,3399434497
4553,2445331201365,2448730638992,3399437627
4554,2445331201365,2448730640899,3399439534
4555,2445331201365,2448730644010,3399442645
4556,2445331201365,2448730645899,3399444534
4557,2445331201365,2448730648992,3399447627
4558,2445331201365,2448730650899,3399449534
4559,2445331201365,2448730654066,3399452701
4560,2445331201365,2448730655936,3399454571
4561,2445331201365,2448730659084,3399457719
4562,2445331201365,2448730660992,3399459627
4563,2445331201365,2448730664121,3399462756
4564,2445331201365,2448730665992,3399464627
4714,2445331201365,2448730667862,3399466497
4715,2445331201365,2448930846479,3599645114
4716,2445331201365,2448930850257,3599648892
4717,2445331201365,2448930852294,3599650929
4718,2445331201365,2448930854238,3599652873
4719,2445331201365,2448930856164,3599654799
4720,2445331201365,2448930859331,3599657966
4721,2445331201365,2448930861405,3599660040
4722,2445331201365,2448930864497,3599663132
4723,2445331201365,2448930866405,3599665040
4724,2445331201365,2448930869497,3599668132
4725,2445331201365,2448930871386,3599670021
4726,2445331201365,2448930873516,3599672151
4727,2445331201365,2448930876627,3599675262
4728,2445331201365,2448930878516,3599677151
4729,2445331201365,2448930881627,3599680262
4730,2445331201365,2448930883516,3599682151
4731,2445331201365,2448930886627,3599685262
4732,2445331201365,2448930888516,3599687151
4733,2445331201365,2448930891090,3599689725
4734,2445331201365,2448930894219,3599692854
4735,2445331201365,2448930896145,3599694780
4736,2445331201365,2448930899238,3599697873
4737,2445331201365,2448930901127,3599699762
4738,2445331201365,2448930903034,3599701669
4739,2445331201365,2448930912831,3599711466
4740,2445331201365,2448930916368,3599715003
4741,2445331201365,2448930918275,3599716910
4742,2445331201365,2448930920182,3599718817
4743,2445331201365,2448930922164,3599720799
4744,2445331201365,2448930924219,3599722854
4745,2445331201365,2448930927442,3599726077
4746,2445331201365,2448930929349,3599727984
4747,2445331201365,2448930931405,3599730040
4748,2445331201365,2448930934571,3599733206
4749,2445331201365,2448930936442,3599735077
4750,2445331201365,2448930939071,3599737706
4751,2445331201365,2448930942256,3599740891
4752,2445331201365,2448930944145,3599742780
4753,2445331201365,2448930946719,3599745354
4754,2445331201365,2448930949849,3599748484
4755,2445331201365,2448930951775,3599750410
4756,2445331201365,2448930954516,3599753151
4757,2445331201365,2448930957645,3599756280
4758,2445331201365,2448930959516,3599758151
4759,2445331201365,2448930962219,3599760854
4760,2445331201365,2448930965423,3599764058
4761,2445331201365,2448930967312,3599765947
4762,2445331201365,2448930969219,3599767854
4763,2445331201365,2448930971238,3599769873
4764,2445331201365,2448930978830,3599777465
4765,2445331201365,2448930982312,3599780947
4766,2445331201365,2448930984219,3599782854
4767,2445331201365,2448930987404,3599786039
4768,2445331201365,2448930989293,3599787928
4769,2445331201365,2448930991367,3599790002
4770,2445331201365,2448930994497,3599793132
4771,2445331201365,2448930996423,3599795058
4772,2445331201365,2448930999552,3599798187
4773,2445331201365,2448931001423,3599800058
4774,2445331201365,2448931004552,3599803187
4775,2445331201365,2448931006497,3599805132
4776,2445331201365,2448931009034,3599807669
4777,2445331201365,2448931012145,3599810780
4778,2445331201365,2448931014034,3599812669
4779,2445331201365,2448931017201,3599815836
4780,2445331201365,2448931019108,3599817743
4781,2445331201365,2448931022238,3599820873
4782,2445331201365,2448931024126,3599822761
4783,2445331201365,2448931026849,3599825484
4784,2445331201365,2448931029960,3599828595
4785,2445331201365,2448931031849,3599830484
4786,2445331201365,2448931034960,3599833595
4787,2445331201365,2448931036904,3599835539
4788,2445331201365,2448931040145,3599838780
4789,2445331201365,2448931042052,3599840687
4790,2445331201365,2448931044812,3599843447
4791,2445331201365,2448931048126,3599846761
4792,2445331201365,2448931050015,3599848650
4793,2445331201365,2448931053275,3599851910
4794,2445331201365,2448931068386,3599867021
4795,2445331201365,2448931070978,3599869613
4796,2445331201365,2448931074182,3599872817
4797,2445331201365,2448931089293,3599887928
4798,2445331201365,2448931091219,3599889854
4799,2445331201365,2448931093145,3599891780
4800,2445331201365,2448931095052,3599893687
4801,2445331201365,2448931096960,3599895595
4802,2445331201365,2448931100126,3599898761
4803,2445331201365,2448931102274,3599900909
4804,2445331201365,2448931105404,3599904039
4805,2445331201365,2448931107293,3599905928
4806,2445331201365,2448931110423,3599909058
4807,2445331201365,2448931112367,3599911002
4808,2445331201365,2448931115497,3599914132
4809,2445331201365,2448931117385,3599916020
4810,2445331201365,2448931120052,3599918687
4811,2445331201365,2448931123163,3599921798
4812,2445331201365,2448931125034,3599923669
4813,2445331201365,2448931128200,3599926835
4814,2445331201365,2448931130108,3599928743
4815,2445331201365,2448931133237,3599931872
4816,2445331201365,2448931135145,3599933780
4817,2445331201365,2448931137904,3599936539
4818,2445331201365,2448931140997,3599939632
4819,2445331201365,2448931142922,3599941557
4820,2445331201365,2448931144811,3599943446
4821,2445331201365,2448931155422,3599954057
4822,2445331201365,2448931158904,3599957539
4823,2445331201365,2448931160848,3599959483
4824,2445331201365,2448931162774,3599961409
4825,2445331201365,2448931164663,3599963298
4826,2445331201365,2448931167867,3599966502
4827,2445331201365,2448931169959,3599968594
4828,2445331201365,2448931173089,3599971724
4829,2445331201365,2448931174959,3599973594
4830,2445331201365,2448931178089,3599976724
4831,2445331201365,2448931179996,3599978631
4832,2445331201365,2448931183107,3599981742
4833,2445331201365,2448931185015,3599983650
4834,2445331201365,2448931187682,3599986317
4835,2445331201365,2448931190848,3599989483
4836,2445331201365,2448931192737,3599991372
4837,2445331201365,2448931195885,3599994520
4838,2445331201365,2448931197774,3599996409
4839,2445331201365,2448931200941,3599999576
4840,2445331201365,2448931202811,3600001446
4841,2445331201365,2448931205496,3600004131
4842,2445331201365,2448931208607,3600007242
4992,2445331201365,2449131362039,3800160674
4993,2445331201365,2449131365817,3800164452
4994,2445331201365,2449131367724,3800166359
4995,2445331201365,2449131369613,3800168248
4996,2445331201365,2449131371558,3800170193
4997,2445331201365,2449131374743,3800173378
4998,2445331201365,2449131377317,3800175952
4999,2445331201365,2449131380409,3800179044
5000,2445331201365,2449131382428,3800181063
5001,2445331201365,2449131385558,3800184193
5002,2445331201365,2449131387446,3800186081
5003,2445331201365,2449131390113,3800188748
5004,2445331201365,2449131393224,3800191859
5005,2445331201365,2449131395132,3800193767
5006,2445331201365,2449131398280,3800196915
5007,2445331201365,2449131400169,3800198804
5008,2445331201365,2449131403465,3800202100
5009,2445331201365,2449131405335,3800203970
5010,2445331201365,2449131408095,3800206730
5011,2445331201365,2449131411372,3800210007
5012,2445331201365,2449131413409,3800212044
5013,2445331201365,2449131416669,3800215304
5014,2445331201365,2449131418576,3800217211
5015,2445331201365,2449131428557,3800227192
5016,2445331201365,2449131432113,3800230748
5017,2445331201365,2449131434020,3800232655
5018,2445331201365,2449131435928,3800234563
5019,2445331201365,2449131437798,3800236433
5020,2445331201365,2449131440446,3800239081
5021,2445331201365,2449131443576,3800242211
5022,2445331201365,2449131445483,3800244118
5023,2445331201365,2449131450094,3800248729
5024,2445331201365,2449131452187,3800250822
5025,2445331201365,2449131455354,3800253989
5026,2445331201365,2449131457243,3800255878
5027,2445331201365,2449131459817,3800258452
5028,2445331201365,2449131462946,3800261581
5029,2445331201365,2449131464817,3800263452
5030,2445331201365,2449131467409,3800266044
5031,2445331201365,2449131470520,3800269155
5032,2445331201365,2449131472446,3800271081
5033,2445331201365,2449131476705,3800275340
5034,2445331201365,2449131478835,3800277470
5035,2445331201365,2449131481983,3800280618
5036,2445331201365,2449131483909,3800282544
5037,2445331201365,2449131485798,3800284433
5038,2445331201365,2449131487668,3800286303
5039,2445331201365,2449131496872,3800295507
5040,2445331201365,2449131499187,3800297822
5041,2445331201365,2449131502279,3800300914
5042,2445331201365,2449131504187,3800302822
5043,2445331201365,2449131506854,3800305489
5044,2445331201365,2449131510020,3800308655
5045,2445331201365,2449131511909,3800310544
5046,2445331201365,2449131515076,3800313711
5047,2445331201365,2449131516983,3800315618
5048,2445331201365,2449131520113,3800318748
5049,2445331201365,2449131522002,3800320637
5050,2445331201365,2449131524668,3800323303
5051,2445331201365,2449131527798,3800326433
5052,2445331201365,2449131529816,3800328451
5053,2445331201365,2449131532983,3800331618
5054,2445331201365,2449131534890,3800333525
5055,2445331201365,2449131538020,3800336655
5056,2445331201365,2449131539946,3800338581
5057,2445331201365,2449131543057,3800341692
5058,2445331201365,2449131544946,3800343581
5059,2445331201365,2449131547057,3800345692
5060,2445331201365,2449131550168,3800348803
5061,2445331201365,2449131552076,3800350711
5062,2445331201365,2449131555187,3800353822
5063,2445331201365,2449131557094,3800355729
5064,2445331201365,2449131560242,3800358877
5065,2445331201365,2449131562150,3800360785
5066,2445331201365,2449131564761,3800363396
5067,2445331201365,2449131567872,3800366507
5068,2445331201365,2449131569798,3800368433
5069,2445331201365,2449131572946,3800371581
5070,2445331201365,2449131574872,3800373507
5071,2445331201365,2449131578001,3800376636
5072,2445331201365,2449131579946,3800378581
5073,2445331201365,2449131582687,3800381322
5074,2445331201365,2449131585835,3800384470
5075,2445331201365,2449131587742,3800386377
5076,2445331201365,2449131601946,3800400581
5077,2445331201365,2449131605409,3800404044
5078,2445331201365,2449131607316,3800405951
5079,2445331201365,2449131609224,3800407859
5080,2445331201365,2449131611205,3800409840
5081,2445331201365,2449131613298,3800411933
5082,2445331201365,2449131616409,3800415044
5083,2445331201365,2449131618298,3800416933
5084,2445331201365,2449131621038,3800419673
5085,2445331201365,2449131624131,3800422766
5086,2445331201365,2449131626020,3800424655
5087,2445331201365,2449131629205,3800427840
5088,2445331201365,2449131631149,3800429784
5089,2445331201365,2449131634446,3800433081
5090,2445331201365,2449131636335,3800434970
5091,2445331201365,2449131639594,3800438229
5092,2445331201365,2449131641520,3800440155
5093,2445331201365,2449131645835,3800444470
5094,2445331201365,2449131647723,3800446358
5095,2445331201365,2449131650501,3800449136
5096,2445331201365,2449131653798,3800452433
5097,2445331201365,2449131655705,3800454340
5098,2445331201365,2449131657723,3800456358
5099,2445331201365,2449131659594,3800458229
5100,2445331201365,2449131674168,3800472803
5101,2445331201365,2449131677742,3800476377
5102,2445331201365,2449131679668,3800478303
5103,2445331201365,2449131681575,3800480210
5104,2445331201365,2449131683520,3800482155
5105,2445331201365,2449131685594,3800484229
5106,2445331201365,2449131688668,3800487303
5107,2445331201365,2449131690575,3800489210
5108,2445331201365,2449131693186,3800491821
5109,2445331201365,2449131696242,3800494877
5110,2445331201365,2449131698149,3800496784
5111,2445331201365,2449131701279,3800499914
5112,2445331201365,2449131703223,3800501858
5113,2445331201365,2449131706334,3800504969
5114,2445331201365,2449131708242,3800506877
5115,2445331201365,2449131710964,3800509599
5116,2445331201365,2449131714168,3800512803
5117,2445331201365,2449131716057,3800514692
5118,2445331201365,2449131719168,3800517803
5119,2445331201365,2449131721057,3800519692
5269,2445331201365,2449131724223,3800522858
5270,2445331201365,2449331931266,4000729901
5271,2445331201365,2449331934951,4000733586
5272,2445331201365,2449331936914,4000735549
5273,2445331201365,2449331938859,4000737494
5274,2445331201365,2449331940729,4000739364
5275,2445331201365,2449331943914,4000742549
5276,2445331201365,2449331945988,4000744623
5277,2445331201365,2449331949136,4000747771
5278,2445331201365,2449331960988,4000759623
5279,2445331201365,2449331963173,4000761808
5280,2445331201365,2449331966303,4000764938
5281,2445331201365,2449331968321,4000766956
5282,2445331201365,2449331971451,4000770086
5283,2445331201365,2449331973358,4000771993
5284,2445331201365,2449331976507,4000775142
5285,2445331201365,2449331978414,4000777049
5286,2445331201365,2449331981155,4000779790
5287,2445331201365,2449331984340,4000782975
5288,2445331201365,2449331986247,4000784882
5289,2445331201365,2449331988266,4000786901
5290,2445331201365,2449331998858,4000797493
5291,2445331201365,2449332007062,4000805697
5292,2445331201365,2449332009081,4000807716
5293,2445331201365,2449332012284,4000810919
5294,2445331201365,2449332014358,4000812993
5295,2445331201365,2449332017506,4000816141
5296,2445331201365,2449332019395,4000818030
5297,2445331201365,2449332023710,4000822345
5298,2445331201365,2449332025821,4000824456
5299,2445331201365,2449332028969,4000827604
5300,2445331201365,2449332030858,4000829493
5301,2445331201365,2449332034136,4000832771
5302,2445331201365,2449332036062,4000834697
5303,2445331201365,2449332039377,4000838012
5304,2445331201365,2449332041266,4000839901
5305,2445331201365,2449332045080,4000843715
5306,2445331201365,2449332047636,4000846271
5307,2445331201365,2449332050951,4000849586
5308,2445331201365,2449332052840,4000851475
5309,2445331201365,2449332054858,4000853493
5310,2445331201365,2449332056747,4000855382
5311,2445331201365,2449332064617,4000863252
5312,2445331201365,2449332068025,4000866660
5313,2445331201365,2449332070025,4000868660
5314,2445331201365,2449332073154,4000871789
5315,2445331201365,2449332075025,4000873660
5316,2445331201365,2449332077136,4000875771
5317,2445331201365,2449332080228,4000878863
5318,2445331201365,2449332082136,4000880771
5319,2445331201365,2449332085247,4000883882
5320,2445331201365,2449332087136,4000885771
5321,2445331201365,2449332090284,4000888919
5322,2445331201365,2449332092173,4000890808
5323,2445331201365,2449332094877,4000893512
5324,2445331201365,2449332098006,4000896641
5325,2445331201365,2449332099914,4000898549
5326,2445331201365,2449332103025,4000901660
5327,2445331201365,2449332104914,4000903549
5328,2445331201365,2449332107988,4000906623
5329,2445331201365,2449332109895,4000908530
5330,2445331201365,2449332112469,4000911104
5331,2445331201365,2449332115562,4000914197
5332,2445331201365,2449332117469,4000916104
5333,2445331201365,2449332120636,4000919271
5334,2445331201365,2449332122525,4000921160
5335,2445331201365,2449332125654,4000924289
5336,2445331201365,2449332127525,4000926160
5337,2445331201365,2449332130395,4000929030
5338,2445331201365,2449332133469,4000932104
5339,2445331201365,2449332135358,4000933993
5340,2445331201365,2449332138451,4000937086
5341,2445331201365,2449332140376,4000939011
5342,2445331201365,2449332143506,4000942141
5343,2445331201365,2449332145395,4000944030
5344,2445331201365,2449332148247,4000946882
5345,2445331201365,2449332151302,4000949937
5346,2445331201365,2449332153210,4000951845
5347,2445331201365,2449332156358,4000954993
5348,2445331201365,2449332158247,4000956882
5349,2445331201365,2449332172913,4000971548
5350,2445331201365,2449332176173,4000974808
5351,2445331201365,2449332178062,4000976697
5352,2445331201365,2449332179950,4000978585
5353,2445331201365,2449332181876,4000980511
5354,2445331201365,2449332185080,4000983715
5355,2445331201365,2449332187117,4000985752
5356,2445331201365,2449332190191,4000988826
5357,2445331201365,2449332192117,4000990752
5358,2445331201365,2449332195339,4000993974
5359,2445331201365,2449332197210,4000995845
5360,2445331201365,2449332199247,4000997882
5361,2445331201365,2449332202339,4001000974
5362,2445331201365,2449332204247,4001002882
5363,2445331201365,2449332207395,4001006030
5364,2445331201365,2449332209265,4001007900
5365,2445331201365,2449332212376,4001011011
5366,2445331201365,2449332214265,4001012900
5367,2445331201365,2449332216876,4001015511
5368,2445331201365,2449332219969,4001018604
5369,2445331201365,2449332221876,4001020511
5370,2445331201365,2449332224987,4001023622
5371,2445331201365,2449332226858,4001025493
5372,2445331201365,2449332228728,4001027363
5373,2445331201365,2449332230691,4001029326
5374,2445331201365,2449332241117,4001039752
5375,2445331201365,2449332244432,4001043067
5376,2445331201365,2449332246339,4001044974
5377,2445331201365,2449332248265,4001046900
5378,2445331201365,2449332251895,4001050530
5379,2445331201365,2449332254950,4001053585
5380,2445331201365,2449332256821,4001055456
5381,2445331201365,2449332259506,4001058141
5382,2445331201365,2449332262598,4001061233
5383,2445331201365,2449332264487,4001063122
5384,2445331201365,2449332267635,4001066270
5385,2445331201365,2449332269543,4001068178
5386,2445331201365,2449332272746,4001071381
5387,2445331201365,2449332274635,4001073270
5388,2445331201365,2449332277895,4001076530
5389,2445331201365,2449332279820,4001078455
5390,2445331201365,2449332283172,4001081807
5391,2445331201365,2449332285043,4001083678
5392,2445331201365,2449332287728,4001086363
5393,2445331201365,2449332291006,4001089641
5394,2445331201365,2449332292895,4001091530
5395,2445331201365,2449332294913,4001093548
5396,2445331201365,2449332296765,4001095400
5397,2445331201365,2449332305209,4001103844
5547,2445331201365,2449532457734,4201256369
5548,2445331201365,2449532461419,4201260054
5549,2445331201365,2449532463308,4201261943
5550,2445331201365,2449532465234,4201263869
5551,2445331201365,2449532467122,4201265757
5552,2445331201365,2449532470289,4201268924
5553,2445331201365,2449532472863,4201271498
5554,2445331201365,2449532475993,4201274628
5555,2445331201365,2449532477882,4201276517
5556,2445331201365,2449532480419,4201279054
5557,2445331201365,2449532483511,4201282146
5558,2445331201365,2449532485437,4201284072
5559,2445331201365,2449532488604,4201287239
5560,2445331201365,2449532490474,4201289109
5561,2445331201365,2449532493604,4201292239
5562,2445331201365,2449532495530,4201294165
5563,2445331201365,2449532498733,4201297368
5564,2445331201365,2449532500622,4201299257
5565,2445331201365,2449532502789,4201301424
5566,2445331201365,2449532505919,4201304554
5567,2445331201365,2449532507808,4201306443
5568,2445331201365,2449532510919,4201309554
5569,2445331201365,2449532512808,4201311443
5570,2445331201365,2449532514733,4201313368
5571,2445331201365,2449532524567,4201323202
5572,2445331201365,2449532528104,4201326739
5573,2445331201365,2449532530011,4201328646
5574,2445331201365,2449532531974,4201330609
5575,2445331201365,2449532533863,4201332498
5576,2445331201365,2449532535937,4201334572
5577,2445331201365,2449532539159,4201337794
5578,2445331201365,2449532541067,4201339702
5579,2445331201365,2449532543141,4201341776
5580,2445331201365,2449532546382,4201345017
5581,2445331201365,2449532548252,4201346887
5582,2445331201365,2449532550381,4201349016
5583,2445331201365,2449532553585,4201352220
5584,2445331201365,2449532555474,4201354109
5585,2445331201365,2449532557622,4201356257
5586,2445331201365,2449532560900,4201359535
5587,2445331201365,2449532562789,4201361424
5588,2445331201365,2449532566641,4201365276
5589,2445331201365,2449532569252,4201367887
5590,2445331201365,2449532572456,4201371091
5591,2445331201365,2449532574326,4201372961
5592,2445331201365,2449532577455,4201376090
5593,2445331201365,2449532579326,4201377961
5594,2445331201365,2449532581252,4201379887
5595,2445331201365,2449532583159,4201381794
5596,2445331201365,2449532590659,4201389294
5597,2445331201365,2449532594011,4201392646
5598,2445331201365,2449532595918,4201394553
5599,2445331201365,2449532599067,4201397702
5600,2445331201365,2449532601215,4201399850
5601,2445331201365,2449532604381,4201403016
5602,2445331201365,2449532606289,4201404924
5603,2445331201365,2449532609437,4201408072
5604,2445331201365,2449532611307,4201409942
5605,2445331201365,2449532614474,4201413109
5606,2445331201365,2449532616400,4201415035
5607,2445331201365,2449532618937,4201417572
5608,2445331201365,2449532622048,4201420683
5609,2445331201365,2449532623918,4201422553
5610,2445331201365,2449532627048,4201425683
5611,2445331201365,2449532628918,4201427553
5612,2445331201365,2449532632048,4201430683
5613,2445331201365,2449532633900,4201432535
5614,2445331201365,2449532649418,4201448053
5615,2445331201365,2449532651566,4201450201
5616,2445331201365,2449532654677,4201453312
5617,2445331201365,2449532656585,4201455220
5618,2445331201365,2449532659752,4201458387
5619,2445331201365,2449532661659,4201460294
5620,2445331201365,2449532664789,4201463424
5621,2445331201365,2449532666659,4201465294
5622,2445331201365,2449532669437,4201468072
5623,2445331201365,2449532672548,4201471183
5624,2445331201365,2449532674455,4201473090
5625,2445331201365,2449532677548,4201476183
5626,2445331201365,2449532679474,4201478109
5627,2445331201365,2449532682622,4201481257
5628,2445331201365,2449532684511,4201483146
5629,2445331201365,2449532699103,4201497738
5630,2445331201365,2449532702474,4201501109
5631,2445331201365,2449532704363,4201502998
5632,2445331201365,2449532706233,4201504868
5633,2445331201365,2449532708122,4201506757
5634,2445331201365,2449532710751,4201509386
5635,2445331201365,2449532713825,4201512460
5636,2445331201365,2449532715733,4201514368
5637,2445331201365,2449532718937,4201517572
5638,2445331201365,2449532720844,4201519479
5639,2445331201365,2449532722955,4201521590
5640,2445331201365,2449532726103,4201524738
5641,2445331201365,2449532727974,4201526609
5642,2445331201365,2449532731085,4201529720
5643,2445331201365,2449532732955,4201531590
5644,2445331201365,2449532736011,4201534646
5645,2445331201365,2449532737881,4201536516
5646,2445331201365,2449532740436,4201539071
5647,2445331201365,2449532743622,4201542257
5648,2445331201365,2449532745492,4201544127
5649,2445331201365,2449532748714,4201547349
5650,2445331201365,2449532750622,4201549257
5651,2445331201365,2449532753918,4201552553
5652,2445331201365,2449532755788,4201554423
5653,2445331201365,2449532766455,4201565090
5654,2445331201365,2449532769992,4201568627
5655,2445331201365,2449532771899,4201570534
5656,2445331201365,2449532773788,4201572423
5657,2445331201365,2449532775696,4201574331
5658,2445331201365,2449532778881,4201577516
5659,2445331201365,2449532781085,4201579720
5660,2445331201365,2449532784159,4201582794
5661,2445331201365,2449532786047,4201584682
5662,2445331201365,2449532789196,4201587831
5663,2445331201365,2449532791066,4201589701
5664,2445331201365,2449532794233,4201592868
5665,2445331201365,2449532796122,4201594757
5666,2445331201365,2449532800436,4201599071
5667,2445331201365,2449532802344,4201600979
5668,2445331201365,2449532805473,4201604108
5669,2445331201365,2449532807344,4201605979
5670,2445331201365,2449532809473,4201608108
5671,2445331201365,2449532812566,4201611201
5672,2445331201365,2449532814455,4201613090
5673,2445331201365,2449532817566,4201616201
5674,2445331201365,2449532819455,4201618090
5824,2445331201365,2449733031794,4401830429
5825,2445331201365,2449733035683,4401834318
5826,2445331201365,2449733037590,4401836225
5827,2445331201365,2449733039497,4401838132
5828,2445331201365,2449733041386,4401840021
5829,2445331201365,2449733044497,4401843132
5830,2445331201365,2449733046923,4401845558
5831,2445331201365,2449733050090,4401848725
5832,2445331201365,2449733051979,4401850614
5833,2445331201365,2449733055164,4401853799
5834,2445331201365,2449733057071,4401855706
5835,2445331201365,2449733060275,4401858910
5836,2445331201365,2449733062146,4401860781
5837,2445331201365,2449733064775,4401863410
5838,2445331201365,2449733067905,4401866540
5839,2445331201365,2449733069905,4401868540
5840,2445331201365,2449733073053,4401871688
5841,2445331201365,2449733074942,4401873577
5842,2445331201365,2449733078108,4401876743
5843,2445331201365,2449733080127,4401878762
5844,2445331201365,2449733083386,4401882021
5845,2445331201365,2449733085294,4401883929
5846,2445331201365,2449733087164,4401885799
5847,2445331201365,2449733089164,4401887799
5848,2445331201365,2449733100590,4401899225
5849,2445331201365,2449733102534,4401901169
5850,2445331201365,2449733104423,4401903058
5851,2445331201365,2449733106405,4401905040
5852,2445331201365,2449733108294,4401906929
5853,2445331201365,2449733111460,4401910095
5854,2445331201365,2449733113534,4401912169
5855,2445331201365,2449733116756,4401915391
5856,2445331201365,2449733118645,4401917280
5857,2445331201365,2449733121256,4401919891
5858,2445331201365,2449733124460,4401923095
5859,2445331201365,2449733126386,4401925021
5860,2445331201365,2449733129090,4401927725
5861,2445331201365,2449733132238,4401930873
5862,2445331201365,2449733134127,4401932762
5863,2445331201365,2449733137349,4401935984
5864,2445331201365,2449733139275,4401937910
5865,2445331201365,2449733142553,4401941188
5866,2445331201365,2449733144442,4401943077
5867,2445331201365,2449733146997,4401945632
5868,2445331201365,2449733150219,4401948854
5869,2445331201365,2449733152108,4401950743
5870,2445331201365,2449733153997,4401952632
5871,2445331201365,2449733155923,4401954558
5872,2445331201365,2449733163590,4401962225
5873,2445331201365,2449733167053,4401965688
5874,2445331201365,2449733168960,4401967595
5875,2445331201365,2449733172164,4401970799
5876,2445331201365,2449733174053,4401972688
5877,2445331201365,2449733176071,4401974706
5878,2445331201365,2449733179256,4401977891
5879,2445331201365,2449733181164,4401979799
5880,2445331201365,2449733184312,4401982947
5881,2445331201365,2449733186182,4401984817
5882,2445331201365,2449733189404,4401988039
5883,2445331201365,2449733191312,4401989947
5884,2445331201365,2449733194590,4401993225
5885,2445331201365,2449733196460,4401995095
5886,2445331201365,2449733200904,4401999539
5887,2445331201365,2449733202849,4402001484
5888,2445331201365,2449733206071,4402004706
5889,2445331201365,2449733207978,4402006613
5890,2445331201365,2449733212534,4402011169
5891,2445331201365,2449733214423,4402013058
5892,2445331201365,2449733217034,4402015669
5893,2445331201365,2449733220164,4402018799
5894,2445331201365,2449733222071,4402020706
5895,2445331201365,2449733225201,4402023836
5896,2445331201365,2449733227089,4402025724
5897,2445331201365,2449733230238,4402028873
5898,2445331201365,2449733232108,4402030743
5899,2445331201365,2449733234849,4402033484
5900,2445331201365,2449733237997,4402036632
5901,2445331201365,2449733239904,4402038539
5902,2445331201365,2449733243071,4402041706
5903,2445331201365,2449733244978,4402043613
5904,2445331201365,2449733248108,4402046743
5905,2445331201365,2449733249997,4402048632
5906,2445331201365,2449733252626,4402051261
5907,2445331201365,2449733255775,4402054410
5908,2445331201365,2449733257645,4402056280
5909,2445331201365,2449733272015,4402070650
5910,2445331201365,2449733275237,4402073872
5911,2445331201365,2449733277163,4402075798
5912,2445331201365,2449733279071,4402077706
5913,2445331201365,2449733280978,4402079613
5914,2445331201365,2449733284126,4402082761
5915,2445331201365,2449733286163,4402084798
5916,2445331201365,2449733289330,4402087965
5917,2445331201365,2449733291219,4402089854
5918,2445331201365,2449733294404,4402093039
5919,2445331201365,2449733296423,4402095058
5920,2445331201365,2449733299571,4402098206
5921,2445331201365,2449733301460,4402100095
5922,2445331201365,2449733304589,4402103224
5923,2445331201365,2449733306515,4402105150
5924,2445331201365,2449733309089,4402107724
5925,2445331201365,2449733312237,4402110872
5926,2445331201365,2449733314126,4402112761
5927,2445331201365,2449733317311,4402115946
5928,2445331201365,2449733319200,4402117835
5929,2445331201365,2449733322404,4402121039
5930,2445331201365,2449733324293,4402122928
5931,2445331201365,2449733326219,4402124854
5932,2445331201365,2449733328108,4402126743
5933,2445331201365,2449733338682,4402137317
5934,2445331201365,2449733342163,4402140798
5935,2445331201365,2449733344089,4402142724
5936,2445331201365,2449733345959,4402144594
5937,2445331201365,2449733347848,4402146483
5938,2445331201365,2449733351034,4402149669
5939,2445331201365,2449733353145,4402151780
5940,2445331201365,2449733356237,4402154872
5941,2445331201365,2449733358126,4402156761
5942,2445331201365,2449733361237,4402159872
5943,2445331201365,2449733363145,4402161780
5944,2445331201365,2449733366274,4402164909
5945,2445331201365,2449733368145,4402166780
5946,2445331201365,2449733370830,4402169465
5947,2445331201365,2449733373978,4402172613
5948,2445331201365,2449733375885,4402174520
5949,2445331201365,2449733386959,4402185594
5950,2445331201365,2449733388941,4402187576
5951,2445331201365,2449733392089,4402190724
6101,2445331201365,2449733393959,4402192594
6102,2445331201365,2449933570613,4602369248
6103,2445331201365,2449933574521,4602373156
6104,2445331201365,2449933576502,4602375137
6105,2445331201365,2449933578447,4602377082
6106,2445331201365,2449933580391,4602379026
6107,2445331201365,2449933583595,4602382230
6108,2445331201365,2449933585761,4602384396
6109,2445331201365,2449933588872,4602387507
6110,2445331201365,2449933590780,4602389415
6111,2445331201365,2449933593909,4602392544
6112,2445331201365,2449933595909,4602394544
6113,2445331201365,2449933599150,4602397785
6114,2445331201365,2449933601021,4602399656
6115,2445331201365,2449933604298,4602402933
6116,2445331201365,2449933606224,4602404859
6117,2445331201365,2449933608909,4602407544
6118,2445331201365,2449933612187,4602410822
6119,2445331201365,2449933614095,4602412730
6120,2445331201365,2449933617409,4602416044
6121,2445331201365,2449933619280,4602417915
6122,2445331201365,2449933622576,4602421211
6123,2445331201365,2449933624465,4602423100
6124,2445331201365,2449933626446,4602425081
6125,2445331201365,2449933636039,4602434674
6126,2445331201365,2449933639613,4602438248
6127,2445331201365,2449933641502,4602440137
6128,2445331201365,2449933643502,4602442137
6129,2445331201365,2449933645391,4602444026
6130,2445331201365,2449933647483,4602446118
6131,2445331201365,2449933650669,4602449304
6132,2445331201365,2449933652594,4602451229
6133,2445331201365,2449933654687,4602453322
6134,2445331201365,2449933657909,4602456544
6135,2445331201365,2449933659780,4602458415
6136,2445331201365,2449933662520,4602461155
6137,2445331201365,2449933665687,4602464322
6138,2445331201365,2449933667613,4602466248
6139,2445331201365,2449933670835,4602469470
6140,2445331201365,2449933672761,4602471396
6141,2445331201365,2449933675965,4602474600
6142,2445331201365,2449933677854,4602476489
6143,2445331201365,2449933679909,4602478544
6144,2445331201365,2449933683168,4602481803
6145,2445331201365,2449933685057,4602483692
6146,2445331201365,2449933688243,4602486878
6147,2445331201365,2449933690131,4602488766
6148,2445331201365,2449933692187,4602490822
6149,2445331201365,2449933694057,4602492692
6150,2445331201365,2449933701798,4602500433
6151,2445331201365,2449933705317,4602503952
6152,2445331201365,2449933707261,4602505896
6153,2445331201365,2449933710409,4602509044
6154,2445331201365,2449933712279,4602510914
6155,2445331201365,2449933714428,4602513063
6156,2445331201365,2449933717613,4602516248
6157,2445331201365,2449933719520,4602518155
6158,2445331201365,2449933722668,4602521303
6159,2445331201365,2449933724539,4602523174
6160,2445331201365,2449933727705,4602526340
6161,2445331201365,2449933729594,4602528229
6162,2445331201365,2449933732298,4602530933
6163,2445331201365,2449933735446,4602534081
6164,2445331201365,2449933737372,4602536007
6165,2445331201365,2449933740502,4602539137
6166,2445331201365,2449933742390,4602541025
6167,2445331201365,2449933745520,4602544155
6168,2445331201365,2449933747483,4602546118
6169,2445331201365,2449933750742,4602549377
6170,2445331201365,2449933752650,4602551285
6171,2445331201365,2449933755409,4602554044
6172,2445331201365,2449933758613,4602557248
6173,2445331201365,2449933760502,4602559137
6174,2445331201365,2449933763687,4602562322
6175,2445331201365,2449933765576,4602564211
6176,2445331201365,2449933768761,4602567396
6177,2445331201365,2449933770650,4602569285
6178,2445331201365,2449933773853,4602572488
6179,2445331201365,2449933775742,4602574377
6180,2445331201365,2449933778335,4602576970
6181,2445331201365,2449933781464,4602580099
6182,2445331201365,2449933783372,4602582007
6183,2445331201365,2449933786576,4602585211
6184,2445331201365,2449933788483,4602587118
6185,2445331201365,2449933791631,4602590266
6186,2445331201365,2449933793520,4602592155
6187,2445331201365,2449933796076,4602594711
6188,2445331201365,2449933810483,4602609118
6189,2445331201365,2449933813724,4602612359
6190,2445331201365,2449933815613,4602614248
6191,2445331201365,2449933817501,4602616136
6192,2445331201365,2449933819483,4602618118
6193,2445331201365,2449933822687,4602621322
6194,2445331201365,2449933824742,4602623377
6195,2445331201365,2449933827909,4602626544
6196,2445331201365,2449933829835,4602628470
6197,2445331201365,2449933832983,4602631618
6198,2445331201365,2449933834872,4602633507
6199,2445331201365,2449933837983,4602636618
6200,2445331201365,2449933839927,4602638562
6201,2445331201365,2449933842557,4602641192
6202,2445331201365,2449933845686,4602644321
6203,2445331201365,2449933847594,4602646229
6204,2445331201365,2449933850724,4602649359
6205,2445331201365,2449933852612,4602651247
6206,2445331201365,2449933855835,4602654470
6207,2445331201365,2449933857723,4602656358
6208,2445331201365,2449933860909,4602659544
6209,2445331201365,2449933862798,4602661433
6210,2445331201365,2449933864686,4602663321
6211,2445331201365,2449933866594,4602665229
6212,2445331201365,2449933876964,4602675599
6213,2445331201365,2449933880483,4602679118
6214,2445331201365,2449933882390,4602681025
6215,2445331201365,2449933884297,4602682932
6216,2445331201365,2449933886279,4602684914
6217,2445331201365,2449933889409,4602688044
6218,2445331201365,2449933891575,4602690210
6219,2445331201365,2449933894723,4602693358
6220,2445331201365,2449933896631,4602695266
6221,2445331201365,2449933899779,4602698414
6222,2445331201365,2449933901649,4602700284
6223,2445331201365,2449933904779,4602703414
6224,2445331201365,2449933906705,4602705340
6225,2445331201365,2449933909446,4602708081
6226,2445331201365,2449933912612,4602711247
6227,2445331201365,2449933914501,4602713136
6228,2445331201365,2449933917668,4602716303
6229,2445331201365,2449933919557,4602718192
6379,2445331201365,2449933922686,4602721321
6380,2445331201365,2450134132155,4802930790
6381,2445331201365,2450134135970,4802934605
6382,2445331201365,2450134137933,4802936568
6383,2445331201365,2450134139859,4802938494
6384,2445331201365,2450134141766,4802940401
6385,2445331201365,2450134145007,4802943642
6386,2445331201365,2450134147081,4802945716
6387,2445331201365,2450134150229,4802948864
6388,2445331201365,2450134152118,4802950753
6389,2445331201365,2450134154710,4802953345
6390,2445331201365,2450134157896,4802956531
6391,2445331201365,2450134159803,4802958438
6392,2445331201365,2450134162951,4802961586
6393,2445331201365,2450134164970,4802963605
6394,2445331201365,2450134168118,4802966753
6395,2445331201365,2450134169988,4802968623
6396,2445331201365,2450134172673,4802971308
6397,2445331201365,2450134175858,4802974493
6398,2445331201365,2450134177747,4802976382
6399,2445331201365,2450134180895,4802979530
6400,2445331201365,2450134182803,4802981438
6401,2445331201365,2450134185970,4802984605
6402,2445331201365,2450134187840,4802986475
6403,2445331201365,2450134189747,4802988382
6404,2445331201365,2450134201081,4802999716
6405,2445331201365,2450134203062,4803001697
6406,2445331201365,2450134204951,4803003586
6407,2445331201365,2450134206840,4803005475
6408,2445331201365,2450134208729,4803007364
6409,2445331201365,2450134211914,4803010549
6410,2445331201365,2450134214044,4803012679
6411,2445331201365,2450134217266,4803015901
6412,2445331201365,2450134219155,4803017790
6413,2445331201365,2450134223525,4803022160
6414,2445331201365,2450134225562,4803024197
6415,2445331201365,2450134228766,4803027401
6416,2445331201365,2450134230636,4803029271
6417,2445331201365,2450134233210,4803031845
6418,2445331201365,2450134236377,4803035012
6419,2445331201365,2450134238247,4803036882
6420,2445331201365,2450134240858,4803039493
6421,2445331201365,2450134244025,4803042660
6422,2445331201365,2450134245895,4803044530
6423,2445331201365,2450134250173,4803048808
6424,2445331201365,2450134252803,4803051438
6425,2445331201365,2450134269710,4803068345
6426,2445331201365,2450134273988,4803072623
6427,2445331201365,2450134275969,4803074604
6428,2445331201365,2450134277858,4803076493
6429,2445331201365,2450134279877,4803078512
6430,2445331201365,2450134281747,4803080382
6431,2445331201365,2450134283636,4803082271
6432,2445331201365,2450134285525,4803084160
6433,2445331201365,2450134309025,4803107660
6434,2445331201365,2450134311025,4803109660
6435,2445331201365,2450134312914,4803111549
6436,2445331201365,2450134314784,4803113419
6437,2445331201365,2450134316784,4803115419
6438,2445331201365,2450134318636,4803117271
6439,2445331201365,2450134320488,4803119123
6440,2445331201365,2450134322395,4803121030
6441,2445331201365,2450134324395,4803123030
6442,2445331201365,2450134326265,4803124900
6443,2445331201365,2450134328154,4803126789
6444,2445331201365,2450134330025,4803128660
6445,2445331201365,2450134332025,4803130660
6446,2445331201365,2450134333876,4803132511
6447,2445331201365,2450134335765,4803134400
6448,2445331201365,2450134337636,4803136271
6449,2445331201365,2450134339617,4803138252
6450,2445331201365,2450134341488,4803140123
6451,2445331201365,2450134343358,4803141993
6452,2445331201365,2450134345228,4803143863
6453,2445331201365,2450134347228,4803145863
6454,2445331201365,2450134349099,4803147734
6455,2445331201365,2450134350951,4803149586
6456,2445331201365,2450134352839,4803151474
6457,2445331201365,2450134354839,4803153474
6458,2445331201365,2450134356710,4803155345
6459,2445331201365,2450134358580,4803157215
6460,2445331201365,2450134360450,4803159085
6461,2445331201365,2450134362450,4803161085
6462,2445331201365,2450134364321,4803162956
6463,2445331201365,2450134366191,4803164826
6464,2445331201365,2450134368062,4803166697
6465,2445331201365,2450134370062,4803168697
6466,2445331201365,2450134371913,4803170548
6467,2445331201365,2450134382173,4803180808
6468,2445331201365,2450134384099,4803182734
6469,2445331201365,2450134386099,4803184734
6470,2445331201365,2450134387969,4803186604
6471,2445331201365,2450134389839,4803188474
6472,2445331201365,2450134391710,4803190345
6473,2445331201365,2450134393710,4803192345
6474,2445331201365,2450134395580,4803194215
6475,2445331201365,2450134397450,4803196085
6476,2445331201365,2450134399321,4803197956
6477,2445331201365,2450134401321,4803199956
6478,2445331201365,2450134403191,4803201826
6479,2445331201365,2450134405061,4803203696
6480,2445331201365,2450134406932,4803205567
6481,2445331201365,2450134408932,4803207567
6482,2445331201365,2450134410802,4803209437
6483,2445331201365,2450134412673,4803211308
6484,2445331201365,2450134414543,4803213178
6485,2445331201365,2450134416543,4803215178
6486,2445331201365,2450134418432,4803217067
6487,2445331201365,2450134420302,4803218937
6488,2445331201365,2450134422154,4803220789
6489,2445331201365,2450134424154,4803222789
6490,2445331201365,2450134426024,4803224659
6491,2445331201365,2450134434302,4803232937
6492,2445331201365,2450134436302,4803234937
6493,2445331201365,2450134438321,4803236956
6494,2445331201365,2450134440191,4803238826
6495,2445331201365,2450134450284,4803248919
6496,2445331201365,2450134452172,4803250807
6497,2445331201365,2450134454172,4803252807
6498,2445331201365,2450134456043,4803254678
6499,2445331201365,2450134457913,4803256548
6500,2445331201365,2450134459784,4803258419
6501,2445331201365,2450134461784,4803260419
6502,2445331201365,2450134463654,4803262289
6503,2445331201365,2450134465506,4803264141
6504,2445331201365,2450134467376,4803266011
6505,2445331201365,2450134469376,4803268011
6506,2445331201365,2450134471246,4803269881
6507,2445331201365,2450134473117,4803271752
6656,2445331201365,2450134474987,4803273622
6657,2445331201365,2450334682567,5003481202
6658,2445331201365,2450334688345,5003486980
6659,2445331201365,2450334690363,5003488998
6660,2445331201365,2450334692252,5003490887
6661,2445331201365,2450334694252,5003492887
6662,2445331201365,2450334696122,5003494757
6663,2445331201365,2450334698011,5003496646
6664,2445331201365,2450334699900,5003498535
6665,2445331201365,2450334701882,5003500517
6666,2445331201365,2450334703771,5003502406
6667,2445331201365,2450334712178,5003510813
6668,2445331201365,2450334714122,5003512757
6669,2445331201365,2450334716271,5003514906
6670,2445331201365,2450334718141,5003516776
6671,2445331201365,2450334729752,5003528387
6672,2445331201365,2450334731659,5003530294
6673,2445331201365,2450334733752,5003532387
6674,2445331201365,2450334736956,5003535591
6675,2445331201365,2450334738826,5003537461
6676,2445331201365,2450334741956,5003540591
6677,2445331201365,2450334743863,5003542498
6678,2445331201365,2450334746511,5003545146
6679,2445331201365,2450334749622,5003548257
6680,2445331201365,2450334751511,5003550146
6681,2445331201365,2450334754678,5003553313
6682,2445331201365,2450334756567,5003555202
6683,2445331201365,2450334759715,5003558350
6684,2445331201365,2450334761604,5003560239
6685,2445331201365,2450334766067,5003564702
6686,2445331201365,2450334768085,5003566720
6687,2445331201365,2450334770770,5003569405
6688,2445331201365,2450334780289,5003578924
6689,2445331201365,2450334783770,5003582405
6690,2445331201365,2450334785678,5003584313
6691,2445331201365,2450334788252,5003586887
6692,2445331201365,2450334791418,5003590053
6693,2445331201365,2450334793400,5003592035
6694,2445331201365,2450334796548,5003595183
6695,2445331201365,2450334798493,5003597128
6696,2445331201365,2450334801622,5003600257
6697,2445331201365,2450334803530,5003602165
6698,2445331201365,2450334806696,5003605331
6699,2445331201365,2450334808585,5003607220
6700,2445331201365,2450334811844,5003610479
6701,2445331201365,2450334813974,5003612609
6702,2445331201365,2450334817270,5003615905
6703,2445331201365,2450334819474,5003618109
6704,2445331201365,2450334822752,5003621387
6705,2445331201365,2450334824918,5003623553
6706,2445331201365,2450334828141,5003626776
6707,2445331201365,2450334830178,5003628813
6708,2445331201365,2450334833418,5003632053
6709,2445331201365,2450334835604,5003634239
6710,2445331201365,2450334838733,5003637368
6711,2445331201365,2450334840752,5003639387
6712,2445331201365,2450334843900,5003642535
6713,2445331201365,2450334846418,5003645053
6714,2445331201365,2450334849511,5003648146
6715,2445331201365,2450334852307,5003650942
6716,2445331201365,2450334855529,5003654164
6717,2445331201365,2450334858048,5003656683
6718,2445331201365,2450334861178,5003659813
6719,2445331201365,2450334863640,5003662275
6720,2445331201365,2450334866770,5003665405
6721,2445331201365,2450334868807,5003667442
6722,2445331201365,2450334871955,5003670590
6723,2445331201365,2450334874733,5003673368
6724,2445331201365,2450334877863,5003676498
6725,2445331201365,2450334879900,5003678535
6726,2445331201365,2450334882992,5003681627
6727,2445331201365,2450334884863,5003683498
6728,2445331201365,2450334886733,5003685368
6729,2445331201365,2450334888640,5003687275
6730,2445331201365,2450334890529,5003689164
6731,2445331201365,2450334892400,5003691035
6732,2445331201365,2450334902381,5003701016
6733,2445331201365,2450334905622,5003704257
6734,2445331201365,2450334907529,5003706164
6735,2445331201365,2450334910640,5003709275
6736,2445331201365,2450334912548,5003711183
6737,2445331201365,2450334915603,5003714238
6738,2445331201365,2450334917455,5003716090
6739,2445331201365,2450334919622,5003718257
6740,2445331201365,2450334922844,5003721479
6741,2445331201365,2450334924751,5003723386
6742,2445331201365,2450334927992,5003726627
6743,2445331201365,2450334929862,5003728497
6744,2445331201365,2450334933122,5003731757
6745,2445331201365,2450334935029,5003733664
6746,2445331201365,2450334938307,5003736942
6747,2445331201365,2450334940177,5003738812
6748,2445331201365,2450334944492,5003743127
6749,2445331201365,2450334946418,5003745053
6750,2445331201365,2450334956307,5003754942
6751,2445331201365,2450334958270,5003756905
6752,2445331201365,2450334960140,5003758775
6753,2445331201365,2450334970140,5003768775
6754,2445331201365,2450334973548,5003772183
6755,2445331201365,2450334975455,5003774090
6756,2445331201365,2450334978622,5003777257
6757,2445331201365,2450334980548,5003779183
6758,2445331201365,2450334983659,5003782294
6759,2445331201365,2450334985529,5003784164
6760,2445331201365,2450334988140,5003786775
6761,2445331201365,2450334991381,5003790016
6762,2445331201365,2450334993251,5003791886
6763,2445331201365,2450334996510,5003795145
6764,2445331201365,2450334998418,5003797053
6765,2445331201365,2450335001622,5003800257
6766,2445331201365,2450335003492,5003802127
6767,2445331201365,2450335006862,5003805497
6768,2445331201365,2450335033121,5003831756
6769,2445331201365,2450335035251,5003833886
6770,2445331201365,2450335038473,5003837108
6771,2445331201365,2450335040603,5003839238
6772,2445331201365,2450335043733,5003842368
6773,2445331201365,2450335046288,5003844923
6774,2445331201365,2450335049381,5003848016
6775,2445331201365,2450335051418,5003850053
6776,2445331201365,2450335054547,5003853182
6777,2445331201365,2450335057381,5003856016
6778,2445331201365,2450335060473,5003859108
6779,2445331201365,2450335063029,5003861664
6780,2445331201365,2450335066121,5003864756
6781,2445331201365,2450335068325,5003866960
6782,2445331201365,2450335071418,5003870053
6783,2445331201365,2450335073566,5003872201
6784,2445331201365,2450335076732,5003875367
6933,2445331201365,2450335078769,5003877404
6934,2445331201365,2450535293331,5204091966
6935,2445331201365,2450535306312,5204104947
6936,2445331201365,2450535309645,5204108280
6937,2445331201365,2450535311608,5204110243
6938,2445331201365,2450535314719,5204113354
6939,2445331201365,2450535316627,5204115262
6940,2445331201365,2450535319794,5204118429
6941,2445331201365,2450535321794,5204120429
6942,2445331201365,2450535323923,5204122558
6943,2445331201365,2450535327108,5204125743
6944,2445331201365,2450535328997,5204127632
6945,2445331201365,2450535332219,5204130854
6946,2445331201365,2450535334108,5204132743
6947,2445331201365,2450535337405,5204136040
6948,2445331201365,2450535339293,5204137928
6949,2445331201365,2450535342627,5204141262
6950,2445331201365,2450535344534,5204143169
6951,2445331201365,2450535347330,5204145965
6952,2445331201365,2450535357201,5204155836
6953,2445331201365,2450535360571,5204159206
6954,2445331201365,2450535362479,5204161114
6955,2445331201365,2450535364404,5204163039
6956,2445331201365,2450535367516,5204166151
6957,2445331201365,2450535369442,5204168077
6958,2445331201365,2450535371997,5204170632
6959,2445331201365,2450535375108,5204173743
6960,2445331201365,2450535377293,5204175928
6961,2445331201365,2450535380423,5204179058
6962,2445331201365,2450535382923,5204181558
6963,2445331201365,2450535385997,5204184632
6964,2445331201365,2450535388053,5204186688
6965,2445331201365,2450535391219,5204189854
6966,2445331201365,2450535393701,5204192336
6967,2445331201365,2450535396849,5204195484
6968,2445331201365,2450535399367,5204198002
6969,2445331201365,2450535402534,5204201169
6970,2445331201365,2450535404701,5204203336
6971,2445331201365,2450535407775,5204206410
6972,2445331201365,2450535412201,5204210836
6973,2445331201365,2450535414238,5204212873
6974,2445331201365,2450535417367,5204216002
6975,2445331201365,2450535419293,5204217928
6976,2445331201365,2450535422404,5204221039
6977,2445331201365,2450535424590,5204223225
6978,2445331201365,2450535427645,5204226280
6979,2445331201365,2450535430145,5204228780
6980,2445331201365,2450535433238,5204231873
6981,2445331201365,2450535435349,5204233984
6982,2445331201365,2450535438441,5204237076
6983,2445331201365,2450535440571,5204239206
6984,2445331201365,2450535443645,5204242280
6985,2445331201365,2450535445682,5204244317
6986,2445331201365,2450535448738,5204247373
6987,2445331201365,2450535451163,5204249798
6988,2445331201365,2450535454256,5204252891
6989,2445331201365,2450535456256,5204254891
6990,2445331201365,2450535459349,5204257984
6991,2445331201365,2450535461812,5204260447
6992,2445331201365,2450535463812,5204262447
6993,2445331201365,2450535465682,5204264317
6994,2445331201365,2450535467534,5204266169
6995,2445331201365,2450535469386,5204268021
6996,2445331201365,2450535479256,5204277891
6997,2445331201365,2450535482515,5204281150
6998,2445331201365,2450535484441,5204283076
6999,2445331201365,2450535487552,5204286187
7000,2445331201365,2450535489441,5204288076
7001,2445331201365,2450535492515,5204291150
7002,2445331201365,2450535494386,5204293021
7003,2445331201365,2450535496478,5204295113
7004,2445331201365,2450535499534,5204298169
7005,2445331201365,2450535501589,5204300224
7006,2445331201365,2450535504682,5204303317
7007,2445331201365,2450535506571,5204305206
7008,2445331201365,2450535509645,5204308280
7009,2445331201365,2450535511663,5204310298
7010,2445331201365,2450535514793,5204313428
7011,2445331201365,2450535516663,5204315298
7012,2445331201365,2450535518700,5204317335
7013,2445331201365,2450535521774,5204320409
7014,2445331201365,2450535523682,5204322317
7015,2445331201365,2450535533145,5204331780
7016,2445331201365,2450535536330,5204334965
7017,2445331201365,2450535538237,5204336872
7018,2445331201365,2450535548200,5204346835
7019,2445331201365,2450535551441,5204350076
7020,2445331201365,2450535553348,5204351983
7021,2445331201365,2450535556478,5204355113
7022,2445331201365,2450535558348,5204356983
7023,2445331201365,2450535561459,5204360094
7024,2445331201365,2450535563330,5204361965
7025,2445331201365,2450535566108,5204364743
7026,2445331201365,2450535569367,5204368002
7027,2445331201365,2450535571256,5204369891
7028,2445331201365,2450535574552,5204373187
7029,2445331201365,2450535576459,5204375094
7030,2445331201365,2450535579719,5204378354
7031,2445331201365,2450535581608,5204380243
7032,2445331201365,2450535584830,5204383465
7033,2445331201365,2450535586737,5204385372
7034,2445331201365,2450535589496,5204388131
7035,2445331201365,2450535592719,5204391354
7036,2445331201365,2450535600959,5204399594
7037,2445331201365,2450535604089,5204402724
7038,2445331201365,2450535605941,5204404576
7039,2445331201365,2450535607978,5204406613
7040,2445331201365,2450535611052,5204409687
7041,2445331201365,2450535613200,5204411835
7042,2445331201365,2450535616293,5204414928
7043,2445331201365,2450535618311,5204416946
7044,2445331201365,2450535621385,5204420020
7045,2445331201365,2450535623422,5204422057
7046,2445331201365,2450535626533,5204425168
7047,2445331201365,2450535628996,5204427631
7048,2445331201365,2450535632089,5204430724
7049,2445331201365,2450535634219,5204432854
7050,2445331201365,2450535637459,5204436094
7051,2445331201365,2450535639496,5204438131
7052,2445331201365,2450535642737,5204441372
7053,2445331201365,2450535644793,5204443428
7054,2445331201365,2450535647885,5204446520
7055,2445331201365,2450535649904,5204448539
7056,2445331201365,2450535652978,5204451613
7057,2445331201365,2450535654996,5204453631
7058,2445331201365,2450535658107,5204456742
7059,2445331201365,2450535660144,5204458779
7060,2445331201365,2450535663200,5204461835
7061,2445331201365,2450535665681,5204464316
7211,2445331201365,2450735872539,5404671174
7212,2445331201365,2450735884206,5404682841
7213,2445331201365,2450735886150,5404684785
7214,2445331201365,2450735889317,5404687952
7215,2445331201365,2450735891205,5404689840
7216,2445331201365,2450735893891,5404692526
7217,2445331201365,2450735896983,5404695618
7218,2445331201365,2450735899168,5404697803
7219,2445331201365,2450735902261,5404700896
7220,2445331201365,2450735904131,5404702766
7221,2445331201365,2450735907261,5404705896
7222,2445331201365,2450735909280,5404707915
7223,2445331201365,2450735912391,5404711026
7224,2445331201365,2450735914280,5404712915
7225,2445331201365,2450735917372,5404716007
7226,2445331201365,2450735919279,5404717914
7227,2445331201365,2450735921835,5404720470
7228,2445331201365,2450735924946,5404723581
7229,2445331201365,2450735926928,5404725563
7230,2445331201365,2450735936483,5404735118
7231,2445331201365,2450735938428,5404737063
7232,2445331201365,2450735940298,5404738933
7233,2445331201365,2450735950150,5404748785
7234,2445331201365,2450735953446,5404752081
7235,2445331201365,2450735955372,5404754007
7236,2445331201365,2450735958465,5404757100
7237,2445331201365,2450735960335,5404758970
7238,2445331201365,2450735963446,5404762081
7239,2445331201365,2450735965335,5404763970
7240,2445331201365,2450735968446,5404767081
7241,2445331201365,2450735970316,5404768951
7242,2445331201365,2450735972965,5404771600
7243,2445331201365,2450735976039,5404774674
7244,2445331201365,2450735977946,5404776581
7245,2445331201365,2450735981076,5404779711
7246,2445331201365,2450735982964,5404781599
7247,2445331201365,2450735986076,5404784711
7248,2445331201365,2450735987946,5404786581
7249,2445331201365,2450735991094,5404789729
7250,2445331201365,2450735992983,5404791618
7251,2445331201365,2450736024298,5404822933
7252,2445331201365,2450736026427,5404825062
7253,2445331201365,2450736029557,5404828192
7254,2445331201365,2450736031724,5404830359
7255,2445331201365,2450736034835,5404833470
7256,2445331201365,2450736036890,5404835525
7257,2445331201365,2450736040038,5404838673
7258,2445331201365,2450736042075,5404840710
7259,2445331201365,2450736045205,5404843840
7260,2445331201365,2450736047705,5404846340
7261,2445331201365,2450736050853,5404849488
7262,2445331201365,2450736053038,5404851673
7263,2445331201365,2450736056205,5404854840
7264,2445331201365,2450736058390,5404857025
7265,2445331201365,2450736061483,5404860118
7266,2445331201365,2450736063686,5404862321
7267,2445331201365,2450736066798,5404865433
7268,2445331201365,2450736068779,5404867414
7269,2445331201365,2450736071890,5404870525
7270,2445331201365,2450736074409,5404873044
7271,2445331201365,2450736077483,5404876118
7272,2445331201365,2450736080186,5404878821
7273,2445331201365,2450736083335,5404881970
7274,2445331201365,2450736085983,5404884618
7275,2445331201365,2450736089168,5404887803
7276,2445331201365,2450736091686,5404890321
7277,2445331201365,2450736094816,5404893451
7278,2445331201365,2450736097520,5404896155
7279,2445331201365,2450736100723,5404899358
7280,2445331201365,2450736103223,5404901858
7281,2445331201365,2450736106334,5404904969
7282,2445331201365,2450736108242,5404906877
7283,2445331201365,2450736110112,5404908747
7284,2445331201365,2450736112001,5404910636
7285,2445331201365,2450736113872,5404912507
7286,2445331201365,2450736115779,5404914414
7287,2445331201365,2450736125834,5404924469
7288,2445331201365,2450736129075,5404927710
7289,2445331201365,2450736130964,5404929599
7290,2445331201365,2450736134057,5404932692
7291,2445331201365,2450736135927,5404934562
7292,2445331201365,2450736139020,5404937655
7293,2445331201365,2450736140871,5404939506
7294,2445331201365,2450736144094,5404942729
7295,2445331201365,2450736145983,5404944618
7296,2445331201365,2450736149242,5404947877
7297,2445331201365,2450736151094,5404949729
7298,2445331201365,2450736154371,5404953006
7299,2445331201365,2450736156242,5404954877
7300,2445331201365,2450736159520,5404958155
7301,2445331201365,2450736161390,5404960025
7302,2445331201365,2450736164742,5404963377
7303,2445331201365,2450736166612,5404965247
7304,2445331201365,2450736169297,5404967932
7305,2445331201365,2450736179001,5404977636
7306,2445331201365,2450736181038,5404979673
7307,2445331201365,2450736182945,5404981580
7308,2445331201365,2450736193001,5404991636
7309,2445331201365,2450736196279,5404994914
7310,2445331201365,2450736198242,5404996877
7311,2445331201365,2450736201316,5404999951
7312,2445331201365,2450736203205,5405001840
7313,2445331201365,2450736206316,5405004951
7314,2445331201365,2450736208223,5405006858
7315,2445331201365,2450736211334,5405009969
7316,2445331201365,2450736213205,5405011840
7317,2445331201365,2450736216297,5405014932
7318,2445331201365,2450736218186,5405016821
7319,2445331201365,2450736220890,5405019525
7320,2445331201365,2450736224001,5405022636
7321,2445331201365,2450736225908,5405024543
7322,2445331201365,2450736228982,5405027617
7323,2445331201365,2450736230853,5405029488
7324,2445331201365,2450736233982,5405032617
7325,2445331201365,2450736235853,5405034488
7326,2445331201365,2450736245167,5405043802
7327,2445331201365,2450736248334,5405046969
7328,2445331201365,2450736250204,5405048839
7329,2445331201365,2450736254464,5405053099
7330,2445331201365,2450736256519,5405055154
7331,2445331201365,2450736259667,5405058302
7332,2445331201365,2450736261575,5405060210
7333,2445331201365,2450736264723,5405063358
7334,2445331201365,2450736267334,5405065969
7335,2445331201365,2450736270501,5405069136
7336,2445331201365,2450736272945,5405071580
7337,2445331201365,2450736276038,5405074673
7338,2445331201365,2450736278556,5405077191
7488,2445331201365,2450736281667,5405080302
7489,2445331201365,2450936487636,5605286271
7490,2445331201365,2450936491395,5605290030
7491,2445331201365,2450936493469,5605292104
7492,2445331201365,2450936496617,5605295252
7493,2445331201365,2450936498506,5605297141
7494,2445331201365,2450936500617,5605299252
7495,2445331201365,2450936503784,5605302419
7496,2445331201365,2450936505691,5605304326
7497,2445331201365,2450936508803,5605307438
7498,2445331201365,2450936510691,5605309326
7499,2445331201365,2450936513858,5605312493
7500,2445331201365,2450936515747,5605314382
7501,2445331201365,2450936524895,5605323530
7502,2445331201365,2450936528228,5605326863
7503,2445331201365,2450936530173,5605328808
7504,2445331201365,2450936540117,5605338752
7505,2445331201365,2450936543469,5605342104
7506,2445331201365,2450936545358,5605343993
7507,2445331201365,2450936548488,5605347123
7508,2445331201365,2450936550376,5605349011
7509,2445331201365,2450936553025,5605351660
7510,2445331201365,2450936556099,5605354734
7511,2445331201365,2450936558025,5605356660
7512,2445331201365,2450936561136,5605359771
7513,2445331201365,2450936563006,5605361641
7514,2445331201365,2450936566117,5605364752
7515,2445331201365,2450936568025,5605366660
7516,2445331201365,2450936572376,5605371011
7517,2445331201365,2450936574339,5605372974
7518,2445331201365,2450936577543,5605376178
7519,2445331201365,2450936579469,5605378104
7520,2445331201365,2450936581617,5605380252
7521,2445331201365,2450936584728,5605383363
7522,2445331201365,2450936592987,5605391622
7523,2445331201365,2450936596154,5605394789
7524,2445331201365,2450936598043,5605396678
7525,2445331201365,2450936600080,5605398715
7526,2445331201365,2450936603210,5605401845
7527,2445331201365,2450936605117,5605403752
7528,2445331201365,2450936607839,5605406474
7529,2445331201365,2450936610987,5605409622
7530,2445331201365,2450936613487,5605412122
7531,2445331201365,2450936616765,5605415400
7532,2445331201365,2450936618895,5605417530
7533,2445331201365,2450936622136,5605420771
7534,2445331201365,2450936624284,5605422919
7535,2445331201365,2450936627524,5605426159
7536,2445331201365,2450936629691,5605428326
7537,2445331201365,2450936632969,5605431604
7538,2445331201365,2450936635173,5605433808
7539,2445331201365,2450936638395,5605437030
7540,2445331201365,2450936640858,5605439493
7541,2445331201365,2450936644098,5605442733
7542,2445331201365,2450936649154,5605447789
7543,2445331201365,2450936651172,5605449807
7544,2445331201365,2450936654413,5605453048
7545,2445331201365,2450936656284,5605454919
7546,2445331201365,2450936659543,5605458178
7547,2445331201365,2450936661728,5605460363
7548,2445331201365,2450936664969,5605463604
7549,2445331201365,2450936667024,5605465659
7550,2445331201365,2450936670265,5605468900
7551,2445331201365,2450936672432,5605471067
7552,2445331201365,2450936675654,5605474289
7553,2445331201365,2450936677821,5605476456
7554,2445331201365,2450936681061,5605479696
7555,2445331201365,2450936683265,5605481900
7556,2445331201365,2450936686469,5605485104
7557,2445331201365,2450936688506,5605487141
7558,2445331201365,2450936691783,5605490418
7559,2445331201365,2450936693858,5605492493
7560,2445331201365,2450936697043,5605495678
7561,2445331201365,2450936698932,5605497567
7562,2445331201365,2450936700820,5605499455
7563,2445331201365,2450936702765,5605501400
7564,2445331201365,2450936704635,5605503270
7565,2445331201365,2450936706506,5605505141
7566,2445331201365,2450936716506,5605515141
7567,2445331201365,2450936719765,5605518400
7568,2445331201365,2450936721635,5605520270
7569,2445331201365,2450936724709,5605523344
7570,2445331201365,2450936726580,5605525215
7571,2445331201365,2450936729783,5605528418
7572,2445331201365,2450936731654,5605530289
7573,2445331201365,2450936733691,5605532326
7574,2445331201365,2450936736931,5605535566
7575,2445331201365,2450936738876,5605537511
7576,2445331201365,2450936742135,5605540770
7577,2445331201365,2450936744006,5605542641
7578,2445331201365,2450936747265,5605545900
7579,2445331201365,2450936749191,5605547826
7580,2445331201365,2450936752450,5605551085
7581,2445331201365,2450936754339,5605552974
7582,2445331201365,2450936758783,5605557418
7583,2445331201365,2450936760691,5605559326
7584,2445331201365,2450936770524,5605569159
7585,2445331201365,2450936772505,5605571140
7586,2445331201365,2450936792709,5605591344
7587,2445331201365,2450936794913,5605593548
7588,2445331201365,2450936798024,5605596659
7589,2445331201365,2450936799894,5605598529
7590,2445331201365,2450936802987,5605601622
7591,2445331201365,2450936804894,5605603529
7592,2445331201365,2450936808098,5605606733
7593,2445331201365,2450936810024,5605608659
7594,2445331201365,2450936814950,5605613585
7595,2445331201365,2450936816857,5605615492
7596,2445331201365,2450936818968,5605617603
7597,2445331201365,2450936822079,5605620714
7598,2445331201365,2450936823968,5605622603
7599,2445331201365,2450936827061,5605625696
7600,2445331201365,2450936828931,5605627566
7601,2445331201365,2450936838542,5605637177
7602,2445331201365,2450936840468,5605639103
7603,2445331201365,2450936842394,5605641029
7604,2445331201365,2450936845524,5605644159
7605,2445331201365,2450936847450,5605646085
7606,2445331201365,2450936850579,5605649214
7607,2445331201365,2450936852561,5605651196
7608,2445331201365,2450936855653,5605654288
7609,2445331201365,2450936857690,5605656325
7610,2445331201365,2450936860764,5605659399
7611,2445331201365,2450936862801,5605661436
7612,2445331201365,2450936865894,5605664529
7613,2445331201365,2450936868431,5605667066
7614,2445331201365,2450936871653,5605670288
7615,2445331201365,2450936873690,5605672325
7616,2445331201365,2450936876950,5605675585
7765,2445331201365,2450936879005,5605677640
7766,2445331201365,2451137085807,5805884442
7767,2445331201365,2451137089511,5805888146
7768,2445331201365,2451137091437,5805890072
7769,2445331201365,2451137094603,5805893238
7770,2445331201365,2451137096807,5805895442
7771,2445331201365,2451137099937,5805898572
7772,2445331201365,2451137102492,5805901127
7773,2445331201365,2451137105677,5805904312
7774,2445331201365,2451137107789,5805906424
7775,2445331201365,2451137110992,5805909627
7776,2445331201365,2451137113140,5805911775
7777,2445331201365,2451137116288,5805914923
7778,2445331201365,2451137118492,5805917127
7779,2445331201365,2451137121770,5805920405
7780,2445331201365,2451137123974,5805922609
7781,2445331201365,2451137127325,5805925960
7782,2445331201365,2451137129492,5805928127
7783,2445331201365,2451137132881,5805931516
7784,2445331201365,2451137134974,5805933609
7785,2445331201365,2451137136974,5805935609
7786,2445331201365,2451137138825,5805937460
7787,2445331201365,2451137140807,5805939442
7788,2445331201365,2451137142640,5805941275
7789,2445331201365,2451137152751,5805951386
7790,2445331201365,2451137155955,5805954590
7791,2445331201365,2451137158029,5805956664
7792,2445331201365,2451137161233,5805959868
7793,2445331201365,2451137163159,5805961794
7794,2445331201365,2451137166251,5805964886
7795,2445331201365,2451137168196,5805966831
7796,2445331201365,2451137171399,5805970034
7797,2445331201365,2451137173307,5805971942
7798,2445331201365,2451137176511,5805975146
7799,2445331201365,2451137178622,5805977257
7800,2445331201365,2451137181825,5805980460
7801,2445331201365,2451137183825,5805982460
7802,2445331201365,2451137187029,5805985664
7803,2445331201365,2451137188973,5805987608
7804,2445331201365,2451137192196,5805990831
7805,2445331201365,2451137194122,5805992757
7806,2445331201365,2451137197288,5805995923
7807,2445331201365,2451137205622,5806004257
7808,2445331201365,2451137208807,5806007442
7809,2445331201365,2451137210696,5806009331
7810,2445331201365,2451137220566,5806019201
7811,2445331201365,2451137223881,5806022516
7812,2445331201365,2451137225825,5806024460
7813,2445331201365,2451137228973,5806027608
7814,2445331201365,2451137230936,5806029571
7815,2445331201365,2451137234214,5806032849
7816,2445331201365,2451137236121,5806034756
7817,2445331201365,2451137239362,5806037997
7818,2445331201365,2451137241288,5806039923
7819,2445331201365,2451137244473,5806043108
7820,2445331201365,2451137246381,5806045016
7821,2445331201365,2451137249584,5806048219
7822,2445331201365,2451137251510,5806050145
7823,2445331201365,2451137254751,5806053386
7824,2445331201365,2451137256658,5806055293
7825,2445331201365,2451137259844,5806058479
7826,2445331201365,2451137261770,5806060405
7827,2445331201365,2451137264936,5806063571
7828,2445331201365,2451137273307,5806071942
7829,2445331201365,2451137276529,5806075164
7830,2445331201365,2451137278399,5806077034
7831,2445331201365,2451137280492,5806079127
7832,2445331201365,2451137283621,5806082256
7833,2445331201365,2451137285677,5806084312
7834,2445331201365,2451137288806,5806087441
7835,2445331201365,2451137290862,5806089497
7836,2445331201365,2451137293992,5806092627
7837,2445331201365,2451137296066,5806094701
7838,2445331201365,2451137299251,5806097886
7839,2445331201365,2451137301732,5806100367
7840,2445331201365,2451137304955,5806103590
7841,2445331201365,2451137307455,5806106090
7842,2445331201365,2451137310621,5806109256
7843,2445331201365,2451137313158,5806111793
7844,2445331201365,2451137316343,5806114978
7845,2445331201365,2451137318529,5806117164
7846,2445331201365,2451137321677,5806120312
7847,2445331201365,2451137323732,5806122367
7848,2445331201365,2451137326917,5806125552
7849,2445331201365,2451137329158,5806127793
7850,2445331201365,2451137332325,5806130960
7851,2445331201365,2451137334473,5806133108
7852,2445331201365,2451137337658,5806136293
7853,2445331201365,2451137339769,5806138404
7854,2445331201365,2451137342954,5806141589
7855,2445331201365,2451137345103,5806143738
7856,2445331201365,2451137348269,5806146904
7857,2445331201365,2451137350436,5806149071
7858,2445331201365,2451137353603,5806152238
7859,2445331201365,2451137355751,5806154386
7860,2445331201365,2451137358880,5806157515
7861,2445331201365,2451137360862,5806159497
7862,2445331201365,2451137364047,5806162682
7863,2445331201365,2451137366177,5806164812
7864,2445331201365,2451137369325,5806167960
7865,2445331201365,2451137372177,5806170812
7866,2445331201365,2451137375417,5806174052
7867,2445331201365,2451137377417,5806176052
7868,2445331201365,2451137379417,5806178052
7869,2445331201365,2451137381288,5806179923
7870,2445331201365,2451137383140,5806181775
7871,2445331201365,2451137385103,5806183738
7872,2445331201365,2451137394973,5806193608
7873,2445331201365,2451137398214,5806196849
7874,2445331201365,2451137400102,5806198737
7875,2445331201365,2451137403269,5806201904
7876,2445331201365,2451137405177,5806203812
7877,2445331201365,2451137408325,5806206960
7878,2445331201365,2451137410232,5806208867
7879,2445331201365,2451137413417,5806212052
7880,2445331201365,2451137415343,5806213978
7881,2445331201365,2451137418510,5806217145
7882,2445331201365,2451137420417,5806219052
7883,2445331201365,2451137423565,5806222200
7884,2445331201365,2451137425473,5806224108
7885,2445331201365,2451137428658,5806227293
7886,2445331201365,2451137430565,5806229200
7887,2445331201365,2451137433713,5806232348
7888,2445331201365,2451137435621,5806234256
7889,2445331201365,2451137438769,5806237404
7890,2445331201365,2451137440676,5806239311
7891,2445331201365,2451137450306,5806248941
7892,2445331201365,2451137452176,5806250811
7893,2445331201365,2451137454065,5806252700
8043,2445331201365,2451337675626,6006474261
8044,2445331201365,2451337679423,6006478058
8045,2445331201365,2451337681404,6006480039
8046,2445331201365,2451337684589,6006483224
8047,2445331201365,2451337686534,6006485169
8048,2445331201365,2451337689700,6006488335
8049,2445331201365,2451337691571,6006490206
8050,2445331201365,2451337694719,6006493354
8051,2445331201365,2451337696608,6006495243
8052,2445331201365,2451337699756,6006498391
8053,2445331201365,2451337701626,6006500261
8054,2445331201365,2451337704756,6006503391
8055,2445331201365,2451337706645,6006505280
8056,2445331201365,2451337709812,6006508447
8057,2445331201365,2451337711682,6006510317
8058,2445331201365,2451337714904,6006513539
8059,2445331201365,2451337716774,6006515409
8060,2445331201365,2451337720052,6006518687
8061,2445331201365,2451337728386,6006527021
8062,2445331201365,2451337731960,6006530595
8063,2445331201365,2451337733848,6006532483
8064,2445331201365,2451337743811,6006542446
8065,2445331201365,2451337747071,6006545706
8066,2445331201365,2451337748960,6006547595
8067,2445331201365,2451337752089,6006550724
8068,2445331201365,2451337753997,6006552632
8069,2445331201365,2451337757108,6006555743
8070,2445331201365,2451337771830,6006570465
8071,2445331201365,2451337774441,6006573076
8072,2445331201365,2451337777663,6006576298
8073,2445331201365,2451337779571,6006578206
8074,2445331201365,2451337782700,6006581335
8075,2445331201365,2451337784608,6006583243
8076,2445331201365,2451337787848,6006586483
8077,2445331201365,2451337796200,6006594835
8078,2445331201365,2451337799478,6006598113
8079,2445331201365,2451337801367,6006600002
8080,2445331201365,2451337804070,6006602705
8081,2445331201365,2451337807182,6006605817
8082,2445331201365,2451337809237,6006607872
8083,2445331201365,2451337812385,6006611020
8084,2445331201365,2451337814459,6006613094
8085,2445331201365,2451337817607,6006616242
8086,2445331201365,2451337819811,6006618446
8087,2445331201365,2451337823107,6006621742
8088,2445331201365,2451337825330,6006623965
8089,2445331201365,2451337828682,6006627317
8090,2445331201365,2451337831200,6006629835
8091,2445331201365,2451337834515,6006633150
8092,2445331201365,2451337836589,6006635224
8093,2445331201365,2451337839885,6006638520
8094,2445331201365,2451337841922,6006640557
8095,2445331201365,2451337845219,6006643854
8096,2445331201365,2451337847700,6006646335
8097,2445331201365,2451337851033,6006649668
8098,2445331201365,2451337853052,6006651687
8099,2445331201365,2451337856330,6006654965
8100,2445331201365,2451337858367,6006657002
8101,2445331201365,2451337861681,6006660316
8102,2445331201365,2451337863718,6006662353
8103,2445331201365,2451337866885,6006665520
8104,2445331201365,2451337868941,6006667576
8105,2445331201365,2451337872107,6006670742
8106,2445331201365,2451337874663,6006673298
8107,2445331201365,2451337877774,6006676409
8108,2445331201365,2451337880552,6006679187
8109,2445331201365,2451337883755,6006682390
8110,2445331201365,2451337888496,6006687131
8111,2445331201365,2451337891978,6006690613
8112,2445331201365,2451337895126,6006693761
8113,2445331201365,2451337897163,6006695798
8114,2445331201365,2451337900292,6006698927
8115,2445331201365,2451337902181,6006700816
8116,2445331201365,2451337904089,6006702724
8117,2445331201365,2451337905978,6006704613
8118,2445331201365,2451337907866,6006706501
8119,2445331201365,2451337909737,6006708372
8120,2445331201365,2451337919792,6006718427
8121,2445331201365,2451337922978,6006721613
8122,2445331201365,2451337924848,6006723483
8123,2445331201365,2451337927941,6006726576
8124,2445331201365,2451337929866,6006728501
8125,2445331201365,2451337933033,6006731668
8126,2445331201365,2451337934903,6006733538
8127,2445331201365,2451337938126,6006736761
8128,2445331201365,2451337940033,6006738668
8129,2445331201365,2451337943329,6006741964
8130,2445331201365,2451337945218,6006743853
8131,2445331201365,2451337948496,6006747131
8132,2445331201365,2451337950403,6006749038
8133,2445331201365,2451337953700,6006752335
8134,2445331201365,2451337955570,6006754205
8135,2445331201365,2451337958866,6006757501
8136,2445331201365,2451337960792,6006759427
8137,2445331201365,2451337964052,6006762687
8138,2445331201365,2451337973996,6006772631
8139,2445331201365,2451337975922,6006774557
8140,2445331201365,2451337977829,6006776464
8141,2445331201365,2451337987792,6006786427
8142,2445331201365,2451337991014,6006789649
8143,2445331201365,2451337992922,6006791557
8144,2445331201365,2451337996070,6006794705
8145,2445331201365,2451337997940,6006796575
8146,2445331201365,2451338001051,6006799686
8147,2445331201365,2451338002922,6006801557
8148,2445331201365,2451338006051,6006804686
8149,2445331201365,2451338007940,6006806575
8150,2445331201365,2451338011107,6006809742
8151,2445331201365,2451338012996,6006811631
8152,2445331201365,2451338016088,6006814723
8153,2445331201365,2451338017977,6006816612
8154,2445331201365,2451338021199,6006819834
8155,2445331201365,2451338023088,6006821723
8156,2445331201365,2451338026385,6006825020
8157,2445331201365,2451338028274,6006826909
8158,2445331201365,2451338031588,6006830223
8159,2445331201365,2451338039718,6006838353
8160,2445331201365,2451338043033,6006841668
8161,2445331201365,2451338044922,6006843557
8162,2445331201365,2451338047051,6006845686
8163,2445331201365,2451338050255,6006848890
8164,2445331201365,2451338052292,6006850927
8165,2445331201365,2451338055496,6006854131
8166,2445331201365,2451338057570,6006856205
8167,2445331201365,2451338060755,6006859390
8168,2445331201365,2451338062810,6006861445
8169,2445331201365,2451338066014,6006864649
8170,2445331201365,2451338068070,6006866705
8320,2445331201365,2451338071255,6006869890
8321,2445331201365,2451538280094,6207078729
8322,2445331201365,2451538283705,6207082340
8323,2445331201365,2451538285705,6207084340
8324,2445331201365,2451538288853,6207087488
8325,2445331201365,2451538298631,6207097266
8326,2445331201365,2451538300501,6207099136
8327,2445331201365,2451538303094,6207101729
8328,2445331201365,2451538306205,6207104840
8329,2445331201365,2451538308297,6207106932
8330,2445331201365,2451538311501,6207110136
8331,2445331201365,2451538314001,6207112636
8332,2445331201365,2451538317186,6207115821
8333,2445331201365,2451538319705,6207118340
8334,2445331201365,2451538322872,6207121507
8335,2445331201365,2451538325112,6207123747
8336,2445331201365,2451538328260,6207126895
8337,2445331201365,2451538330297,6207128932
8338,2445331201365,2451538333464,6207132099
8339,2445331201365,2451538335983,6207134618
8340,2445331201365,2451538339186,6207137821
8341,2445331201365,2451538341760,6207140395
8342,2445331201365,2451538345094,6207143729
8343,2445331201365,2451538347112,6207145747
8344,2445331201365,2451538350334,6207148969
8345,2445331201365,2451538352964,6207151599
8346,2445331201365,2451538356149,6207154784
8347,2445331201365,2451538358297,6207156932
8348,2445331201365,2451538361464,6207160099
8349,2445331201365,2451538364186,6207162821
8350,2445331201365,2451538367353,6207165988
8351,2445331201365,2451538369427,6207168062
8352,2445331201365,2451538372612,6207171247
8353,2445331201365,2451538374797,6207173432
8354,2445331201365,2451538378020,6207176655
8355,2445331201365,2451538380057,6207178692
8356,2445331201365,2451538383242,6207181877
8357,2445331201365,2451538385297,6207183932
8358,2445331201365,2451538388482,6207187117
8359,2445331201365,2451538390964,6207189599
8360,2445331201365,2451538394260,6207192895
8361,2445331201365,2451538396723,6207195358
8362,2445331201365,2451538400094,6207198729
8363,2445331201365,2451538401982,6207200617
8364,2445331201365,2451538403871,6207202506
8365,2445331201365,2451538405779,6207204414
8366,2445331201365,2451538407668,6207206303
8367,2445331201365,2451538409556,6207208191
8368,2445331201365,2451538419482,6207218117
8369,2445331201365,2451538422723,6207221358
8370,2445331201365,2451538424593,6207223228
8371,2445331201365,2451538427686,6207226321
8372,2445331201365,2451538429575,6207228210
8373,2445331201365,2451538432667,6207231302
8374,2445331201365,2451538434556,6207233191
8375,2445331201365,2451538437760,6207236395
8376,2445331201365,2451538439649,6207238284
8377,2445331201365,2451538442890,6207241525
8378,2445331201365,2451538444779,6207243414
8379,2445331201365,2451538448056,6207246691
8380,2445331201365,2451538449927,6207248562
8381,2445331201365,2451538453223,6207251858
8382,2445331201365,2451538455112,6207253747
8383,2445331201365,2451538458408,6207257043
8384,2445331201365,2451538460316,6207258951
8385,2445331201365,2451538463630,6207262265
8386,2445331201365,2451538471871,6207270506
8387,2445331201365,2451538475223,6207273858
8388,2445331201365,2451538477112,6207275747
8389,2445331201365,2451538487075,6207285710
8390,2445331201365,2451538490353,6207288988
8391,2445331201365,2451538492223,6207290858
8392,2445331201365,2451538495371,6207294006
8393,2445331201365,2451538497315,6207295950
8394,2445331201365,2451538500427,6207299062
8395,2445331201365,2451538502297,6207300932
8396,2445331201365,2451538505390,6207304025
8397,2445331201365,2451538507297,6207305932
8398,2445331201365,2451538510445,6207309080
8399,2445331201365,2451538512315,6207310950
8400,2445331201365,2451538515519,6207314154
8401,2445331201365,2451538517464,6207316099
8402,2445331201365,2451538520723,6207319358
8403,2445331201365,2451538522593,6207321228
8404,2445331201365,2451538525852,6207324487
8405,2445331201365,2451538543167,6207341802
8406,2445331201365,2451538545075,6207343710
8407,2445331201365,2451538547149,6207345784
8408,2445331201365,2451538550389,6207349024
8409,2445331201365,2451538552926,6207351561
8410,2445331201365,2451538556130,6207354765
8411,2445331201365,2451538558630,6207357265
8412,2445331201365,2451538561797,6207360432
8413,2445331201365,2451538563908,6207362543
8414,2445331201365,2451538567112,6207365747
8415,2445331201365,2451538569315,6207367950
8416,2445331201365,2451538572482,6207371117
8417,2445331201365,2451538574500,6207373135
8418,2445331201365,2451538577630,6207376265
8419,2445331201365,2451538579760,6207378395
8420,2445331201365,2451538582963,6207381598
8421,2445331201365,2451538585019,6207383654
8422,2445331201365,2451538588204,6207386839
8423,2445331201365,2451538590686,6207389321
8424,2445331201365,2451538593926,6207392561
8425,2445331201365,2451538595963,6207394598
8426,2445331201365,2451538599167,6207397802
8427,2445331201365,2451538601648,6207400283
8428,2445331201365,2451538604889,6207403524
8429,2445331201365,2451538606926,6207405561
8430,2445331201365,2451538610111,6207408746
8431,2445331201365,2451538612167,6207410802
8432,2445331201365,2451538615334,6207413969
8433,2445331201365,2451538617371,6207416006
8434,2445331201365,2451538620500,6207419135
8435,2445331201365,2451538623000,6207421635
8436,2445331201365,2451538626185,6207424820
8437,2445331201365,2451538628204,6207426839
8438,2445331201365,2451538631352,6207429987
8439,2445331201365,2451538633537,6207432172
8440,2445331201365,2451538636685,6207435320
8441,2445331201365,2451538638834,6207437469
8442,2445331201365,2451538642204,6207440839
8443,2445331201365,2451538644315,6207442950
8444,2445331201365,2451538646278,6207444913
8445,2445331201365,2451538648222,6207446857
8446,2445331201365,2451538650074,6207448709
8447,2445331201365,2451538651926,6207450561
8448,2445331201365,2451538661889,6207460524
8598,2445331201365,2451738874043,6407672678
8599,2445331201365,2451738877747,6407676382
8600,2445331201365,2451738879672,6407678307
8601,2445331201365,2451738882802,6407681437
8602,2445331201365,2451738884765,6407683400
8603,2445331201365,2451738887858,6407686493
8604,2445331201365,2451738889802,6407688437
8605,2445331201365,2451738892969,6407691604
8606,2445331201365,2451738894895,6407693530
8607,2445331201365,2451738898024,6407696659
8608,2445331201365,2451738899932,6407698567
8609,2445331201365,2451738903117,6407701752
8610,2445331201365,2451738905302,6407703937
8611,2445331201365,2451738908487,6407707122
8612,2445331201365,2451738910413,6407709048
8613,2445331201365,2451738913580,6407712215
8614,2445331201365,2451738921839,6407720474
8615,2445331201365,2451738925135,6407723770
8616,2445331201365,2451738927043,6407725678
8617,2445331201365,2451738928969,6407727604
8618,2445331201365,2451738932154,6407730789
8619,2445331201365,2451738934339,6407732974
8620,2445331201365,2451738937524,6407736159
8621,2445331201365,2451738939765,6407738400
8622,2445331201365,2451738943061,6407741696
8623,2445331201365,2451738945117,6407743752
8624,2445331201365,2451738948431,6407747066
8625,2445331201365,2451738950469,6407749104
8626,2445331201365,2451738953913,6407752548
8627,2445331201365,2451738956098,6407754733
8628,2445331201365,2451738959394,6407758029
8629,2445331201365,2451738961450,6407760085
8630,2445331201365,2451738964876,6407763511
8631,2445331201365,2451738967357,6407765992
8632,2445331201365,2451738970691,6407769326
8633,2445331201365,2451738972857,6407771492
8634,2445331201365,2451738976209,6407774844
8635,2445331201365,2451738978246,6407776881
8636,2445331201365,2451738981580,6407780215
8637,2445331201365,2451738984080,6407782715
8638,2445331201365,2451738987431,6407786066
8639,2445331201365,2451738990135,6407788770
8640,2445331201365,2451738993302,6407791937
8641,2445331201365,2451738995339,6407793974
8642,2445331201365,2451738998561,6407797196
8643,2445331201365,2451739000709,6407799344
8644,2445331201365,2451739003876,6407802511
8645,2445331201365,2451739006061,6407804696
8646,2445331201365,2451739009265,6407807900
8647,2445331201365,2451739011765,6407810400
8648,2445331201365,2451739015005,6407813640
8649,2445331201365,2451739017209,6407815844
8650,2445331201365,2451739020431,6407819066
8651,2445331201365,2451739022616,6407821251
8652,2445331201365,2451739025802,6407824437
8653,2445331201365,2451739027691,6407826326
8654,2445331201365,2451739029691,6407828326
8655,2445331201365,2451739031561,6407830196
8656,2445331201365,2451739033450,6407832085
8657,2445331201365,2451739035339,6407833974
8658,2445331201365,2451739046857,6407845492
8659,2445331201365,2451739049135,6407847770
8660,2445331201365,2451739052339,6407850974
8661,2445331201365,2451739054283,6407852918
8662,2445331201365,2451739057431,6407856066
8663,2445331201365,2451739059339,6407857974
8664,2445331201365,2451739062524,6407861159
8665,2445331201365,2451739064431,6407863066
8666,2445331201365,2451739067653,6407866288
8667,2445331201365,2451739069561,6407868196
8668,2445331201365,2451739072746,6407871381
8669,2445331201365,2451739074672,6407873307
8670,2445331201365,2451739077950,6407876585
8671,2445331201365,2451739079857,6407878492
8672,2445331201365,2451739083172,6407881807
8673,2445331201365,2451739085079,6407883714
8674,2445331201365,2451739088505,6407887140
8675,2445331201365,2451739096968,6407895603
8676,2445331201365,2451739100320,6407898955
8677,2445331201365,2451739102357,6407900992
8678,2445331201365,2451739104246,6407902881
8679,2445331201365,2451739114153,6407912788
8680,2445331201365,2451739117524,6407916159
8681,2445331201365,2451739119468,6407918103
8682,2445331201365,2451739122653,6407921288
8683,2445331201365,2451739124561,6407923196
8684,2445331201365,2451739127746,6407926381
8685,2445331201365,2451739129653,6407928288
8686,2445331201365,2451739132894,6407931529
8687,2445331201365,2451739134820,6407933455
8688,2445331201365,2451739138042,6407936677
8689,2445331201365,2451739139949,6407938584
8690,2445331201365,2451739143098,6407941733
8691,2445331201365,2451739145005,6407943640
8692,2445331201365,2451739148209,6407946844
8693,2445331201365,2451739150116,6407948751
8694,2445331201365,2451739153357,6407951992
8695,2445331201365,2451739155264,6407953899
8696,2445331201365,2451739158431,6407957066
8697,2445331201365,2451739167912,6407966547
8698,2445331201365,2451739169875,6407968510
8699,2445331201365,2451739172412,6407971047
8700,2445331201365,2451739175542,6407974177
8701,2445331201365,2451739177690,6407976325
8702,2445331201365,2451739180949,6407979584
8703,2445331201365,2451739183135,6407981770
8704,2445331201365,2451739186338,6407984973
8705,2445331201365,2451739188542,6407987177
8706,2445331201365,2451739191709,6407990344
8707,2445331201365,2451739193764,6407992399
8708,2445331201365,2451739196949,6407995584
8709,2445331201365,2451739199727,6407998362
8710,2445331201365,2451739202894,6408001529
8711,2445331201365,2451739205338,6408003973
8712,2445331201365,2451739208560,6408007195
8713,2445331201365,2451739211079,6408009714
8714,2445331201365,2451739214283,6408012918
8715,2445331201365,2451739216820,6408015455
8716,2445331201365,2451739220042,6408018677
8717,2445331201365,2451739222079,6408020714
8718,2445331201365,2451739225264,6408023899
8719,2445331201365,2451739227301,6408025936
8720,2445331201365,2451739230505,6408029140
8721,2445331201365,2451739233023,6408031658
8722,2445331201365,2451739236227,6408034862
8723,2445331201365,2451739238282,6408036917
8724,2445331201365,2451739241486,6408040121
8725,2445331201365,2451739243542,6408042177
8875,2445331201365,2451739246745,6408045380
8876,2445331201365,2451939452473,6608251108
8877,2445331201365,2451939464288,6608262923
8878,2445331201365,2451939466362,6608264997
8879,2445331201365,2451939468399,6608267034
8880,2445331201365,2451939470603,6608269238
8881,2445331201365,2451939473918,6608272553
8882,2445331201365,2451939476158,6608274793
8883,2445331201365,2451939479344,6608277979
8884,2445331201365,2451939481492,6608280127
8885,2445331201365,2451939484695,6608283330
8886,2445331201365,2451939487232,6608285867
8887,2445331201365,2451939490492,6608289127
8888,2445331201365,2451939493010,6608291645
8889,2445331201365,2451939514455,6608313090
8890,2445331201365,2451939516714,6608315349
8891,2445331201365,2451939519973,6608318608
8892,2445331201365,2451939522547,6608321182
8893,2445331201365,2451939525788,6608324423
8894,2445331201365,2451939527843,6608326478
8895,2445331201365,2451939531066,6608329701
8896,2445331201365,2451939535918,6608334553
8897,2445331201365,2451939539640,6608338275
8898,2445331201365,2451939542862,6608341497
8899,2445331201365,2451939545399,6608344034
8900,2445331201365,2451939548621,6608347256
8901,2445331201365,2451939550843,6608349478
8902,2445331201365,2451939554029,6608352664
8903,2445331201365,2451939556529,6608355164
8904,2445331201365,2451939559732,6608358367
8905,2445331201365,2451939562269,6608360904
8906,2445331201365,2451939566640,6608365275
8907,2445331201365,2451939568584,6608367219
8908,2445331201365,2451939570491,6608369126
8909,2445331201365,2451939572380,6608371015
8910,2445331201365,2451939582491,6608381126
8911,2445331201365,2451939585788,6608384423
8912,2445331201365,2451939587677,6608386312
8913,2445331201365,2451939590899,6608389534
8914,2445331201365,2451939592788,6608391423
8915,2445331201365,2451939595954,6608394589
8916,2445331201365,2451939597843,6608396478
8917,2445331201365,2451939601010,6608399645
8918,2445331201365,2451939602899,6608401534
8919,2445331201365,2451939606102,6608404737
8920,2445331201365,2451939607991,6608406626
8921,2445331201365,2451939611195,6608409830
8922,2445331201365,2451939613084,6608411719
8923,2445331201365,2451939616343,6608414978
8924,2445331201365,2451939618232,6608416867
8925,2445331201365,2451939621602,6608420237
8926,2445331201365,2451939623491,6608422126
8927,2445331201365,2451939626862,6608425497
8928,2445331201365,2451939637658,6608436293
8929,2445331201365,2451939639621,6608438256
8930,2445331201365,2451939649547,6608448182
8931,2445331201365,2451939652843,6608451478
8932,2445331201365,2451939654769,6608453404
8933,2445331201365,2451939657936,6608456571
8934,2445331201365,2451939659825,6608458460
8935,2445331201365,2451939662954,6608461589
8936,2445331201365,2451939664862,6608463497
8937,2445331201365,2451939668065,6608466700
8938,2445331201365,2451939669954,6608468589
8939,2445331201365,2451939673139,6608471774
8940,2445331201365,2451939675047,6608473682
8941,2445331201365,2451939678213,6608476848
8942,2445331201365,2451939680102,6608478737
8943,2445331201365,2451939683287,6608481922
8944,2445331201365,2451939685195,6608483830
8945,2445331201365,2451939688380,6608487015
8946,2445331201365,2451939690250,6608488885
8947,2445331201365,2451939693491,6608492126
8948,2445331201365,2451939701750,6608500385
8949,2445331201365,2451939705806,6608504441
8950,2445331201365,2451939707713,6608506348
8951,2445331201365,2451939709658,6608508293
8952,2445331201365,2451939711565,6608510200
8953,2445331201365,2451939713454,6608512089
8954,2445331201365,2451939715361,6608513996
8955,2445331201365,2451939717361,6608515996
8956,2445331201365,2451939719250,6608517885
8957,2445331201365,2451939721139,6608519774
8958,2445331201365,2451939723047,6608521682
8959,2445331201365,2451939725010,6608523645
8960,2445331201365,2451939726898,6608525533
8961,2445331201365,2451939728787,6608527422
8962,2445331201365,2451939730695,6608529330
8963,2445331201365,2451939732639,6608531274
8964,2445331201365,2451939734547,6608533182
8965,2445331201365,2451939736435,6608535070
8966,2445331201365,2451939738324,6608536959
8967,2445331201365,2451939740232,6608538867
8968,2445331201365,2451939742121,6608540756
8969,2445331201365,2451939744009,6608542644
8970,2445331201365,2451939745917,6608544552
8971,2445331201365,2451939747824,6608546459
8972,2445331201365,2451939749732,6608548367
8973,2445331201365,2451939751602,6608550237
8974,2445331201365,2451939753509,6608552144
8975,2445331201365,2451939755417,6608554052
8976,2445331201365,2451939757324,6608555959
8977,2445331201365,2451939759195,6608557830
8978,2445331201365,2451939761102,6608559737
8979,2445331201365,2451939763139,6608561774
8980,2445331201365,2451939765046,6608563681
8981,2445331201365,2451939766935,6608565570
8982,2445331201365,2451939768824,6608567459
8983,2445331201365,2451939770861,6608569496
8984,2445331201365,2451939772769,6608571404
8985,2445331201365,2451939774639,6608573274
8986,2445331201365,2451939776546,6608575181
8987,2445331201365,2451939778472,6608577107
8988,2445331201365,2451939780361,6608578996
8989,2445331201365,2451939782250,6608580885
8990,2445331201365,2451939784158,6608582793
8991,2445331201365,2451939786065,6608584700
8992,2445331201365,2451939787954,6608586589
8993,2445331201365,2451939789843,6608588478
8994,2445331201365,2451939791750,6608590385
8995,2445331201365,2451939793657,6608592292
8996,2445331201365,2451939795565,6608594200
8997,2445331201365,2451939797435,6608596070
8998,2445331201365,2451939799343,6608597978
8999,2445331201365,2451939801287,6608599922
9000,2445331201365,2451939803194,6608601829
9001,2445331201365,2451939805083,6608603718
9002,2445331201365,2451939806991,6608605626
9003,2445331201365,2451939808917,6608607552
9153,2445331201365,2452140015311,6808813946
9154,2445331201365,2452140019237,6808817872
9155,2445331201365,2452140021182,6808819817
9156,2445331201365,2452140023126,6808821761
9157,2445331201365,2452140025015,6808823650
9158,2445331201365,2452140026885,6808825520
9159,2445331201365,2452140028774,6808827409
9160,2445331201365,2452140030756,6808829391
9161,2445331201365,2452140032645,6808831280
9162,2445331201365,2452140034515,6808833150
9163,2445331201365,2452140036404,6808835039
9164,2445331201365,2452140038348,6808836983
9165,2445331201365,2452140040256,6808838891
9166,2445331201365,2452140042144,6808840779
9167,2445331201365,2452140044033,6808842668
9168,2445331201365,2452140045978,6808844613
9169,2445331201365,2452140047867,6808846502
9170,2445331201365,2452140049737,6808848372
9171,2445331201365,2452140051626,6808850261
9172,2445331201365,2452140053515,6808852150
9173,2445331201365,2452140055385,6808854020
9174,2445331201365,2452140065552,6808864187
9175,2445331201365,2452140068959,6808867594
9176,2445331201365,2452140070922,6808869557
9177,2445331201365,2452140074144,6808872779
9178,2445331201365,2452140076033,6808874668
9179,2445331201365,2452140079181,6808877816
9180,2445331201365,2452140081144,6808879779
9181,2445331201365,2452140084348,6808882983
9182,2445331201365,2452140086237,6808884872
9183,2445331201365,2452140089367,6808888002
9184,2445331201365,2452140091330,6808889965
9185,2445331201365,2452140094533,6808893168
9186,2445331201365,2452140096422,6808895057
9187,2445331201365,2452140099570,6808898205
9188,2445331201365,2452140101478,6808900113
9189,2445331201365,2452140104626,6808903261
9190,2445331201365,2452140106533,6808905168
9191,2445331201365,2452140109774,6808908409
9192,2445331201365,2452140120755,6808919390
9193,2445331201365,2452140122681,6808921316
9194,2445331201365,2452140132755,6808931390
9195,2445331201365,2452140136218,6808934853
9196,2445331201365,2452140138126,6808936761
9197,2445331201365,2452140141311,6808939946
9198,2445331201365,2452140143181,6808941816
9199,2445331201365,2452140146311,6808944946
9200,2445331201365,2452140148218,6808946853
9201,2445331201365,2452140151403,6808950038
9202,2445331201365,2452140153292,6808951927
9203,2445331201365,2452140156477,6808955112
9204,2445331201365,2452140158403,6808957038
9205,2445331201365,2452140161570,6808960205
9206,2445331201365,2452140163440,6808962075
9207,2445331201365,2452140166607,6808965242
9208,2445331201365,2452140168514,6808967149
9209,2445331201365,2452140171663,6808970298
9210,2445331201365,2452140173552,6808972187
9211,2445331201365,2452140176718,6808975353
9212,2445331201365,2452140185051,6808983686
9213,2445331201365,2452140189329,6808987964
9214,2445331201365,2452140191292,6808989927
9215,2445331201365,2452140193181,6808991816
9216,2445331201365,2452140196459,6808995094
9217,2445331201365,2452140198551,6808997186
9218,2445331201365,2452140201811,6809000446
9219,2445331201365,2452140203885,6809002520
9220,2445331201365,2452140207107,6809005742
9221,2445331201365,2452140209533,6809008168
9222,2445331201365,2452140212755,6809011390
9223,2445331201365,2452140215200,6809013835
9224,2445331201365,2452140218440,6809017075
9225,2445331201365,2452140229903,6809028538
9226,2445331201365,2452140231977,6809030612
9227,2445331201365,2452140235162,6809033797
9228,2445331201365,2452140237218,6809035853
9229,2445331201365,2452140240403,6809039038
9230,2445331201365,2452140242588,6809041223
9231,2445331201365,2452140245848,6809044483
9232,2445331201365,2452140248014,6809046649
9233,2445331201365,2452140251348,6809049983
9234,2445331201365,2452140253422,6809052057
9235,2445331201365,2452140256829,6809055464
9236,2445331201365,2452140258996,6809057631
9237,2445331201365,2452140262403,6809061038
9238,2445331201365,2452140264940,6809063575
9239,2445331201365,2452140268329,6809066964
9240,2445331201365,2452140270533,6809069168
9241,2445331201365,2452140273922,6809072557
9242,2445331201365,2452140276125,6809074760
9243,2445331201365,2452140279496,6809078131
9244,2445331201365,2452140282033,6809080668
9245,2445331201365,2452140285440,6809084075
9246,2445331201365,2452140287922,6809086557
9247,2445331201365,2452140290459,6809089094
9248,2445331201365,2452140292385,6809091020
9249,2445331201365,2452140294273,6809092908
9250,2445331201365,2452140296162,6809094797
9251,2445331201365,2452140306236,6809104871
9252,2445331201365,2452140309755,6809108390
9253,2445331201365,2452140311681,6809110316
9254,2445331201365,2452140314847,6809113482
9255,2445331201365,2452140316755,6809115390
9256,2445331201365,2452140319884,6809118519
9257,2445331201365,2452140321773,6809120408
9258,2445331201365,2452140324921,6809123556
9259,2445331201365,2452140326847,6809125482
9260,2445331201365,2452140329977,6809128612
9261,2445331201365,2452140331866,6809130501
9262,2445331201365,2452140335033,6809133668
9263,2445331201365,2452140336940,6809135575
9264,2445331201365,2452140340199,6809138834
9265,2445331201365,2452140342107,6809140742
9266,2445331201365,2452140345255,6809143890
9267,2445331201365,2452140347162,6809145797
9268,2445331201365,2452140350329,6809148964
9269,2445331201365,2452140358625,6809157260
9270,2445331201365,2452140363051,6809161686
9271,2445331201365,2452140364977,6809163612
9272,2445331201365,2452140375218,6809173853
9273,2445331201365,2452140377125,6809175760
9274,2445331201365,2452140379014,6809177649
9275,2445331201365,2452140380903,6809179538
9276,2445331201365,2452140382847,6809181482
9277,2445331201365,2452140384755,6809183390
9278,2445331201365,2452140386643,6809185278
9279,2445331201365,2452140388532,6809187167
9280,2445331201365,2452140390458,6809189093
9430,2445331201365,2452340596168,7009394803
9431,2445331201365,2452340600168,7009398803
9432,2445331201365,2452340608575,7009407210
9433,2445331201365,2452340610538,7009409173
9434,2445331201365,2452340612482,7009411117
9435,2445331201365,2452340614390,7009413025
9436,2445331201365,2452340625871,7009424506
9437,2445331201365,2452340627834,7009426469
9438,2445331201365,2452340631001,7009429636
9439,2445331201365,2452340632890,7009431525
9440,2445331201365,2452340636056,7009434691
9441,2445331201365,2452340637982,7009436617
9442,2445331201365,2452340641168,7009439803
9443,2445331201365,2452340643038,7009441673
9444,2445331201365,2452340646149,7009444784
9445,2445331201365,2452340648093,7009446728
9446,2445331201365,2452340651260,7009449895
9447,2445331201365,2452340653130,7009451765
9448,2445331201365,2452340656316,7009454951
9449,2445331201365,2452340658204,7009456839
9450,2445331201365,2452340661408,7009460043
9451,2445331201365,2452340663279,7009461914
9452,2445331201365,2452340666408,7009465043
9453,2445331201365,2452340668316,7009466951
9454,2445331201365,2452340679112,7009477747
9455,2445331201365,2452340681019,7009479654
9456,2445331201365,2452340682945,7009481580
9457,2445331201365,2452340685075,7009483710
9458,2445331201365,2452340688186,7009486821
9459,2445331201365,2452340690316,7009488951
9460,2445331201365,2452340693501,7009492136
9461,2445331201365,2452340696075,7009494710
9462,2445331201365,2452340699353,7009497988
9463,2445331201365,2452340702149,7009500784
9464,2445331201365,2452340705482,7009504117
9465,2445331201365,2452340707982,7009506617
9466,2445331201365,2452340711278,7009509913
9467,2445331201365,2452340713408,7009512043
9468,2445331201365,2452340716649,7009515284
9469,2445331201365,2452340718797,7009517432
9470,2445331201365,2452340722019,7009520654
9471,2445331201365,2452340724241,7009522876
9472,2445331201365,2452340727427,7009526062
9473,2445331201365,2452340729556,7009528191
9474,2445331201365,2452340732964,7009531599
9475,2445331201365,2452340735167,7009533802
9476,2445331201365,2452340738538,7009537173
9477,2445331201365,2452340740686,7009539321
9478,2445331201365,2452340744093,7009542728
9479,2445331201365,2452340746278,7009544913
9480,2445331201365,2452340749649,7009548284
9481,2445331201365,2452340751852,7009550487
9482,2445331201365,2452340755186,7009553821
9483,2445331201365,2452340757334,7009555969
9484,2445331201365,2452340760741,7009559376
9485,2445331201365,2452340762926,7009561561
9486,2445331201365,2452340766315,7009564950
9487,2445331201365,2452340768556,7009567191
9488,2445331201365,2452340771871,7009570506
9489,2445331201365,2452340774000,7009572635
9490,2445331201365,2452340777426,7009576061
9491,2445331201365,2452340779575,7009578210
9492,2445331201365,2452340803352,7009601987
9493,2445331201365,2452340805611,7009604246
9494,2445331201365,2452340808741,7009607376
9495,2445331201365,2452340810630,7009609265
9496,2445331201365,2452340813871,7009612506
9497,2445331201365,2452340815778,7009614413
9498,2445331201365,2452340818963,7009617598
9499,2445331201365,2452340820871,7009619506
9500,2445331201365,2452340824130,7009622765
9501,2445331201365,2452340826037,7009624672
9502,2445331201365,2452340829185,7009627820
9503,2445331201365,2452340831056,7009629691
9504,2445331201365,2452340834204,7009632839
9505,2445331201365,2452340836111,7009634746
9506,2445331201365,2452340839297,7009637932
9507,2445331201365,2452340841185,7009639820
9508,2445331201365,2452340850759,7009649394
9509,2445331201365,2452340854834,7009653469
9510,2445331201365,2452340864796,7009663431
9511,2445331201365,2452340866741,7009665376
9512,2445331201365,2452340868630,7009667265
9513,2445331201365,2452340870519,7009669154
9514,2445331201365,2452340872389,7009671024
9515,2445331201365,2452340874278,7009672913
9516,2445331201365,2452340876148,7009674783
9517,2445331201365,2452340878167,7009676802
9518,2445331201365,2452340880037,7009678672
9519,2445331201365,2452340881926,7009680561
9520,2445331201365,2452340883796,7009682431
9521,2445331201365,2452340885815,7009684450
9522,2445331201365,2452340887704,7009686339
9523,2445331201365,2452340889556,7009688191
9524,2445331201365,2452340891426,7009690061
9525,2445331201365,2452340893426,7009692061
9526,2445331201365,2452340895296,7009693931
9527,2445331201365,2452340897167,7009695802
9528,2445331201365,2452340899037,7009697672
9529,2445331201365,2452340901037,7009699672
9530,2445331201365,2452340902907,7009701542
9531,2445331201365,2452340904778,7009703413
9532,2445331201365,2452340906648,7009705283
9533,2445331201365,2452340908556,7009707191
9534,2445331201365,2452340916759,7009715394
9535,2445331201365,2452340918704,7009717339
9536,2445331201365,2452340920574,7009719209
9537,2445331201365,2452340922481,7009721116
9538,2445331201365,2452340924389,7009723024
9539,2445331201365,2452340926463,7009725098
9540,2445331201365,2452340929704,7009728339
9541,2445331201365,2452340934352,7009732987
9542,2445331201365,2452340936296,7009734931
9543,2445331201365,2452340939481,7009738116
9544,2445331201365,2452340941500,7009740135
9545,2445331201365,2452340944778,7009743413
9546,2445331201365,2452340946963,7009745598
9547,2445331201365,2452340950167,7009748802
9548,2445331201365,2452340952241,7009750876
9549,2445331201365,2452340955481,7009754116
9550,2445331201365,2452340958000,7009756635
9551,2445331201365,2452340961185,7009759820
9552,2445331201365,2452340963407,7009762042
9553,2445331201365,2452340966611,7009765246
9554,2445331201365,2452340969130,7009767765
9555,2445331201365,2452340972296,7009770931
9556,2445331201365,2452340974352,7009772987
9557,2445331201365,2452340977555,7009776190
9707,2445331201365,2452541184098,7209982733
9708,2445331201365,2452541188191,7209986826
9709,2445331201365,2452541205117,7210003752
9710,2445331201365,2452541207283,7210005918
9711,2445331201365,2452541210579,7210009214
9712,2445331201365,2452541212617,7210011252
9713,2445331201365,2452541215876,7210014511
9714,2445331201365,2452541218098,7210016733
9715,2445331201365,2452541221283,7210019918
9716,2445331201365,2452541223487,7210022122
9717,2445331201365,2452541226746,7210025381
9718,2445331201365,2452541228913,7210027548
9719,2445331201365,2452541232116,7210030751
9720,2445331201365,2452541234302,7210032937
9721,2445331201365,2452541237542,7210036177
9722,2445331201365,2452541239579,7210038214
9723,2445331201365,2452541242820,7210041455
9724,2445331201365,2452541244857,7210043492
9725,2445331201365,2452541248098,7210046733
9726,2445331201365,2452541250765,7210049400
9727,2445331201365,2452541253931,7210052566
9728,2445331201365,2452541255968,7210054603
9729,2445331201365,2452541259265,7210057900
9730,2445331201365,2452541261709,7210060344
9731,2445331201365,2452541265079,7210063714
9732,2445331201365,2452541267265,7210065900
9733,2445331201365,2452541270635,7210069270
9734,2445331201365,2452541272561,7210071196
9735,2445331201365,2452541274468,7210073103
9736,2445331201365,2452541276357,7210074992
9737,2445331201365,2452541278246,7210076881
9738,2445331201365,2452541280153,7210078788
9739,2445331201365,2452541290190,7210088825
9740,2445331201365,2452541293635,7210092270
9741,2445331201365,2452541295524,7210094159
9742,2445331201365,2452541298709,7210097344
9743,2445331201365,2452541300579,7210099214
9744,2445331201365,2452541303764,7210102399
9745,2445331201365,2452541305635,7210104270
9746,2445331201365,2452541308838,7210107473
9747,2445331201365,2452541310709,7210109344
9748,2445331201365,2452541313857,7210112492
9749,2445331201365,2452541315727,7210114362
9750,2445331201365,2452541319024,7210117659
9751,2445331201365,2452541320894,7210119529
9752,2445331201365,2452541324227,7210122862
9753,2445331201365,2452541326098,7210124733
9754,2445331201365,2452541329431,7210128066
9755,2445331201365,2452541331301,7210129936
9756,2445331201365,2452541334598,7210133233
9757,2445331201365,2452541345875,7210144510
9758,2445331201365,2452541347857,7210146492
9759,2445331201365,2452541359283,7210157918
9760,2445331201365,2452541361338,7210159973
9761,2445331201365,2452541364542,7210163177
9762,2445331201365,2452541366486,7210165121
9763,2445331201365,2452541369672,7210168307
9764,2445331201365,2452541371561,7210170196
9765,2445331201365,2452541374672,7210173307
9766,2445331201365,2452541376579,7210175214
9767,2445331201365,2452541379727,7210178362
9768,2445331201365,2452541381653,7210180288
9769,2445331201365,2452541384783,7210183418
9770,2445331201365,2452541386690,7210185325
9771,2445331201365,2452541389857,7210188492
9772,2445331201365,2452541391727,7210190362
9773,2445331201365,2452541394875,7210193510
9774,2445331201365,2452541396783,7210195418
9775,2445331201365,2452541399931,7210198566
9776,2445331201365,2452541401838,7210200473
9777,2445331201365,2452541412449,7210211084
9778,2445331201365,2452541414412,7210213047
9779,2445331201365,2452541416301,7210214936
9780,2445331201365,2452541418190,7210216825
9781,2445331201365,2452541420060,7210218695
9782,2445331201365,2452541422005,7210220640
9783,2445331201365,2452541423894,7210222529
9784,2445331201365,2452541425783,7210224418
9785,2445331201365,2452541427653,7210226288
9786,2445331201365,2452541429634,7210228269
9787,2445331201365,2452541431505,7210230140
9788,2445331201365,2452541433412,7210232047
9789,2445331201365,2452541435283,7210233918
9790,2445331201365,2452541437227,7210235862
9791,2445331201365,2452541439097,7210237732
9792,2445331201365,2452541440986,7210239621
9793,2445331201365,2452541442875,7210241510
9794,2445331201365,2452541444801,7210243436
9795,2445331201365,2452541446671,7210245306
9796,2445331201365,2452541448542,7210247177
9797,2445331201365,2452541450431,7210249066
9798,2445331201365,2452541452394,7210251029
9799,2445331201365,2452541454282,7210252917
9800,2445331201365,2452541456153,7210254788
9801,2445331201365,2452541458042,7210256677
9802,2445331201365,2452541459968,7210258603
9803,2445331201365,2452541461838,7210260473
9804,2445331201365,2452541463708,7210262343
9805,2445331201365,2452541465597,7210264232
9806,2445331201365,2452541467542,7210266177
9807,2445331201365,2452541469412,7210268047
9808,2445331201365,2452541471282,7210269917
9809,2445331201365,2452541473171,7210271806
9810,2445331201365,2452541475079,7210273714
9811,2445331201365,2452541476949,7210275584
9812,2445331201365,2452541478819,7210277454
9813,2445331201365,2452541480708,7210279343
9814,2445331201365,2452541482597,7210281232
9815,2445331201365,2452541484468,7210283103
9816,2445331201365,2452541486338,7210284973
9817,2445331201365,2452541488227,7210286862
9818,2445331201365,2452541490134,7210288769
9819,2445331201365,2452541492023,7210290658
9820,2445331201365,2452541493912,7210292547
9821,2445331201365,2452541495782,7210294417
9822,2445331201365,2452541497671,7210296306
9823,2445331201365,2452541499560,7210298195
9824,2445331201365,2452541501430,7210300065
9825,2445331201365,2452541503319,7210301954
9826,2445331201365,2452541505208,7210303843
9827,2445331201365,2452541507079,7210305714
9828,2445331201365,2452541508968,7210307603
9829,2445331201365,2452541510838,7210309473
9830,2445331201365,2452541512745,7210311380
9831,2445331201365,2452541514616,7210313251
9832,2445331201365,2452541516486,7210315121
9833,2445331201365,2452541518375,7210317010
9834,2445331201365,2452541520245,7210318880
9984,2445331201365,2452741726140,7410524775
9985,2445331201365,2452741729899,7410528534
9986,2445331201365,2452741731843,7410530478
9987,2445331201365,2452741733732,7410532367
9988,2445331201365,2452741735603,7410534238
9989,2445331201365,2452741737492,7410536127
9990,2445331201365,2452741745769,7410544404
9991,2445331201365,2452741747751,7410546386
9992,2445331201365,2452741749695,7410548330
9993,2445331201365,2452741759603,7410558238
9994,2445331201365,2452741762880,7410561515
9995,2445331201365,2452741764825,7410563460
9996,2445331201365,2452741768010,7410566645
9997,2445331201365,2452741769880,7410568515
9998,2445331201365,2452741773029,7410571664
9999,2445331201365,2452741774973,7410573608
10000,2445331201365,2452741778251,7410576886
10001,2445331201365,2452741780195,7410578830
10002,2445331201365,2452741783454,7410582089
10003,2445331201365,2452741785640,7410584275
10004,2445331201365,2452741788806,7410587441
10005,2445331201365,2452741790732,7410589367
10006,2445331201365,2452741793954,7410592589
10007,2445331201365,2452741795899,7410594534
10008,2445331201365,2452741799084,7410597719
10009,2445331201365,2452741801010,7410599645
10010,2445331201365,2452741804251,7410602886
10011,2445331201365,2452741812547,7410611182
10012,2445331201365,2452741816806,7410615441
10013,2445331201365,2452741818751,7410617386
10014,2445331201365,2452741820658,7410619293
10015,2445331201365,2452741823880,7410622515
10016,2445331201365,2452741825825,7410624460
10017,2445331201365,2452741829065,7410627700
10018,2445331201365,2452741831251,7410629886
10019,2445331201365,2452741834491,7410633126
10020,2445331201365,2452741836658,7410635293
10021,2445331201365,2452741839936,7410638571
10022,2445331201365,2452741842380,7410641015
10023,2445331201365,2452741845676,7410644311
10024,2445331201365,2452741847695,7410646330
10025,2445331201365,2452741850936,7410649571
10026,2445331201365,2452741853102,7410651737
10027,2445331201365,2452741856343,7410654978
10028,2445331201365,2452741858843,7410657478
10029,2445331201365,2452741862084,7410660719
10030,2445331201365,2452741864584,7410663219
10031,2445331201365,2452741867862,7410666497
10032,2445331201365,2452741870399,7410669034
10033,2445331201365,2452741873639,7410672274
10034,2445331201365,2452741876121,7410674756
10035,2445331201365,2452741879325,7410677960
10036,2445331201365,2452741881362,7410679997
10037,2445331201365,2452741884547,7410683182
10038,2445331201365,2452741886676,7410685311
10039,2445331201365,2452741889973,7410688608
10040,2445331201365,2452741892176,7410690811
10041,2445331201365,2452741895399,7410694034
10042,2445331201365,2452741897547,7410696182
10043,2445331201365,2452741908473,7410707108
10044,2445331201365,2452741910584,7410709219
10045,2445331201365,2452741913861,7410712496
10046,2445331201365,2452741915880,7410714515
10047,2445331201365,2452741917861,7410716496
10048,2445331201365,2452741919750,7410718385
10049,2445331201365,2452741921621,7410720256
10050,2445331201365,2452741923528,7410722163
10051,2445331201365,2452741933565,7410732200
10052,2445331201365,2452741936898,7410735533
10053,2445331201365,2452741938787,7410737422
10054,2445331201365,2452741941917,7410740552
10055,2445331201365,2452741943861,7410742496
10056,2445331201365,2452741946991,7410745626
10057,2445331201365,2452741948917,7410747552
10058,2445331201365,2452741952176,7410750811
10059,2445331201365,2452741954121,7410752756
10060,2445331201365,2452741957454,7410756089
10061,2445331201365,2452741959380,7410758015
10062,2445331201365,2452741962769,7410761404
10063,2445331201365,2452741964713,7410763348
10064,2445331201365,2452741968084,7410766719
10065,2445331201365,2452741970009,7410768644
10066,2445331201365,2452741973361,7410771996
10067,2445331201365,2452741975343,7410773978
10068,2445331201365,2452741978676,7410777311
10069,2445331201365,2452741989435,7410788070
10070,2445331201365,2452741991380,7410790015
10071,2445331201365,2452742001472,7410800107
10072,2445331201365,2452742003380,7410802015
10073,2445331201365,2452742005269,7410803904
10074,2445331201365,2452742007139,7410805774
10075,2445331201365,2452742009176,7410807811
10076,2445331201365,2452742011065,7410809700
10077,2445331201365,2452742012935,7410811570
10078,2445331201365,2452742014824,7410813459
10079,2445331201365,2452742016732,7410815367
10080,2445331201365,2452742018602,7410817237
10081,2445331201365,2452742020472,7410819107
10082,2445331201365,2452742022361,7410820996
10083,2445331201365,2452742024287,7410822922
10084,2445331201365,2452742026176,7410824811
10085,2445331201365,2452742028046,7410826681
10086,2445331201365,2452742029954,7410828589
10087,2445331201365,2452742031861,7410830496
10088,2445331201365,2452742033731,7410832366
10089,2445331201365,2452742035602,7410834237
10090,2445331201365,2452742037491,7410836126
10091,2445331201365,2452742039398,7410838033
10092,2445331201365,2452742041268,7410839903
10093,2445331201365,2452742043157,7410841792
10094,2445331201365,2452742045046,7410843681
10095,2445331201365,2452742053287,7410851922
10096,2445331201365,2452742055213,7410853848
10097,2445331201365,2452742057065,7410855700
10098,2445331201365,2452742058954,7410857589
10099,2445331201365,2452742060843,7410859478
10100,2445331201365,2452742062991,7410861626
10101,2445331201365,2452742065583,7410864218
10102,2445331201365,2452742068676,7410867311
10103,2445331201365,2452742070861,7410869496
10104,2445331201365,2452742074083,7410872718
10105,2445331201365,2452742076231,7410874866
10106,2445331201365,2452742079435,7410878070
10107,2445331201365,2452742081472,7410880107
10108,2445331201365,2452742084694,7410883329
10109,2445331201365,2452742086898,7410885533
10110,2445331201365,2452742090120,7410888755
10111,2445331201365,2452742092602,7410891237
10261,2445331201365,2452742095787,7410894422
10262,2445331201365,2452942307941,7611106576
10263,2445331201365,2452942320996,7611119631
10264,2445331201365,2452942324385,7611123020
10265,2445331201365,2452942326367,7611125002
10266,2445331201365,2452942329552,7611128187
10267,2445331201365,2452942331459,7611130094
10268,2445331201365,2452942334774,7611133409
10269,2445331201365,2452942336663,7611135298
10270,2445331201365,2452942339829,7611138464
10271,2445331201365,2452942341737,7611140372
10272,2445331201365,2452942344941,7611143576
10273,2445331201365,2452942346829,7611145464
10274,2445331201365,2452942349978,7611148613
10275,2445331201365,2452942351866,7611150501
10276,2445331201365,2452942355089,7611153724
10277,2445331201365,2452942356978,7611155613
10278,2445331201365,2452942360144,7611158779
10279,2445331201365,2452942362033,7611160668
10280,2445331201365,2452942365218,7611163853
10281,2445331201365,2452942375737,7611174372
10282,2445331201365,2452942377681,7611176316
10283,2445331201365,2452942379607,7611178242
10284,2445331201365,2452942381811,7611180446
10285,2445331201365,2452942384903,7611183538
10286,2445331201365,2452942387033,7611185668
10287,2445331201365,2452942390218,7611188853
10288,2445331201365,2452942392403,7611191038
10289,2445331201365,2452942395644,7611194279
10290,2445331201365,2452942397829,7611196464
10291,2445331201365,2452942401218,7611199853
10292,2445331201365,2452942403755,7611202390
10293,2445331201365,2452942407126,7611205761
10294,2445331201365,2452942409329,7611207964
10295,2445331201365,2452942412514,7611211149
10296,2445331201365,2452942415255,7611213890
10297,2445331201365,2452942418533,7611217168
10298,2445331201365,2452942420700,7611219335
10299,2445331201365,2452942423922,7611222557
10300,2445331201365,2452942426125,7611224760
10301,2445331201365,2452942429311,7611227946
10302,2445331201365,2452942431514,7611230149
10303,2445331201365,2452942434774,7611233409
10304,2445331201365,2452942436977,7611235612
10305,2445331201365,2452942440162,7611238797
10306,2445331201365,2452942442366,7611241001
10307,2445331201365,2452942445533,7611244168
10308,2445331201365,2452942447737,7611246372
10309,2445331201365,2452942450903,7611249538
10310,2445331201365,2452942453459,7611252094
10311,2445331201365,2452942456699,7611255334
10312,2445331201365,2452942458866,7611257501
10313,2445331201365,2452942462311,7611260946
10314,2445331201365,2452942464440,7611263075
10315,2445331201365,2452942467662,7611266297
10316,2445331201365,2452942470218,7611268853
10317,2445331201365,2452942473440,7611272075
10318,2445331201365,2452942475903,7611274538
10319,2445331201365,2452942477959,7611276594
10320,2445331201365,2452942479903,7611278538
10321,2445331201365,2452942481755,7611280390
10322,2445331201365,2452942483644,7611282279
10323,2445331201365,2452942493644,7611292279
10324,2445331201365,2452942496940,7611295575
10325,2445331201365,2452942498866,7611297501
10326,2445331201365,2452942502107,7611300742
10327,2445331201365,2452942503996,7611302631
10328,2445331201365,2452942507144,7611305779
10329,2445331201365,2452942509033,7611307668
10330,2445331201365,2452942512181,7611310816
10331,2445331201365,2452942514088,7611312723
10332,2445331201365,2452942517273,7611315908
10333,2445331201365,2452942519162,7611317797
10334,2445331201365,2452942522329,7611320964
10335,2445331201365,2452942524236,7611322871
10336,2445331201365,2452942527551,7611326186
10337,2445331201365,2452942529440,7611328075
10338,2445331201365,2452942532829,7611331464
10339,2445331201365,2452942534718,7611333353
10340,2445331201365,2452942538070,7611336705
10341,2445331201365,2452942546514,7611345149
10342,2445331201365,2452942550681,7611349316
10343,2445331201365,2452942552588,7611351223
10344,2445331201365,2452942562773,7611361408
10345,2445331201365,2452942564681,7611363316
10346,2445331201365,2452942566588,7611365223
10347,2445331201365,2452942568477,7611367112
10348,2445331201365,2452942570477,7611369112
10349,2445331201365,2452942572366,7611371001
10350,2445331201365,2452942574273,7611372908
10351,2445331201365,2452942576162,7611374797
10352,2445331201365,2452942578107,7611376742
10353,2445331201365,2452942579995,7611378630
10354,2445331201365,2452942581903,7611380538
10355,2445331201365,2452942583792,7611382427
10356,2445331201365,2452942585792,7611384427
10357,2445331201365,2452942587681,7611386316
10358,2445331201365,2452942589569,7611388204
10359,2445331201365,2452942591477,7611390112
10360,2445331201365,2452942593495,7611392130
10361,2445331201365,2452942595403,7611394038
10362,2445331201365,2452942597292,7611395927
10363,2445331201365,2452942599181,7611397816
10364,2445331201365,2452942601218,7611399853
10365,2445331201365,2452942603106,7611401741
10366,2445331201365,2452942604995,7611403630
10367,2445331201365,2452942606884,7611405519
10368,2445331201365,2452942615421,7611414056
10369,2445331201365,2452942617329,7611415964
10370,2445331201365,2452942619217,7611417852
10371,2445331201365,2452942621125,7611419760
10372,2445331201365,2452942623255,7611421890
10373,2445331201365,2452942626403,7611425038
10374,2445331201365,2452942628588,7611427223
10375,2445331201365,2452942644051,7611442686
10376,2445331201365,2452942646143,7611444778
10377,2445331201365,2452942649347,7611447982
10378,2445331201365,2452942651384,7611450019
10379,2445331201365,2452942654551,7611453186
10380,2445331201365,2452942657051,7611455686
10381,2445331201365,2452942660291,7611458926
10382,2445331201365,2452942662347,7611460982
10383,2445331201365,2452942665532,7611464167
10384,2445331201365,2452942668051,7611466686
10385,2445331201365,2452942671236,7611469871
10386,2445331201365,2452942673773,7611472408
10387,2445331201365,2452942676995,7611475630
10388,2445331201365,2452942679051,7611477686
10389,2445331201365,2452942682217,7611480852
10539,2445331201365,2453142888186,7811686821
10540,2445331201365,2453142891890,7811690525
10541,2445331201365,2453142893945,7811692580
10542,2445331201365,2453142897223,7811695858
10543,2445331201365,2453142899445,7811698080
10544,2445331201365,2453142902649,7811701284
10545,2445331201365,2453142905130,7811703765
10546,2445331201365,2453142908353,7811706988
10547,2445331201365,2453142910556,7811709191
10548,2445331201365,2453142913723,7811712358
10549,2445331201365,2453142915908,7811714543
10550,2445331201365,2453142919075,7811717710
10551,2445331201365,2453142921297,7811719932
10552,2445331201365,2453142924556,7811723191
10553,2445331201365,2453142926575,7811725210
10554,2445331201365,2453142929815,7811728450
10555,2445331201365,2453142931852,7811730487
10556,2445331201365,2453142935075,7811733710
10557,2445331201365,2453142937612,7811736247
10558,2445331201365,2453142940056,7811738691
10559,2445331201365,2453142941945,7811740580
10560,2445331201365,2453142943834,7811742469
10561,2445331201365,2453142945778,7811744413
10562,2445331201365,2453142955741,7811754376
10563,2445331201365,2453142959093,7811757728
10564,2445331201365,2453142961019,7811759654
10565,2445331201365,2453142964186,7811762821
10566,2445331201365,2453142966056,7811764691
10567,2445331201365,2453142969241,7811767876
10568,2445331201365,2453142971130,7811769765
10569,2445331201365,2453142974334,7811772969
10570,2445331201365,2453142976204,7811774839
10571,2445331201365,2453142979371,7811778006
10572,2445331201365,2453142981241,7811779876
10573,2445331201365,2453142984463,7811783098
10574,2445331201365,2453142986334,7811784969
10575,2445331201365,2453142989537,7811788172
10576,2445331201365,2453142991426,7811790061
10577,2445331201365,2453142994630,7811793265
10578,2445331201365,2453142996500,7811795135
10579,2445331201365,2453142999667,7811798302
10580,2445331201365,2453143008000,7811806635
10581,2445331201365,2453143012241,7811810876
10582,2445331201365,2453143014167,7811812802
10583,2445331201365,2453143024148,7811822783
10584,2445331201365,2453143027426,7811826061
10585,2445331201365,2453143029352,7811827987
10586,2445331201365,2453143032556,7811831191
10587,2445331201365,2453143034445,7811833080
10588,2445331201365,2453143037630,7811836265
10589,2445331201365,2453143039537,7811838172
10590,2445331201365,2453143042834,7811841469
10591,2445331201365,2453143044722,7811843357
10592,2445331201365,2453143048037,7811846672
10593,2445331201365,2453143049963,7811848598
10594,2445331201365,2453143053334,7811851969
10595,2445331201365,2453143055222,7811853857
10596,2445331201365,2453143058593,7811857228
10597,2445331201365,2453143060519,7811859154
10598,2445331201365,2453143063852,7811862487
10599,2445331201365,2453143065741,7811864376
10600,2445331201365,2453143075556,7811874191
10601,2445331201365,2453143079815,7811878450
10602,2445331201365,2453143081722,7811880357
10603,2445331201365,2453143083611,7811882246
10604,2445331201365,2453143085500,7811884135
10605,2445331201365,2453143087445,7811886080
10606,2445331201365,2453143089315,7811887950
10607,2445331201365,2453143091204,7811889839
10608,2445331201365,2453143093093,7811891728
10609,2445331201365,2453143095019,7811893654
10610,2445331201365,2453143096908,7811895543
10611,2445331201365,2453143098778,7811897413
10612,2445331201365,2453143100667,7811899302
10613,2445331201365,2453143102630,7811901265
10614,2445331201365,2453143104519,7811903154
10615,2445331201365,2453143106407,7811905042
10616,2445331201365,2453143108296,7811906931
10617,2445331201365,2453143110278,7811908913
10618,2445331201365,2453143112148,7811910783
10619,2445331201365,2453143114037,7811912672
10620,2445331201365,2453143115926,7811914561
10621,2445331201365,2453143117870,7811916505
10622,2445331201365,2453143119741,7811918376
10623,2445331201365,2453143121630,7811920265
10624,2445331201365,2453143123519,7811922154
10625,2445331201365,2453143125463,7811924098
10626,2445331201365,2453143127352,7811925987
10627,2445331201365,2453143129222,7811927857
10628,2445331201365,2453143131111,7811929746
10629,2445331201365,2453143133037,7811931672
10630,2445331201365,2453143134926,7811933561
10631,2445331201365,2453143136815,7811935450
10632,2445331201365,2453143138704,7811937339
10633,2445331201365,2453143140630,7811939265
10634,2445331201365,2453143142500,7811941135
10635,2445331201365,2453143144389,7811943024
10636,2445331201365,2453143146296,7811944931
10637,2445331201365,2453143148222,7811946857
10638,2445331201365,2453143150093,7811948728
10639,2445331201365,2453143151981,7811950616
10640,2445331201365,2453143153870,7811952505
10641,2445331201365,2453143155778,7811954413
10642,2445331201365,2453143157648,7811956283
10643,2445331201365,2453143159537,7811958172
10644,2445331201365,2453143161426,7811960061
10645,2445331201365,2453143163333,7811961968
10646,2445331201365,2453143165222,7811963857
10647,2445331201365,2453143167111,7811965746
10648,2445331201365,2453143169000,7811967635
10649,2445331201365,2453143170907,7811969542
10650,2445331201365,2453143172796,7811971431
10651,2445331201365,2453143174667,7811973302
10652,2445331201365,2453143176574,7811975209
10653,2445331201365,2453143178481,7811977116
10654,2445331201365,2453143180370,7811979005
10655,2445331201365,2453143182259,7811980894
10656,2445331201365,2453143184129,7811982764
10657,2445331201365,2453143186018,7811984653
10658,2445331201365,2453143187907,7811986542
10659,2445331201365,2453143197833,7811996468
10660,2445331201365,2453143201185,7811999820
10661,2445331201365,2453143203166,7812001801
10662,2445331201365,2453143206296,7812004931
10663,2445331201365,2453143208185,7812006820
10664,2445331201365,2453143211352,7812009987
10665,2445331201365,2453143213259,7812011894
10666,2445331201365,2453143216426,7812015061
10816,2445331201365,2453343422117,8012220752
10817,2445331201365,2453343426802,8012225437
10818,2445331201365,2453343428820,8012227455
10819,2445331201365,2453343430746,8012229381
10820,2445331201365,2453343440857,8012239492
10821,2445331201365,2453343444172,8012242807
10822,2445331201365,2453343446153,8012244788
10823,2445331201365,2453343449283,8012247918
10824,2445331201365,2453343451191,8012249826
10825,2445331201365,2453343454302,8012252937
10826,2445331201365,2453343456265,8012254900
10827,2445331201365,2453343459376,8012258011
10828,2445331201365,2453343461246,8012259881
10829,2445331201365,2453343464431,8012263066
10830,2445331201365,2453343466339,8012264974
10831,2445331201365,2453343469598,8012268233
10832,2445331201365,2453343471468,8012270103
10833,2445331201365,2453343474765,8012273400
10834,2445331201365,2453343476672,8012275307
10835,2445331201365,2453343479950,8012278585
10836,2445331201365,2453343481820,8012280455
10837,2445331201365,2453343485172,8012283807
10838,2445331201365,2453343493450,8012292085
10839,2445331201365,2453343497690,8012296325
10840,2445331201365,2453343499635,8012298270
10841,2445331201365,2453343510987,8012309622
10842,2445331201365,2453343513005,8012311640
10843,2445331201365,2453343516153,8012314788
10844,2445331201365,2453343518042,8012316677
10845,2445331201365,2453343521190,8012319825
10846,2445331201365,2453343523079,8012321714
10847,2445331201365,2453343526246,8012324881
10848,2445331201365,2453343528135,8012326770
10849,2445331201365,2453343531301,8012329936
10850,2445331201365,2453343533209,8012331844
10851,2445331201365,2453343536394,8012335029
10852,2445331201365,2453343538283,8012336918
10853,2445331201365,2453343541450,8012340085
10854,2445331201365,2453343543357,8012341992
10855,2445331201365,2453343560746,8012359381
10856,2445331201365,2453343564894,8012363529
10857,2445331201365,2453343566875,8012365510
10858,2445331201365,2453343568801,8012367436
10859,2445331201365,2453343571431,8012370066
10860,2445331201365,2453343574542,8012373177
10861,2445331201365,2453343577412,8012376047
10862,2445331201365,2453343580635,8012379270
10863,2445331201365,2453343582857,8012381492
10864,2445331201365,2453343586023,8012384658
10865,2445331201365,2453343588098,8012386733
10866,2445331201365,2453343591283,8012389918
10867,2445331201365,2453343593505,8012392140
10868,2445331201365,2453343596727,8012395362
10869,2445331201365,2453343598746,8012397381
10870,2445331201365,2453343602005,8012400640
10871,2445331201365,2453343604468,8012403103
10872,2445331201365,2453343607690,8012406325
10873,2445331201365,2453343609801,8012408436
10874,2445331201365,2453343613042,8012411677
10875,2445331201365,2453343615079,8012413714
10876,2445331201365,2453343618264,8012416899
10877,2445331201365,2453343620949,8012419584
10878,2445331201365,2453343624171,8012422806
10879,2445331201365,2453343626690,8012425325
10880,2445331201365,2453343629857,8012428492
10881,2445331201365,2453343631875,8012430510
10882,2445331201365,2453343635079,8012433714
10883,2445331201365,2453343637486,8012436121
10884,2445331201365,2453343640746,8012439381
10885,2445331201365,2453343642783,8012441418
10886,2445331201365,2453343646097,8012444732
10887,2445331201365,2453343648153,8012446788
10888,2445331201365,2453343651542,8012450177
10889,2445331201365,2453343653634,8012452269
10890,2445331201365,2453343657134,8012455769
10891,2445331201365,2453343659190,8012457825
10892,2445331201365,2453343662560,8012461195
10893,2445331201365,2453343664745,8012463380
10894,2445331201365,2453343666782,8012465417
10895,2445331201365,2453343668634,8012467269
10896,2445331201365,2453343670505,8012469140
10897,2445331201365,2453343672375,8012471010
10898,2445331201365,2453343682338,8012480973
10899,2445331201365,2453343685653,8012484288
10900,2445331201365,2453343687597,8012486232
10901,2445331201365,2453343690745,8012489380
10902,2445331201365,2453343692653,8012491288
10903,2445331201365,2453343695801,8012494436
10904,2445331201365,2453343697671,8012496306
10905,2445331201365,2453343700819,8012499454
10906,2445331201365,2453343702745,8012501380
10907,2445331201365,2453343705931,8012504566
10908,2445331201365,2453343707819,8012506454
10909,2445331201365,2453343710968,8012509603
10910,2445331201365,2453343712875,8012511510
10911,2445331201365,2453343716097,8012514732
10912,2445331201365,2453343717968,8012516603
10913,2445331201365,2453343721227,8012519862
10914,2445331201365,2453343723190,8012521825
10915,2445331201365,2453343726430,8012525065
10916,2445331201365,2453343734579,8012533214
10917,2445331201365,2453343738764,8012537399
10918,2445331201365,2453343740708,8012539343
10919,2445331201365,2453343750708,8012549343
10920,2445331201365,2453343752653,8012551288
10921,2445331201365,2453343754523,8012553158
10922,2445331201365,2453343756449,8012555084
10923,2445331201365,2453343758319,8012556954
10924,2445331201365,2453343760190,8012558825
10925,2445331201365,2453343762060,8012560695
10926,2445331201365,2453343763967,8012562602
10927,2445331201365,2453343765838,8012564473
10928,2445331201365,2453343767690,8012566325
10929,2445331201365,2453343769560,8012568195
10930,2445331201365,2453343771449,8012570084
10931,2445331201365,2453343773319,8012571954
10932,2445331201365,2453343775171,8012573806
10933,2445331201365,2453343777041,8012575676
10934,2445331201365,2453343778967,8012577602
10935,2445331201365,2453343780819,8012579454
10936,2445331201365,2453343782690,8012581325
10937,2445331201365,2453343784541,8012583176
10938,2445331201365,2453343786467,8012585102
10939,2445331201365,2453343788319,8012586954
10940,2445331201365,2453343790190,8012588825
10941,2445331201365,2453343792060,8012590695
10942,2445331201365,2453343793986,8012592621
10943,2445331201365,2453343802152,8012600787
11093,2445331201365,2453343804097,8012602732
11094,2445331201365,2453544017732,8212816367
11095,2445331201365,2453544021473,8212820108
11096,2445331201365,2453544023399,8212822034
11097,2445331201365,2453544025288,8212823923
11098,2445331201365,2453544027158,8212825793
11099,2445331201365,2453544029047,8212827682
11100,2445331201365,2453544030936,8212829571
11101,2445331201365,2453544032825,8212831460
11102,2445331201365,2453544034677,8212833312
11103,2445331201365,2453544036584,8212835219
11104,2445331201365,2453544038473,8212837108
11105,2445331201365,2453544040362,8212838997
11106,2445331201365,2453544042232,8212840867
11107,2445331201365,2453544044121,8212842756
11108,2445331201365,2453544045991,8212844626
11109,2445331201365,2453544047880,8212846515
11110,2445331201365,2453544049751,8212848386
11111,2445331201365,2453544051639,8212850274
11112,2445331201365,2453544053510,8212852145
11113,2445331201365,2453544055399,8212854034
11114,2445331201365,2453544057269,8212855904
11115,2445331201365,2453544059232,8212857867
11116,2445331201365,2453544061121,8212859756
11117,2445331201365,2453544069565,8212868200
11118,2445331201365,2453544071473,8212870108
11119,2445331201365,2453544073362,8212871997
11120,2445331201365,2453544075269,8212873904
11121,2445331201365,2453544077158,8212875793
11122,2445331201365,2453544080010,8212878645
11123,2445331201365,2453544083213,8212881848
11124,2445331201365,2453544085269,8212883904
11125,2445331201365,2453544088528,8212887163
11126,2445331201365,2453544090658,8212889293
11127,2445331201365,2453544093862,8212892497
11128,2445331201365,2453544095936,8212894571
11129,2445331201365,2453544099158,8212897793
11130,2445331201365,2453544101658,8212900293
11131,2445331201365,2453544104880,8212903515
11132,2445331201365,2453544107380,8212906015
11133,2445331201365,2453544110602,8212909237
11134,2445331201365,2453544113139,8212911774
11135,2445331201365,2453544116399,8212915034
11136,2445331201365,2453544118584,8212917219
11137,2445331201365,2453544121769,8212920404
11138,2445331201365,2453544123973,8212922608
11139,2445331201365,2453544127269,8212925904
11140,2445331201365,2453544129306,8212927941
11141,2445331201365,2453544132528,8212931163
11142,2445331201365,2453544135028,8212933663
11143,2445331201365,2453544138250,8212936885
11144,2445331201365,2453544140306,8212938941
11145,2445331201365,2453544143491,8212942126
11146,2445331201365,2453544148232,8212946867
11147,2445331201365,2453544150732,8212949367
11148,2445331201365,2453544153991,8212952626
11149,2445331201365,2453544156695,8212955330
11150,2445331201365,2453544159917,8212958552
11151,2445331201365,2453544162435,8212961070
11152,2445331201365,2453544165676,8212964311
11153,2445331201365,2453544168380,8212967015
11154,2445331201365,2453544171602,8212970237
11155,2445331201365,2453544173528,8212972163
11156,2445331201365,2453544175398,8212974033
11157,2445331201365,2453544177269,8212975904
11158,2445331201365,2453544179176,8212977811
11159,2445331201365,2453544181065,8212979700
11160,2445331201365,2453544191102,8212989737
11161,2445331201365,2453544194361,8212992996
11162,2445331201365,2453544196269,8212994904
11163,2445331201365,2453544199417,8212998052
11164,2445331201365,2453544201287,8212999922
11165,2445331201365,2453544204454,8213003089
11166,2445331201365,2453544206343,8213004978
11167,2445331201365,2453544209472,8213008107
11168,2445331201365,2453544211343,8213009978
11169,2445331201365,2453544214454,8213013089
11170,2445331201365,2453544216324,8213014959
11171,2445331201365,2453544219509,8213018144
11172,2445331201365,2453544221380,8213020015
11173,2445331201365,2453544224546,8213023181
11174,2445331201365,2453544226417,8213025052
11175,2445331201365,2453544229565,8213028200
11176,2445331201365,2453544231435,8213030070
11177,2445331201365,2453544234602,8213033237
11178,2445331201365,2453544242972,8213041607
11179,2445331201365,2453544247361,8213045996
11180,2445331201365,2453544249250,8213047885
11181,2445331201365,2453544259417,8213058052
11182,2445331201365,2453544261306,8213059941
11183,2445331201365,2453544263268,8213061903
11184,2445331201365,2453544265157,8213063792
11185,2445331201365,2453544267065,8213065700
11186,2445331201365,2453544280046,8213078681
11187,2445331201365,2453544281991,8213080626
11188,2445331201365,2453544283861,8213082496
11189,2445331201365,2453544285768,8213084403
11190,2445331201365,2453544287657,8213086292
11191,2445331201365,2453544289583,8213088218
11192,2445331201365,2453544291472,8213090107
11193,2445331201365,2453544293361,8213091996
11194,2445331201365,2453544295250,8213093885
11195,2445331201365,2453544297194,8213095829
11196,2445331201365,2453544299083,8213097718
11197,2445331201365,2453544300972,8213099607
11198,2445331201365,2453544302861,8213101496
11199,2445331201365,2453544311231,8213109866
11200,2445331201365,2453544313176,8213111811
11201,2445331201365,2453544315065,8213113700
11202,2445331201365,2453544316991,8213115626
11203,2445331201365,2453544318898,8213117533
11204,2445331201365,2453544322268,8213120903
11205,2445331201365,2453544325416,8213124051
11206,2445331201365,2453544327490,8213126125
11207,2445331201365,2453544330768,8213129403
11208,2445331201365,2453544333305,8213131940
11209,2445331201365,2453544336565,8213135200
11210,2445331201365,2453544339065,8213137700
11211,2445331201365,2453544342250,8213140885
11212,2445331201365,2453544344472,8213143107
11213,2445331201365,2453544347750,8213146385
11214,2445331201365,2453544349935,8213148570
11215,2445331201365,2453544353157,8213151792
11216,2445331201365,2453544355731,8213154366
11217,2445331201365,2453544358916,8213157551
11218,2445331201365,2453544361602,8213160237
11219,2445331201365,2453544364842,8213163477
11220,2445331201365,2453544366879,8213165514
11221,2445331201365,2453544370064,8213168699
11370,2445331201365,2453544372601,8213171236
11371,2445331201365,2453744585977,8413384612
11372,2445331201365,2453744589663,8413388298
11373,2445331201365,2453744591607,8413390242
11374,2445331201365,2453744594811,8413393446
11375,2445331201365,2453744596866,8413395501
11376,2445331201365,2453744600089,8413398724
11377,2445331201365,2453744601996,8413400631
11378,2445331201365,2453744605255,8413403890
11379,2445331201365,2453744607200,8413405835
11380,2445331201365,2453744610385,8413409020
11381,2445331201365,2453744612311,8413410946
11382,2445331201365,2453744615626,8413414261
11383,2445331201365,2453744617848,8413416483
11384,2445331201365,2453744621237,8413419872
11385,2445331201365,2453744623144,8413421779
11386,2445331201365,2453744626514,8413425149
11387,2445331201365,2453744637885,8413436520
11388,2445331201365,2453744639922,8413438557
11389,2445331201365,2453744649959,8413448594
11390,2445331201365,2453744653237,8413451872
11391,2445331201365,2453744655218,8413453853
11392,2445331201365,2453744658440,8413457075
11393,2445331201365,2453744660348,8413458983
11394,2445331201365,2453744663514,8413462149
11395,2445331201365,2453744665514,8413464149
11396,2445331201365,2453744668774,8413467409
11397,2445331201365,2453744670718,8413469353
11398,2445331201365,2453744673903,8413472538
11399,2445331201365,2453744675866,8413474501
11400,2445331201365,2453744679070,8413477705
11401,2445331201365,2453744680977,8413479612
11402,2445331201365,2453744684125,8413482760
11403,2445331201365,2453744686144,8413484779
11404,2445331201365,2453744689311,8413487946
11405,2445331201365,2453744691273,8413489908
11406,2445331201365,2453744694588,8413493223
11407,2445331201365,2453744705218,8413503853
11408,2445331201365,2453744707144,8413505779
11409,2445331201365,2453744709070,8413507705
11410,2445331201365,2453744711625,8413510260
11411,2445331201365,2453744714718,8413513353
11412,2445331201365,2453744717236,8413515871
11413,2445331201365,2453744720459,8413519094
11414,2445331201365,2453744722681,8413521316
11415,2445331201365,2453744725922,8413524557
11416,2445331201365,2453744727940,8413526575
11417,2445331201365,2453744731181,8413529816
11418,2445331201365,2453744733866,8413532501
11419,2445331201365,2453744737125,8413535760
11420,2445331201365,2453744739644,8413538279
11421,2445331201365,2453744742810,8413541445
11422,2445331201365,2453744745533,8413544168
11423,2445331201365,2453744748773,8413547408
11424,2445331201365,2453744750847,8413549482
11425,2445331201365,2453744754051,8413552686
11426,2445331201365,2453744756070,8413554705
11427,2445331201365,2453744759255,8413557890
11428,2445331201365,2453744761292,8413559927
11429,2445331201365,2453744764514,8413563149
11430,2445331201365,2453744766514,8413565149
11431,2445331201365,2453744769699,8413568334
11432,2445331201365,2453744772218,8413570853
11433,2445331201365,2453744775403,8413574038
11434,2445331201365,2453744777607,8413576242
11435,2445331201365,2453744780847,8413579482
11436,2445331201365,2453744783588,8413582223
11437,2445331201365,2453744786773,8413585408
11438,2445331201365,2453744789273,8413587908
11439,2445331201365,2453744792477,8413591112
11440,2445331201365,2453744794532,8413593167
11441,2445331201365,2453744797699,8413596334
11442,2445331201365,2453744799866,8413598501
11443,2445331201365,2453744803106,8413601741
11444,2445331201365,2453744805106,8413603741
11445,2445331201365,2453744828514,8413627149
11446,2445331201365,2453744830717,8413629352
11447,2445331201365,2453744833921,8413632556
11448,2445331201365,2453744835847,8413634482
11449,2445331201365,2453744839014,8413637649
11450,2445331201365,2453744840940,8413639575
11451,2445331201365,2453744844106,8413642741
11452,2445331201365,2453744846088,8413644723
11453,2445331201365,2453744849254,8413647889
11454,2445331201365,2453744851180,8413649815
11455,2445331201365,2453744854403,8413653038
11456,2445331201365,2453744856329,8413654964
11457,2445331201365,2453744859532,8413658167
11458,2445331201365,2453744861532,8413660167
11459,2445331201365,2453744864736,8413663371
11460,2445331201365,2453744866643,8413665278
11461,2445331201365,2453744876310,8413674945
11462,2445331201365,2453744880365,8413679000
11463,2445331201365,2453744890403,8413689038
11464,2445331201365,2453744892347,8413690982
11465,2445331201365,2453744894217,8413692852
11466,2445331201365,2453744896106,8413694741
11467,2445331201365,2453744898051,8413696686
11468,2445331201365,2453744899921,8413698556
11469,2445331201365,2453744901810,8413700445
11470,2445331201365,2453744903680,8413702315
11471,2445331201365,2453744905606,8413704241
11472,2445331201365,2453744907495,8413706130
11473,2445331201365,2453744909365,8413708000
11474,2445331201365,2453744911236,8413709871
11475,2445331201365,2453744913199,8413711834
11476,2445331201365,2453744915069,8413713704
11477,2445331201365,2453744916958,8413715593
11478,2445331201365,2453744918847,8413717482
11479,2445331201365,2453744920736,8413719371
11480,2445331201365,2453744922625,8413721260
11481,2445331201365,2453744924514,8413723149
11482,2445331201365,2453744926384,8413725019
11483,2445331201365,2453744928273,8413726908
11484,2445331201365,2453744930162,8413728797
11485,2445331201365,2453744932032,8413730667
11486,2445331201365,2453744933902,8413732537
11487,2445331201365,2453744942069,8413740704
11488,2445331201365,2453744944032,8413742667
11489,2445331201365,2453744945902,8413744537
11490,2445331201365,2453744947773,8413746408
11491,2445331201365,2453744949680,8413748315
11492,2445331201365,2453744952976,8413751611
11493,2445331201365,2453744956087,8413754722
11494,2445331201365,2453744958717,8413757352
11495,2445331201365,2453744961995,8413760630
11496,2445331201365,2453744964495,8413763130
11497,2445331201365,2453744967717,8413766352
11498,2445331201365,2453744969754,8413768389
11648,2445331201365,2453945176519,8613975154
11649,2445331201365,2453945187778,8613986413
11650,2445331201365,2453945189797,8613988432
11651,2445331201365,2453945199982,8613998617
11652,2445331201365,2453945203371,8614002006
11653,2445331201365,2453945205334,8614003969
11654,2445331201365,2453945208482,8614007117
11655,2445331201365,2453945210371,8614009006
11656,2445331201365,2453945213537,8614012172
11657,2445331201365,2453945215426,8614014061
11658,2445331201365,2453945218574,8614017209
11659,2445331201365,2453945220463,8614019098
11660,2445331201365,2453945223611,8614022246
11661,2445331201365,2453945225500,8614024135
11662,2445331201365,2453945228704,8614027339
11663,2445331201365,2453945230593,8614029228
11664,2445331201365,2453945233760,8614032395
11665,2445331201365,2453945245019,8614043654
11666,2445331201365,2453945255667,8614054302
11667,2445331201365,2453945257611,8614056246
11668,2445331201365,2453945259574,8614058209
11669,2445331201365,2453945264482,8614063117
11670,2445331201365,2453945266556,8614065191
11671,2445331201365,2453945269778,8614068413
11672,2445331201365,2453945271815,8614070450
11673,2445331201365,2453945275074,8614073709
11674,2445331201365,2453945277093,8614075728
11675,2445331201365,2453945280259,8614078894
11676,2445331201365,2453945282463,8614081098
11677,2445331201365,2453945285704,8614084339
11678,2445331201365,2453945287871,8614086506
11679,2445331201365,2453945291111,8614089746
11680,2445331201365,2453945293278,8614091913
11681,2445331201365,2453945296574,8614095209
11682,2445331201365,2453945298611,8614097246
11683,2445331201365,2453945302000,8614100635
11684,2445331201365,2453945304408,8614103043
11685,2445331201365,2453945307796,8614106431
11686,2445331201365,2453945310259,8614108894
11687,2445331201365,2453945313593,8614112228
11688,2445331201365,2453945315648,8614114283
11689,2445331201365,2453945318982,8614117617
11690,2445331201365,2453945321556,8614120191
11691,2445331201365,2453945324889,8614123524
11692,2445331201365,2453945327426,8614126061
11693,2445331201365,2453945330815,8614129450
11694,2445331201365,2453945332833,8614131468
11695,2445331201365,2453945336019,8614134654
11696,2445331201365,2453945338259,8614136894
11697,2445331201365,2453945341482,8614140117
11698,2445331201365,2453945343556,8614142191
11699,2445331201365,2453945346759,8614145394
11700,2445331201365,2453945348796,8614147431
11701,2445331201365,2453945351981,8614150616
11702,2445331201365,2453945354019,8614152654
11703,2445331201365,2453945357111,8614155746
11704,2445331201365,2453945359037,8614157672
11705,2445331201365,2453945360944,8614159579
11706,2445331201365,2453945362833,8614161468
11707,2445331201365,2453945364722,8614163357
11708,2445331201365,2453945374815,8614173450
11709,2445331201365,2453945378093,8614176728
11710,2445331201365,2453945380018,8614178653
11711,2445331201365,2453945383148,8614181783
11712,2445331201365,2453945385092,8614183727
11713,2445331201365,2453945388259,8614186894
11714,2445331201365,2453945390148,8614188783
11715,2445331201365,2453945393315,8614191950
11716,2445331201365,2453945395222,8614193857
11717,2445331201365,2453945398389,8614197024
11718,2445331201365,2453945400296,8614198931
11719,2445331201365,2453945403592,8614202227
11720,2445331201365,2453945405537,8614204172
11721,2445331201365,2453945408907,8614207542
11722,2445331201365,2453945410815,8614209450
11723,2445331201365,2453945414148,8614212783
11724,2445331201365,2453945416037,8614214672
11725,2445331201365,2453945419389,8614218024
11726,2445331201365,2453945427648,8614226283
11727,2445331201365,2453945431815,8614230450
11728,2445331201365,2453945433759,8614232394
11729,2445331201365,2453945443889,8614242524
11730,2445331201365,2453945445796,8614244431
11731,2445331201365,2453945447685,8614246320
11732,2445331201365,2453945449685,8614248320
11733,2445331201365,2453945451555,8614250190
11734,2445331201365,2453945453463,8614252098
11735,2445331201365,2453945455370,8614254005
11736,2445331201365,2453945457315,8614255950
11737,2445331201365,2453945459203,8614257838
11738,2445331201365,2453945461111,8614259746
11739,2445331201365,2453945463000,8614261635
11740,2445331201365,2453945464944,8614263579
11741,2445331201365,2453945466833,8614265468
11742,2445331201365,2453945468740,8614267375
11743,2445331201365,2453945470629,8614269264
11744,2445331201365,2453945472537,8614271172
11745,2445331201365,2453945474426,8614273061
11746,2445331201365,2453945476314,8614274949
11747,2445331201365,2453945478203,8614276838
11748,2445331201365,2453945480148,8614278783
11749,2445331201365,2453945482018,8614280653
11750,2445331201365,2453945483926,8614282561
11751,2445331201365,2453945485796,8614284431
11752,2445331201365,2453945487740,8614286375
11753,2445331201365,2453945496166,8614294801
11754,2445331201365,2453945498037,8614296672
11755,2445331201365,2453945499925,8614298560
11756,2445331201365,2453945501870,8614300505
11757,2445331201365,2453945503925,8614302560
11758,2445331201365,2453945506648,8614305283
11759,2445331201365,2453945509888,8614308523
11760,2445331201365,2453945511888,8614310523
11761,2445331201365,2453945515129,8614313764
11762,2445331201365,2453945517240,8614315875
11763,2445331201365,2453945520462,8614319097
11764,2445331201365,2453945522925,8614321560
11765,2445331201365,2453945526203,8614324838
11766,2445331201365,2453945528222,8614326857
11767,2445331201365,2453945531407,8614330042
11768,2445331201365,2453945533462,8614332097
11769,2445331201365,2453945536648,8614335283
11770,2445331201365,2453945539166,8614337801
11771,2445331201365,2453945542370,8614341005
11772,2445331201365,2453945544407,8614343042
11773,2445331201365,2453945547592,8614346227
11774,2445331201365,2453945549777,8614348412
11775,2445331201365,2453945552981,8614351616
11925,2445331201365,2453945555685,8614354320
11926,2445331201365,2454145762672,8814561307
11927,2445331201365,2454145766394,8814565029
11928,2445331201365,2454145768357,8814566992
11929,2445331201365,2454145771672,8814570307
11930,2445331201365,2454145774227,8814572862
11931,2445331201365,2454145777505,8814576140
11932,2445331201365,2454145779653,8814578288
11933,2445331201365,2454145782875,8814581510
11934,2445331201365,2454145784912,8814583547
11935,2445331201365,2454145788135,8814586770
11936,2445331201365,2454145790209,8814588844
11937,2445331201365,2454145793412,8814592047
11938,2445331201365,2454145795431,8814594066
11939,2445331201365,2454145798653,8814597288
11940,2445331201365,2454145801320,8814599955
11941,2445331201365,2454145804486,8814603121
11942,2445331201365,2454145806523,8814605158
11943,2445331201365,2454145809746,8814608381
11944,2445331201365,2454145812264,8814610899
11945,2445331201365,2454145815505,8814614140
11946,2445331201365,2454145817523,8814616158
11947,2445331201365,2454145820764,8814619399
11948,2445331201365,2454145823209,8814621844
11949,2445331201365,2454145826394,8814625029
11950,2445331201365,2454145828449,8814627084
11951,2445331201365,2454145831672,8814630307
11952,2445331201365,2454145833709,8814632344
11953,2445331201365,2454145836894,8814635529
11954,2445331201365,2454145838764,8814637399
11955,2445331201365,2454145840653,8814639288
11956,2445331201365,2454145842542,8814641177
11957,2445331201365,2454145844468,8814643103
11958,2445331201365,2454145846357,8814644992
11959,2445331201365,2454145856338,8814654973
11960,2445331201365,2454145859653,8814658288
11961,2445331201365,2454145861579,8814660214
11962,2445331201365,2454145864764,8814663399
11963,2445331201365,2454145866634,8814665269
11964,2445331201365,2454145869783,8814668418
11965,2445331201365,2454145871727,8814670362
11966,2445331201365,2454145874931,8814673566
11967,2445331201365,2454145876857,8814675492
11968,2445331201365,2454145880023,8814678658
11969,2445331201365,2454145882023,8814680658
11970,2445331201365,2454145885208,8814683843
11971,2445331201365,2454145887134,8814685769
11972,2445331201365,2454145890301,8814688936
11973,2445331201365,2454145892245,8814690880
11974,2445331201365,2454145895431,8814694066
11975,2445331201365,2454145897338,8814695973
11976,2445331201365,2454145900505,8814699140
11977,2445331201365,2454145911375,8814710010
11978,2445331201365,2454145913319,8814711954
11979,2445331201365,2454145923319,8814721954
11980,2445331201365,2454145926597,8814725232
11981,2445331201365,2454145928653,8814727288
11982,2445331201365,2454145931838,8814730473
11983,2445331201365,2454145933764,8814732399
11984,2445331201365,2454145936912,8814735547
11985,2445331201365,2454145939134,8814737769
11986,2445331201365,2454145942542,8814741177
11987,2445331201365,2454145944449,8814743084
11988,2445331201365,2454145947875,8814746510
11989,2445331201365,2454145949819,8814748454
11990,2445331201365,2454145953171,8814751806
11991,2445331201365,2454145955097,8814753732
11992,2445331201365,2454145958430,8814757065
11993,2445331201365,2454145960393,8814759028
11994,2445331201365,2454145963745,8814762380
11995,2445331201365,2454145965671,8814764306
11996,2445331201365,2454145975319,8814773954
11997,2445331201365,2454145990227,8814788862
11998,2445331201365,2454145992301,8814790936
11999,2445331201365,2454145995578,8814794213
12000,2445331201365,2454145997634,8814796269
12001,2445331201365,2454146000838,8814799473
12002,2445331201365,2454146003356,8814801991
12003,2445331201365,2454146006597,8814805232
12004,2445331201365,2454146009375,8814808010
12005,2445331201365,2454146012634,8814811269
12006,2445331201365,2454146014671,8814813306
12007,2445331201365,2454146017856,8814816491
12008,2445331201365,2454146020393,8814819028
12009,2445331201365,2454146023634,8814822269
12010,2445331201365,2454146025523,8814824158
12011,2445331201365,2454146028745,8814827380
12012,2445331201365,2454146030782,8814829417
12013,2445331201365,2454146034152,8814832787
12014,2445331201365,2454146036171,8814834806
12015,2445331201365,2454146039560,8814838195
12016,2445331201365,2454146042245,8814840880
12017,2445331201365,2454146045634,8814844269
12018,2445331201365,2454146047689,8814846324
12019,2445331201365,2454146051078,8814849713
12020,2445331201365,2454146055856,8814854491
12021,2445331201365,2454146057986,8814856621
12022,2445331201365,2454146061171,8814859806
12023,2445331201365,2454146066041,8814864676
12024,2445331201365,2454146068597,8814867232
12025,2445331201365,2454146071893,8814870528
12026,2445331201365,2454146075486,8814874121
12027,2445331201365,2454146078726,8814877361
12028,2445331201365,2454146080615,8814879250
12029,2445331201365,2454146082541,8814881176
12030,2445331201365,2454146084430,8814883065
12031,2445331201365,2454146086319,8814884954
12032,2445331201365,2454146088208,8814886843
12033,2445331201365,2454146099689,8814898324
12034,2445331201365,2454146101911,8814900546
12035,2445331201365,2454146105134,8814903769
12036,2445331201365,2454146107060,8814905695
12037,2445331201365,2454146110356,8814908991
12038,2445331201365,2454146112282,8814910917
12039,2445331201365,2454146115504,8814914139
12040,2445331201365,2454146117411,8814916046
12041,2445331201365,2454146120689,8814919324
12042,2445331201365,2454146122615,8814921250
12043,2445331201365,2454146125856,8814924491
12044,2445331201365,2454146127763,8814926398
12045,2445331201365,2454146131060,8814929695
12046,2445331201365,2454146132967,8814931602
12047,2445331201365,2454146136208,8814934843
12048,2445331201365,2454146138134,8814936769
12049,2445331201365,2454146141430,8814940065
12050,2445331201365,2454146149819,8814948454
12051,2445331201365,2454146154152,8814952787
12052,2445331201365,2454146164171,8814962806
12053,2445331201365,2454146166189,8814964824
12202,2445331201365,2454146168078,8814966713
12203,2445331201365,2454346373898,9015172533
12204,2445331201365,2454346377787,9015176422
12205,2445331201365,2454346379824,9015178459
12206,2445331201365,2454346381769,9015180404
12207,2445331201365,2454346383658,9015182293
12208,2445331201365,2454346385565,9015184200
12209,2445331201365,2454346387491,9015186126
12210,2445331201365,2454346399084,9015197719
12211,2445331201365,2454346401009,9015199644
12212,2445331201365,2454346404176,9015202811
12213,2445331201365,2454346406102,9015204737
12214,2445331201365,2454346409232,9015207867
12215,2445331201365,2454346411102,9015209737
12216,2445331201365,2454346414269,9015212904
12217,2445331201365,2454346416176,9015214811
12218,2445331201365,2454346419324,9015217959
12219,2445331201365,2454346421195,9015219830
12220,2445331201365,2454346424324,9015222959
12221,2445331201365,2454346426232,9015224867
12222,2445331201365,2454346429361,9015227996
12223,2445331201365,2454346431250,9015229885
12224,2445331201365,2454346434380,9015233015
12225,2445331201365,2454346436324,9015234959
12226,2445331201365,2454346439435,9015238070
12227,2445331201365,2454346441306,9015239941
12228,2445331201365,2454346452046,9015250681
12229,2445331201365,2454346454009,9015252644
12230,2445331201365,2454346464046,9015262681
12231,2445331201365,2454346467268,9015265903
12232,2445331201365,2454346469157,9015267792
12233,2445331201365,2454346472324,9015270959
12234,2445331201365,2454346474213,9015272848
12235,2445331201365,2454346477361,9015275996
12236,2445331201365,2454346479231,9015277866
12237,2445331201365,2454346482380,9015281015
12238,2445331201365,2454346484268,9015282903
12239,2445331201365,2454346487435,9015286070
12240,2445331201365,2454346489305,9015287940
12241,2445331201365,2454346492620,9015291255
12242,2445331201365,2454346494509,9015293144
12243,2445331201365,2454346497861,9015296496
12244,2445331201365,2454346499731,9015298366
12245,2445331201365,2454346503009,9015301644
12246,2445331201365,2454346504879,9015303514
12247,2445331201365,2454346508194,9015306829
12248,2445331201365,2454346516472,9015315107
12249,2445331201365,2454346520528,9015319163
12250,2445331201365,2454346522509,9015321144
12251,2445331201365,2454346524398,9015323033
12252,2445331201365,2454346527583,9015326218
12253,2445331201365,2454346529676,9015328311
12254,2445331201365,2454346532991,9015331626
12255,2445331201365,2454346535194,9015333829
12256,2445331201365,2454346538546,9015337181
12257,2445331201365,2454346540657,9015339292
12258,2445331201365,2454346544028,9015342663
12259,2445331201365,2454346546565,9015345200
12260,2445331201365,2454346549935,9015348570
12261,2445331201365,2454346551972,9015350607
12262,2445331201365,2454346555361,9015353996
12263,2445331201365,2454346557435,9015356070
12264,2445331201365,2454346560768,9015359403
12265,2445331201365,2454346563305,9015361940
12266,2445331201365,2454346566472,9015365107
12267,2445331201365,2454346569176,9015367811
12268,2445331201365,2454346572342,9015370977
12269,2445331201365,2454346574898,9015373533
12270,2445331201365,2454346578083,9015376718
12271,2445331201365,2454346580620,9015379255
12272,2445331201365,2454346583842,9015382477
12273,2445331201365,2454346585861,9015384496
12274,2445331201365,2454346589046,9015387681
12275,2445331201365,2454346591101,9015389736
12276,2445331201365,2454346594361,9015392996
12277,2445331201365,2454346596416,9015395051
12278,2445331201365,2454346599657,9015398292
12279,2445331201365,2454346602101,9015400736
12280,2445331201365,2454346605324,9015403959
12281,2445331201365,2454346607898,9015406533
12282,2445331201365,2454346611083,9015409718
12283,2445331201365,2454346613120,9015411755
12284,2445331201365,2454346616287,9015414922
12285,2445331201365,2454346618324,9015416959
12286,2445331201365,2454346622268,9015420903
12287,2445331201365,2454346624175,9015422810
12288,2445331201365,2454346626046,9015424681
12289,2445331201365,2454346627990,9015426625
12290,2445331201365,2454346637953,9015436588
12291,2445331201365,2454346639879,9015438514
12292,2445331201365,2454346641768,9015440403
12293,2445331201365,2454346643675,9015442310
12294,2445331201365,2454346645564,9015444199
12295,2445331201365,2454346647453,9015446088
12296,2445331201365,2454346649342,9015447977
12297,2445331201365,2454346651361,9015449996
12298,2445331201365,2454346653231,9015451866
12299,2445331201365,2454346655138,9015453773
12300,2445331201365,2454346657009,9015455644
12301,2445331201365,2454346658916,9015457551
12302,2445331201365,2454346660786,9015459421
12303,2445331201365,2454346662694,9015461329
12304,2445331201365,2454346664564,9015463199
12305,2445331201365,2454346666527,9015465162
12306,2445331201365,2454346668398,9015467033
12307,2445331201365,2454346670305,9015468940
12308,2445331201365,2454346672175,9015470810
12309,2445331201365,2454346674083,9015472718
12310,2445331201365,2454346675972,9015474607
12311,2445331201365,2454346677842,9015476477
12312,2445331201365,2454346679731,9015478366
12313,2445331201365,2454346681638,9015480273
12314,2445331201365,2454346689823,9015488458
12315,2445331201365,2454346691768,9015490403
12316,2445331201365,2454346693731,9015492366
12317,2445331201365,2454346695620,9015494255
12318,2445331201365,2454346705583,9015504218
12319,2445331201365,2454346708860,9015507495
12320,2445331201365,2454346710749,9015509384
12321,2445331201365,2454346713934,9015512569
12322,2445331201365,2454346715823,9015514458
12323,2445331201365,2454346719008,9015517643
12324,2445331201365,2454346720897,9015519532
12325,2445331201365,2454346724046,9015522681
12326,2445331201365,2454346725916,9015524551
12327,2445331201365,2454346737027,9015535662
12328,2445331201365,2454346739008,9015537643
12329,2445331201365,2454346742268,9015540903
12330,2445331201365,2454346744157,9015542792
12480,2445331201365,2454346747360,9015545995
12481,2445331201365,2454546956699,9215755334
12482,2445331201365,2454546962940,9215761575
12483,2445331201365,2454546964940,9215763575
12484,2445331201365,2454546966977,9215765612
12485,2445331201365,2454546970255,9215768890
12486,2445331201365,2454546972181,9215770816
12487,2445331201365,2454546975347,9215773982
12488,2445331201365,2454546977236,9215775871
12489,2445331201365,2454546979921,9215778556
12490,2445331201365,2454546983310,9215781945
12491,2445331201365,2454546985366,9215784001
12492,2445331201365,2454546988755,9215787390
12493,2445331201365,2454546990921,9215789556
12494,2445331201365,2454546994421,9215793056
12495,2445331201365,2454546996532,9215795167
12496,2445331201365,2454547000014,9215798649
12497,2445331201365,2454547002069,9215800704
12498,2445331201365,2454547005477,9215804112
12499,2445331201365,2454547007347,9215805982
12500,2445331201365,2454547009218,9215807853
12501,2445331201365,2454547011088,9215809723
12502,2445331201365,2454547013014,9215811649
12503,2445331201365,2454547014884,9215813519
12504,2445331201365,2454547016755,9215815390
12505,2445331201365,2454547027421,9215826056
12506,2445331201365,2454547030755,9215829390
12507,2445331201365,2454547032662,9215831297
12508,2445331201365,2454547035810,9215834445
12509,2445331201365,2454547037680,9215836315
12510,2445331201365,2454547040866,9215839501
12511,2445331201365,2454547042736,9215841371
12512,2445331201365,2454547045903,9215844538
12513,2445331201365,2454547047773,9215846408
12514,2445331201365,2454547050940,9215849575
12515,2445331201365,2454547052810,9215851445
12516,2445331201365,2454547055940,9215854575
12517,2445331201365,2454547057810,9215856445
12518,2445331201365,2454547060977,9215859612
12519,2445331201365,2454547062847,9215861482
12520,2445331201365,2454547066014,9215864649
12521,2445331201365,2454547067884,9215866519
12522,2445331201365,2454547071014,9215869649
12523,2445331201365,2454547079477,9215878112
12524,2445331201365,2454547084847,9215883482
12525,2445331201365,2454547086773,9215885408
12526,2445331201365,2454547098143,9215896778
12527,2445331201365,2454547100032,9215898667
12528,2445331201365,2454547103199,9215901834
12529,2445331201365,2454547105088,9215903723
12530,2445331201365,2454547108273,9215906908
12531,2445331201365,2454547110125,9215908760
12532,2445331201365,2454547113310,9215911945
12533,2445331201365,2454547115162,9215913797
12534,2445331201365,2454547118365,9215917000
12535,2445331201365,2454547120236,9215918871
12536,2445331201365,2454547123495,9215922130
12537,2445331201365,2454547125365,9215924000
12538,2445331201365,2454547128662,9215927297
12539,2445331201365,2454547130532,9215929167
12540,2445331201365,2454547133810,9215932445
12541,2445331201365,2454547135680,9215934315
12542,2445331201365,2454547139032,9215937667
12543,2445331201365,2454547140902,9215939537
12544,2445331201365,2454547151458,9215950093
12545,2445331201365,2454547153384,9215952019
12546,2445331201365,2454547155291,9215953926
12547,2445331201365,2454547157162,9215955797
12548,2445331201365,2454547159050,9215957685
12549,2445331201365,2454547160921,9215959556
12550,2445331201365,2454547162847,9215961482
12551,2445331201365,2454547164699,9215963334
12552,2445331201365,2454547166569,9215965204
12553,2445331201365,2454547168458,9215967093
12554,2445331201365,2454547170421,9215969056
12555,2445331201365,2454547172291,9215970926
12556,2445331201365,2454547174180,9215972815
12557,2445331201365,2454547176050,9215974685
12558,2445331201365,2454547178013,9215976648
12559,2445331201365,2454547179884,9215978519
12560,2445331201365,2454547181754,9215980389
12561,2445331201365,2454547183624,9215982259
12562,2445331201365,2454547185587,9215984222
12563,2445331201365,2454547187458,9215986093
12564,2445331201365,2454547189310,9215987945
12565,2445331201365,2454547191199,9215989834
12566,2445331201365,2454547193124,9215991759
12567,2445331201365,2454547194995,9215993630
12568,2445331201365,2454547196847,9215995482
12569,2445331201365,2454547198736,9215997371
12570,2445331201365,2454547200643,9215999278
12571,2445331201365,2454547202495,9216001130
12572,2445331201365,2454547204365,9216003000
12573,2445331201365,2454547206236,9216004871
12574,2445331201365,2454547208180,9216006815
12575,2445331201365,2454547210032,9216008667
12576,2445331201365,2454547211902,9216010537
12577,2445331201365,2454547213754,9216012389
12578,2445331201365,2454547215698,9216014333
12579,2445331201365,2454547217569,9216016204
12580,2445331201365,2454547219421,9216018056
12581,2445331201365,2454547221291,9216019926
12582,2445331201365,2454547223235,9216021870
12583,2445331201365,2454547225087,9216023722
12584,2445331201365,2454547226958,9216025593
12585,2445331201365,2454547228847,9216027482
12586,2445331201365,2454547230773,9216029408
12587,2445331201365,2454547232643,9216031278
12588,2445331201365,2454547234513,9216033148
12589,2445331201365,2454547236384,9216035019
12590,2445331201365,2454547238291,9216036926
12591,2445331201365,2454547240143,9216038778
12592,2445331201365,2454547242013,9216040648
12593,2445331201365,2454547243884,9216042519
12594,2445331201365,2454547245772,9216044407
12595,2445331201365,2454547247661,9216046296
12596,2445331201365,2454547249513,9216048148
12597,2445331201365,2454547251402,9216050037
12598,2445331201365,2454547253272,9216051907
12599,2445331201365,2454547255143,9216053778
12600,2445331201365,2454547257013,9216055648
12601,2445331201365,2454547258884,9216057519
12602,2445331201365,2454547260791,9216059426
12603,2445331201365,2454547270754,9216069389
12604,2445331201365,2454547274032,9216072667
12605,2445331201365,2454547275939,9216074574
12606,2445331201365,2454547279069,9216077704
12607,2445331201365,2454547280939,9216079574
12608,2445331201365,2454547284032,9216082667
12757,2445331201365,2454547285902,9216084537
12758,2445331201365,2454747493222,9416291857
12759,2445331201365,2454747497093,9416295728
12760,2445331201365,2454747498982,9416297617
12761,2445331201365,2454747500871,9416299506
12762,2445331201365,2454747502815,9416301450
12763,2445331201365,2454747504685,9416303320
12764,2445331201365,2454747506556,9416305191
12765,2445331201365,2454747518278,9416316913
12766,2445331201365,2454747520222,9416318857
12767,2445331201365,2454747523389,9416322024
12768,2445331201365,2454747525296,9416323931
12769,2445331201365,2454747528482,9416327117
12770,2445331201365,2454747530426,9416329061
12771,2445331201365,2454747533648,9416332283
12772,2445331201365,2454747535574,9416334209
12773,2445331201365,2454747538741,9416337376
12774,2445331201365,2454747540945,9416339580
12775,2445331201365,2454747544167,9416342802
12776,2445331201365,2454747546056,9416344691
12777,2445331201365,2454747549259,9416347894
12778,2445331201365,2454747551222,9416349857
12779,2445331201365,2454747554444,9416353079
12780,2445331201365,2454747556352,9416354987
12781,2445331201365,2454747559537,9416358172
12782,2445331201365,2454747568000,9416366635
12783,2445331201365,2454747572241,9416370876
12784,2445331201365,2454747574130,9416372765
12785,2445331201365,2454747585537,9416384172
12786,2445331201365,2454747587500,9416386135
12787,2445331201365,2454747590778,9416389413
12788,2445331201365,2454747592685,9416391320
12789,2445331201365,2454747595833,9416394468
12790,2445331201365,2454747597741,9416396376
12791,2445331201365,2454747600926,9416399561
12792,2445331201365,2454747602833,9416401468
12793,2445331201365,2454747606092,9416404727
12794,2445331201365,2454747608296,9416406931
12795,2445331201365,2454747611518,9416410153
12796,2445331201365,2454747613426,9416412061
12797,2445331201365,2454747616629,9416415264
12798,2445331201365,2454747618778,9416417413
12799,2445331201365,2454747622000,9416420635
12800,2445331201365,2454747623926,9416422561
12801,2445331201365,2454747627111,9416425746
12802,2445331201365,2454747635463,9416434098
12803,2445331201365,2454747639444,9416438079
12804,2445331201365,2454747641352,9416439987
12805,2445331201365,2454747643222,9416441857
12806,2445331201365,2454747663740,9416462375
12807,2445331201365,2454747665815,9416464450
12808,2445331201365,2454747669074,9416467709
12809,2445331201365,2454747671648,9416470283
12810,2445331201365,2454747674907,9416473542
12811,2445331201365,2454747676981,9416475616
12812,2445331201365,2454747680222,9416478857
12813,2445331201365,2454747682666,9416481301
12814,2445331201365,2454747685944,9416484579
12815,2445331201365,2454747687944,9416486579
12816,2445331201365,2454747691111,9416489746
12817,2445331201365,2454747693648,9416492283
12818,2445331201365,2454747696851,9416495486
12819,2445331201365,2454747699333,9416497968
12820,2445331201365,2454747702574,9416501209
12821,2445331201365,2454747705018,9416503653
12822,2445331201365,2454747708296,9416506931
12823,2445331201365,2454747710314,9416508949
12824,2445331201365,2454747713537,9416512172
12825,2445331201365,2454747715555,9416514190
12826,2445331201365,2454747718777,9416517412
12827,2445331201365,2454747721277,9416519912
12828,2445331201365,2454747724537,9416523172
12829,2445331201365,2454747727018,9416525653
12830,2445331201365,2454747730259,9416528894
12831,2445331201365,2454747732296,9416530931
12832,2445331201365,2454747735462,9416534097
12833,2445331201365,2454747737703,9416536338
12834,2445331201365,2454747741907,9416540542
12835,2445331201365,2454747743814,9416542449
12836,2445331201365,2454747745666,9416544301
12837,2445331201365,2454747747555,9416546190
12838,2445331201365,2454747757851,9416556486
12839,2445331201365,2454747759722,9416558357
12840,2445331201365,2454747761611,9416560246
12841,2445331201365,2454747763481,9416562116
12842,2445331201365,2454747765407,9416564042
12843,2445331201365,2454747767277,9416565912
12844,2445331201365,2454747769148,9416567783
12845,2445331201365,2454747771018,9416569653
12846,2445331201365,2454747772925,9416571560
12847,2445331201365,2454747774796,9416573431
12848,2445331201365,2454747776685,9416575320
12849,2445331201365,2454747778555,9416577190
12850,2445331201365,2454747780444,9416579079
12851,2445331201365,2454747782314,9416580949
12852,2445331201365,2454747784185,9416582820
12853,2445331201365,2454747786055,9416584690
12854,2445331201365,2454747787962,9416586597
12855,2445331201365,2454747789833,9416588468
12856,2445331201365,2454747791703,9416590338
12857,2445331201365,2454747793592,9416592227
12858,2445331201365,2454747795481,9416594116
12859,2445331201365,2454747797351,9416595986
12860,2445331201365,2454747799203,9416597838
12861,2445331201365,2454747801073,9416599708
12862,2445331201365,2454747809499,9416608134
12863,2445331201365,2454747811388,9416610023
12864,2445331201365,2454747813277,9416611912
12865,2445331201365,2454747815129,9416613764
12866,2445331201365,2454747826536,9416625171
12867,2445331201365,2454747828407,9416627042
12868,2445331201365,2454747831573,9416630208
12869,2445331201365,2454747833481,9416632116
12870,2445331201365,2454747836610,9416635245
12871,2445331201365,2454747838518,9416637153
12872,2445331201365,2454747841666,9416640301
12873,2445331201365,2454747843592,9416642227
12874,2445331201365,2454747846777,9416645412
12875,2445331201365,2454747848684,9416647319
12876,2445331201365,2454747851832,9416650467
12877,2445331201365,2454747853740,9416652375
12878,2445331201365,2454747856999,9416655634
12879,2445331201365,2454747858907,9416657542
12880,2445331201365,2454747862036,9416660671
12881,2445331201365,2454747863944,9416662579
12882,2445331201365,2454747867147,9416665782
12883,2445331201365,2454747869055,9416667690
12884,2445331201365,2454747879444,9416678079
12885,2445331201365,2454747881314,9416679949
13035,2445331201365,2454948087190,9616885825
13036,2445331201365,2454948091097,9616889732
13037,2445331201365,2454948093097,9616891732
13038,2445331201365,2454948095023,9616893658
13039,2445331201365,2454948096931,9616895566
13040,2445331201365,2454948098820,9616897455
13041,2445331201365,2454948100708,9616899343
13042,2445331201365,2454948102597,9616901232
13043,2445331201365,2454948104523,9616903158
13044,2445331201365,2454948106394,9616905029
13045,2445331201365,2454948108282,9616906917
13046,2445331201365,2454948110171,9616908806
13047,2445331201365,2454948118616,9616917251
13048,2445331201365,2454948120579,9616919214
13049,2445331201365,2454948122468,9616921103
13050,2445331201365,2454948124338,9616922973
13051,2445331201365,2454948135838,9616934473
13052,2445331201365,2454948137782,9616936417
13053,2445331201365,2454948140968,9616939603
13054,2445331201365,2454948142856,9616941491
13055,2445331201365,2454948146023,9616944658
13056,2445331201365,2454948147912,9616946547
13057,2445331201365,2454948151097,9616949732
13058,2445331201365,2454948152967,9616951602
13059,2445331201365,2454948156171,9616954806
13060,2445331201365,2454948158042,9616956677
13061,2445331201365,2454948161245,9616959880
13062,2445331201365,2454948163116,9616961751
13063,2445331201365,2454948166245,9616964880
13064,2445331201365,2454948168134,9616966769
13065,2445331201365,2454948171301,9616969936
13066,2445331201365,2454948173190,9616971825
13067,2445331201365,2454948176486,9616975121
13068,2445331201365,2454948178375,9616977010
13069,2445331201365,2454948189264,9616987899
13070,2445331201365,2454948191190,9616989825
13071,2445331201365,2454948193190,9616991825
13072,2445331201365,2454948195245,9616993880
13073,2445331201365,2454948198375,9616997010
13074,2445331201365,2454948200393,9616999028
13075,2445331201365,2454948203597,9617002232
13076,2445331201365,2454948206041,9617004676
13077,2445331201365,2454948209282,9617007917
13078,2445331201365,2454948211319,9617009954
13079,2445331201365,2454948214486,9617013121
13080,2445331201365,2454948217004,9617015639
13081,2445331201365,2454948220190,9617018825
13082,2445331201365,2454948222245,9617020880
13083,2445331201365,2454948225486,9617024121
13084,2445331201365,2454948228023,9617026658
13085,2445331201365,2454948231282,9617029917
13086,2445331201365,2454948233338,9617031973
13087,2445331201365,2454948236578,9617035213
13088,2445331201365,2454948238801,9617037436
13089,2445331201365,2454948242115,9617040750
13090,2445331201365,2454948244634,9617043269
13091,2445331201365,2454948248041,9617046676
13092,2445331201365,2454948250189,9617048824
13093,2445331201365,2454948253578,9617052213
13094,2445331201365,2454948255782,9617054417
13095,2445331201365,2454948259115,9617057750
13096,2445331201365,2454948261301,9617059936
13097,2445331201365,2454948264615,9617063250
13098,2445331201365,2454948267152,9617065787
13099,2445331201365,2454948270597,9617069232
13100,2445331201365,2454948272782,9617071417
13101,2445331201365,2454948276134,9617074769
13102,2445331201365,2454948278652,9617077287
13103,2445331201365,2454948282004,9617080639
13104,2445331201365,2454948284226,9617082861
13105,2445331201365,2454948287615,9617086250
13106,2445331201365,2454948289782,9617088417
13107,2445331201365,2454948313523,9617112158
13108,2445331201365,2454948315782,9617114417
13109,2445331201365,2454948318967,9617117602
13110,2445331201365,2454948320856,9617119491
13111,2445331201365,2454948324041,9617122676
13112,2445331201365,2454948325930,9617124565
13113,2445331201365,2454948329078,9617127713
13114,2445331201365,2454948330967,9617129602
13115,2445331201365,2454948334115,9617132750
13116,2445331201365,2454948336004,9617134639
13117,2445331201365,2454948339189,9617137824
13118,2445331201365,2454948341078,9617139713
13119,2445331201365,2454948344300,9617142935
13120,2445331201365,2454948346189,9617144824
13121,2445331201365,2454948349560,9617148195
13122,2445331201365,2454948351448,9617150083
13123,2445331201365,2454948361226,9617159861
13124,2445331201365,2454948365448,9617164083
13125,2445331201365,2454948375374,9617174009
13126,2445331201365,2454948377300,9617175935
13127,2445331201365,2454948379208,9617177843
13128,2445331201365,2454948381096,9617179731
13129,2445331201365,2454948382985,9617181620
13130,2445331201365,2454948384837,9617183472
13131,2445331201365,2454948386763,9617185398
13132,2445331201365,2454948388633,9617187268
13133,2445331201365,2454948390504,9617189139
13134,2445331201365,2454948392374,9617191009
13135,2445331201365,2454948394300,9617192935
13136,2445331201365,2454948396170,9617194805
13137,2445331201365,2454948406207,9617204842
13138,2445331201365,2454948408152,9617206787
13139,2445331201365,2454948410078,9617208713
13140,2445331201365,2454948411967,9617210602
13141,2445331201365,2454948413874,9617212509
13142,2445331201365,2454948415744,9617214379
13143,2445331201365,2454948417633,9617216268
13144,2445331201365,2454948419522,9617218157
13145,2445331201365,2454948428004,9617226639
13146,2445331201365,2454948429967,9617228602
13147,2445331201365,2454948431837,9617230472
13148,2445331201365,2454948433781,9617232416
13149,2445331201365,2454948435670,9617234305
13150,2445331201365,2454948437856,9617236491
13151,2445331201365,2454948441004,9617239639
13152,2445331201365,2454948443059,9617241694
13153,2445331201365,2454948446226,9617244861
13154,2445331201365,2454948448448,9617247083
13155,2445331201365,2454948451726,9617250361
13156,2445331201365,2454948453893,9617252528
13157,2445331201365,2454948457078,9617255713
13158,2445331201365,2454948459133,9617257768
13159,2445331201365,2454948462374,9617261009
13160,2445331201365,2454948464522,9617263157
13161,2445331201365,2454948467707,9617266342
13162,2445331201365,2454948469744,9617268379
13312,2445331201365,2454948473004,9617271639
13313,2445331201365,2455148679972,9817478607
13314,2445331201365,2455148683620,9817482255
13315,2445331201365,2455148685898,9817484533
13316,2445331201365,2455148689120,9817487755
13317,2445331201365,2455148691713,9817490348
13318,2445331201365,2455148694935,9817493570
13319,2445331201365,2455148697065,9817495700
13320,2445331201365,2455148700343,9817498978
13321,2445331201365,2455148702472,9817501107
13322,2445331201365,2455148705713,9817504348
13323,2445331201365,2455148707731,9817506366
13324,2445331201365,2455148710917,9817509552
13325,2445331201365,2455148713342,9817511977
13326,2445331201365,2455148716565,9817515200
13327,2445331201365,2455148719157,9817517792
13328,2445331201365,2455148722379,9817521014
13329,2445331201365,2455148724917,9817523552
13330,2445331201365,2455148728176,9817526811
13331,2445331201365,2455148730231,9817528866
13332,2445331201365,2455148733491,9817532126
13333,2445331201365,2455148735528,9817534163
13334,2445331201365,2455148738861,9817537496
13335,2445331201365,2455148740898,9817539533
13336,2445331201365,2455148744268,9817542903
13337,2445331201365,2455148746824,9817545459
13338,2445331201365,2455148750028,9817548663
13339,2445331201365,2455148752083,9817550718
13340,2445331201365,2455148755250,9817553885
13341,2445331201365,2455148757305,9817555940
13342,2445331201365,2455148760472,9817559107
13343,2445331201365,2455148762490,9817561125
13344,2445331201365,2455148765731,9817564366
13345,2445331201365,2455148767861,9817566496
13346,2445331201365,2455148770990,9817569625
13347,2445331201365,2455148773139,9817571774
13348,2445331201365,2455148776342,9817574977
13349,2445331201365,2455148778527,9817577162
13350,2445331201365,2455148782787,9817581422
13351,2445331201365,2455148784731,9817583366
13352,2445331201365,2455148786676,9817585311
13353,2445331201365,2455148788564,9817587199
13354,2445331201365,2455148800176,9817598811
13355,2445331201365,2455148802120,9817600755
13356,2445331201365,2455148805305,9817603940
13357,2445331201365,2455148807194,9817605829
13358,2445331201365,2455148810342,9817608977
13359,2445331201365,2455148812250,9817610885
13360,2445331201365,2455148815416,9817614051
13361,2445331201365,2455148817305,9817615940
13362,2445331201365,2455148820509,9817619144
13363,2445331201365,2455148822398,9817621033
13364,2445331201365,2455148825638,9817624273
13365,2445331201365,2455148827509,9817626144
13366,2445331201365,2455148830861,9817629496
13367,2445331201365,2455148832750,9817631385
13368,2445331201365,2455148836083,9817634718
13369,2445331201365,2455148837990,9817636625
13370,2445331201365,2455148841361,9817639996
13371,2445331201365,2455148849731,9817648366
13372,2445331201365,2455148854083,9817652718
13373,2445331201365,2455148856009,9817654644
13374,2445331201365,2455148866083,9817664718
13375,2445331201365,2455148867990,9817666625
13376,2445331201365,2455148869935,9817668570
13377,2445331201365,2455148871805,9817670440
13378,2445331201365,2455148873694,9817672329
13379,2445331201365,2455148875583,9817674218
13380,2445331201365,2455148877527,9817676162
13381,2445331201365,2455148879398,9817678033
13382,2445331201365,2455148881286,9817679921
13383,2445331201365,2455148883175,9817681810
13384,2445331201365,2455148885120,9817683755
13385,2445331201365,2455148887009,9817685644
13386,2445331201365,2455148888879,9817687514
13387,2445331201365,2455148890749,9817689384
13388,2445331201365,2455148892694,9817691329
13389,2445331201365,2455148894583,9817693218
13390,2445331201365,2455148896472,9817695107
13391,2445331201365,2455148898342,9817696977
13392,2445331201365,2455148900268,9817698903
13393,2445331201365,2455148902157,9817700792
13394,2445331201365,2455148904027,9817702662
13395,2445331201365,2455148905897,9817704532
13396,2445331201365,2455148907805,9817706440
13397,2445331201365,2455148909694,9817708329
13398,2445331201365,2455148917990,9817716625
13399,2445331201365,2455148919934,9817718569
13400,2445331201365,2455148921805,9817720440
13401,2445331201365,2455148923712,9817722347
13402,2445331201365,2455148925583,9817724218
13403,2445331201365,2455148928971,9817727606
13404,2445331201365,2455148932083,9817730718
13405,2445331201365,2455148933971,9817732606
13406,2445331201365,2455148937194,9817735829
13407,2445331201365,2455148939712,9817738347
13408,2445331201365,2455148942934,9817741569
13409,2445331201365,2455148945045,9817743680
13410,2445331201365,2455148948323,9817746958
13411,2445331201365,2455148950360,9817748995
13412,2445331201365,2455148953601,9817752236
13413,2445331201365,2455148956120,9817754755
13414,2445331201365,2455148959305,9817757940
13415,2445331201365,2455148961342,9817759977
13416,2445331201365,2455148964545,9817763180
13417,2445331201365,2455148967268,9817765903
13418,2445331201365,2455148970490,9817769125
13419,2445331201365,2455148972619,9817771254
13420,2445331201365,2455148975842,9817774477
13421,2445331201365,2455148978027,9817776662
13422,2445331201365,2455148981212,9817779847
13423,2445331201365,2455148983379,9817782014
13424,2445331201365,2455148986582,9817785217
13425,2445331201365,2455148988712,9817787347
13426,2445331201365,2455148991953,9817790588
13427,2445331201365,2455148994156,9817792791
13428,2445331201365,2455148997342,9817795977
13429,2445331201365,2455148999545,9817798180
13430,2445331201365,2455149002693,9817801328
13431,2445331201365,2455149004842,9817803477
13432,2445331201365,2455149008027,9817806662
13433,2445331201365,2455149010193,9817808828
13434,2445331201365,2455149013453,9817812088
13435,2445331201365,2455149015675,9817814310
13436,2445331201365,2455149019027,9817817662
13437,2445331201365,2455149021119,9817819754
13438,2445331201365,2455149044638,9817843273
13439,2445331201365,2455149046990,9817845625
13440,2445331201365,2455149050212,9817848847
13589,2445331201365,2455149052101,9817850736
13590,2445331201365,2455341074686,10009873321
